success_rate,recovery_rate,amount,payment_method,bank,failure_code,hour,action,success
0.8064516129032258,0.6666666666666666,7945.64,WALLET,HDFC,INSUFFICIENT_FUNDS,21,RETRY_NOW,1
0.7424242424242424,0.35294117647058826,2011.54,UPI,SBI,NETWORK_ERROR,18,SEND_REMINDER,1
0.6904761904761905,0.07692307692307693,6799.42,UPI,KOTAK,BANK_TIMEOUT,12,RETRY_NOW,1
0.8172043010752689,0.23529411764705882,5728.04,CARD,HDFC,BANK_TIMEOUT,5,RETRY_LATER,1
0.7868852459016393,0.46153846153846156,4572.41,CARD,HDFC,BANK_TIMEOUT,1,RETRY_LATER,1
0.8130841121495327,0.55,6874.97,NETBANKING,YESBANK,BANK_TIMEOUT,3,SEND_REMINDER,1
0.6,0.7222222222222222,4471.17,UPI,HDFC,BANK_TIMEOUT,5,RETRY_NOW,0
0.8571428571428571,1.0,2143.5,NETBANKING,KOTAK,LIMIT_EXCEEDED,7,RETRY_LATER,1
0.7333333333333333,0.625,8394.17,CARD,KOTAK,INSUFFICIENT_FUNDS,21,RETRY_NOW,0
0.9382716049382716,0.8,4852.68,UPI,HDFC,INSUFFICIENT_FUNDS,5,RETRY_LATER,0
0.631578947368421,0.14285714285714285,563.71,NETBANKING,KOTAK,AUTHENTICATION_FAILED,20,NO_ACTION,0
0.835820895522388,0.6363636363636364,611.59,UPI,SBI,LIMIT_EXCEEDED,10,SEND_REMINDER,1
0.8461538461538461,1.0,9643.86,UPI,SBI,INSUFFICIENT_FUNDS,22,SEND_REMINDER,1
0.94,0.16666666666666666,1092.24,UPI,KOTAK,CARD_EXPIRED,5,RETRY_NOW,0
0.797752808988764,0.5,2105.34,CARD,AXIS,CARD_EXPIRED,21,SEND_REMINDER,0
0.9081632653061225,0.5555555555555556,7249.42,WALLET,ICICI,CARD_EXPIRED,11,NO_ACTION,0
0.9767441860465116,0.0,9651.35,CARD,YESBANK,INSUFFICIENT_FUNDS,12,RETRY_LATER,0
0.6363636363636364,0.25,6736.99,UPI,AXIS,INSUFFICIENT_FUNDS,12,RETRY_LATER,0
0.972972972972973,0.0,9142.88,WALLET,ICICI,BANK_TIMEOUT,8,RETRY_LATER,1
0.8085106382978723,0.5555555555555556,7619.38,NETBANKING,SBI,LIMIT_EXCEEDED,15,RETRY_LATER,1
0.7,0.5555555555555556,5881.55,CARD,SBI,BANK_TIMEOUT,12,RETRY_LATER,1
0.7916666666666666,0.05,4935.3,UPI,HDFC,INSUFFICIENT_FUNDS,7,RETRY_NOW,0
0.926829268292683,0.6666666666666666,5523.29,WALLET,ICICI,LIMIT_EXCEEDED,1,RETRY_NOW,0
0.8076923076923077,0.8,8630.03,WALLET,YESBANK,BANK_TIMEOUT,12,SEND_REMINDER,1
0.9113924050632911,0.7142857142857143,2619.1,UPI,KOTAK,AUTHENTICATION_FAILED,17,NO_ACTION,0
0.7764705882352941,0.3684210526315789,9310.31,CARD,AXIS,AUTHENTICATION_FAILED,22,SEND_REMINDER,1
0.6363636363636364,0.25,4652.72,CARD,HDFC,NETWORK_ERROR,7,SEND_REMINDER,1
0.9761904761904762,1.0,5615.68,UPI,ICICI,AUTHENTICATION_FAILED,22,RETRY_NOW,0
0.25925925925925924,0.8,8519.41,NETBANKING,YESBANK,BANK_TIMEOUT,3,RETRY_LATER,1
0.8846153846153846,1.0,579.09,NETBANKING,ICICI,NETWORK_ERROR,22,RETRY_NOW,1
0.8679245283018868,0.2857142857142857,9250.72,WALLET,ICICI,NETWORK_ERROR,6,NO_ACTION,0
0.8303571428571429,0.3684210526315789,890.14,UPI,SBI,CARD_EXPIRED,21,RETRY_LATER,0
0.25925925925925924,0.8,6599.58,WALLET,HDFC,CARD_EXPIRED,10,RETRY_NOW,0
0.8556701030927835,0.9285714285714286,5350.08,UPI,SBI,LIMIT_EXCEEDED,3,RETRY_LATER,1
0.9292929292929293,0.0,9058.88,NETBANKING,KOTAK,NETWORK_ERROR,2,SEND_REMINDER,1
0.8653846153846154,0.0,7332.3,UPI,KOTAK,INSUFFICIENT_FUNDS,6,NO_ACTION,0
0.8433734939759037,0.6923076923076923,4188.2,UPI,AXIS,LIMIT_EXCEEDED,21,RETRY_LATER,1
0.8303571428571429,0.3684210526315789,3376.38,WALLET,YESBANK,NETWORK_ERROR,0,SEND_REMINDER,1
0.8461538461538461,1.0,816.92,UPI,ICICI,CARD_EXPIRED,23,NO_ACTION,0
0.7564102564102564,0.3157894736842105,2174.48,NETBANKING,KOTAK,LIMIT_EXCEEDED,15,RETRY_NOW,0
0.7714285714285715,0.25,8359.44,WALLET,HDFC,CARD_EXPIRED,14,RETRY_NOW,0
0.8888888888888888,0.875,6156.2,CARD,SBI,AUTHENTICATION_FAILED,15,RETRY_NOW,0
0.8085106382978723,0.5,7890.92,CARD,YESBANK,INSUFFICIENT_FUNDS,12,RETRY_LATER,0
0.726027397260274,0.05,8321.98,NETBANKING,ICICI,CARD_EXPIRED,9,NO_ACTION,0
0.9111111111111111,0.25,8195.03,CARD,HDFC,LIMIT_EXCEEDED,17,RETRY_LATER,1
0.9523809523809523,0.6,6488.64,NETBANKING,SBI,BANK_TIMEOUT,11,RETRY_NOW,1
0.7727272727272727,0.3,4350.58,NETBANKING,SBI,CARD_EXPIRED,5,NO_ACTION,0
0.7777777777777778,1.0,3273.13,CARD,AXIS,NETWORK_ERROR,22,NO_ACTION,0
0.8676470588235294,0.8888888888888888,8360.31,NETBANKING,AXIS,INSUFFICIENT_FUNDS,16,NO_ACTION,0
0.8809523809523809,0.2,9166.95,NETBANKING,YESBANK,INSUFFICIENT_FUNDS,6,SEND_REMINDER,1
0.42857142857142855,0.125,1302.13,UPI,SBI,AUTHENTICATION_FAILED,22,RETRY_NOW,1
0.6444444444444445,0.625,9912.93,CARD,AXIS,AUTHENTICATION_FAILED,19,NO_ACTION,0
0.7241379310344828,0.625,1295.35,UPI,AXIS,AUTHENTICATION_FAILED,0,RETRY_NOW,0
0.7272727272727273,0.4166666666666667,5955.67,UPI,KOTAK,LIMIT_EXCEEDED,4,RETRY_LATER,1
0.8771929824561403,0.7857142857142857,3257.75,NETBANKING,KOTAK,BANK_TIMEOUT,2,SEND_REMINDER,0
0.828125,1.0,6940.53,UPI,HDFC,AUTHENTICATION_FAILED,5,NO_ACTION,0
0.8227848101265823,0.14285714285714285,418.34,UPI,AXIS,CARD_EXPIRED,20,NO_ACTION,0
0.7941176470588235,0.5714285714285714,6526.79,CARD,KOTAK,CARD_EXPIRED,2,NO_ACTION,0
0.8133333333333334,0.9285714285714286,5294.72,WALLET,HDFC,AUTHENTICATION_FAILED,0,NO_ACTION,0
0.9702970297029703,0.3333333333333333,6845.12,WALLET,KOTAK,INSUFFICIENT_FUNDS,9,NO_ACTION,0
0.7333333333333333,1.0,9739.91,UPI,KOTAK,CARD_EXPIRED,6,NO_ACTION,0
0.8229166666666666,0.7647058823529411,9882.54,UPI,YESBANK,INSUFFICIENT_FUNDS,3,SEND_REMINDER,0
0.82,1.0,7970.95,NETBANKING,ICICI,BANK_TIMEOUT,13,SEND_REMINDER,0
0.34782608695652173,0.4,5652.87,NETBANKING,AXIS,INSUFFICIENT_FUNDS,13,RETRY_NOW,0
0.23809523809523808,0.625,1984.88,UPI,AXIS,AUTHENTICATION_FAILED,21,SEND_REMINDER,0
0.9310344827586207,0.3333333333333333,9699.47,WALLET,HDFC,LIMIT_EXCEEDED,3,RETRY_NOW,1
0.6551724137931034,0.75,3625.44,UPI,AXIS,INSUFFICIENT_FUNDS,4,RETRY_LATER,1
0.45454545454545453,0.8333333333333334,8997.05,NETBANKING,AXIS,INSUFFICIENT_FUNDS,23,RETRY_LATER,0
0.9516129032258065,0.3333333333333333,1207.78,NETBANKING,YESBANK,CARD_EXPIRED,12,RETRY_LATER,0
1.0,0.0,9929.66,CARD,AXIS,CARD_EXPIRED,5,RETRY_LATER,1
0.88,0.6666666666666666,5158.06,CARD,HDFC,NETWORK_ERROR,9,RETRY_NOW,1
0.8955223880597015,0.0,5701.32,CARD,AXIS,NETWORK_ERROR,12,NO_ACTION,0
0.84,0.5,7853.68,UPI,AXIS,CARD_EXPIRED,9,RETRY_LATER,0
0.9382716049382716,0.8,5940.91,CARD,KOTAK,CARD_EXPIRED,10,RETRY_LATER,0
0.782051282051282,0.9411764705882353,3989.08,NETBANKING,HDFC,BANK_TIMEOUT,6,SEND_REMINDER,1
0.5641025641025641,0.0,7519.84,UPI,HDFC,INSUFFICIENT_FUNDS,2,RETRY_NOW,0
0.8434782608695652,0.5,4318.87,NETBANKING,HDFC,AUTHENTICATION_FAILED,16,NO_ACTION,0
0.8910891089108911,0.0,9735.33,NETBANKING,YESBANK,CARD_EXPIRED,21,RETRY_LATER,0
0.7590361445783133,0.1,6561.19,CARD,YESBANK,BANK_TIMEOUT,4,RETRY_LATER,0
0.9655172413793104,0.5,3351.39,CARD,AXIS,INSUFFICIENT_FUNDS,18,RETRY_NOW,0
0.8620689655172413,0.0625,2578.7,WALLET,HDFC,NETWORK_ERROR,7,NO_ACTION,0
0.631578947368421,0.14285714285714285,563.71,NETBANKING,KOTAK,AUTHENTICATION_FAILED,20,RETRY_NOW,0
0.8627450980392157,1.0,8072.71,UPI,YESBANK,AUTHENTICATION_FAILED,20,SEND_REMINDER,0
1.0,0.0,8914.6,UPI,SBI,AUTHENTICATION_FAILED,1,RETRY_LATER,1
0.9523809523809523,0.2,1083.75,CARD,YESBANK,LIMIT_EXCEEDED,5,RETRY_NOW,0
0.9072164948453608,0.4444444444444444,2209.71,NETBANKING,YESBANK,NETWORK_ERROR,4,NO_ACTION,0
0.8133333333333334,0.9285714285714286,616.85,WALLET,ICICI,NETWORK_ERROR,1,RETRY_NOW,1
0.9565217391304348,1.0,6480.11,WALLET,SBI,BANK_TIMEOUT,9,RETRY_LATER,1
0.9428571428571428,0.0,3073.14,UPI,AXIS,CARD_EXPIRED,18,RETRY_NOW,0
0.65,1.0,5460.83,UPI,AXIS,CARD_EXPIRED,9,SEND_REMINDER,1
1.0,0.0,6463.02,UPI,ICICI,LIMIT_EXCEEDED,21,SEND_REMINDER,1
0.6551724137931034,0.75,8146.59,NETBANKING,SBI,BANK_TIMEOUT,16,SEND_REMINDER,0
0.6727272727272727,0.7222222222222222,7743.02,UPI,HDFC,NETWORK_ERROR,3,RETRY_NOW,0
0.8181818181818182,0.0,4441.26,NETBANKING,KOTAK,CARD_EXPIRED,8,NO_ACTION,0
0.8703703703703703,0.8571428571428571,5532.4,CARD,HDFC,LIMIT_EXCEEDED,1,SEND_REMINDER,0
0.7432432432432432,0.8947368421052632,6951.76,CARD,SBI,NETWORK_ERROR,19,RETRY_LATER,1
0.7115384615384616,0.8,4650.12,WALLET,KOTAK,CARD_EXPIRED,22,RETRY_LATER,1
0.9433962264150944,0.0,1338.12,CARD,SBI,CARD_EXPIRED,9,RETRY_LATER,0
0.9880952380952381,0.0,8738.79,NETBANKING,KOTAK,AUTHENTICATION_FAILED,8,RETRY_LATER,0
0.9850746268656716,0.0,9582.2,CARD,YESBANK,INSUFFICIENT_FUNDS,21,SEND_REMINDER,1
0.6923076923076923,0.9375,4754.61,NETBANKING,ICICI,NETWORK_ERROR,3,SEND_REMINDER,0
0.8990825688073395,0.2727272727272727,5518.86,WALLET,ICICI,NETWORK_ERROR,11,SEND_REMINDER,0
0.5,0.6428571428571429,9514.04,WALLET,AXIS,NETWORK_ERROR,3,RETRY_LATER,1
0.8936170212765957,0.0,4156.32,UPI,AXIS,CARD_EXPIRED,11,SEND_REMINDER,0
0.6724137931034483,0.10526315789473684,8783.8,UPI,AXIS,CARD_EXPIRED,14,SEND_REMINDER,1
0.5,0.3888888888888889,981.81,NETBANKING,AXIS,CARD_EXPIRED,23,NO_ACTION,0
0.696969696969697,0.7,9584.09,CARD,KOTAK,BANK_TIMEOUT,10,RETRY_LATER,1
0.7183098591549296,0.45,4281.79,CARD,AXIS,INSUFFICIENT_FUNDS,20,RETRY_NOW,0
0.5277777777777778,0.6470588235294118,4853.9,NETBANKING,KOTAK,NETWORK_ERROR,4,NO_ACTION,0
0.8125,0.5833333333333334,6258.67,CARD,YESBANK,LIMIT_EXCEEDED,15,RETRY_LATER,1
0.921875,1.0,8177.48,WALLET,AXIS,INSUFFICIENT_FUNDS,9,RETRY_NOW,0
0.7402597402597403,0.35,7435.02,CARD,SBI,AUTHENTICATION_FAILED,2,RETRY_NOW,0
0.8482142857142857,0.7647058823529411,5678.48,UPI,ICICI,NETWORK_ERROR,7,RETRY_LATER,1
0.9583333333333334,0.0,9332.24,WALLET,ICICI,CARD_EXPIRED,4,NO_ACTION,0
0.9661016949152542,1.0,6638.04,CARD,SBI,BANK_TIMEOUT,21,NO_ACTION,0
0.7878787878787878,0.6428571428571429,9059.6,UPI,AXIS,NETWORK_ERROR,23,RETRY_NOW,0
0.7361111111111112,0.631578947368421,4138.42,NETBANKING,KOTAK,INSUFFICIENT_FUNDS,0,NO_ACTION,0
0.9523809523809523,1.0,1443.25,UPI,KOTAK,INSUFFICIENT_FUNDS,7,NO_ACTION,0
0.5833333333333334,0.2,7295.98,UPI,KOTAK,AUTHENTICATION_FAILED,0,RETRY_LATER,0
0.5714285714285714,0.0,7633.64,CARD,SBI,LIMIT_EXCEEDED,9,SEND_REMINDER,0
0.5384615384615384,0.6111111111111112,3362.77,NETBANKING,YESBANK,INSUFFICIENT_FUNDS,14,RETRY_LATER,0
0.9743589743589743,1.0,8601.13,UPI,YESBANK,AUTHENTICATION_FAILED,13,RETRY_LATER,1
0.2,0.4,4999.86,CARD,ICICI,BANK_TIMEOUT,4,RETRY_LATER,0
0.8461538461538461,1.0,4371.98,WALLET,HDFC,INSUFFICIENT_FUNDS,22,NO_ACTION,0
0.8983050847457628,0.8333333333333334,1283.26,CARD,HDFC,BANK_TIMEOUT,2,SEND_REMINDER,0
0.9534883720930233,0.5,2158.87,WALLET,YESBANK,CARD_EXPIRED,9,NO_ACTION,0
0.5,0.05,2274.09,WALLET,KOTAK,AUTHENTICATION_FAILED,14,SEND_REMINDER,0
0.7638888888888888,0.17647058823529413,9191.66,NETBANKING,SBI,BANK_TIMEOUT,17,SEND_REMINDER,0
0.979381443298969,0.5,9588.49,NETBANKING,KOTAK,INSUFFICIENT_FUNDS,8,RETRY_NOW,0
0.7169811320754716,0.06666666666666667,7822.03,WALLET,HDFC,CARD_EXPIRED,14,NO_ACTION,0
0.6909090909090909,0.23529411764705882,4172.89,UPI,AXIS,AUTHENTICATION_FAILED,0,RETRY_NOW,0
0.525,0.631578947368421,9737.92,NETBANKING,HDFC,LIMIT_EXCEEDED,12,NO_ACTION,0
0.8243243243243243,0.9230769230769231,3692.84,CARD,YESBANK,CARD_EXPIRED,19,RETRY_NOW,1
1.0,0.0,8217.1,WALLET,YESBANK,AUTHENTICATION_FAILED,4,NO_ACTION,0
1.0,0.0,623.51,CARD,KOTAK,INSUFFICIENT_FUNDS,10,NO_ACTION,0
0.74,0.5384615384615384,3011.86,WALLET,AXIS,LIMIT_EXCEEDED,5,RETRY_LATER,0
0.5348837209302325,0.4,2069.89,WALLET,YESBANK,NETWORK_ERROR,23,SEND_REMINDER,0
0.9827586206896551,0.0,1944.22,UPI,YESBANK,CARD_EXPIRED,11,NO_ACTION,0
0.7402597402597403,1.0,6179.9,WALLET,HDFC,BANK_TIMEOUT,16,NO_ACTION,0
0.8461538461538461,1.0,1978.1,CARD,YESBANK,INSUFFICIENT_FUNDS,20,NO_ACTION,0
0.8392857142857143,0.2222222222222222,4512.26,WALLET,KOTAK,NETWORK_ERROR,21,SEND_REMINDER,1
0.7875,0.5294117647058824,6093.95,CARD,YESBANK,AUTHENTICATION_FAILED,2,RETRY_NOW,1
0.7704918032786885,0.7142857142857143,1421.36,UPI,AXIS,INSUFFICIENT_FUNDS,18,RETRY_NOW,0
0.9787234042553191,0.0,726.85,WALLET,ICICI,NETWORK_ERROR,8,NO_ACTION,0
0.9,0.875,9212.88,CARD,KOTAK,LIMIT_EXCEEDED,10,RETRY_NOW,1
0.896551724137931,0.8888888888888888,5091.83,NETBANKING,ICICI,INSUFFICIENT_FUNDS,22,RETRY_NOW,1
0.9113924050632911,0.7142857142857143,8085.55,UPI,KOTAK,BANK_TIMEOUT,14,RETRY_NOW,0
0.8854166666666666,0.6363636363636364,6664.52,NETBANKING,KOTAK,BANK_TIMEOUT,15,SEND_REMINDER,0
0.9318181818181818,0.0,4446.87,UPI,ICICI,INSUFFICIENT_FUNDS,3,RETRY_NOW,0
0.8974358974358975,0.25,8104.15,CARD,KOTAK,BANK_TIMEOUT,18,RETRY_LATER,1
0.8674698795180723,0.9090909090909091,1910.25,NETBANKING,HDFC,CARD_EXPIRED,17,NO_ACTION,0
0.8169014084507042,0.5384615384615384,7713.21,UPI,KOTAK,INSUFFICIENT_FUNDS,22,RETRY_NOW,0
0.47619047619047616,0.09090909090909091,2788.26,WALLET,AXIS,NETWORK_ERROR,21,RETRY_NOW,1
0.967741935483871,1.0,6737.12,UPI,SBI,INSUFFICIENT_FUNDS,2,RETRY_NOW,0
0.375,0.0,1847.81,NETBANKING,SBI,BANK_TIMEOUT,1,RETRY_LATER,1
0.9010989010989011,0.8888888888888888,5713.85,WALLET,ICICI,INSUFFICIENT_FUNDS,1,RETRY_LATER,1
0.8508771929824561,0.058823529411764705,6794.5,WALLET,ICICI,AUTHENTICATION_FAILED,12,SEND_REMINDER,0
0.65,0.7857142857142857,3793.39,CARD,HDFC,NETWORK_ERROR,5,RETRY_LATER,1
0.9565217391304348,1.0,9692.64,CARD,KOTAK,NETWORK_ERROR,2,SEND_REMINDER,1
0.32142857142857145,0.9473684210526315,1532.8,CARD,HDFC,LIMIT_EXCEEDED,18,RETRY_LATER,0
0.7619047619047619,0.35,5894.52,UPI,KOTAK,BANK_TIMEOUT,0,SEND_REMINDER,0
0.7183098591549296,1.0,689.14,CARD,AXIS,NETWORK_ERROR,21,SEND_REMINDER,1
0.3076923076923077,0.4444444444444444,4948.74,CARD,ICICI,AUTHENTICATION_FAILED,11,NO_ACTION,0
0.703125,0.0,2724.93,NETBANKING,HDFC,CARD_EXPIRED,3,RETRY_LATER,0
0.2631578947368421,0.9285714285714286,8727.53,WALLET,ICICI,AUTHENTICATION_FAILED,5,RETRY_NOW,0
0.5238095238095238,0.7,1022.9,CARD,ICICI,LIMIT_EXCEEDED,16,RETRY_NOW,0
0.8130841121495327,0.4,7830.79,WALLET,SBI,NETWORK_ERROR,15,RETRY_NOW,0
0.6551724137931034,0.75,4587.18,CARD,SBI,BANK_TIMEOUT,21,NO_ACTION,0
0.8125,0.5833333333333334,9766.3,NETBANKING,KOTAK,LIMIT_EXCEEDED,8,SEND_REMINDER,0
0.8923076923076924,0.2857142857142857,2936.49,UPI,AXIS,INSUFFICIENT_FUNDS,6,RETRY_NOW,0
0.7073170731707317,0.25,626.14,CARD,SBI,NETWORK_ERROR,7,NO_ACTION,0
0.9113924050632911,0.7142857142857143,5071.98,WALLET,YESBANK,CARD_EXPIRED,13,SEND_REMINDER,1
0.9540229885057471,0.5,9943.7,WALLET,KOTAK,LIMIT_EXCEEDED,20,SEND_REMINDER,1
0.95,0.0,2656.14,WALLET,ICICI,BANK_TIMEOUT,18,RETRY_LATER,0
0.9078947368421053,1.0,4758.39,UPI,HDFC,CARD_EXPIRED,17,RETRY_NOW,0
0.7872340425531915,0.0,4289.72,WALLET,YESBANK,CARD_EXPIRED,16,RETRY_LATER,0
0.7169811320754716,0.06666666666666667,9346.9,UPI,ICICI,INSUFFICIENT_FUNDS,4,SEND_REMINDER,1
0.8208955223880597,0.5,3098.7,WALLET,YESBANK,AUTHENTICATION_FAILED,6,NO_ACTION,0
0.875,0.8,4811.33,NETBANKING,KOTAK,CARD_EXPIRED,0,NO_ACTION,0
0.8876404494382022,0.8,609.6,NETBANKING,HDFC,NETWORK_ERROR,2,NO_ACTION,0
0.23809523809523808,0.625,4673.06,UPI,KOTAK,AUTHENTICATION_FAILED,16,SEND_REMINDER,1
0.4375,0.2777777777777778,6041.38,UPI,AXIS,LIMIT_EXCEEDED,0,NO_ACTION,0
0.7397260273972602,1.0,365.95,CARD,SBI,INSUFFICIENT_FUNDS,7,RETRY_NOW,0
0.7872340425531915,0.0,4289.72,WALLET,YESBANK,CARD_EXPIRED,16,SEND_REMINDER,0
0.9888888888888889,1.0,4780.25,NETBANKING,HDFC,LIMIT_EXCEEDED,22,RETRY_NOW,0
0.7272727272727273,0.4166666666666667,2354.96,NETBANKING,ICICI,AUTHENTICATION_FAILED,16,RETRY_LATER,1
0.7701149425287356,0.05,6392.23,NETBANKING,AXIS,BANK_TIMEOUT,12,NO_ACTION,0
0.7671232876712328,0.5882352941176471,2080.14,CARD,KOTAK,LIMIT_EXCEEDED,9,RETRY_NOW,0
0.9259259259259259,0.5,2027.19,WALLET,YESBANK,LIMIT_EXCEEDED,7,RETRY_NOW,0
0.47058823529411764,1.0,6720.13,CARD,ICICI,INSUFFICIENT_FUNDS,23,RETRY_LATER,1
0.88,0.6666666666666666,3818.63,CARD,SBI,CARD_EXPIRED,18,RETRY_LATER,0
0.8507462686567164,0.7,2371.31,UPI,YESBANK,LIMIT_EXCEEDED,1,NO_ACTION,0
0.88,0.6666666666666666,1585.51,NETBANKING,AXIS,NETWORK_ERROR,11,SEND_REMINDER,1
0.6363636363636364,1.0,3281.78,WALLET,AXIS,AUTHENTICATION_FAILED,21,RETRY_NOW,0
0.9607843137254902,0.25,3044.73,UPI,KOTAK,AUTHENTICATION_FAILED,18,NO_ACTION,0
0.8902439024390244,1.0,422.19,WALLET,ICICI,INSUFFICIENT_FUNDS,18,RETRY_LATER,1
0.8365384615384616,0.7058823529411765,5808.73,NETBANKING,ICICI,LIMIT_EXCEEDED,1,RETRY_NOW,1
0.8181818181818182,0.2777777777777778,6173.84,UPI,HDFC,LIMIT_EXCEEDED,23,RETRY_NOW,0
0.6363636363636364,0.25,4652.72,CARD,HDFC,NETWORK_ERROR,7,NO_ACTION,0
0.9113924050632911,0.7142857142857143,5071.98,WALLET,YESBANK,CARD_EXPIRED,13,RETRY_NOW,0
0.7931034482758621,0.0,4411.69,NETBANKING,YESBANK,LIMIT_EXCEEDED,8,SEND_REMINDER,0
0.8909090909090909,0.25,5687.09,WALLET,YESBANK,CARD_EXPIRED,5,NO_ACTION,0
0.9615384615384616,1.0,2534.98,NETBANKING,AXIS,INSUFFICIENT_FUNDS,0,NO_ACTION,0
0.6041666666666666,0.10526315789473684,1326.08,CARD,ICICI,NETWORK_ERROR,9,RETRY_LATER,0
0.71875,0.1111111111111111,8501.65,UPI,ICICI,NETWORK_ERROR,1,RETRY_NOW,0
0.972972972972973,0.0,6297.24,UPI,HDFC,LIMIT_EXCEEDED,2,NO_ACTION,0
1.0,0.0,2226.24,NETBANKING,AXIS,NETWORK_ERROR,4,RETRY_NOW,0
0.8243243243243243,0.9230769230769231,9794.71,UPI,KOTAK,LIMIT_EXCEEDED,6,RETRY_NOW,0
0.9655172413793104,0.5,3351.39,CARD,AXIS,INSUFFICIENT_FUNDS,18,NO_ACTION,0
0.7763157894736842,0.29411764705882354,2626.36,CARD,KOTAK,BANK_TIMEOUT,12,RETRY_LATER,1
0.7468354430379747,0.95,3354.69,UPI,ICICI,BANK_TIMEOUT,18,SEND_REMINDER,0
0.7407407407407407,0.35714285714285715,6963.87,NETBANKING,ICICI,NETWORK_ERROR,23,NO_ACTION,0
0.8103448275862069,0.7272727272727273,2772.51,WALLET,AXIS,AUTHENTICATION_FAILED,13,RETRY_NOW,1
0.8292682926829268,0.14285714285714285,276.73,NETBANKING,SBI,INSUFFICIENT_FUNDS,23,SEND_REMINDER,1
0.9166666666666666,0.0,8233.1,UPI,YESBANK,NETWORK_ERROR,3,NO_ACTION,0
0.8947368421052632,0.6666666666666666,6063.9,WALLET,SBI,NETWORK_ERROR,13,NO_ACTION,0
0.9113924050632911,0.7142857142857143,8862.56,CARD,HDFC,BANK_TIMEOUT,12,RETRY_NOW,1
0.726027397260274,0.25,3576.47,UPI,AXIS,LIMIT_EXCEEDED,3,RETRY_LATER,1
1.0,0.0,2467.44,WALLET,AXIS,LIMIT_EXCEEDED,9,RETRY_NOW,0
0.8736842105263158,0.8333333333333334,8839.22,NETBANKING,ICICI,BANK_TIMEOUT,6,RETRY_LATER,1
0.5714285714285714,0.0,149.73,NETBANKING,ICICI,NETWORK_ERROR,15,SEND_REMINDER,0
0.9607843137254902,0.5,8857.79,CARD,SBI,AUTHENTICATION_FAILED,14,SEND_REMINDER,1
0.9081632653061225,0.5555555555555556,7097.56,NETBANKING,KOTAK,NETWORK_ERROR,3,RETRY_NOW,1
0.8494623655913979,0.35714285714285715,3398.7,NETBANKING,SBI,BANK_TIMEOUT,19,RETRY_NOW,1
0.8620689655172413,0.75,2213.28,UPI,KOTAK,LIMIT_EXCEEDED,2,NO_ACTION,0
0.9583333333333334,0.0,8101.9,WALLET,SBI,AUTHENTICATION_FAILED,13,RETRY_LATER,0
0.6727272727272727,0.0,8755.26,NETBANKING,ICICI,AUTHENTICATION_FAILED,17,NO_ACTION,0
0.7948717948717948,0.625,4793.6,WALLET,HDFC,INSUFFICIENT_FUNDS,4,NO_ACTION,0
0.8571428571428571,0.6875,3241.09,WALLET,KOTAK,NETWORK_ERROR,23,NO_ACTION,0
0.9666666666666667,1.0,5043.08,UPI,AXIS,CARD_EXPIRED,3,RETRY_LATER,1
0.8157894736842105,0.0,9156.14,WALLET,SBI,INSUFFICIENT_FUNDS,18,RETRY_NOW,0
0.5,0.6428571428571429,5393.0,NETBANKING,HDFC,BANK_TIMEOUT,20,RETRY_LATER,0
0.8936170212765957,0.1,5644.92,CARD,AXIS,AUTHENTICATION_FAILED,19,SEND_REMINDER,1
0.8888888888888888,0.875,7357.54,UPI,YESBANK,AUTHENTICATION_FAILED,10,RETRY_NOW,0
0.8125,0.2,6938.19,WALLET,AXIS,BANK_TIMEOUT,15,NO_ACTION,0
0.8421052631578947,0.6666666666666666,7213.24,CARD,HDFC,AUTHENTICATION_FAILED,9,NO_ACTION,0
0.5,0.3888888888888889,8026.5,CARD,ICICI,AUTHENTICATION_FAILED,18,SEND_REMINDER,1
0.8494623655913979,0.35714285714285715,3398.7,NETBANKING,SBI,BANK_TIMEOUT,19,NO_ACTION,0
0.9428571428571428,1.0,2643.99,CARD,AXIS,BANK_TIMEOUT,6,RETRY_NOW,1
0.9384615384615385,0.25,8972.67,NETBANKING,KOTAK,CARD_EXPIRED,5,SEND_REMINDER,0
0.9345794392523364,0.5714285714285714,5148.14,WALLET,ICICI,INSUFFICIENT_FUNDS,11,SEND_REMINDER,0
0.75,0.16666666666666666,8909.08,NETBANKING,HDFC,AUTHENTICATION_FAILED,1,SEND_REMINDER,0
0.8481012658227848,0.3333333333333333,2596.84,NETBANKING,SBI,NETWORK_ERROR,4,RETRY_LATER,0
0.9661016949152542,1.0,3995.68,UPI,ICICI,BANK_TIMEOUT,8,NO_ACTION,0
0.6382978723404256,0.058823529411764705,3509.62,UPI,SBI,NETWORK_ERROR,8,SEND_REMINDER,1
0.6727272727272727,0.7222222222222222,2836.46,CARD,AXIS,INSUFFICIENT_FUNDS,15,NO_ACTION,0
0.88,0.3333333333333333,413.13,WALLET,AXIS,INSUFFICIENT_FUNDS,2,RETRY_NOW,0
0.8809523809523809,0.4,2393.89,WALLET,YESBANK,BANK_TIMEOUT,6,NO_ACTION,0
0.7183098591549296,0.45,4281.79,CARD,AXIS,INSUFFICIENT_FUNDS,20,NO_ACTION,0
0.7605633802816901,0.0,8812.24,CARD,ICICI,CARD_EXPIRED,5,RETRY_NOW,1
0.8421052631578947,0.6666666666666666,1515.8,NETBANKING,AXIS,CARD_EXPIRED,17,SEND_REMINDER,0
0.822429906542056,0.47368421052631576,4675.49,NETBANKING,AXIS,BANK_TIMEOUT,13,NO_ACTION,0
0.8947368421052632,0.125,2063.19,WALLET,AXIS,AUTHENTICATION_FAILED,11,SEND_REMINDER,1
0.7291666666666666,0.3076923076923077,7801.51,UPI,KOTAK,AUTHENTICATION_FAILED,16,RETRY_NOW,0
0.9081632653061225,0.5555555555555556,7249.42,WALLET,ICICI,CARD_EXPIRED,11,SEND_REMINDER,1
0.9428571428571428,0.0,2683.55,WALLET,YESBANK,LIMIT_EXCEEDED,4,NO_ACTION,0
0.9333333333333333,0.4,6018.5,NETBANKING,SBI,AUTHENTICATION_FAILED,11,RETRY_LATER,1
0.8981481481481481,0.5454545454545454,8767.8,NETBANKING,SBI,BANK_TIMEOUT,19,SEND_REMINDER,1
0.8282828282828283,0.23529411764705882,8584.09,NETBANKING,ICICI,INSUFFICIENT_FUNDS,11,RETRY_NOW,0
0.8266666666666667,0.6923076923076923,5018.18,WALLET,ICICI,BANK_TIMEOUT,14,NO_ACTION,0
0.9263157894736842,0.42857142857142855,5632.48,NETBANKING,YESBANK,CARD_EXPIRED,21,RETRY_LATER,0
0.7777777777777778,1.0,3273.13,CARD,AXIS,NETWORK_ERROR,22,RETRY_LATER,1
1.0,0.0,9624.81,UPI,AXIS,LIMIT_EXCEEDED,19,RETRY_LATER,1
0.922077922077922,0.16666666666666666,1776.63,CARD,KOTAK,BANK_TIMEOUT,13,RETRY_LATER,1
0.797752808988764,0.5,2105.34,CARD,AXIS,CARD_EXPIRED,21,RETRY_NOW,0
0.7846153846153846,0.7857142857142857,3411.3,UPI,AXIS,CARD_EXPIRED,11,NO_ACTION,0
0.8227848101265823,0.14285714285714285,1365.85,UPI,ICICI,NETWORK_ERROR,17,NO_ACTION,0
0.7397260273972602,1.0,8654.23,WALLET,KOTAK,CARD_EXPIRED,12,NO_ACTION,0
0.8375,0.3076923076923077,9341.46,NETBANKING,HDFC,LIMIT_EXCEEDED,17,RETRY_NOW,0
0.9325842696629213,0.0,1053.98,NETBANKING,SBI,BANK_TIMEOUT,13,NO_ACTION,0
0.9333333333333333,0.0,8153.77,CARD,KOTAK,LIMIT_EXCEEDED,13,RETRY_LATER,0
0.855072463768116,0.5,972.59,UPI,HDFC,BANK_TIMEOUT,1,NO_ACTION,0
0.7608695652173914,0.2727272727272727,2145.88,CARD,AXIS,BANK_TIMEOUT,12,NO_ACTION,0
0.7222222222222222,0.2,4092.89,NETBANKING,ICICI,NETWORK_ERROR,20,RETRY_LATER,1
0.8586956521739131,0.0,9406.52,UPI,KOTAK,NETWORK_ERROR,3,SEND_REMINDER,0
0.8571428571428571,0.0,1238.19,NETBANKING,HDFC,AUTHENTICATION_FAILED,22,RETRY_LATER,0
0.8425925925925926,0.47058823529411764,4612.04,NETBANKING,YESBANK,LIMIT_EXCEEDED,16,RETRY_LATER,1
0.6818181818181818,0.8571428571428571,5239.47,CARD,ICICI,LIMIT_EXCEEDED,21,NO_ACTION,0
0.9178082191780822,0.0,3289.72,WALLET,AXIS,BANK_TIMEOUT,15,NO_ACTION,0
0.8873239436619719,0.5,4500.29,WALLET,ICICI,BANK_TIMEOUT,5,SEND_REMINDER,0
0.7608695652173914,0.2727272727272727,6892.65,CARD,AXIS,NETWORK_ERROR,16,RETRY_LATER,0
0.7285714285714285,1.0,6610.35,CARD,AXIS,BANK_TIMEOUT,3,RETRY_NOW,1
0.7468354430379747,0.95,9867.12,NETBANKING,KOTAK,LIMIT_EXCEEDED,15,SEND_REMINDER,0
0.9625,0.0,8798.48,WALLET,SBI,AUTHENTICATION_FAILED,20,SEND_REMINDER,1
0.7692307692307693,1.0,6710.75,WALLET,HDFC,LIMIT_EXCEEDED,4,SEND_REMINDER,1
0.7142857142857143,0.0,9462.17,CARD,ICICI,CARD_EXPIRED,11,RETRY_LATER,0
0.975609756097561,0.0,3918.43,WALLET,ICICI,LIMIT_EXCEEDED,16,SEND_REMINDER,0
0.7916666666666666,0.2,5601.83,NETBANKING,AXIS,NETWORK_ERROR,20,NO_ACTION,0
0.7419354838709677,0.3125,9520.72,UPI,SBI,NETWORK_ERROR,1,RETRY_LATER,1
0.82,1.0,7970.95,NETBANKING,ICICI,BANK_TIMEOUT,13,RETRY_LATER,1
0.8163265306122449,0.05555555555555555,6055.39,CARD,AXIS,INSUFFICIENT_FUNDS,19,SEND_REMINDER,1
0.84,0.6875,8465.06,WALLET,AXIS,CARD_EXPIRED,11,RETRY_NOW,0
0.9195402298850575,0.2857142857142857,6468.96,UPI,AXIS,INSUFFICIENT_FUNDS,15,SEND_REMINDER,1
0.9787234042553191,0.0,633.48,WALLET,ICICI,NETWORK_ERROR,9,RETRY_NOW,0
0.9801980198019802,0.0,246.8,WALLET,ICICI,CARD_EXPIRED,1,RETRY_NOW,1
0.7530864197530864,0.5,5965.23,NETBANKING,HDFC,LIMIT_EXCEEDED,19,RETRY_NOW,0
0.8947368421052632,0.625,290.78,UPI,YESBANK,LIMIT_EXCEEDED,23,SEND_REMINDER,0
0.9333333333333333,0.0,8949.96,UPI,AXIS,CARD_EXPIRED,18,RETRY_LATER,0
0.9375,0.0,3673.64,WALLET,ICICI,BANK_TIMEOUT,4,NO_ACTION,0
0.9811320754716981,1.0,5503.55,CARD,SBI,LIMIT_EXCEEDED,12,RETRY_NOW,1
0.7741935483870968,0.35714285714285715,9043.58,UPI,AXIS,CARD_EXPIRED,4,NO_ACTION,0
0.8421052631578947,0.0,9702.96,CARD,YESBANK,LIMIT_EXCEEDED,19,SEND_REMINDER,0
0.8454545454545455,0.11764705882352941,7835.6,WALLET,AXIS,NETWORK_ERROR,15,NO_ACTION,0
0.8,1.0,6781.62,UPI,HDFC,BANK_TIMEOUT,11,NO_ACTION,0
0.6666666666666666,0.125,7370.94,CARD,HDFC,LIMIT_EXCEEDED,1,RETRY_NOW,0
0.8181818181818182,0.16666666666666666,328.04,CARD,KOTAK,BANK_TIMEOUT,7,SEND_REMINDER,0
0.7590361445783133,0.1,5019.76,WALLET,ICICI,CARD_EXPIRED,1,RETRY_LATER,1
0.9310344827586207,0.3333333333333333,9699.47,WALLET,HDFC,LIMIT_EXCEEDED,3,NO_ACTION,0
0.8235294117647058,0.0,917.42,UPI,YESBANK,BANK_TIMEOUT,21,NO_ACTION,0
0.9764705882352941,0.0,8959.73,NETBANKING,KOTAK,CARD_EXPIRED,11,RETRY_LATER,1
0.900990099009901,0.6,2397.17,NETBANKING,KOTAK,LIMIT_EXCEEDED,3,SEND_REMINDER,1
0.851063829787234,0.8571428571428571,889.94,UPI,KOTAK,BANK_TIMEOUT,11,SEND_REMINDER,0
0.5238095238095238,0.7,9525.87,WALLET,ICICI,CARD_EXPIRED,5,RETRY_NOW,0
0.9866666666666667,0.0,4748.03,NETBANKING,YESBANK,AUTHENTICATION_FAILED,13,NO_ACTION,0
0.9506172839506173,1.0,561.1,UPI,ICICI,LIMIT_EXCEEDED,3,NO_ACTION,0
0.8955223880597015,0.0,3184.85,CARD,HDFC,NETWORK_ERROR,18,NO_ACTION,0
0.8085106382978723,0.5555555555555556,3481.48,CARD,AXIS,AUTHENTICATION_FAILED,8,SEND_REMINDER,0
0.927710843373494,0.8333333333333334,5945.7,NETBANKING,SBI,CARD_EXPIRED,12,RETRY_NOW,1
0.5833333333333334,0.2,1170.73,CARD,ICICI,INSUFFICIENT_FUNDS,18,RETRY_LATER,0
0.48148148148148145,0.9285714285714286,7573.18,NETBANKING,ICICI,INSUFFICIENT_FUNDS,16,NO_ACTION,0
1.0,0.0,1366.31,UPI,HDFC,AUTHENTICATION_FAILED,8,SEND_REMINDER,1
0.92,0.0,7852.9,WALLET,ICICI,CARD_EXPIRED,23,SEND_REMINDER,0
0.8461538461538461,0.3888888888888889,165.98,NETBANKING,YESBANK,INSUFFICIENT_FUNDS,2,SEND_REMINDER,0
0.46153846153846156,0.42857142857142855,2976.51,CARD,AXIS,CARD_EXPIRED,22,NO_ACTION,0
0.703125,0.47368421052631576,7135.73,NETBANKING,HDFC,LIMIT_EXCEEDED,23,NO_ACTION,0
0.9310344827586207,0.3333333333333333,1738.56,NETBANKING,YESBANK,NETWORK_ERROR,2,RETRY_NOW,1
0.8674698795180723,0.9090909090909091,1910.25,NETBANKING,HDFC,CARD_EXPIRED,17,SEND_REMINDER,1
0.88,0.3333333333333333,3787.15,WALLET,YESBANK,BANK_TIMEOUT,5,NO_ACTION,0
0.75,0.6428571428571429,3157.81,NETBANKING,SBI,CARD_EXPIRED,5,NO_ACTION,0
0.8227848101265823,0.14285714285714285,8561.36,UPI,KOTAK,AUTHENTICATION_FAILED,13,RETRY_LATER,0
0.8823529411764706,1.0,3150.51,UPI,YESBANK,CARD_EXPIRED,5,NO_ACTION,0
0.8488372093023255,0.5384615384615384,9169.07,UPI,SBI,LIMIT_EXCEEDED,19,NO_ACTION,0
0.9428571428571428,1.0,1954.58,UPI,KOTAK,BANK_TIMEOUT,22,SEND_REMINDER,0
0.8679245283018868,0.2857142857142857,8154.37,UPI,ICICI,CARD_EXPIRED,13,RETRY_LATER,0
0.9666666666666667,1.0,4079.15,UPI,AXIS,NETWORK_ERROR,13,NO_ACTION,0
0.8990825688073395,0.2727272727272727,2728.09,WALLET,ICICI,CARD_EXPIRED,7,NO_ACTION,0
0.7931034482758621,0.8333333333333334,1915.14,NETBANKING,KOTAK,LIMIT_EXCEEDED,2,RETRY_NOW,0
0.8222222222222222,0.1875,2088.2,UPI,KOTAK,INSUFFICIENT_FUNDS,0,SEND_REMINDER,0
0.8421052631578947,0.0,5684.62,WALLET,SBI,BANK_TIMEOUT,7,NO_ACTION,0
0.8709677419354839,0.5,7342.0,UPI,KOTAK,LIMIT_EXCEEDED,9,RETRY_LATER,1
0.8181818181818182,0.15,3495.3,WALLET,ICICI,LIMIT_EXCEEDED,22,SEND_REMINDER,0
0.23809523809523808,0.625,4673.06,UPI,KOTAK,AUTHENTICATION_FAILED,16,RETRY_NOW,0
0.8769230769230769,0.125,2955.72,UPI,HDFC,CARD_EXPIRED,2,RETRY_NOW,0
0.8461538461538461,0.8333333333333334,8540.25,CARD,HDFC,CARD_EXPIRED,16,RETRY_NOW,0
0.9428571428571428,1.0,5279.11,UPI,SBI,BANK_TIMEOUT,22,RETRY_LATER,1
0.8172043010752689,0.23529411764705882,9547.75,WALLET,YESBANK,AUTHENTICATION_FAILED,4,NO_ACTION,0
0.75,1.0,8338.43,WALLET,ICICI,CARD_EXPIRED,1,RETRY_NOW,1
0.782051282051282,0.9411764705882353,3989.08,NETBANKING,HDFC,BANK_TIMEOUT,6,NO_ACTION,0
0.8421052631578947,0.3333333333333333,6337.88,NETBANKING,HDFC,BANK_TIMEOUT,10,SEND_REMINDER,1
0.6111111111111112,1.0,3791.88,UPI,ICICI,LIMIT_EXCEEDED,23,SEND_REMINDER,1
0.5681818181818182,0.3157894736842105,7237.94,WALLET,SBI,AUTHENTICATION_FAILED,16,RETRY_NOW,0
0.85,0.5555555555555556,1779.6,NETBANKING,AXIS,AUTHENTICATION_FAILED,2,NO_ACTION,0
0.9680851063829787,0.6666666666666666,489.44,UPI,YESBANK,BANK_TIMEOUT,2,RETRY_LATER,1
0.8350515463917526,0.8125,7236.51,NETBANKING,KOTAK,LIMIT_EXCEEDED,4,RETRY_NOW,0
0.8347826086956521,0.7368421052631579,4685.02,NETBANKING,SBI,NETWORK_ERROR,9,SEND_REMINDER,1
0.7111111111111111,0.9230769230769231,1567.79,UPI,HDFC,BANK_TIMEOUT,18,NO_ACTION,0
0.7857142857142857,0.9166666666666666,8374.79,CARD,ICICI,BANK_TIMEOUT,8,RETRY_NOW,1
0.8347826086956521,0.7368421052631579,3269.05,UPI,HDFC,AUTHENTICATION_FAILED,16,SEND_REMINDER,1
0.9523809523809523,0.6666666666666666,3879.83,WALLET,HDFC,AUTHENTICATION_FAILED,20,SEND_REMINDER,1
0.8936170212765957,0.0,7337.67,WALLET,SBI,LIMIT_EXCEEDED,4,RETRY_NOW,0
0.9078947368421053,1.0,4758.39,UPI,HDFC,CARD_EXPIRED,17,SEND_REMINDER,1
0.7638888888888888,0.17647058823529413,1859.65,CARD,HDFC,AUTHENTICATION_FAILED,3,NO_ACTION,0
0.8125,0.4444444444444444,4095.46,NETBANKING,SBI,BANK_TIMEOUT,21,SEND_REMINDER,0
0.4444444444444444,0.55,5680.65,WALLET,KOTAK,INSUFFICIENT_FUNDS,16,RETRY_LATER,0
0.631578947368421,0.14285714285714285,5503.46,CARD,KOTAK,AUTHENTICATION_FAILED,1,RETRY_LATER,0
0.8674698795180723,0.9090909090909091,1368.16,UPI,SBI,NETWORK_ERROR,22,RETRY_NOW,1
0.55,0.3333333333333333,4872.28,WALLET,YESBANK,LIMIT_EXCEEDED,17,RETRY_LATER,0
0.34782608695652173,0.4,7650.84,WALLET,SBI,CARD_EXPIRED,19,SEND_REMINDER,1
0.5,0.6666666666666666,9223.18,WALLET,YESBANK,CARD_EXPIRED,18,SEND_REMINDER,0
0.8909090909090909,0.25,7871.87,CARD,KOTAK,NETWORK_ERROR,10,NO_ACTION,0
0.7407407407407407,0.42857142857142855,8077.41,WALLET,YESBANK,AUTHENTICATION_FAILED,4,SEND_REMINDER,0
0.7941176470588235,0.5714285714285714,7263.7,NETBANKING,AXIS,CARD_EXPIRED,21,SEND_REMINDER,0
0.6744186046511628,0.14285714285714285,6382.59,UPI,ICICI,INSUFFICIENT_FUNDS,23,RETRY_NOW,0
0.6595744680851063,0.1875,5178.4,WALLET,YESBANK,INSUFFICIENT_FUNDS,18,SEND_REMINDER,1
0.8674698795180723,0.9090909090909091,1910.25,NETBANKING,HDFC,CARD_EXPIRED,17,RETRY_LATER,0
0.8586956521739131,0.0,6565.74,WALLET,AXIS,BANK_TIMEOUT,1,RETRY_NOW,0
0.6862745098039216,0.125,2700.21,UPI,SBI,NETWORK_ERROR,1,SEND_REMINDER,0
0.927710843373494,0.8333333333333334,8860.75,CARD,KOTAK,CARD_EXPIRED,6,RETRY_LATER,0
0.7878787878787878,0.6428571428571429,7101.16,WALLET,HDFC,NETWORK_ERROR,20,NO_ACTION,0
0.9885057471264368,1.0,2942.97,CARD,ICICI,CARD_EXPIRED,11,NO_ACTION,0
0.8983050847457628,0.8333333333333334,2821.53,NETBANKING,HDFC,CARD_EXPIRED,14,NO_ACTION,0
0.6,0.7222222222222222,9682.87,UPI,SBI,BANK_TIMEOUT,21,RETRY_LATER,1
0.7,0.5,3622.12,WALLET,HDFC,LIMIT_EXCEEDED,1,RETRY_LATER,0
0.8,0.8181818181818182,3069.3,CARD,HDFC,AUTHENTICATION_FAILED,5,RETRY_NOW,0
0.3333333333333333,0.55,4889.4,NETBANKING,YESBANK,AUTHENTICATION_FAILED,7,RETRY_NOW,0
0.6666666666666666,0.0,941.49,WALLET,HDFC,NETWORK_ERROR,0,SEND_REMINDER,0
0.9787234042553191,0.0,4618.55,UPI,KOTAK,BANK_TIMEOUT,16,RETRY_NOW,0
0.7702702702702703,0.058823529411764705,2251.23,CARD,YESBANK,INSUFFICIENT_FUNDS,1,NO_ACTION,0
0.7906976744186046,0.5555555555555556,7266.44,CARD,ICICI,NETWORK_ERROR,17,NO_ACTION,0
0.9607843137254902,0.5,7677.77,UPI,YESBANK,BANK_TIMEOUT,15,RETRY_LATER,1
1.0,0.0,6596.56,UPI,ICICI,INSUFFICIENT_FUNDS,0,RETRY_NOW,0
0.75,1.0,4072.27,WALLET,HDFC,INSUFFICIENT_FUNDS,14,SEND_REMINDER,1
0.872093023255814,0.09090909090909091,4545.29,NETBANKING,SBI,NETWORK_ERROR,11,NO_ACTION,0
0.9625,0.0,7248.03,CARD,AXIS,INSUFFICIENT_FUNDS,18,SEND_REMINDER,0
0.5238095238095238,0.55,8614.65,UPI,HDFC,LIMIT_EXCEEDED,11,SEND_REMINDER,1
0.3333333333333333,0.0,126.76,CARD,SBI,BANK_TIMEOUT,5,RETRY_LATER,0
0.92,0.0,9104.05,CARD,KOTAK,AUTHENTICATION_FAILED,1,RETRY_LATER,0
0.9555555555555556,0.0,9383.95,UPI,KOTAK,CARD_EXPIRED,17,NO_ACTION,0
0.6,0.7222222222222222,9682.87,UPI,SBI,BANK_TIMEOUT,21,RETRY_NOW,0
0.9375,0.5,6560.38,WALLET,YESBANK,NETWORK_ERROR,21,RETRY_LATER,1
0.8461538461538461,1.0,816.92,UPI,ICICI,CARD_EXPIRED,23,SEND_REMINDER,1
0.696969696969697,0.6,7348.63,WALLET,YESBANK,INSUFFICIENT_FUNDS,1,RETRY_LATER,1
0.8488372093023255,0.5384615384615384,9732.48,UPI,YESBANK,INSUFFICIENT_FUNDS,10,SEND_REMINDER,1
0.9042553191489362,0.8888888888888888,1732.4,NETBANKING,SBI,CARD_EXPIRED,8,NO_ACTION,0
0.5,0.6363636363636364,9184.61,CARD,HDFC,LIMIT_EXCEEDED,1,NO_ACTION,0
0.9210526315789473,1.0,426.28,NETBANKING,HDFC,AUTHENTICATION_FAILED,10,NO_ACTION,0
0.7605633802816901,0.0,4533.12,UPI,HDFC,NETWORK_ERROR,13,RETRY_NOW,1
0.7333333333333333,0.625,3355.02,UPI,ICICI,NETWORK_ERROR,13,RETRY_LATER,1
0.6825396825396826,1.0,5318.49,UPI,KOTAK,INSUFFICIENT_FUNDS,5,RETRY_LATER,0
0.8172043010752689,0.23529411764705882,8113.87,UPI,KOTAK,NETWORK_ERROR,20,SEND_REMINDER,0
0.8333333333333334,0.9,3487.0,WALLET,SBI,NETWORK_ERROR,7,RETRY_LATER,1
0.46153846153846156,0.21428571428571427,4524.11,WALLET,SBI,CARD_EXPIRED,20,RETRY_LATER,0
0.8876404494382022,0.8,5818.97,CARD,AXIS,NETWORK_ERROR,6,RETRY_NOW,0
0.7407407407407407,0.7142857142857143,6516.74,CARD,AXIS,NETWORK_ERROR,16,RETRY_LATER,1
0.8648648648648649,0.3333333333333333,1730.49,NETBANKING,SBI,LIMIT_EXCEEDED,4,NO_ACTION,0
0.2916666666666667,0.0,1225.96,WALLET,ICICI,INSUFFICIENT_FUNDS,4,NO_ACTION,0
0.8672566371681416,0.6,469.12,CARD,KOTAK,AUTHENTICATION_FAILED,23,NO_ACTION,0
0.9213483146067416,1.0,9751.94,NETBANKING,ICICI,AUTHENTICATION_FAILED,19,SEND_REMINDER,1
0.9636363636363636,0.0,961.22,NETBANKING,YESBANK,INSUFFICIENT_FUNDS,2,NO_ACTION,0
0.883495145631068,0.75,5126.78,NETBANKING,KOTAK,INSUFFICIENT_FUNDS,9,RETRY_NOW,1
0.7837837837837838,0.5,4584.8,NETBANKING,ICICI,LIMIT_EXCEEDED,10,SEND_REMINDER,0
0.8404255319148937,0.6,5109.65,UPI,AXIS,LIMIT_EXCEEDED,6,RETRY_LATER,0
0.863013698630137,0.0,8311.85,CARD,AXIS,LIMIT_EXCEEDED,12,RETRY_NOW,1
0.9,0.3333333333333333,1931.83,CARD,SBI,CARD_EXPIRED,11,SEND_REMINDER,1
0.9090909090909091,0.8571428571428571,7426.06,WALLET,KOTAK,AUTHENTICATION_FAILED,7,RETRY_NOW,1
0.4090909090909091,0.5384615384615384,1378.79,CARD,SBI,AUTHENTICATION_FAILED,13,NO_ACTION,0
0.8640776699029126,0.0,2052.97,CARD,AXIS,CARD_EXPIRED,17,NO_ACTION,0
0.94,1.0,9486.03,WALLET,KOTAK,CARD_EXPIRED,20,SEND_REMINDER,1
0.8773584905660378,1.0,142.9,CARD,ICICI,CARD_EXPIRED,2,RETRY_NOW,0
0.94,0.16666666666666666,230.71,WALLET,HDFC,LIMIT_EXCEEDED,1,RETRY_NOW,1
0.725,0.5454545454545454,7429.16,NETBANKING,HDFC,AUTHENTICATION_FAILED,8,NO_ACTION,0
0.5,0.3888888888888889,981.81,NETBANKING,AXIS,CARD_EXPIRED,23,RETRY_NOW,1
0.6595744680851063,0.1875,5178.4,WALLET,YESBANK,INSUFFICIENT_FUNDS,18,RETRY_LATER,0
0.825,0.5,1959.43,NETBANKING,SBI,AUTHENTICATION_FAILED,6,RETRY_NOW,0
0.8672566371681416,0.6,1985.55,CARD,ICICI,LIMIT_EXCEEDED,22,RETRY_NOW,0
0.8365384615384616,0.7058823529411765,1556.35,UPI,HDFC,CARD_EXPIRED,22,RETRY_LATER,1
0.9333333333333333,0.6666666666666666,426.4,UPI,AXIS,AUTHENTICATION_FAILED,14,RETRY_NOW,0
0.8095238095238095,0.25,5022.43,UPI,SBI,INSUFFICIENT_FUNDS,12,NO_ACTION,0
0.9534883720930233,0.5,2158.87,WALLET,YESBANK,CARD_EXPIRED,9,RETRY_LATER,1
0.8,0.9,4783.28,UPI,HDFC,AUTHENTICATION_FAILED,16,SEND_REMINDER,1
0.9326923076923077,0.14285714285714285,8665.16,WALLET,YESBANK,NETWORK_ERROR,2,RETRY_LATER,1
0.8165137614678899,0.55,6229.65,NETBANKING,HDFC,LIMIT_EXCEEDED,2,NO_ACTION,0
0.2727272727272727,0.375,3359.15,CARD,YESBANK,NETWORK_ERROR,0,RETRY_LATER,0
0.6779661016949152,1.0,3901.61,CARD,KOTAK,AUTHENTICATION_FAILED,5,RETRY_LATER,1
0.9166666666666666,1.0,2744.0,WALLET,ICICI,INSUFFICIENT_FUNDS,8,SEND_REMINDER,1
0.9339622641509434,0.5714285714285714,5870.94,UPI,KOTAK,AUTHENTICATION_FAILED,14,NO_ACTION,0
0.625,0.0,7905.28,CARD,KOTAK,INSUFFICIENT_FUNDS,10,RETRY_LATER,0
0.9433962264150944,0.0,1533.31,UPI,HDFC,NETWORK_ERROR,2,NO_ACTION,0
0.5833333333333334,0.5333333333333333,1683.91,CARD,YESBANK,AUTHENTICATION_FAILED,21,NO_ACTION,0
0.8481012658227848,0.3333333333333333,2596.84,NETBANKING,SBI,NETWORK_ERROR,4,RETRY_NOW,0
0.7397260273972602,0.47368421052631576,6758.56,NETBANKING,AXIS,CARD_EXPIRED,23,RETRY_NOW,0
0.5,0.8333333333333334,1367.72,CARD,ICICI,INSUFFICIENT_FUNDS,15,NO_ACTION,0
0.6326530612244898,0.8333333333333334,9788.6,UPI,AXIS,AUTHENTICATION_FAILED,10,NO_ACTION,0
0.6808510638297872,0.8666666666666667,2057.83,NETBANKING,SBI,LIMIT_EXCEEDED,5,NO_ACTION,0
0.6666666666666666,0.5714285714285714,734.58,NETBANKING,KOTAK,NETWORK_ERROR,20,RETRY_NOW,0
0.9428571428571428,0.0,8497.78,UPI,AXIS,LIMIT_EXCEEDED,17,RETRY_NOW,0
0.5384615384615384,0.8333333333333334,5546.05,WALLET,YESBANK,NETWORK_ERROR,7,RETRY_LATER,1
0.896551724137931,0.8888888888888888,2798.73,CARD,YESBANK,INSUFFICIENT_FUNDS,17,RETRY_LATER,0
0.9,1.0,3122.64,CARD,SBI,INSUFFICIENT_FUNDS,5,RETRY_LATER,0
0.8627450980392157,1.0,1803.78,UPI,HDFC,BANK_TIMEOUT,4,RETRY_NOW,1
0.8229166666666666,0.7647058823529411,481.75,CARD,KOTAK,INSUFFICIENT_FUNDS,20,SEND_REMINDER,0
0.7916666666666666,0.05,8076.09,CARD,KOTAK,INSUFFICIENT_FUNDS,13,NO_ACTION,0
0.8070175438596491,0.36363636363636365,3594.3,UPI,ICICI,LIMIT_EXCEEDED,15,SEND_REMINDER,0
0.5151515151515151,0.5625,1333.8,UPI,YESBANK,INSUFFICIENT_FUNDS,21,SEND_REMINDER,0
0.9111111111111111,0.25,8195.03,CARD,HDFC,LIMIT_EXCEEDED,17,RETRY_NOW,0
0.8765432098765432,0.5,812.77,CARD,ICICI,LIMIT_EXCEEDED,6,RETRY_NOW,0
0.6909090909090909,0.23529411764705882,920.35,NETBANKING,AXIS,INSUFFICIENT_FUNDS,11,NO_ACTION,0
0.845360824742268,0.3333333333333333,2673.6,CARD,KOTAK,CARD_EXPIRED,12,SEND_REMINDER,1
0.46153846153846156,0.42857142857142855,1781.68,UPI,AXIS,INSUFFICIENT_FUNDS,9,RETRY_NOW,0
0.4090909090909091,0.5384615384615384,3656.05,WALLET,KOTAK,CARD_EXPIRED,22,RETRY_LATER,0
0.8854166666666666,0.6363636363636364,8715.8,UPI,SBI,AUTHENTICATION_FAILED,9,RETRY_LATER,1
0.7402597402597403,1.0,1024.8,NETBANKING,KOTAK,INSUFFICIENT_FUNDS,3,SEND_REMINDER,1
0.2857142857142857,0.5,7573.55,NETBANKING,ICICI,BANK_TIMEOUT,0,NO_ACTION,0
0.8765432098765432,0.5,7683.45,UPI,SBI,BANK_TIMEOUT,12,SEND_REMINDER,1
0.94,0.16666666666666666,2430.55,WALLET,AXIS,AUTHENTICATION_FAILED,13,RETRY_NOW,0
0.9333333333333333,0.4,7407.17,UPI,KOTAK,LIMIT_EXCEEDED,4,NO_ACTION,0
0.42857142857142855,0.5625,3266.6,CARD,YESBANK,NETWORK_ERROR,14,RETRY_NOW,0
0.96,1.0,9049.39,NETBANKING,AXIS,INSUFFICIENT_FUNDS,22,RETRY_LATER,0
0.8421052631578947,0.6666666666666666,1823.38,NETBANKING,KOTAK,BANK_TIMEOUT,4,RETRY_LATER,0
0.5641025641025641,0.0,2909.4,WALLET,KOTAK,AUTHENTICATION_FAILED,23,NO_ACTION,0
0.8831168831168831,0.7777777777777778,1221.03,NETBANKING,ICICI,CARD_EXPIRED,5,RETRY_NOW,0
0.7142857142857143,0.5,8828.72,UPI,AXIS,LIMIT_EXCEEDED,17,RETRY_LATER,1
0.8243243243243243,0.9230769230769231,9794.71,UPI,KOTAK,LIMIT_EXCEEDED,6,NO_ACTION,0
0.8333333333333334,0.09090909090909091,9948.03,UPI,KOTAK,NETWORK_ERROR,7,SEND_REMINDER,0
0.75,1.0,8094.81,UPI,KOTAK,BANK_TIMEOUT,7,RETRY_LATER,1
0.8928571428571429,0.6666666666666666,1628.81,CARD,AXIS,LIMIT_EXCEEDED,20,RETRY_LATER,0
0.9487179487179487,0.0,5172.84,UPI,HDFC,NETWORK_ERROR,12,RETRY_LATER,0
0.9661016949152542,1.0,6737.03,CARD,AXIS,INSUFFICIENT_FUNDS,7,NO_ACTION,0
0.7073170731707317,0.25,626.14,CARD,SBI,NETWORK_ERROR,7,RETRY_LATER,1
0.47058823529411764,0.16666666666666666,3181.62,UPI,YESBANK,INSUFFICIENT_FUNDS,23,SEND_REMINDER,1
0.7605633802816901,0.0,4166.94,NETBANKING,YESBANK,LIMIT_EXCEEDED,0,RETRY_LATER,0
0.9433962264150944,0.0,1338.12,CARD,SBI,CARD_EXPIRED,9,NO_ACTION,0
0.9326923076923077,0.7142857142857143,3543.76,NETBANKING,SBI,CARD_EXPIRED,16,NO_ACTION,0
0.85,0.5555555555555556,7316.21,NETBANKING,KOTAK,LIMIT_EXCEEDED,21,SEND_REMINDER,0
0.8301886792452831,0.3333333333333333,7844.75,WALLET,KOTAK,NETWORK_ERROR,22,SEND_REMINDER,0
0.9,0.3333333333333333,1931.83,CARD,SBI,CARD_EXPIRED,11,RETRY_LATER,0
1.0,0.0,3697.9,UPI,SBI,LIMIT_EXCEEDED,23,RETRY_NOW,0
1.0,0.0,9234.93,UPI,KOTAK,AUTHENTICATION_FAILED,21,NO_ACTION,0
0.6153846153846154,0.8,7327.83,CARD,HDFC,INSUFFICIENT_FUNDS,2,NO_ACTION,0
0.7021276595744681,0.0,2254.19,CARD,YESBANK,BANK_TIMEOUT,1,SEND_REMINDER,0
0.8979591836734694,1.0,6431.0,NETBANKING,SBI,LIMIT_EXCEEDED,15,NO_ACTION,0
0.8369565217391305,0.4,5367.43,UPI,AXIS,LIMIT_EXCEEDED,12,SEND_REMINDER,0
0.7037037037037037,0.5625,7409.81,NETBANKING,KOTAK,CARD_EXPIRED,5,RETRY_NOW,0
0.4230769230769231,0.6666666666666666,7850.53,CARD,ICICI,INSUFFICIENT_FUNDS,14,NO_ACTION,0
0.7971014492753623,0.7857142857142857,5454.5,WALLET,ICICI,INSUFFICIENT_FUNDS,3,NO_ACTION,0
0.8130841121495327,0.4,5687.02,NETBANKING,HDFC,LIMIT_EXCEEDED,22,RETRY_NOW,0
0.8434782608695652,0.5,5852.6,CARD,YESBANK,NETWORK_ERROR,15,NO_ACTION,0
0.5333333333333333,0.2857142857142857,4832.3,CARD,AXIS,CARD_EXPIRED,18,RETRY_LATER,0
0.9213483146067416,1.0,8408.15,CARD,HDFC,AUTHENTICATION_FAILED,18,RETRY_NOW,0
0.8484848484848485,0.8,4724.73,WALLET,KOTAK,INSUFFICIENT_FUNDS,0,SEND_REMINDER,0
0.8734177215189873,0.4,2365.55,WALLET,KOTAK,CARD_EXPIRED,21,RETRY_NOW,1
0.8725490196078431,0.38461538461538464,5853.97,NETBANKING,SBI,BANK_TIMEOUT,14,RETRY_LATER,1
0.8333333333333334,0.9,5199.6,WALLET,ICICI,AUTHENTICATION_FAILED,10,RETRY_LATER,0
0.7704918032786885,0.7142857142857143,5900.63,WALLET,SBI,CARD_EXPIRED,23,RETRY_LATER,0
0.717391304347826,0.07692307692307693,1573.15,WALLET,AXIS,AUTHENTICATION_FAILED,4,SEND_REMINDER,0
0.6724137931034483,0.6842105263157895,5464.88,WALLET,ICICI,CARD_EXPIRED,14,RETRY_NOW,0
0.8064516129032258,0.6666666666666666,9320.19,UPI,ICICI,INSUFFICIENT_FUNDS,16,NO_ACTION,0
0.975609756097561,0.0,2503.36,NETBANKING,YESBANK,NETWORK_ERROR,19,RETRY_NOW,0
0.8469387755102041,0.5333333333333333,3741.88,CARD,SBI,AUTHENTICATION_FAILED,13,RETRY_LATER,0
0.8709677419354839,0.5,2734.24,WALLET,ICICI,NETWORK_ERROR,17,SEND_REMINDER,0
0.970873786407767,1.0,5196.2,WALLET,KOTAK,CARD_EXPIRED,0,SEND_REMINDER,1
0.8585858585858586,1.0,9689.72,CARD,YESBANK,CARD_EXPIRED,15,RETRY_NOW,0
0.6779661016949152,1.0,2268.42,NETBANKING,KOTAK,AUTHENTICATION_FAILED,23,RETRY_LATER,1
0.927710843373494,0.8333333333333334,5776.25,CARD,KOTAK,CARD_EXPIRED,18,RETRY_NOW,0
0.9210526315789473,0.3333333333333333,5168.84,NETBANKING,HDFC,NETWORK_ERROR,10,RETRY_LATER,1
0.7872340425531915,0.55,2156.53,UPI,AXIS,NETWORK_ERROR,17,SEND_REMINDER,1
0.6666666666666666,0.5714285714285714,3587.45,CARD,KOTAK,BANK_TIMEOUT,19,RETRY_NOW,0
0.9607843137254902,0.5,331.55,WALLET,ICICI,NETWORK_ERROR,12,SEND_REMINDER,1
0.9078947368421053,1.0,2678.5,WALLET,AXIS,NETWORK_ERROR,13,RETRY_LATER,1
0.8076923076923077,1.0,3093.77,UPI,AXIS,LIMIT_EXCEEDED,17,RETRY_NOW,0
0.48,0.6923076923076923,1893.54,CARD,HDFC,BANK_TIMEOUT,7,NO_ACTION,0
0.9880952380952381,0.0,9006.37,NETBANKING,ICICI,LIMIT_EXCEEDED,20,NO_ACTION,0
0.47619047619047616,0.09090909090909091,4277.89,CARD,AXIS,NETWORK_ERROR,16,RETRY_NOW,0
0.9523809523809523,1.0,6466.42,UPI,HDFC,NETWORK_ERROR,17,SEND_REMINDER,0
0.9340659340659341,0.3333333333333333,9974.22,WALLET,SBI,NETWORK_ERROR,22,SEND_REMINDER,1
0.9230769230769231,1.0,4725.71,UPI,KOTAK,LIMIT_EXCEEDED,7,NO_ACTION,0
0.6444444444444445,0.625,1605.95,UPI,AXIS,LIMIT_EXCEEDED,10,RETRY_NOW,0
0.6779661016949152,1.0,4970.53,WALLET,SBI,CARD_EXPIRED,3,RETRY_NOW,1
0.984375,1.0,2944.25,CARD,HDFC,BANK_TIMEOUT,21,RETRY_LATER,1
0.7361111111111112,0.631578947368421,9722.51,CARD,SBI,INSUFFICIENT_FUNDS,7,SEND_REMINDER,1
0.7073170731707317,0.25,9252.07,UPI,YESBANK,CARD_EXPIRED,9,RETRY_NOW,0
0.9807692307692307,1.0,6652.21,UPI,KOTAK,LIMIT_EXCEEDED,11,SEND_REMINDER,0
0.7333333333333333,0.625,1307.86,CARD,YESBANK,LIMIT_EXCEEDED,7,RETRY_NOW,0
0.8285714285714286,0.5,9180.12,NETBANKING,YESBANK,BANK_TIMEOUT,23,RETRY_LATER,0
0.898989898989899,0.1,8351.1,NETBANKING,HDFC,BANK_TIMEOUT,18,RETRY_NOW,1
0.8260869565217391,0.4,6535.61,UPI,YESBANK,AUTHENTICATION_FAILED,8,RETRY_LATER,1
0.927710843373494,0.0,2967.32,UPI,AXIS,LIMIT_EXCEEDED,19,RETRY_NOW,0
0.9090909090909091,0.5,7171.19,NETBANKING,KOTAK,NETWORK_ERROR,10,RETRY_LATER,1
0.8508771929824561,0.8823529411764706,5672.48,CARD,KOTAK,INSUFFICIENT_FUNDS,10,RETRY_LATER,0
0.8809523809523809,0.4,5676.9,UPI,KOTAK,AUTHENTICATION_FAILED,23,RETRY_NOW,1
0.8434782608695652,0.5,5852.6,CARD,YESBANK,NETWORK_ERROR,15,RETRY_LATER,1
0.6595744680851063,0.0,8401.62,CARD,HDFC,LIMIT_EXCEEDED,6,SEND_REMINDER,0
0.8969072164948454,0.2,1247.61,UPI,HDFC,CARD_EXPIRED,8,RETRY_LATER,0
0.9523809523809523,0.6,1911.68,UPI,KOTAK,INSUFFICIENT_FUNDS,4,RETRY_NOW,0
0.8372093023255814,0.21428571428571427,5826.63,CARD,KOTAK,NETWORK_ERROR,9,SEND_REMINDER,1
0.8823529411764706,0.0,6578.59,NETBANKING,SBI,INSUFFICIENT_FUNDS,9,SEND_REMINDER,1
0.7966101694915254,0.5833333333333334,5604.75,CARD,SBI,BANK_TIMEOUT,22,RETRY_LATER,1
0.912621359223301,1.0,1186.72,NETBANKING,YESBANK,NETWORK_ERROR,18,RETRY_LATER,0
0.7971014492753623,0.7857142857142857,9229.75,CARD,AXIS,CARD_EXPIRED,4,NO_ACTION,0
0.82,1.0,9035.74,UPI,YESBANK,BANK_TIMEOUT,7,RETRY_NOW,1
0.900990099009901,0.6,1594.94,WALLET,ICICI,CARD_EXPIRED,20,RETRY_LATER,1
0.6153846153846154,0.6,1920.92,NETBANKING,ICICI,LIMIT_EXCEEDED,19,RETRY_NOW,0
0.75,0.6428571428571429,1773.49,CARD,HDFC,BANK_TIMEOUT,11,RETRY_LATER,0
0.9607843137254902,0.5,5295.38,UPI,KOTAK,INSUFFICIENT_FUNDS,8,SEND_REMINDER,0
0.6595744680851063,0.1875,719.32,UPI,KOTAK,CARD_EXPIRED,22,RETRY_NOW,0
0.8070175438596491,0.36363636363636365,389.57,NETBANKING,YESBANK,NETWORK_ERROR,13,SEND_REMINDER,1
0.825,0.0,7776.33,CARD,HDFC,AUTHENTICATION_FAILED,12,RETRY_NOW,0
0.782608695652174,0.15,7663.19,NETBANKING,ICICI,BANK_TIMEOUT,23,NO_ACTION,0
0.6851851851851852,0.7058823529411765,8373.74,NETBANKING,YESBANK,BANK_TIMEOUT,12,NO_ACTION,0
0.8163265306122449,0.05555555555555555,3015.01,NETBANKING,KOTAK,LIMIT_EXCEEDED,23,RETRY_LATER,0
0.927710843373494,0.0,725.66,WALLET,KOTAK,BANK_TIMEOUT,13,RETRY_NOW,1
0.9801980198019802,0.0,6430.52,NETBANKING,SBI,NETWORK_ERROR,11,RETRY_LATER,1
0.9253731343283582,0.6,2574.07,WALLET,HDFC,INSUFFICIENT_FUNDS,16,NO_ACTION,0
0.91,0.2222222222222222,3251.32,NETBANKING,ICICI,AUTHENTICATION_FAILED,12,RETRY_NOW,1
0.8260869565217391,0.75,4128.11,NETBANKING,SBI,LIMIT_EXCEEDED,13,NO_ACTION,0
0.25925925925925924,0.1,1870.68,WALLET,HDFC,INSUFFICIENT_FUNDS,13,RETRY_LATER,0
0.75,0.7894736842105263,1452.16,CARD,KOTAK,NETWORK_ERROR,3,RETRY_NOW,0
0.723404255319149,0.3076923076923077,5243.64,WALLET,SBI,BANK_TIMEOUT,18,RETRY_LATER,1
0.48,0.6923076923076923,1893.54,CARD,HDFC,BANK_TIMEOUT,7,RETRY_NOW,1
0.8518518518518519,0.0,5041.83,UPI,YESBANK,INSUFFICIENT_FUNDS,19,SEND_REMINDER,0
0.625,0.0,2864.43,UPI,AXIS,CARD_EXPIRED,2,SEND_REMINDER,0
1.0,0.0,9624.81,UPI,AXIS,LIMIT_EXCEEDED,19,RETRY_NOW,0
0.7402597402597403,0.35,3065.99,CARD,AXIS,AUTHENTICATION_FAILED,7,RETRY_LATER,0
0.6666666666666666,0.5294117647058824,5669.45,NETBANKING,ICICI,BANK_TIMEOUT,4,NO_ACTION,0
0.5,0.6363636363636364,9184.61,CARD,HDFC,LIMIT_EXCEEDED,1,RETRY_LATER,0
0.7037037037037037,0.5625,3426.26,NETBANKING,HDFC,NETWORK_ERROR,8,SEND_REMINDER,1
0.8125,0.3333333333333333,1519.3,WALLET,HDFC,NETWORK_ERROR,4,SEND_REMINDER,0
0.9166666666666666,1.0,2744.0,WALLET,ICICI,INSUFFICIENT_FUNDS,8,NO_ACTION,0
0.5714285714285714,0.0,149.73,NETBANKING,ICICI,NETWORK_ERROR,15,RETRY_LATER,0
0.9072164948453608,0.4444444444444444,8482.31,UPI,ICICI,INSUFFICIENT_FUNDS,18,RETRY_NOW,0
0.8148148148148148,0.06666666666666667,8685.93,NETBANKING,SBI,NETWORK_ERROR,17,RETRY_LATER,1
0.9583333333333334,1.0,9654.26,WALLET,KOTAK,BANK_TIMEOUT,21,RETRY_LATER,1
0.7333333333333333,1.0,9739.91,UPI,KOTAK,CARD_EXPIRED,6,RETRY_NOW,0
0.6326530612244898,0.6666666666666666,7272.37,CARD,ICICI,AUTHENTICATION_FAILED,6,NO_ACTION,0
0.9072164948453608,0.4444444444444444,871.72,WALLET,AXIS,AUTHENTICATION_FAILED,9,NO_ACTION,0
0.7857142857142857,0.3333333333333333,9019.86,UPI,HDFC,INSUFFICIENT_FUNDS,2,SEND_REMINDER,1
0.9263157894736842,0.42857142857142855,3536.04,UPI,HDFC,NETWORK_ERROR,15,SEND_REMINDER,1
0.7916666666666666,0.2,2045.32,NETBANKING,ICICI,INSUFFICIENT_FUNDS,3,RETRY_NOW,0
0.8404255319148937,0.6,5109.65,UPI,AXIS,LIMIT_EXCEEDED,6,NO_ACTION,0
0.7701149425287356,0.05,6199.21,CARD,YESBANK,BANK_TIMEOUT,14,RETRY_NOW,0
0.8831168831168831,0.7777777777777778,5028.37,WALLET,AXIS,BANK_TIMEOUT,20,NO_ACTION,0
0.45454545454545453,0.8333333333333334,2654.6,CARD,KOTAK,NETWORK_ERROR,1,RETRY_LATER,1
0.8285714285714286,0.25,461.34,NETBANKING,HDFC,LIMIT_EXCEEDED,9,SEND_REMINDER,1
0.8125,0.3333333333333333,1456.99,WALLET,ICICI,NETWORK_ERROR,2,RETRY_LATER,1
0.71875,0.1111111111111111,9896.54,WALLET,AXIS,LIMIT_EXCEEDED,4,SEND_REMINDER,0
0.7764705882352941,0.3684210526315789,1560.74,UPI,HDFC,BANK_TIMEOUT,20,RETRY_LATER,1
0.9310344827586207,0.8333333333333334,2559.22,CARD,KOTAK,LIMIT_EXCEEDED,6,SEND_REMINDER,1
0.921875,1.0,9252.92,NETBANKING,AXIS,AUTHENTICATION_FAILED,22,RETRY_LATER,1
0.91,0.2222222222222222,9180.11,UPI,ICICI,INSUFFICIENT_FUNDS,1,RETRY_LATER,0
0.99,1.0,1044.58,CARD,KOTAK,AUTHENTICATION_FAILED,12,NO_ACTION,0
0.9846153846153847,1.0,928.39,WALLET,SBI,LIMIT_EXCEEDED,3,RETRY_LATER,0
0.8172043010752689,0.23529411764705882,8113.87,UPI,KOTAK,NETWORK_ERROR,20,RETRY_NOW,1
0.7916666666666666,0.05,2415.06,NETBANKING,ICICI,AUTHENTICATION_FAILED,5,RETRY_NOW,1
0.7534246575342466,0.4444444444444444,8591.08,UPI,KOTAK,AUTHENTICATION_FAILED,7,SEND_REMINDER,0
0.6595744680851063,0.0,8991.83,CARD,ICICI,INSUFFICIENT_FUNDS,17,SEND_REMINDER,1
0.9523809523809523,1.0,8931.97,UPI,ICICI,INSUFFICIENT_FUNDS,0,NO_ACTION,0
0.9886363636363636,1.0,5077.45,WALLET,SBI,INSUFFICIENT_FUNDS,4,NO_ACTION,0
0.8615384615384616,0.8888888888888888,1997.23,CARD,KOTAK,BANK_TIMEOUT,13,SEND_REMINDER,1
0.8307692307692308,0.5454545454545454,4152.62,NETBANKING,SBI,AUTHENTICATION_FAILED,12,SEND_REMINDER,0
0.6595744680851063,0.0,9739.9,WALLET,HDFC,NETWORK_ERROR,17,RETRY_NOW,0
0.4482758620689655,0.4375,6344.2,UPI,YESBANK,CARD_EXPIRED,15,RETRY_NOW,0
0.6779661016949152,0.8421052631578947,9004.69,NETBANKING,KOTAK,INSUFFICIENT_FUNDS,13,RETRY_NOW,0
0.7,0.13333333333333333,8473.63,WALLET,YESBANK,BANK_TIMEOUT,11,SEND_REMINDER,0
0.6410256410256411,0.14285714285714285,2295.71,UPI,KOTAK,BANK_TIMEOUT,22,NO_ACTION,0
0.5,0.6363636363636364,9454.9,CARD,ICICI,BANK_TIMEOUT,23,RETRY_NOW,1
0.8518518518518519,0.0,5729.5,UPI,HDFC,CARD_EXPIRED,21,RETRY_LATER,0
0.859375,0.6666666666666666,9194.35,UPI,KOTAK,INSUFFICIENT_FUNDS,6,RETRY_NOW,0
0.8809523809523809,0.4,5676.9,UPI,KOTAK,AUTHENTICATION_FAILED,23,SEND_REMINDER,0
0.8253968253968254,1.0,4353.93,UPI,YESBANK,CARD_EXPIRED,4,RETRY_NOW,0
0.8591549295774648,0.4,4804.87,WALLET,HDFC,INSUFFICIENT_FUNDS,15,RETRY_LATER,1
0.9113924050632911,0.7142857142857143,2619.1,UPI,KOTAK,AUTHENTICATION_FAILED,17,RETRY_NOW,1
0.6226415094339622,0.85,2262.47,NETBANKING,KOTAK,CARD_EXPIRED,4,RETRY_LATER,0
0.8333333333333334,0.09090909090909091,8709.96,CARD,KOTAK,CARD_EXPIRED,13,RETRY_NOW,0
0.8085106382978723,0.5555555555555556,3481.48,CARD,AXIS,AUTHENTICATION_FAILED,8,NO_ACTION,0
0.7285714285714285,0.7894736842105263,4366.29,NETBANKING,AXIS,LIMIT_EXCEEDED,17,RETRY_NOW,0
0.6590909090909091,0.3333333333333333,1986.51,CARD,KOTAK,INSUFFICIENT_FUNDS,7,RETRY_NOW,0
0.9010989010989011,0.8888888888888888,3712.75,WALLET,ICICI,CARD_EXPIRED,8,NO_ACTION,0
0.8676470588235294,0.8888888888888888,8360.31,NETBANKING,AXIS,INSUFFICIENT_FUNDS,16,SEND_REMINDER,1
0.5609756097560976,0.7777777777777778,3711.56,CARD,AXIS,CARD_EXPIRED,13,NO_ACTION,0
0.45454545454545453,0.0,6612.09,CARD,ICICI,CARD_EXPIRED,17,NO_ACTION,0
0.7777777777777778,0.8333333333333334,5059.9,NETBANKING,KOTAK,LIMIT_EXCEEDED,22,SEND_REMINDER,1
0.5277777777777778,0.6470588235294118,9309.28,WALLET,YESBANK,NETWORK_ERROR,8,NO_ACTION,0
0.7285714285714285,1.0,5611.0,UPI,AXIS,NETWORK_ERROR,1,RETRY_NOW,1
0.6938775510204082,0.06666666666666667,1140.95,CARD,AXIS,AUTHENTICATION_FAILED,8,NO_ACTION,0
1.0,0.0,8914.6,UPI,SBI,AUTHENTICATION_FAILED,1,NO_ACTION,0
0.7027027027027027,0.5454545454545454,177.19,WALLET,KOTAK,LIMIT_EXCEEDED,17,NO_ACTION,0
0.9594594594594594,0.0,4634.59,WALLET,KOTAK,INSUFFICIENT_FUNDS,20,RETRY_LATER,0
0.8615384615384616,0.8888888888888888,1705.89,UPI,HDFC,NETWORK_ERROR,23,RETRY_LATER,0
0.8303571428571429,0.3684210526315789,2968.35,CARD,SBI,NETWORK_ERROR,17,RETRY_NOW,1
0.7192982456140351,0.3125,2522.43,NETBANKING,SBI,NETWORK_ERROR,9,RETRY_NOW,1
0.47058823529411764,0.7777777777777778,8839.63,NETBANKING,ICICI,LIMIT_EXCEEDED,22,RETRY_NOW,0
0.8409090909090909,1.0,1312.87,WALLET,ICICI,LIMIT_EXCEEDED,16,SEND_REMINDER,0
0.8589743589743589,0.45454545454545453,600.05,WALLET,HDFC,CARD_EXPIRED,13,RETRY_LATER,0
0.978021978021978,0.0,6022.32,UPI,SBI,BANK_TIMEOUT,2,SEND_REMINDER,1
0.9326923076923077,0.7142857142857143,3543.76,NETBANKING,SBI,CARD_EXPIRED,16,SEND_REMINDER,1
0.75,1.0,7087.64,UPI,AXIS,LIMIT_EXCEEDED,20,NO_ACTION,0
0.8148148148148148,0.2,4767.88,NETBANKING,YESBANK,LIMIT_EXCEEDED,17,RETRY_LATER,1
1.0,0.0,352.65,NETBANKING,YESBANK,LIMIT_EXCEEDED,6,SEND_REMINDER,0
1.0,0.0,9946.2,WALLET,KOTAK,LIMIT_EXCEEDED,12,SEND_REMINDER,1
0.42857142857142855,0.16666666666666666,7282.8,WALLET,HDFC,LIMIT_EXCEEDED,13,RETRY_NOW,0
0.8936170212765957,0.1,3352.99,UPI,YESBANK,NETWORK_ERROR,16,RETRY_NOW,0
0.9263157894736842,0.42857142857142855,2106.77,CARD,YESBANK,CARD_EXPIRED,8,RETRY_NOW,0
0.85,0.5555555555555556,1779.6,NETBANKING,AXIS,AUTHENTICATION_FAILED,2,SEND_REMINDER,1
0.6904761904761905,0.6153846153846154,7124.48,UPI,SBI,BANK_TIMEOUT,23,RETRY_LATER,1
0.970873786407767,1.0,9733.15,NETBANKING,YESBANK,INSUFFICIENT_FUNDS,15,NO_ACTION,0
0.8837209302325582,0.2,6199.96,WALLET,AXIS,BANK_TIMEOUT,19,RETRY_NOW,0
0.8613861386138614,0.5,8984.42,CARD,ICICI,NETWORK_ERROR,18,NO_ACTION,0
0.7741935483870968,0.35714285714285715,7600.43,UPI,AXIS,CARD_EXPIRED,11,RETRY_LATER,0
0.972972972972973,0.0,6211.5,UPI,ICICI,AUTHENTICATION_FAILED,13,RETRY_LATER,0
0.9038461538461539,0.7,6578.04,CARD,YESBANK,NETWORK_ERROR,16,NO_ACTION,0
0.8064516129032258,0.6666666666666666,1413.77,CARD,SBI,CARD_EXPIRED,18,RETRY_LATER,1
0.6724137931034483,0.7894736842105263,660.15,WALLET,AXIS,LIMIT_EXCEEDED,10,SEND_REMINDER,1
0.95,0.0,1043.49,UPI,ICICI,LIMIT_EXCEEDED,16,SEND_REMINDER,0
0.3,0.9285714285714286,8029.42,WALLET,YESBANK,NETWORK_ERROR,3,SEND_REMINDER,1
0.5238095238095238,0.55,8614.65,UPI,HDFC,LIMIT_EXCEEDED,11,RETRY_NOW,0
0.5294117647058824,0.75,8784.29,UPI,SBI,BANK_TIMEOUT,18,SEND_REMINDER,0
0.5,0.3888888888888889,8026.5,CARD,ICICI,AUTHENTICATION_FAILED,18,RETRY_LATER,1
0.967741935483871,1.0,6737.12,UPI,SBI,INSUFFICIENT_FUNDS,2,NO_ACTION,0
0.8571428571428571,0.7142857142857143,9948.97,WALLET,SBI,BANK_TIMEOUT,10,RETRY_LATER,0
0.85,0.5555555555555556,6172.29,UPI,YESBANK,INSUFFICIENT_FUNDS,10,RETRY_LATER,1
0.9166666666666666,1.0,7972.89,WALLET,KOTAK,NETWORK_ERROR,14,RETRY_NOW,1
0.7764705882352941,0.3684210526315789,4793.02,UPI,AXIS,LIMIT_EXCEEDED,16,NO_ACTION,0
0.8153846153846154,0.9166666666666666,1919.64,WALLET,ICICI,AUTHENTICATION_FAILED,8,SEND_REMINDER,0
0.6444444444444445,0.625,5148.76,NETBANKING,ICICI,BANK_TIMEOUT,2,RETRY_LATER,0
0.9795918367346939,0.5,5541.3,CARD,YESBANK,CARD_EXPIRED,17,SEND_REMINDER,0
0.8571428571428571,0.4,3045.2,CARD,SBI,LIMIT_EXCEEDED,22,NO_ACTION,0
0.8695652173913043,0.08333333333333333,499.98,NETBANKING,ICICI,LIMIT_EXCEEDED,8,RETRY_LATER,0
0.7346938775510204,0.07692307692307693,7087.9,WALLET,HDFC,AUTHENTICATION_FAILED,6,NO_ACTION,0
0.9777777777777777,1.0,3160.49,WALLET,YESBANK,NETWORK_ERROR,5,RETRY_NOW,1
0.9333333333333333,0.5,5558.0,CARD,YESBANK,INSUFFICIENT_FUNDS,7,SEND_REMINDER,1
0.9294117647058824,0.6666666666666666,9707.61,NETBANKING,AXIS,INSUFFICIENT_FUNDS,17,RETRY_LATER,0
0.8469387755102041,0.5333333333333333,3741.88,CARD,SBI,AUTHENTICATION_FAILED,13,RETRY_NOW,1
0.5294117647058824,0.75,5696.68,NETBANKING,KOTAK,BANK_TIMEOUT,8,NO_ACTION,0
0.8163265306122449,0.05555555555555555,6920.9,CARD,AXIS,LIMIT_EXCEEDED,15,RETRY_NOW,0
0.7407407407407407,0.42857142857142855,1098.46,CARD,SBI,INSUFFICIENT_FUNDS,21,SEND_REMINDER,1
0.8421052631578947,0.6666666666666666,7397.81,CARD,AXIS,BANK_TIMEOUT,18,NO_ACTION,0
0.9325842696629213,1.0,702.69,WALLET,AXIS,INSUFFICIENT_FUNDS,17,RETRY_NOW,1
0.9347826086956522,1.0,4697.48,WALLET,KOTAK,BANK_TIMEOUT,5,RETRY_NOW,0
0.7142857142857143,0.0,9462.17,CARD,ICICI,CARD_EXPIRED,11,RETRY_NOW,0
0.970873786407767,1.0,9733.15,NETBANKING,YESBANK,INSUFFICIENT_FUNDS,15,RETRY_LATER,1
0.75,1.0,1644.18,NETBANKING,HDFC,AUTHENTICATION_FAILED,2,SEND_REMINDER,1
0.9607843137254902,0.5,2725.13,NETBANKING,AXIS,LIMIT_EXCEEDED,9,SEND_REMINDER,1
0.7906976744186046,0.5555555555555556,4626.01,WALLET,ICICI,LIMIT_EXCEEDED,4,RETRY_NOW,0
0.8269230769230769,0.6111111111111112,9896.19,CARD,KOTAK,CARD_EXPIRED,7,NO_ACTION,0
0.6363636363636364,1.0,1167.68,WALLET,SBI,NETWORK_ERROR,22,RETRY_LATER,1
0.6851851851851852,0.7058823529411765,2894.19,CARD,YESBANK,BANK_TIMEOUT,18,RETRY_NOW,0
0.9636363636363636,0.0,644.6,CARD,ICICI,NETWORK_ERROR,5,RETRY_NOW,1
0.9629629629629629,0.6666666666666666,9311.21,CARD,HDFC,AUTHENTICATION_FAILED,14,RETRY_NOW,0
0.5294117647058824,0.75,9921.59,CARD,YESBANK,INSUFFICIENT_FUNDS,15,NO_ACTION,0
0.3076923076923077,0.4444444444444444,4948.74,CARD,ICICI,AUTHENTICATION_FAILED,11,SEND_REMINDER,0
0.9178082191780822,0.8333333333333334,6136.49,UPI,YESBANK,NETWORK_ERROR,1,SEND_REMINDER,0
0.7605633802816901,0.0,4533.12,UPI,HDFC,NETWORK_ERROR,13,RETRY_LATER,1
0.8877551020408163,1.0,9654.05,WALLET,HDFC,INSUFFICIENT_FUNDS,6,NO_ACTION,0
0.7666666666666667,0.5714285714285714,2089.2,UPI,ICICI,CARD_EXPIRED,1,RETRY_NOW,0
0.7402597402597403,0.35,7435.02,CARD,SBI,AUTHENTICATION_FAILED,2,NO_ACTION,0
0.6382978723404256,0.058823529411764705,1667.02,WALLET,AXIS,CARD_EXPIRED,23,RETRY_LATER,0
0.94,1.0,1306.9,WALLET,ICICI,BANK_TIMEOUT,22,NO_ACTION,0
0.6851851851851852,0.7058823529411765,2894.19,CARD,YESBANK,BANK_TIMEOUT,18,SEND_REMINDER,0
0.8,0.9,6376.82,UPI,AXIS,LIMIT_EXCEEDED,13,RETRY_LATER,0
0.8709677419354839,0.625,4777.57,CARD,KOTAK,CARD_EXPIRED,14,SEND_REMINDER,1
0.7971014492753623,0.7857142857142857,9229.75,CARD,AXIS,CARD_EXPIRED,4,RETRY_NOW,0
0.9032258064516129,1.0,8970.48,UPI,ICICI,LIMIT_EXCEEDED,11,SEND_REMINDER,0
0.45454545454545453,0.8333333333333334,8479.38,CARD,ICICI,BANK_TIMEOUT,13,SEND_REMINDER,0
0.8095238095238095,0.5,6783.69,UPI,HDFC,BANK_TIMEOUT,17,NO_ACTION,0
0.34615384615384615,0.5882352941176471,3339.38,WALLET,ICICI,NETWORK_ERROR,20,SEND_REMINDER,0
0.6956521739130435,0.2857142857142857,6285.61,NETBANKING,ICICI,BANK_TIMEOUT,9,NO_ACTION,0
0.803921568627451,1.0,699.87,UPI,SBI,BANK_TIMEOUT,2,NO_ACTION,0
0.8854166666666666,0.6363636363636364,284.59,WALLET,AXIS,NETWORK_ERROR,19,RETRY_LATER,1
0.6976744186046512,0.07692307692307693,7511.87,UPI,ICICI,NETWORK_ERROR,0,NO_ACTION,0
0.9885057471264368,1.0,2942.97,CARD,ICICI,CARD_EXPIRED,11,RETRY_NOW,0
0.3,0.5714285714285714,866.17,UPI,HDFC,INSUFFICIENT_FUNDS,22,RETRY_LATER,0
0.8135593220338984,0.0,4341.88,UPI,HDFC,BANK_TIMEOUT,5,SEND_REMINDER,0
0.9787234042553191,0.5,2501.72,NETBANKING,ICICI,BANK_TIMEOUT,16,RETRY_NOW,0
0.822429906542056,0.47368421052631576,9171.6,CARD,ICICI,NETWORK_ERROR,14,RETRY_NOW,0
0.8061224489795918,0.7368421052631579,6474.96,UPI,ICICI,CARD_EXPIRED,2,RETRY_NOW,1
0.9411764705882353,0.0,6986.56,WALLET,AXIS,CARD_EXPIRED,12,RETRY_NOW,0
0.9294117647058824,0.6666666666666666,9707.61,NETBANKING,AXIS,INSUFFICIENT_FUNDS,17,NO_ACTION,0
0.6052631578947368,0.2,4634.92,WALLET,SBI,INSUFFICIENT_FUNDS,21,RETRY_NOW,0
1.0,0.0,3697.9,UPI,SBI,LIMIT_EXCEEDED,23,RETRY_LATER,0
0.7590361445783133,0.1,5097.8,WALLET,SBI,INSUFFICIENT_FUNDS,5,RETRY_NOW,0
0.703125,0.0,2724.93,NETBANKING,HDFC,CARD_EXPIRED,3,NO_ACTION,0
0.8482142857142857,0.17647058823529413,2181.44,NETBANKING,YESBANK,NETWORK_ERROR,6,NO_ACTION,0
0.782608695652174,0.15,6256.88,WALLET,ICICI,INSUFFICIENT_FUNDS,4,RETRY_NOW,0
0.7654320987654321,0.7368421052631579,5202.76,WALLET,YESBANK,INSUFFICIENT_FUNDS,2,RETRY_LATER,0
0.8133333333333334,0.9285714285714286,616.85,WALLET,ICICI,NETWORK_ERROR,1,RETRY_LATER,0
0.9761904761904762,1.0,5615.68,UPI,ICICI,AUTHENTICATION_FAILED,22,SEND_REMINDER,1
0.8490566037735849,0.9375,6966.19,NETBANKING,SBI,BANK_TIMEOUT,8,NO_ACTION,0
0.9428571428571428,0.0,1422.18,CARD,ICICI,AUTHENTICATION_FAILED,20,RETRY_NOW,0
0.8235294117647058,0.2777777777777778,3698.18,CARD,KOTAK,AUTHENTICATION_FAILED,2,SEND_REMINDER,0
0.4090909090909091,0.5384615384615384,9739.44,WALLET,SBI,AUTHENTICATION_FAILED,21,SEND_REMINDER,1
0.8375,0.3076923076923077,2150.15,CARD,HDFC,LIMIT_EXCEEDED,15,RETRY_LATER,1
0.8172043010752689,0.23529411764705882,9547.75,WALLET,YESBANK,AUTHENTICATION_FAILED,4,RETRY_LATER,0
0.8928571428571429,0.6666666666666666,5289.15,NETBANKING,YESBANK,CARD_EXPIRED,15,SEND_REMINDER,0
0.3,0.8571428571428571,135.53,WALLET,HDFC,NETWORK_ERROR,10,NO_ACTION,0
0.8555555555555555,1.0,5121.72,WALLET,AXIS,INSUFFICIENT_FUNDS,12,NO_ACTION,0
0.8103448275862069,0.7272727272727273,8145.51,UPI,YESBANK,LIMIT_EXCEEDED,13,NO_ACTION,0
0.8877551020408163,1.0,9538.22,WALLET,ICICI,BANK_TIMEOUT,8,RETRY_LATER,0
0.7241379310344828,0.625,6746.7,UPI,YESBANK,BANK_TIMEOUT,7,NO_ACTION,0
0.7169811320754716,0.06666666666666667,9346.9,UPI,ICICI,INSUFFICIENT_FUNDS,4,NO_ACTION,0
0.8064516129032258,0.6666666666666666,9320.19,UPI,ICICI,INSUFFICIENT_FUNDS,16,RETRY_NOW,0
0.94,0.16666666666666666,1092.24,UPI,KOTAK,CARD_EXPIRED,5,SEND_REMINDER,1
0.8431372549019608,0.0,2820.51,CARD,YESBANK,NETWORK_ERROR,19,RETRY_LATER,0
0.9594594594594594,0.0,615.32,CARD,ICICI,NETWORK_ERROR,13,RETRY_LATER,0
0.7169811320754716,0.06666666666666667,7822.03,WALLET,HDFC,CARD_EXPIRED,14,RETRY_NOW,0
0.8285714285714286,0.5,4005.75,NETBANKING,HDFC,BANK_TIMEOUT,0,NO_ACTION,0
0.9078947368421053,1.0,1082.02,WALLET,AXIS,AUTHENTICATION_FAILED,8,NO_ACTION,0
0.7763157894736842,0.29411764705882354,2380.35,NETBANKING,YESBANK,BANK_TIMEOUT,22,RETRY_NOW,0
0.872093023255814,0.09090909090909091,7016.21,UPI,SBI,INSUFFICIENT_FUNDS,4,NO_ACTION,0
0.9010989010989011,0.8888888888888888,3712.75,WALLET,ICICI,CARD_EXPIRED,8,RETRY_LATER,0
0.6724137931034483,0.10526315789473684,4926.95,WALLET,ICICI,NETWORK_ERROR,6,RETRY_LATER,1
0.9583333333333334,0.0,6237.54,WALLET,SBI,LIMIT_EXCEEDED,16,RETRY_LATER,0
0.42857142857142855,0.5625,3266.6,CARD,YESBANK,NETWORK_ERROR,14,SEND_REMINDER,0
0.9629629629629629,0.6666666666666666,4590.94,WALLET,AXIS,NETWORK_ERROR,8,RETRY_LATER,1
0.8783783783783784,0.0,5916.01,CARD,SBI,INSUFFICIENT_FUNDS,23,RETRY_LATER,1
0.979381443298969,0.5,4128.06,WALLET,SBI,NETWORK_ERROR,3,SEND_REMINDER,0
0.6666666666666666,0.0,941.49,WALLET,HDFC,NETWORK_ERROR,0,RETRY_NOW,1
0.75,0.6,4359.32,CARD,YESBANK,NETWORK_ERROR,2,NO_ACTION,0
0.9375,0.0,4885.65,NETBANKING,AXIS,BANK_TIMEOUT,18,RETRY_LATER,1
0.6595744680851063,0.0,7440.18,CARD,HDFC,INSUFFICIENT_FUNDS,3,SEND_REMINDER,0
0.8823529411764706,0.0,8780.17,UPI,YESBANK,CARD_EXPIRED,1,RETRY_LATER,0
0.8181818181818182,0.4166666666666667,9012.72,UPI,YESBANK,BANK_TIMEOUT,17,RETRY_LATER,1
0.8,0.9,4717.02,UPI,YESBANK,BANK_TIMEOUT,4,SEND_REMINDER,1
0.9333333333333333,0.5,942.22,UPI,AXIS,LIMIT_EXCEEDED,13,RETRY_NOW,0
0.8653846153846154,0.5714285714285714,5710.54,UPI,YESBANK,BANK_TIMEOUT,19,SEND_REMINDER,0
0.8434782608695652,0.5,8305.33,WALLET,AXIS,AUTHENTICATION_FAILED,22,RETRY_LATER,0
0.7872340425531915,0.55,1544.82,CARD,AXIS,NETWORK_ERROR,12,RETRY_NOW,0
0.8888888888888888,0.25,5437.06,CARD,ICICI,CARD_EXPIRED,11,NO_ACTION,0
0.859375,0.6666666666666666,4266.54,WALLET,ICICI,BANK_TIMEOUT,17,NO_ACTION,0
0.9090909090909091,0.5,6774.99,UPI,SBI,LIMIT_EXCEEDED,17,RETRY_LATER,0
1.0,0.0,8258.12,WALLET,SBI,AUTHENTICATION_FAILED,9,RETRY_LATER,0
0.8653846153846154,0.0,3515.74,WALLET,AXIS,AUTHENTICATION_FAILED,5,SEND_REMINDER,1
0.9428571428571428,0.16666666666666666,6071.01,CARD,YESBANK,LIMIT_EXCEEDED,6,RETRY_LATER,0
0.47619047619047616,0.09090909090909091,2788.26,WALLET,AXIS,NETWORK_ERROR,21,SEND_REMINDER,1
0.8909090909090909,0.25,7871.87,CARD,KOTAK,NETWORK_ERROR,10,RETRY_NOW,0
0.9508196721311475,0.0,2027.15,CARD,HDFC,LIMIT_EXCEEDED,4,RETRY_LATER,0
0.92,1.0,5757.83,NETBANKING,KOTAK,NETWORK_ERROR,20,NO_ACTION,0
0.7727272727272727,0.6,8674.55,CARD,AXIS,LIMIT_EXCEEDED,21,SEND_REMINDER,0
1.0,0.0,4559.6,WALLET,AXIS,LIMIT_EXCEEDED,23,SEND_REMINDER,1
0.7681159420289855,0.4375,5532.36,WALLET,ICICI,CARD_EXPIRED,14,NO_ACTION,0
0.9333333333333333,0.5,7915.12,WALLET,ICICI,INSUFFICIENT_FUNDS,13,RETRY_NOW,0
0.828125,1.0,6940.53,UPI,HDFC,AUTHENTICATION_FAILED,5,RETRY_NOW,1
0.9340659340659341,0.3333333333333333,8157.48,NETBANKING,AXIS,CARD_EXPIRED,7,NO_ACTION,0
0.9204545454545454,0.14285714285714285,5497.41,NETBANKING,YESBANK,BANK_TIMEOUT,0,RETRY_NOW,1
0.8208955223880597,0.5,305.04,UPI,SBI,AUTHENTICATION_FAILED,10,RETRY_NOW,0
0.9375,0.5,5045.09,WALLET,KOTAK,AUTHENTICATION_FAILED,6,SEND_REMINDER,1
0.7619047619047619,0.35,7246.76,UPI,KOTAK,BANK_TIMEOUT,6,NO_ACTION,0
1.0,0.0,1366.31,UPI,HDFC,AUTHENTICATION_FAILED,8,NO_ACTION,0
0.8,1.0,3250.91,NETBANKING,KOTAK,NETWORK_ERROR,19,RETRY_NOW,0
0.8076923076923077,0.8,8630.03,WALLET,YESBANK,BANK_TIMEOUT,12,RETRY_LATER,1
0.9263157894736842,0.42857142857142855,5632.48,NETBANKING,YESBANK,CARD_EXPIRED,21,NO_ACTION,0
0.6779661016949152,0.8421052631578947,9004.69,NETBANKING,KOTAK,INSUFFICIENT_FUNDS,13,RETRY_LATER,0
0.8771929824561403,0.7857142857142857,3629.92,WALLET,HDFC,AUTHENTICATION_FAILED,9,SEND_REMINDER,1
0.9827586206896551,0.0,4964.33,WALLET,SBI,AUTHENTICATION_FAILED,2,RETRY_NOW,1
0.9761904761904762,1.0,9456.89,WALLET,AXIS,LIMIT_EXCEEDED,2,SEND_REMINDER,0
0.71875,0.1111111111111111,4047.51,WALLET,SBI,INSUFFICIENT_FUNDS,21,NO_ACTION,0
0.6274509803921569,0.5263157894736842,6981.56,NETBANKING,ICICI,CARD_EXPIRED,11,NO_ACTION,0
0.55,0.3333333333333333,4872.28,WALLET,YESBANK,LIMIT_EXCEEDED,17,NO_ACTION,0
0.7681159420289855,0.4375,3213.33,NETBANKING,KOTAK,CARD_EXPIRED,12,SEND_REMINDER,1
0.6808510638297872,0.3333333333333333,7143.87,WALLET,ICICI,LIMIT_EXCEEDED,6,NO_ACTION,0
0.5294117647058824,0.75,9062.92,UPI,SBI,BANK_TIMEOUT,22,RETRY_LATER,1
0.65,0.7857142857142857,8525.74,NETBANKING,KOTAK,NETWORK_ERROR,5,NO_ACTION,0
0.525,0.631578947368421,3605.56,CARD,AXIS,INSUFFICIENT_FUNDS,23,RETRY_LATER,0
0.75,1.0,8338.43,WALLET,ICICI,CARD_EXPIRED,1,RETRY_LATER,0
0.6071428571428571,0.5454545454545454,8436.09,NETBANKING,ICICI,NETWORK_ERROR,6,NO_ACTION,0
0.9213483146067416,1.0,6176.92,NETBANKING,HDFC,AUTHENTICATION_FAILED,10,SEND_REMINDER,1
0.8571428571428571,0.0,1238.19,NETBANKING,HDFC,AUTHENTICATION_FAILED,22,RETRY_NOW,0
0.875,0.8,9797.3,NETBANKING,YESBANK,NETWORK_ERROR,3,RETRY_NOW,1
0.40625,0.21052631578947367,2719.38,UPI,AXIS,BANK_TIMEOUT,21,RETRY_NOW,1
0.25925925925925924,0.8,288.51,CARD,YESBANK,INSUFFICIENT_FUNDS,21,SEND_REMINDER,1
0.9333333333333333,0.5,4038.87,WALLET,KOTAK,CARD_EXPIRED,1,RETRY_NOW,0
0.8888888888888888,0.3333333333333333,152.6,CARD,SBI,AUTHENTICATION_FAILED,10,RETRY_LATER,0
0.978021978021978,0.0,2983.5,CARD,AXIS,CARD_EXPIRED,6,NO_ACTION,0
0.8762886597938144,0.0,7427.13,UPI,YESBANK,LIMIT_EXCEEDED,17,RETRY_NOW,0
0.574468085106383,0.2,1925.89,CARD,YESBANK,CARD_EXPIRED,11,NO_ACTION,0
0.9117647058823529,0.0,2103.58,NETBANKING,ICICI,CARD_EXPIRED,2,RETRY_NOW,0
0.9,0.3333333333333333,1931.83,CARD,SBI,CARD_EXPIRED,11,NO_ACTION,0
0.9636363636363636,0.0,9739.28,WALLET,ICICI,BANK_TIMEOUT,20,RETRY_NOW,0
0.9680851063829787,0.6666666666666666,2182.23,UPI,AXIS,INSUFFICIENT_FUNDS,5,NO_ACTION,0
0.8695652173913043,0.08333333333333333,1516.34,NETBANKING,KOTAK,NETWORK_ERROR,10,RETRY_LATER,0
0.7681159420289855,0.4375,6163.11,NETBANKING,KOTAK,NETWORK_ERROR,1,NO_ACTION,0
0.8392857142857143,0.2222222222222222,4127.08,WALLET,SBI,INSUFFICIENT_FUNDS,16,RETRY_LATER,0
0.7027027027027027,0.5454545454545454,1999.88,UPI,KOTAK,NETWORK_ERROR,11,RETRY_NOW,1
0.9210526315789473,1.0,6794.21,NETBANKING,AXIS,CARD_EXPIRED,8,RETRY_NOW,1
0.8478260869565217,0.21428571428571427,702.63,CARD,KOTAK,AUTHENTICATION_FAILED,23,NO_ACTION,0
0.7796610169491526,0.3076923076923077,458.32,WALLET,KOTAK,CARD_EXPIRED,16,SEND_REMINDER,1
0.8850574712643678,0.2,5868.49,WALLET,KOTAK,NETWORK_ERROR,7,NO_ACTION,0
0.8333333333333334,0.9,3487.0,WALLET,SBI,NETWORK_ERROR,7,NO_ACTION,0
0.8620689655172413,0.75,7277.51,WALLET,SBI,LIMIT_EXCEEDED,20,SEND_REMINDER,0
0.9382716049382716,0.8,4852.68,UPI,HDFC,INSUFFICIENT_FUNDS,5,SEND_REMINDER,1
0.9777777777777777,1.0,3160.49,WALLET,YESBANK,NETWORK_ERROR,5,SEND_REMINDER,1
0.5609756097560976,0.7777777777777778,3711.56,CARD,AXIS,CARD_EXPIRED,13,RETRY_NOW,1
0.9204545454545454,0.14285714285714285,7800.96,NETBANKING,HDFC,LIMIT_EXCEEDED,16,NO_ACTION,0
0.9183673469387755,0.75,5270.19,CARD,KOTAK,BANK_TIMEOUT,16,RETRY_LATER,1
0.4594594594594595,0.65,6441.02,CARD,HDFC,CARD_EXPIRED,2,RETRY_NOW,0
0.84,0.5,4788.72,NETBANKING,ICICI,BANK_TIMEOUT,8,SEND_REMINDER,0
0.7115384615384616,0.8,7297.35,NETBANKING,ICICI,NETWORK_ERROR,4,NO_ACTION,0
0.8181818181818182,0.16666666666666666,328.04,CARD,KOTAK,BANK_TIMEOUT,7,RETRY_LATER,0
0.7714285714285715,0.25,7175.41,WALLET,SBI,AUTHENTICATION_FAILED,6,RETRY_NOW,0
1.0,0.0,272.49,NETBANKING,YESBANK,LIMIT_EXCEEDED,11,SEND_REMINDER,0
0.6122448979591837,0.5263157894736842,4150.0,NETBANKING,YESBANK,LIMIT_EXCEEDED,10,NO_ACTION,0
0.6851851851851852,0.7058823529411765,2894.19,CARD,YESBANK,BANK_TIMEOUT,18,RETRY_LATER,1
0.86,0.21428571428571427,8793.07,NETBANKING,YESBANK,LIMIT_EXCEEDED,16,RETRY_NOW,0
0.8653846153846154,0.0,7616.0,WALLET,YESBANK,CARD_EXPIRED,22,RETRY_NOW,0
0.8387096774193549,0.7333333333333333,5089.6,UPI,HDFC,CARD_EXPIRED,17,RETRY_LATER,1
0.48,0.38461538461538464,7632.42,WALLET,SBI,LIMIT_EXCEEDED,6,RETRY_LATER,1
0.7647058823529411,0.125,407.65,CARD,SBI,INSUFFICIENT_FUNDS,5,SEND_REMINDER,1
0.9326923076923077,0.7142857142857143,8142.47,WALLET,KOTAK,BANK_TIMEOUT,2,NO_ACTION,0
0.4375,0.9444444444444444,766.95,UPI,HDFC,NETWORK_ERROR,5,RETRY_NOW,0
0.7,0.5,6376.97,CARD,KOTAK,AUTHENTICATION_FAILED,16,SEND_REMINDER,0
0.9347826086956522,1.0,974.92,CARD,ICICI,LIMIT_EXCEEDED,0,NO_ACTION,0
0.7333333333333333,1.0,2310.02,CARD,SBI,INSUFFICIENT_FUNDS,22,RETRY_NOW,0
0.8947368421052632,1.0,1694.47,CARD,ICICI,LIMIT_EXCEEDED,2,RETRY_LATER,1
0.7746478873239436,0.5625,2175.82,UPI,SBI,INSUFFICIENT_FUNDS,12,NO_ACTION,0
0.6590909090909091,0.3333333333333333,8821.59,NETBANKING,YESBANK,LIMIT_EXCEEDED,0,NO_ACTION,0
0.9848484848484849,0.0,1104.13,NETBANKING,YESBANK,BANK_TIMEOUT,21,NO_ACTION,0
0.725,0.5454545454545454,168.35,UPI,AXIS,AUTHENTICATION_FAILED,14,NO_ACTION,0
0.8514851485148515,0.13333333333333333,4353.9,WALLET,SBI,NETWORK_ERROR,9,NO_ACTION,0
0.8804347826086957,0.0,1465.42,UPI,ICICI,BANK_TIMEOUT,4,RETRY_LATER,1
0.8421052631578947,0.0,7145.06,WALLET,ICICI,INSUFFICIENT_FUNDS,12,RETRY_LATER,0
0.7654320987654321,0.7368421052631579,6543.41,UPI,SBI,NETWORK_ERROR,2,NO_ACTION,0
0.7346938775510204,0.07692307692307693,238.03,NETBANKING,YESBANK,NETWORK_ERROR,15,SEND_REMINDER,0
0.5641025641025641,0.0,7519.84,UPI,HDFC,INSUFFICIENT_FUNDS,2,RETRY_LATER,0
0.7534246575342466,0.4444444444444444,2865.12,CARD,SBI,BANK_TIMEOUT,19,RETRY_LATER,1
0.43333333333333335,0.5294117647058824,335.91,NETBANKING,YESBANK,LIMIT_EXCEEDED,10,RETRY_NOW,0
0.9880952380952381,0.0,9006.37,NETBANKING,ICICI,LIMIT_EXCEEDED,20,RETRY_NOW,0
0.8507462686567164,0.7,2371.31,UPI,YESBANK,LIMIT_EXCEEDED,1,SEND_REMINDER,0
0.9,0.2,4609.48,NETBANKING,KOTAK,CARD_EXPIRED,11,NO_ACTION,0
0.8387096774193549,0.7333333333333333,9747.38,CARD,ICICI,BANK_TIMEOUT,3,NO_ACTION,0
0.74,0.5384615384615384,837.81,UPI,ICICI,LIMIT_EXCEEDED,4,SEND_REMINDER,0
0.9078947368421053,1.0,2678.5,WALLET,AXIS,NETWORK_ERROR,13,RETRY_NOW,0
0.9848484848484849,0.0,9300.66,WALLET,AXIS,INSUFFICIENT_FUNDS,11,NO_ACTION,0
0.7956989247311828,0.7894736842105263,9754.09,CARD,AXIS,INSUFFICIENT_FUNDS,10,SEND_REMINDER,1
0.94,0.16666666666666666,6337.92,CARD,HDFC,BANK_TIMEOUT,11,SEND_REMINDER,0
0.5641025641025641,0.0,1708.69,UPI,KOTAK,NETWORK_ERROR,8,RETRY_LATER,1
0.8981481481481481,0.5454545454545454,8426.24,WALLET,ICICI,INSUFFICIENT_FUNDS,15,SEND_REMINDER,0
0.7407407407407407,0.42857142857142855,8077.41,WALLET,YESBANK,AUTHENTICATION_FAILED,4,NO_ACTION,0
0.3,0.9285714285714286,5547.0,NETBANKING,HDFC,AUTHENTICATION_FAILED,3,RETRY_NOW,1
0.7868852459016393,0.46153846153846156,5542.05,UPI,SBI,AUTHENTICATION_FAILED,5,RETRY_NOW,1
0.8481012658227848,0.0,9099.64,NETBANKING,AXIS,LIMIT_EXCEEDED,11,RETRY_NOW,0
0.7272727272727273,0.4166666666666667,1190.54,WALLET,YESBANK,NETWORK_ERROR,4,RETRY_LATER,0
0.6923076923076923,0.75,1980.49,CARD,YESBANK,INSUFFICIENT_FUNDS,4,SEND_REMINDER,1
0.6428571428571429,0.55,9880.19,WALLET,AXIS,AUTHENTICATION_FAILED,22,NO_ACTION,0
0.5384615384615384,0.6111111111111112,3362.77,NETBANKING,YESBANK,INSUFFICIENT_FUNDS,14,NO_ACTION,0
0.8653846153846154,0.5714285714285714,5710.54,UPI,YESBANK,BANK_TIMEOUT,19,RETRY_NOW,1
0.9,0.2,9894.27,NETBANKING,AXIS,INSUFFICIENT_FUNDS,0,SEND_REMINDER,0
0.9523809523809523,1.0,4422.85,CARD,SBI,CARD_EXPIRED,17,RETRY_LATER,0
0.8596491228070176,0.5625,3074.23,CARD,ICICI,BANK_TIMEOUT,2,SEND_REMINDER,0
0.8444444444444444,0.14285714285714285,3054.37,CARD,AXIS,NETWORK_ERROR,21,RETRY_NOW,1
0.5945945945945946,0.9333333333333333,1672.3,NETBANKING,SBI,BANK_TIMEOUT,16,RETRY_NOW,1
0.8804347826086957,0.0,1535.5,NETBANKING,ICICI,AUTHENTICATION_FAILED,0,NO_ACTION,0
0.7397260273972602,1.0,8654.23,WALLET,KOTAK,CARD_EXPIRED,12,SEND_REMINDER,1
0.8222222222222222,0.875,2779.22,UPI,HDFC,NETWORK_ERROR,9,RETRY_NOW,1
0.9340659340659341,0.3333333333333333,9517.56,UPI,KOTAK,NETWORK_ERROR,6,RETRY_NOW,1
0.7796610169491526,0.3076923076923077,3261.21,CARD,HDFC,INSUFFICIENT_FUNDS,21,RETRY_LATER,1
0.8508771929824561,0.8823529411764706,4840.28,WALLET,HDFC,AUTHENTICATION_FAILED,6,RETRY_NOW,0
0.8131868131868132,0.29411764705882354,4532.99,WALLET,ICICI,LIMIT_EXCEEDED,7,NO_ACTION,0
0.8823529411764706,0.75,349.58,CARD,HDFC,CARD_EXPIRED,5,RETRY_LATER,0
0.7,0.5555555555555556,2278.9,CARD,ICICI,CARD_EXPIRED,22,RETRY_LATER,0
0.8541666666666666,0.42857142857142855,8505.2,WALLET,SBI,LIMIT_EXCEEDED,9,SEND_REMINDER,0
0.4090909090909091,0.5384615384615384,7608.75,WALLET,HDFC,BANK_TIMEOUT,17,NO_ACTION,0
0.8888888888888888,0.875,3806.99,UPI,KOTAK,BANK_TIMEOUT,0,RETRY_NOW,0
0.7857142857142857,0.9166666666666666,2990.39,NETBANKING,AXIS,NETWORK_ERROR,6,SEND_REMINDER,0
0.4444444444444444,0.55,3856.11,NETBANKING,AXIS,BANK_TIMEOUT,7,RETRY_NOW,0
0.9803921568627451,0.0,6121.95,UPI,AXIS,INSUFFICIENT_FUNDS,4,RETRY_LATER,1
0.8955223880597015,0.0,8116.96,NETBANKING,YESBANK,CARD_EXPIRED,22,RETRY_LATER,0
0.9615384615384616,0.5,2164.72,WALLET,AXIS,NETWORK_ERROR,5,SEND_REMINDER,0
0.8571428571428571,0.0,7706.01,UPI,ICICI,LIMIT_EXCEEDED,23,RETRY_LATER,0
0.8850574712643678,0.2,7460.68,NETBANKING,KOTAK,LIMIT_EXCEEDED,20,RETRY_LATER,0
0.4444444444444444,0.55,7158.65,WALLET,YESBANK,INSUFFICIENT_FUNDS,11,SEND_REMINDER,1
0.9,1.0,3122.64,CARD,SBI,INSUFFICIENT_FUNDS,5,RETRY_NOW,1
0.9565217391304348,1.0,960.86,CARD,ICICI,CARD_EXPIRED,20,RETRY_NOW,1
0.5384615384615384,0.8333333333333334,3446.05,WALLET,ICICI,INSUFFICIENT_FUNDS,11,SEND_REMINDER,1
0.82,1.0,3413.25,WALLET,ICICI,INSUFFICIENT_FUNDS,9,RETRY_LATER,1
0.8615384615384616,0.8888888888888888,5686.35,WALLET,KOTAK,INSUFFICIENT_FUNDS,21,NO_ACTION,0
0.7692307692307693,1.0,618.14,UPI,SBI,INSUFFICIENT_FUNDS,13,RETRY_NOW,1
0.7931034482758621,0.8333333333333334,7543.86,CARD,HDFC,BANK_TIMEOUT,8,RETRY_NOW,1
0.6428571428571429,0.8,4357.49,UPI,YESBANK,BANK_TIMEOUT,2,RETRY_NOW,1
0.7397260273972602,1.0,3116.09,WALLET,SBI,INSUFFICIENT_FUNDS,5,RETRY_LATER,0
0.7701149425287356,0.05,6553.91,UPI,KOTAK,CARD_EXPIRED,22,SEND_REMINDER,1
0.5384615384615384,0.6111111111111112,2297.52,NETBANKING,SBI,BANK_TIMEOUT,19,RETRY_NOW,0
0.8571428571428571,0.0,7786.17,NETBANKING,AXIS,INSUFFICIENT_FUNDS,13,NO_ACTION,0
0.9195402298850575,0.2857142857142857,7910.23,CARD,ICICI,CARD_EXPIRED,14,RETRY_LATER,1
0.9310344827586207,0.75,8821.84,NETBANKING,YESBANK,NETWORK_ERROR,7,RETRY_LATER,1
0.927710843373494,0.8333333333333334,5945.7,NETBANKING,SBI,CARD_EXPIRED,12,RETRY_LATER,0
0.7402597402597403,0.95,9134.33,NETBANKING,HDFC,NETWORK_ERROR,19,SEND_REMINDER,1
0.6326530612244898,0.6666666666666666,2531.51,UPI,HDFC,BANK_TIMEOUT,19,NO_ACTION,0
0.7857142857142857,0.9166666666666666,6237.94,NETBANKING,HDFC,BANK_TIMEOUT,16,RETRY_LATER,1
0.8936170212765957,0.1,5510.88,WALLET,ICICI,CARD_EXPIRED,16,RETRY_NOW,0
0.9259259259259259,0.5,3507.85,CARD,YESBANK,CARD_EXPIRED,21,NO_ACTION,0
0.6774193548387096,0.4,3263.49,UPI,AXIS,AUTHENTICATION_FAILED,10,NO_ACTION,0
0.7777777777777778,0.8333333333333334,5059.9,NETBANKING,KOTAK,LIMIT_EXCEEDED,22,NO_ACTION,0
0.8823529411764706,0.0,2802.4,WALLET,SBI,LIMIT_EXCEEDED,12,RETRY_NOW,1
0.9801980198019802,0.0,6958.94,WALLET,YESBANK,AUTHENTICATION_FAILED,13,RETRY_NOW,0
0.7638888888888888,0.17647058823529413,6851.62,WALLET,HDFC,CARD_EXPIRED,23,SEND_REMINDER,0
0.8969072164948454,0.2,1247.61,UPI,HDFC,CARD_EXPIRED,8,RETRY_NOW,0
0.875,0.7142857142857143,4017.34,NETBANKING,YESBANK,AUTHENTICATION_FAILED,8,NO_ACTION,0
0.6904761904761905,0.07692307692307693,4273.72,WALLET,YESBANK,LIMIT_EXCEEDED,1,RETRY_LATER,0
0.859375,0.6666666666666666,7651.0,NETBANKING,KOTAK,CARD_EXPIRED,12,SEND_REMINDER,1
0.8247422680412371,1.0,1229.88,UPI,AXIS,CARD_EXPIRED,4,RETRY_NOW,1
0.7857142857142857,0.9166666666666666,6237.94,NETBANKING,HDFC,BANK_TIMEOUT,16,SEND_REMINDER,1
0.9444444444444444,0.2,3735.34,CARD,HDFC,BANK_TIMEOUT,1,RETRY_LATER,1
0.9210526315789473,1.0,1238.91,UPI,ICICI,BANK_TIMEOUT,12,RETRY_LATER,1
0.85,0.5555555555555556,7316.21,NETBANKING,KOTAK,LIMIT_EXCEEDED,21,RETRY_LATER,1
0.5263157894736842,1.0,9024.95,UPI,HDFC,AUTHENTICATION_FAILED,0,SEND_REMINDER,1
0.8076923076923077,0.8,841.78,UPI,YESBANK,LIMIT_EXCEEDED,22,NO_ACTION,0
0.8617021276595744,0.3076923076923077,2098.36,WALLET,HDFC,BANK_TIMEOUT,18,SEND_REMINDER,0
0.7142857142857143,0.25,1952.22,UPI,YESBANK,BANK_TIMEOUT,13,SEND_REMINDER,0
0.9636363636363636,0.0,2249.62,NETBANKING,ICICI,NETWORK_ERROR,5,RETRY_NOW,0
0.9333333333333333,0.16666666666666666,3117.66,WALLET,KOTAK,CARD_EXPIRED,17,NO_ACTION,0
0.5,0.09090909090909091,5080.86,UPI,ICICI,AUTHENTICATION_FAILED,17,RETRY_LATER,0
0.8615384615384616,0.8888888888888888,5203.28,NETBANKING,SBI,NETWORK_ERROR,19,SEND_REMINDER,1
0.9310344827586207,0.3333333333333333,3414.95,UPI,AXIS,CARD_EXPIRED,20,NO_ACTION,0
0.47058823529411764,1.0,6720.13,CARD,ICICI,INSUFFICIENT_FUNDS,23,SEND_REMINDER,1
0.9428571428571428,1.0,5177.91,CARD,AXIS,INSUFFICIENT_FUNDS,3,RETRY_LATER,0
0.625,0.0,5738.2,UPI,ICICI,INSUFFICIENT_FUNDS,14,SEND_REMINDER,1
0.2916666666666667,0.0,1225.96,WALLET,ICICI,INSUFFICIENT_FUNDS,4,SEND_REMINDER,1
0.8902439024390244,1.0,3501.66,UPI,ICICI,CARD_EXPIRED,17,SEND_REMINDER,0
0.8235294117647058,1.0,1415.98,UPI,YESBANK,LIMIT_EXCEEDED,7,RETRY_LATER,1
0.8214285714285714,0.8,1656.3,WALLET,SBI,INSUFFICIENT_FUNDS,4,RETRY_LATER,1
0.9879518072289156,0.0,5398.07,WALLET,HDFC,LIMIT_EXCEEDED,7,RETRY_NOW,0
0.7945205479452054,0.7333333333333333,9094.34,CARD,ICICI,AUTHENTICATION_FAILED,4,RETRY_LATER,0
0.5,0.09090909090909091,2033.46,WALLET,YESBANK,NETWORK_ERROR,11,RETRY_NOW,0
0.9186046511627907,0.2857142857142857,8756.69,NETBANKING,KOTAK,LIMIT_EXCEEDED,3,SEND_REMINDER,0
0.8365384615384616,0.7058823529411765,7993.59,NETBANKING,ICICI,AUTHENTICATION_FAILED,3,RETRY_LATER,1
0.6666666666666666,0.8,6889.82,UPI,YESBANK,NETWORK_ERROR,10,NO_ACTION,0
0.8222222222222222,0.875,9977.78,NETBANKING,HDFC,LIMIT_EXCEEDED,17,RETRY_NOW,1
0.9787234042553191,0.5,2501.72,NETBANKING,ICICI,BANK_TIMEOUT,16,SEND_REMINDER,1
0.8,1.0,6781.62,UPI,HDFC,BANK_TIMEOUT,11,RETRY_NOW,1
0.7419354838709677,0.3125,9013.67,UPI,HDFC,NETWORK_ERROR,19,RETRY_NOW,0
0.8556701030927835,0.9285714285714286,1144.79,NETBANKING,AXIS,INSUFFICIENT_FUNDS,12,RETRY_LATER,0
0.9326923076923077,0.7142857142857143,4225.04,WALLET,HDFC,AUTHENTICATION_FAILED,7,SEND_REMINDER,1
0.9253731343283582,0.6,1431.93,UPI,SBI,INSUFFICIENT_FUNDS,8,RETRY_LATER,0
0.5945945945945946,0.9333333333333333,5009.82,CARD,SBI,BANK_TIMEOUT,17,RETRY_LATER,1
0.8571428571428571,0.0,9520.31,UPI,SBI,LIMIT_EXCEEDED,3,NO_ACTION,0
0.23809523809523808,0.625,8356.67,NETBANKING,ICICI,AUTHENTICATION_FAILED,1,RETRY_LATER,1
0.75,1.0,6362.91,WALLET,SBI,LIMIT_EXCEEDED,23,SEND_REMINDER,0
0.927710843373494,0.0,725.66,WALLET,KOTAK,BANK_TIMEOUT,13,SEND_REMINDER,0
0.8409090909090909,1.0,6465.71,CARD,YESBANK,CARD_EXPIRED,20,SEND_REMINDER,0
0.7872340425531915,0.55,893.53,WALLET,SBI,AUTHENTICATION_FAILED,7,NO_ACTION,0
0.75,0.6428571428571429,5013.32,NETBANKING,HDFC,BANK_TIMEOUT,10,NO_ACTION,0
0.9090909090909091,0.0,185.46,UPI,YESBANK,NETWORK_ERROR,5,RETRY_NOW,0
0.7142857142857143,0.0,7842.86,NETBANKING,AXIS,LIMIT_EXCEEDED,2,NO_ACTION,0
0.25,0.3333333333333333,5661.19,CARD,HDFC,BANK_TIMEOUT,12,NO_ACTION,0
0.8910891089108911,0.0,4275.15,CARD,HDFC,AUTHENTICATION_FAILED,1,RETRY_LATER,0
0.9029126213592233,0.9,3309.43,NETBANKING,ICICI,NETWORK_ERROR,6,RETRY_NOW,1
0.9384615384615385,0.25,1218.22,WALLET,SBI,LIMIT_EXCEEDED,2,NO_ACTION,0
0.8955223880597015,0.0,5264.01,CARD,HDFC,CARD_EXPIRED,19,SEND_REMINDER,1
0.7346938775510204,0.23076923076923078,5023.27,WALLET,SBI,NETWORK_ERROR,4,NO_ACTION,0
0.5294117647058824,0.75,5323.89,CARD,YESBANK,INSUFFICIENT_FUNDS,14,NO_ACTION,0
0.8556701030927835,0.9285714285714286,8797.02,WALLET,KOTAK,LIMIT_EXCEEDED,14,SEND_REMINDER,1
0.391304347826087,0.9285714285714286,3150.13,NETBANKING,SBI,CARD_EXPIRED,15,SEND_REMINDER,1
0.8253968253968254,1.0,8651.71,WALLET,YESBANK,INSUFFICIENT_FUNDS,13,SEND_REMINDER,0
0.9594594594594594,0.0,615.32,CARD,ICICI,NETWORK_ERROR,13,RETRY_NOW,0
0.9523809523809523,0.0,5941.0,NETBANKING,ICICI,INSUFFICIENT_FUNDS,20,NO_ACTION,0
0.8514851485148515,0.13333333333333333,7882.44,WALLET,AXIS,AUTHENTICATION_FAILED,10,RETRY_NOW,0
0.703125,0.47368421052631576,3324.96,NETBANKING,AXIS,CARD_EXPIRED,19,RETRY_LATER,0
0.3,0.5714285714285714,5347.63,CARD,YESBANK,AUTHENTICATION_FAILED,9,RETRY_LATER,0
0.9876543209876543,1.0,5427.52,CARD,AXIS,INSUFFICIENT_FUNDS,1,RETRY_NOW,1
0.8028169014084507,0.5,1875.61,CARD,ICICI,BANK_TIMEOUT,7,NO_ACTION,0
0.8208955223880597,0.5,4963.68,CARD,KOTAK,NETWORK_ERROR,14,RETRY_NOW,1
0.8571428571428571,0.4,4636.8,NETBANKING,AXIS,LIMIT_EXCEEDED,3,RETRY_NOW,0
0.8153846153846154,0.9166666666666666,1919.64,WALLET,ICICI,AUTHENTICATION_FAILED,8,NO_ACTION,0
0.25925925925925924,0.1,7566.28,WALLET,AXIS,NETWORK_ERROR,21,SEND_REMINDER,0
0.9629629629629629,0.6666666666666666,3256.41,WALLET,AXIS,AUTHENTICATION_FAILED,18,SEND_REMINDER,0
0.6129032258064516,0.5833333333333334,1326.38,NETBANKING,SBI,INSUFFICIENT_FUNDS,14,RETRY_NOW,0
0.5,0.6363636363636364,4411.74,CARD,SBI,CARD_EXPIRED,22,NO_ACTION,0
0.7971014492753623,0.7857142857142857,481.81,NETBANKING,HDFC,AUTHENTICATION_FAILED,21,SEND_REMINDER,1
0.6428571428571429,0.8,2425.27,WALLET,ICICI,INSUFFICIENT_FUNDS,4,SEND_REMINDER,1
0.8135593220338984,0.0,7113.37,WALLET,KOTAK,LIMIT_EXCEEDED,19,RETRY_NOW,1
0.8431372549019608,0.0,9939.74,CARD,ICICI,INSUFFICIENT_FUNDS,18,RETRY_LATER,0
0.5384615384615384,0.2777777777777778,6664.69,WALLET,SBI,CARD_EXPIRED,1,RETRY_LATER,0
0.7402597402597403,0.95,9959.58,WALLET,KOTAK,LIMIT_EXCEEDED,17,NO_ACTION,0
0.8490566037735849,0.9375,8062.62,NETBANKING,ICICI,NETWORK_ERROR,17,NO_ACTION,0
0.872093023255814,0.09090909090909091,4545.29,NETBANKING,SBI,NETWORK_ERROR,11,SEND_REMINDER,1
0.8558558558558559,0.1875,6807.25,WALLET,YESBANK,NETWORK_ERROR,18,SEND_REMINDER,1
0.8125,0.3333333333333333,9263.78,WALLET,ICICI,LIMIT_EXCEEDED,20,SEND_REMINDER,1
0.8653846153846154,0.0,179.18,CARD,HDFC,CARD_EXPIRED,6,SEND_REMINDER,1
0.7906976744186046,0.5555555555555556,4626.01,WALLET,ICICI,LIMIT_EXCEEDED,4,RETRY_LATER,0
0.9801980198019802,0.0,6958.94,WALLET,YESBANK,AUTHENTICATION_FAILED,13,RETRY_LATER,0
0.8571428571428571,0.7142857142857143,9948.97,WALLET,SBI,BANK_TIMEOUT,10,SEND_REMINDER,1
0.4090909090909091,0.5384615384615384,9739.44,WALLET,SBI,AUTHENTICATION_FAILED,21,RETRY_LATER,1
0.5,0.05,2274.09,WALLET,KOTAK,AUTHENTICATION_FAILED,14,RETRY_LATER,0
0.5384615384615384,0.0,7830.2,WALLET,ICICI,LIMIT_EXCEEDED,0,SEND_REMINDER,0
0.8596491228070176,0.5625,3074.23,CARD,ICICI,BANK_TIMEOUT,2,NO_ACTION,0
0.5384615384615384,0.25,3790.83,WALLET,ICICI,AUTHENTICATION_FAILED,0,NO_ACTION,0
0.5238095238095238,0.55,1998.15,WALLET,ICICI,LIMIT_EXCEEDED,9,SEND_REMINDER,1
0.8148148148148148,0.06666666666666667,2282.86,NETBANKING,HDFC,INSUFFICIENT_FUNDS,5,SEND_REMINDER,0
0.8431372549019608,0.0,8018.21,UPI,AXIS,LIMIT_EXCEEDED,22,SEND_REMINDER,0
0.45454545454545453,0.5,1554.43,UPI,YESBANK,INSUFFICIENT_FUNDS,22,RETRY_LATER,1
0.42857142857142855,0.125,5907.86,NETBANKING,ICICI,LIMIT_EXCEEDED,4,NO_ACTION,0
0.8591549295774648,0.4,5785.15,UPI,SBI,AUTHENTICATION_FAILED,22,RETRY_LATER,0
0.8421052631578947,0.0,5684.62,WALLET,SBI,BANK_TIMEOUT,7,RETRY_NOW,1
0.9213483146067416,1.0,8408.15,CARD,HDFC,AUTHENTICATION_FAILED,18,SEND_REMINDER,1
0.8135593220338984,0.0,7113.37,WALLET,KOTAK,LIMIT_EXCEEDED,19,RETRY_LATER,0
0.8571428571428571,0.7142857142857143,4125.58,NETBANKING,ICICI,INSUFFICIENT_FUNDS,8,RETRY_NOW,1
0.8679245283018868,0.2857142857142857,9250.72,WALLET,ICICI,NETWORK_ERROR,6,SEND_REMINDER,0
0.47058823529411764,1.0,5444.05,NETBANKING,HDFC,AUTHENTICATION_FAILED,14,RETRY_LATER,0
0.6129032258064516,0.5833333333333334,1326.38,NETBANKING,SBI,INSUFFICIENT_FUNDS,14,SEND_REMINDER,0
0.7857142857142857,0.3333333333333333,3420.08,WALLET,AXIS,BANK_TIMEOUT,19,SEND_REMINDER,1
0.8738738738738738,0.5714285714285714,5388.62,WALLET,KOTAK,AUTHENTICATION_FAILED,23,RETRY_NOW,0
0.41935483870967744,0.8333333333333334,9117.46,WALLET,AXIS,BANK_TIMEOUT,5,SEND_REMINDER,0
1.0,0.0,2467.44,WALLET,AXIS,LIMIT_EXCEEDED,9,RETRY_LATER,1
0.84,0.25,3675.57,UPI,KOTAK,CARD_EXPIRED,14,SEND_REMINDER,1
0.8253968253968254,1.0,7120.63,NETBANKING,YESBANK,AUTHENTICATION_FAILED,13,RETRY_NOW,0
0.71875,0.3333333333333333,5582.7,CARD,YESBANK,CARD_EXPIRED,16,SEND_REMINDER,0
0.5384615384615384,0.0,7550.77,CARD,AXIS,LIMIT_EXCEEDED,15,RETRY_NOW,0
0.9636363636363636,0.0,3185.2,UPI,YESBANK,BANK_TIMEOUT,8,RETRY_NOW,1
0.2727272727272727,0.375,4736.53,UPI,SBI,LIMIT_EXCEEDED,21,RETRY_NOW,0
0.9795918367346939,0.5,1775.94,WALLET,AXIS,LIMIT_EXCEEDED,23,SEND_REMINDER,0
0.7590361445783133,0.1,6561.19,CARD,YESBANK,BANK_TIMEOUT,4,SEND_REMINDER,1
0.7727272727272727,0.3,8599.88,UPI,YESBANK,CARD_EXPIRED,8,NO_ACTION,0
0.8181818181818182,0.0,5628.35,WALLET,YESBANK,BANK_TIMEOUT,18,NO_ACTION,0
0.8253968253968254,1.0,7120.63,NETBANKING,YESBANK,AUTHENTICATION_FAILED,13,NO_ACTION,0
0.34782608695652173,0.4,7650.84,WALLET,SBI,CARD_EXPIRED,19,RETRY_LATER,0
0.6666666666666666,0.8,6889.82,UPI,YESBANK,NETWORK_ERROR,10,RETRY_LATER,1
0.9326923076923077,0.7142857142857143,8142.47,WALLET,KOTAK,BANK_TIMEOUT,2,RETRY_LATER,1
1.0,0.0,7795.49,NETBANKING,AXIS,BANK_TIMEOUT,23,SEND_REMINDER,0
0.975609756097561,0.0,5097.01,NETBANKING,SBI,INSUFFICIENT_FUNDS,13,NO_ACTION,0
0.5384615384615384,0.2777777777777778,4635.51,UPI,SBI,NETWORK_ERROR,19,SEND_REMINDER,0
0.8494623655913979,0.35714285714285715,3145.91,UPI,SBI,BANK_TIMEOUT,1,SEND_REMINDER,0
0.82,1.0,2476.46,UPI,SBI,BANK_TIMEOUT,18,NO_ACTION,0
0.7111111111111111,0.9230769230769231,1220.16,NETBANKING,AXIS,BANK_TIMEOUT,8,RETRY_LATER,1
0.8222222222222222,0.1875,2088.2,UPI,KOTAK,INSUFFICIENT_FUNDS,0,RETRY_LATER,0
0.6071428571428571,0.5454545454545454,7491.35,WALLET,ICICI,LIMIT_EXCEEDED,0,RETRY_LATER,1
0.8043478260869565,0.1111111111111111,639.95,UPI,SBI,INSUFFICIENT_FUNDS,1,RETRY_LATER,0
0.6216216216216216,1.0,2447.3,UPI,KOTAK,LIMIT_EXCEEDED,16,RETRY_NOW,0
0.5294117647058824,0.75,5323.89,CARD,YESBANK,INSUFFICIENT_FUNDS,14,RETRY_NOW,1
0.8613861386138614,0.5,2036.32,CARD,HDFC,CARD_EXPIRED,17,SEND_REMINDER,1
0.8131868131868132,0.29411764705882354,2153.82,UPI,SBI,BANK_TIMEOUT,6,SEND_REMINDER,0
0.5384615384615384,0.6111111111111112,9700.24,WALLET,HDFC,CARD_EXPIRED,16,RETRY_LATER,0
0.8229166666666666,0.7647058823529411,3526.17,UPI,AXIS,CARD_EXPIRED,8,RETRY_LATER,0
0.8636363636363636,0.3333333333333333,737.72,NETBANKING,ICICI,CARD_EXPIRED,15,RETRY_LATER,0
0.9636363636363636,0.0,644.6,CARD,ICICI,NETWORK_ERROR,5,NO_ACTION,0
0.8279569892473119,0.1875,6450.44,CARD,AXIS,AUTHENTICATION_FAILED,13,SEND_REMINDER,0
0.7,0.08333333333333333,4168.99,CARD,KOTAK,CARD_EXPIRED,11,SEND_REMINDER,1
0.7590361445783133,0.1,5019.76,WALLET,ICICI,CARD_EXPIRED,1,NO_ACTION,0
0.7846153846153846,0.7857142857142857,3411.3,UPI,AXIS,CARD_EXPIRED,11,SEND_REMINDER,1
0.8910891089108911,0.0,8343.88,NETBANKING,YESBANK,INSUFFICIENT_FUNDS,23,NO_ACTION,0
0.8648648648648649,0.4,1021.2,WALLET,ICICI,CARD_EXPIRED,2,SEND_REMINDER,1
0.9333333333333333,0.0,4782.1,CARD,SBI,CARD_EXPIRED,11,NO_ACTION,0
0.9166666666666666,0.5555555555555556,2924.49,WALLET,YESBANK,CARD_EXPIRED,16,NO_ACTION,0
0.9010989010989011,0.8888888888888888,3712.75,WALLET,ICICI,CARD_EXPIRED,8,SEND_REMINDER,1
0.6923076923076923,0.75,1318.98,CARD,ICICI,NETWORK_ERROR,20,NO_ACTION,0
0.5,0.05,5231.91,CARD,YESBANK,NETWORK_ERROR,17,RETRY_NOW,0
0.900990099009901,0.6,1594.94,WALLET,ICICI,CARD_EXPIRED,20,RETRY_NOW,0
0.7428571428571429,0.2222222222222222,6655.44,CARD,SBI,CARD_EXPIRED,5,NO_ACTION,0
0.898989898989899,0.1,2035.83,CARD,YESBANK,LIMIT_EXCEEDED,3,SEND_REMINDER,0
0.9636363636363636,0.0,4631.62,UPI,KOTAK,LIMIT_EXCEEDED,19,RETRY_LATER,0
0.8518518518518519,0.0,1839.34,CARD,ICICI,INSUFFICIENT_FUNDS,5,RETRY_LATER,0
0.6226415094339622,0.85,2262.47,NETBANKING,KOTAK,CARD_EXPIRED,4,NO_ACTION,0
0.9696969696969697,0.0,5008.4,UPI,SBI,NETWORK_ERROR,5,SEND_REMINDER,0
0.8076923076923077,1.0,9811.83,CARD,YESBANK,INSUFFICIENT_FUNDS,23,NO_ACTION,0
0.8695652173913043,0.75,4146.02,WALLET,SBI,NETWORK_ERROR,22,RETRY_LATER,1
0.8285714285714286,0.5,9382.15,CARD,YESBANK,INSUFFICIENT_FUNDS,15,RETRY_LATER,0
0.84,0.25,6256.59,NETBANKING,AXIS,BANK_TIMEOUT,21,RETRY_NOW,0
0.5714285714285714,0.0,9709.67,NETBANKING,KOTAK,AUTHENTICATION_FAILED,15,RETRY_LATER,0
0.75,1.0,6362.91,WALLET,SBI,LIMIT_EXCEEDED,23,NO_ACTION,0
0.9428571428571428,1.0,3339.15,WALLET,AXIS,INSUFFICIENT_FUNDS,20,NO_ACTION,0
0.9428571428571428,1.0,7636.16,NETBANKING,ICICI,LIMIT_EXCEEDED,21,RETRY_LATER,1
0.5555555555555556,0.4,5867.57,CARD,YESBANK,LIMIT_EXCEEDED,16,NO_ACTION,0
0.7764705882352941,0.3684210526315789,1135.39,WALLET,HDFC,NETWORK_ERROR,17,SEND_REMINDER,0
0.9333333333333333,0.0,2702.2,NETBANKING,HDFC,BANK_TIMEOUT,16,RETRY_LATER,1
0.8301886792452831,0.3333333333333333,8489.41,WALLET,AXIS,LIMIT_EXCEEDED,10,RETRY_NOW,1
0.4090909090909091,0.5384615384615384,7608.75,WALLET,HDFC,BANK_TIMEOUT,17,SEND_REMINDER,1
0.9473684210526315,0.0,9407.76,CARD,YESBANK,CARD_EXPIRED,14,NO_ACTION,0
0.7419354838709677,0.3125,280.19,UPI,ICICI,CARD_EXPIRED,21,RETRY_LATER,0
0.9381443298969072,1.0,5672.47,UPI,YESBANK,CARD_EXPIRED,17,SEND_REMINDER,1
0.863013698630137,0.0,8311.85,CARD,AXIS,LIMIT_EXCEEDED,12,RETRY_LATER,1
0.8888888888888888,0.875,3806.99,UPI,KOTAK,BANK_TIMEOUT,0,NO_ACTION,0
0.9411764705882353,0.5,6931.37,NETBANKING,AXIS,LIMIT_EXCEEDED,0,NO_ACTION,0
0.85,0.5555555555555556,8779.89,CARD,HDFC,INSUFFICIENT_FUNDS,15,NO_ACTION,0
0.88,0.0,4678.62,WALLET,KOTAK,INSUFFICIENT_FUNDS,4,RETRY_NOW,0
0.78125,0.7142857142857143,1016.31,UPI,KOTAK,CARD_EXPIRED,8,RETRY_LATER,0
0.8227848101265823,0.14285714285714285,1365.85,UPI,ICICI,NETWORK_ERROR,17,RETRY_LATER,1
0.8555555555555555,1.0,208.37,CARD,AXIS,BANK_TIMEOUT,9,NO_ACTION,0
0.9565217391304348,0.0,2818.9,WALLET,ICICI,CARD_EXPIRED,11,RETRY_NOW,0
0.631578947368421,0.14285714285714285,5967.2,NETBANKING,AXIS,NETWORK_ERROR,1,RETRY_NOW,0
0.7164179104477612,0.7894736842105263,3017.36,UPI,SBI,LIMIT_EXCEEDED,4,NO_ACTION,0
0.7872340425531915,0.55,4973.39,UPI,YESBANK,CARD_EXPIRED,21,SEND_REMINDER,1
0.42857142857142855,0.125,5907.86,NETBANKING,ICICI,LIMIT_EXCEEDED,4,RETRY_LATER,0
0.72,0.5714285714285714,8967.86,UPI,HDFC,AUTHENTICATION_FAILED,20,SEND_REMINDER,0
0.8208955223880597,0.5,4963.68,CARD,KOTAK,NETWORK_ERROR,14,NO_ACTION,0
0.8620689655172413,0.0625,9404.85,CARD,YESBANK,NETWORK_ERROR,8,RETRY_LATER,0
0.8181818181818182,0.0,3477.85,UPI,KOTAK,CARD_EXPIRED,2,NO_ACTION,0
0.8876404494382022,0.9,5211.8,WALLET,YESBANK,BANK_TIMEOUT,7,RETRY_NOW,1
0.6444444444444445,0.625,9912.93,CARD,AXIS,AUTHENTICATION_FAILED,19,SEND_REMINDER,0
0.8936170212765957,0.0,4156.32,UPI,AXIS,CARD_EXPIRED,11,NO_ACTION,0
0.5833333333333334,0.2,2854.88,CARD,ICICI,LIMIT_EXCEEDED,10,RETRY_NOW,1
0.9183673469387755,0.75,5270.19,CARD,KOTAK,BANK_TIMEOUT,16,SEND_REMINDER,1
0.9479166666666666,0.6,8767.55,NETBANKING,YESBANK,AUTHENTICATION_FAILED,14,SEND_REMINDER,1
0.9636363636363636,0.5,9247.62,WALLET,YESBANK,INSUFFICIENT_FUNDS,12,RETRY_LATER,0
0.9811320754716981,1.0,5503.55,CARD,SBI,LIMIT_EXCEEDED,12,RETRY_LATER,1
0.9016393442622951,0.0,7349.1,WALLET,HDFC,AUTHENTICATION_FAILED,2,RETRY_LATER,1
0.9629629629629629,0.6666666666666666,2754.32,UPI,YESBANK,INSUFFICIENT_FUNDS,18,SEND_REMINDER,1
0.8133333333333334,0.9285714285714286,4007.73,WALLET,KOTAK,AUTHENTICATION_FAILED,10,NO_ACTION,0
0.8640776699029126,0.0,2052.97,CARD,AXIS,CARD_EXPIRED,17,RETRY_LATER,0
0.7777777777777778,0.0,967.77,NETBANKING,SBI,LIMIT_EXCEEDED,15,NO_ACTION,0
0.927710843373494,0.8333333333333334,7027.59,CARD,YESBANK,BANK_TIMEOUT,9,RETRY_LATER,1
0.7532467532467533,0.3684210526315789,6312.8,CARD,SBI,CARD_EXPIRED,16,NO_ACTION,0
0.9594594594594594,0.0,6995.03,CARD,SBI,LIMIT_EXCEEDED,6,NO_ACTION,0
0.5384615384615384,0.8333333333333334,6742.25,NETBANKING,AXIS,NETWORK_ERROR,3,SEND_REMINDER,1
0.9523809523809523,0.6,5707.83,WALLET,YESBANK,INSUFFICIENT_FUNDS,11,SEND_REMINDER,0
0.8979591836734694,1.0,205.54,UPI,HDFC,LIMIT_EXCEEDED,23,NO_ACTION,0
0.8867924528301887,0.8333333333333334,557.95,UPI,HDFC,AUTHENTICATION_FAILED,17,RETRY_NOW,1
0.927710843373494,0.8333333333333334,1799.14,CARD,KOTAK,BANK_TIMEOUT,20,RETRY_LATER,1
0.9850746268656716,0.0,7404.87,WALLET,ICICI,INSUFFICIENT_FUNDS,5,RETRY_NOW,0
0.86,0.7857142857142857,1875.6,CARD,YESBANK,NETWORK_ERROR,1,RETRY_NOW,0
0.782608695652174,0.15,6987.16,NETBANKING,ICICI,CARD_EXPIRED,13,NO_ACTION,0
0.8936170212765957,0.0,7396.21,UPI,KOTAK,BANK_TIMEOUT,0,SEND_REMINDER,0
0.6590909090909091,0.3333333333333333,348.44,UPI,ICICI,INSUFFICIENT_FUNDS,9,RETRY_LATER,0
0.8155339805825242,0.42105263157894735,5893.93,NETBANKING,KOTAK,LIMIT_EXCEEDED,6,RETRY_LATER,0
0.9166666666666666,1.0,3170.69,CARD,AXIS,NETWORK_ERROR,20,NO_ACTION,0
0.5909090909090909,0.6666666666666666,2146.67,UPI,KOTAK,LIMIT_EXCEEDED,10,RETRY_NOW,0
0.9444444444444444,0.2,5069.41,NETBANKING,HDFC,BANK_TIMEOUT,4,NO_ACTION,0
0.6382978723404256,0.058823529411764705,1309.0,CARD,HDFC,INSUFFICIENT_FUNDS,17,NO_ACTION,0
0.7532467532467533,0.3684210526315789,7447.69,UPI,SBI,AUTHENTICATION_FAILED,7,NO_ACTION,0
0.9827586206896551,0.0,4680.53,CARD,KOTAK,LIMIT_EXCEEDED,18,RETRY_LATER,0
0.890625,0.42857142857142855,8462.68,UPI,HDFC,NETWORK_ERROR,7,RETRY_NOW,1
0.9680851063829787,0.6666666666666666,5364.46,NETBANKING,KOTAK,CARD_EXPIRED,16,RETRY_NOW,0
0.9818181818181818,1.0,5016.0,CARD,ICICI,NETWORK_ERROR,2,NO_ACTION,0
0.7692307692307693,1.0,6710.75,WALLET,HDFC,LIMIT_EXCEEDED,4,RETRY_LATER,1
0.875,0.8333333333333334,3384.4,NETBANKING,YESBANK,LIMIT_EXCEEDED,9,SEND_REMINDER,1
0.8888888888888888,0.875,6503.21,UPI,ICICI,BANK_TIMEOUT,17,NO_ACTION,0
0.9428571428571428,1.0,5177.91,CARD,AXIS,INSUFFICIENT_FUNDS,3,RETRY_NOW,1
0.8541666666666666,0.42857142857142855,8159.35,CARD,YESBANK,INSUFFICIENT_FUNDS,3,SEND_REMINDER,1
0.8229166666666666,0.7647058823529411,9882.54,UPI,YESBANK,INSUFFICIENT_FUNDS,3,RETRY_LATER,0
0.967741935483871,1.0,4386.91,CARD,YESBANK,AUTHENTICATION_FAILED,5,NO_ACTION,0
0.6666666666666666,0.125,1030.78,CARD,AXIS,LIMIT_EXCEEDED,4,SEND_REMINDER,1
0.6875,0.1,4985.22,NETBANKING,SBI,CARD_EXPIRED,7,SEND_REMINDER,1
0.8737864077669902,0.23076923076923078,4879.58,UPI,ICICI,LIMIT_EXCEEDED,18,SEND_REMINDER,0
0.8288288288288288,0.0,3148.99,NETBANKING,AXIS,LIMIT_EXCEEDED,3,RETRY_LATER,1
0.9166666666666666,0.0,8233.1,UPI,YESBANK,NETWORK_ERROR,3,RETRY_NOW,0
0.4375,0.9444444444444444,766.95,UPI,HDFC,NETWORK_ERROR,5,NO_ACTION,0
0.8831168831168831,0.6666666666666666,3801.99,WALLET,SBI,LIMIT_EXCEEDED,19,RETRY_LATER,0
0.859375,0.6666666666666666,7651.0,NETBANKING,KOTAK,CARD_EXPIRED,12,RETRY_LATER,0
0.9090909090909091,0.5,3676.09,UPI,KOTAK,CARD_EXPIRED,17,SEND_REMINDER,1
0.8571428571428571,0.7777777777777778,5318.44,UPI,HDFC,LIMIT_EXCEEDED,22,RETRY_LATER,1
0.8867924528301887,0.8333333333333334,8378.5,WALLET,YESBANK,AUTHENTICATION_FAILED,5,RETRY_NOW,1
0.9523809523809523,0.0,5094.6,NETBANKING,AXIS,NETWORK_ERROR,20,NO_ACTION,0
0.5909090909090909,0.6666666666666666,1284.07,UPI,ICICI,LIMIT_EXCEEDED,19,SEND_REMINDER,0
0.47058823529411764,0.16666666666666666,1787.36,WALLET,HDFC,NETWORK_ERROR,15,NO_ACTION,0
0.9230769230769231,0.6,8677.41,WALLET,HDFC,INSUFFICIENT_FUNDS,13,RETRY_NOW,0
0.9841269841269841,1.0,8190.6,NETBANKING,ICICI,AUTHENTICATION_FAILED,0,RETRY_NOW,1
0.8490566037735849,0.9375,2973.06,NETBANKING,KOTAK,INSUFFICIENT_FUNDS,14,RETRY_LATER,1
0.8392857142857143,0.2222222222222222,9395.81,NETBANKING,ICICI,LIMIT_EXCEEDED,8,RETRY_LATER,0
0.9142857142857143,1.0,4878.85,UPI,AXIS,BANK_TIMEOUT,21,RETRY_NOW,0
0.9534883720930233,1.0,8812.25,NETBANKING,HDFC,CARD_EXPIRED,9,NO_ACTION,0
0.9761904761904762,0.5,7983.31,NETBANKING,AXIS,AUTHENTICATION_FAILED,14,NO_ACTION,0
0.9384615384615385,0.25,8972.67,NETBANKING,KOTAK,CARD_EXPIRED,5,RETRY_NOW,0
0.9636363636363636,1.0,4194.91,CARD,KOTAK,CARD_EXPIRED,15,RETRY_LATER,0
0.9841269841269841,1.0,8190.6,NETBANKING,ICICI,AUTHENTICATION_FAILED,0,NO_ACTION,0
0.8028169014084507,0.5,6634.23,NETBANKING,AXIS,LIMIT_EXCEEDED,10,RETRY_LATER,0
0.9326923076923077,0.7142857142857143,9746.36,CARD,HDFC,CARD_EXPIRED,6,SEND_REMINDER,1
0.28,0.5,6372.14,NETBANKING,ICICI,CARD_EXPIRED,0,NO_ACTION,0
0.75,1.0,4827.76,NETBANKING,AXIS,BANK_TIMEOUT,4,SEND_REMINDER,1
0.5714285714285714,1.0,5029.26,NETBANKING,AXIS,AUTHENTICATION_FAILED,11,SEND_REMINDER,0
0.7849462365591398,0.85,2518.7,CARD,SBI,AUTHENTICATION_FAILED,12,RETRY_NOW,0
0.7346938775510204,0.23076923076923078,5023.27,WALLET,SBI,NETWORK_ERROR,4,SEND_REMINDER,0
0.9473684210526315,0.0,5800.12,WALLET,HDFC,LIMIT_EXCEEDED,17,NO_ACTION,0
0.2,0.4,6105.99,CARD,ICICI,LIMIT_EXCEEDED,12,NO_ACTION,0
0.7857142857142857,0.3333333333333333,3293.14,UPI,AXIS,AUTHENTICATION_FAILED,2,RETRY_NOW,1
0.92,0.16666666666666666,3617.27,CARD,ICICI,NETWORK_ERROR,1,RETRY_NOW,0
0.703125,0.0,6479.6,NETBANKING,SBI,CARD_EXPIRED,15,RETRY_LATER,0
0.7605633802816901,0.0,8812.24,CARD,ICICI,CARD_EXPIRED,5,RETRY_LATER,1
0.9692307692307692,0.5,7543.74,CARD,ICICI,INSUFFICIENT_FUNDS,23,NO_ACTION,0
0.8125,0.5833333333333334,9812.4,CARD,YESBANK,CARD_EXPIRED,4,RETRY_LATER,1
0.6851851851851852,0.7058823529411765,3969.48,WALLET,KOTAK,NETWORK_ERROR,16,RETRY_NOW,0
0.9787234042553191,0.0,3605.16,NETBANKING,SBI,INSUFFICIENT_FUNDS,21,SEND_REMINDER,0
0.9523809523809523,0.6666666666666666,3879.83,WALLET,HDFC,AUTHENTICATION_FAILED,20,RETRY_NOW,0
0.9743589743589743,0.0,4742.8,NETBANKING,YESBANK,CARD_EXPIRED,17,RETRY_LATER,0
0.7142857142857143,0.0,9277.53,CARD,AXIS,AUTHENTICATION_FAILED,11,RETRY_LATER,0
0.9292929292929293,0.0,1127.77,UPI,KOTAK,BANK_TIMEOUT,20,RETRY_NOW,1
0.8777777777777778,0.6363636363636364,2219.93,NETBANKING,KOTAK,NETWORK_ERROR,23,NO_ACTION,0
0.7931034482758621,0.8333333333333334,3151.0,UPI,AXIS,CARD_EXPIRED,12,NO_ACTION,0
0.8676470588235294,0.8888888888888888,8917.95,NETBANKING,KOTAK,INSUFFICIENT_FUNDS,20,NO_ACTION,0
0.25,0.3333333333333333,5661.19,CARD,HDFC,BANK_TIMEOUT,12,SEND_REMINDER,1
0.7397260273972602,1.0,8654.23,WALLET,KOTAK,CARD_EXPIRED,12,RETRY_LATER,0
0.9428571428571428,0.0,3073.14,UPI,AXIS,CARD_EXPIRED,18,RETRY_LATER,0
0.8888888888888888,0.25,6976.38,CARD,HDFC,NETWORK_ERROR,18,SEND_REMINDER,1
0.9801980198019802,0.0,6430.52,NETBANKING,SBI,NETWORK_ERROR,11,RETRY_NOW,1
0.3,0.8571428571428571,8028.71,WALLET,KOTAK,INSUFFICIENT_FUNDS,9,SEND_REMINDER,1
0.8909090909090909,0.6666666666666666,2127.14,UPI,SBI,CARD_EXPIRED,5,NO_ACTION,0
0.7037037037037037,0.5625,4122.14,UPI,YESBANK,CARD_EXPIRED,15,SEND_REMINDER,1
0.8876404494382022,0.8,4112.47,WALLET,HDFC,NETWORK_ERROR,14,RETRY_NOW,0
0.8333333333333334,1.0,3221.14,UPI,YESBANK,INSUFFICIENT_FUNDS,23,RETRY_NOW,0
0.8490566037735849,0.9375,2973.06,NETBANKING,KOTAK,INSUFFICIENT_FUNDS,14,NO_ACTION,0
0.8854166666666666,0.6363636363636364,6664.52,NETBANKING,KOTAK,BANK_TIMEOUT,15,NO_ACTION,0
0.8181818181818182,0.16666666666666666,8818.52,NETBANKING,SBI,INSUFFICIENT_FUNDS,12,RETRY_LATER,0
0.9210526315789473,1.0,6794.21,NETBANKING,AXIS,CARD_EXPIRED,8,NO_ACTION,0
0.45454545454545453,0.0,7148.72,WALLET,HDFC,LIMIT_EXCEEDED,22,RETRY_NOW,0
0.7956989247311828,0.7894736842105263,3435.3,CARD,ICICI,BANK_TIMEOUT,0,RETRY_LATER,1
0.8153846153846154,0.08333333333333333,5258.12,UPI,ICICI,LIMIT_EXCEEDED,9,NO_ACTION,0
0.7671232876712328,0.5882352941176471,5233.92,NETBANKING,SBI,BANK_TIMEOUT,17,RETRY_LATER,1
0.45454545454545453,0.5,277.47,WALLET,AXIS,BANK_TIMEOUT,6,RETRY_NOW,1
0.9879518072289156,0.0,4668.65,CARD,SBI,CARD_EXPIRED,2,NO_ACTION,0
0.8947368421052632,0.0,3915.44,WALLET,ICICI,AUTHENTICATION_FAILED,5,SEND_REMINDER,1
0.875,0.8333333333333334,1503.0,CARD,YESBANK,NETWORK_ERROR,9,RETRY_LATER,1
0.7916666666666666,0.05,2415.06,NETBANKING,ICICI,AUTHENTICATION_FAILED,5,SEND_REMINDER,0
0.6904761904761905,0.07692307692307693,4273.72,WALLET,YESBANK,LIMIT_EXCEEDED,1,RETRY_NOW,0
0.5238095238095238,0.7,1022.9,CARD,ICICI,LIMIT_EXCEEDED,16,SEND_REMINDER,1
0.9876543209876543,1.0,4789.22,NETBANKING,KOTAK,BANK_TIMEOUT,23,RETRY_NOW,0
0.8169014084507042,0.5384615384615384,5764.49,UPI,AXIS,INSUFFICIENT_FUNDS,6,RETRY_NOW,0
0.8620689655172413,0.75,4425.71,UPI,KOTAK,BANK_TIMEOUT,6,RETRY_LATER,1
1.0,0.0,750.42,NETBANKING,SBI,CARD_EXPIRED,20,RETRY_LATER,0
0.3,0.9285714285714286,8029.42,WALLET,YESBANK,NETWORK_ERROR,3,NO_ACTION,0
0.979381443298969,0.5,8386.42,WALLET,SBI,INSUFFICIENT_FUNDS,13,RETRY_LATER,0
0.9473684210526315,0.25,7994.72,WALLET,HDFC,CARD_EXPIRED,13,RETRY_NOW,0
0.881578947368421,1.0,9065.98,UPI,ICICI,CARD_EXPIRED,6,SEND_REMINDER,0
0.6764705882352942,0.18181818181818182,5183.31,CARD,HDFC,AUTHENTICATION_FAILED,0,SEND_REMINDER,0
0.7647058823529411,0.55,2555.92,WALLET,KOTAK,BANK_TIMEOUT,6,SEND_REMINDER,0
0.9607843137254902,0.5,7869.99,UPI,SBI,CARD_EXPIRED,6,RETRY_NOW,0
0.46153846153846156,0.21428571428571427,4524.11,WALLET,SBI,CARD_EXPIRED,20,NO_ACTION,0
1.0,0.0,5322.12,CARD,AXIS,LIMIT_EXCEEDED,16,RETRY_LATER,0
0.723404255319149,0.3076923076923077,5243.64,WALLET,SBI,BANK_TIMEOUT,18,SEND_REMINDER,0
0.6724137931034483,0.10526315789473684,4926.95,WALLET,ICICI,NETWORK_ERROR,6,RETRY_NOW,0
0.4594594594594595,0.65,6441.02,CARD,HDFC,CARD_EXPIRED,2,SEND_REMINDER,1
0.8823529411764706,0.0,9398.78,CARD,YESBANK,BANK_TIMEOUT,1,SEND_REMINDER,1
0.927710843373494,0.8333333333333334,4556.6,WALLET,ICICI,AUTHENTICATION_FAILED,7,RETRY_NOW,1
0.7608695652173914,0.2727272727272727,2145.88,CARD,AXIS,BANK_TIMEOUT,12,SEND_REMINDER,1
0.7916666666666666,0.05,8900.09,WALLET,SBI,BANK_TIMEOUT,22,NO_ACTION,0
0.5555555555555556,0.5,8873.25,CARD,YESBANK,NETWORK_ERROR,20,NO_ACTION,0
0.75,1.0,114.52,CARD,ICICI,AUTHENTICATION_FAILED,6,RETRY_LATER,1
0.8307692307692308,0.5454545454545454,5300.7,NETBANKING,KOTAK,CARD_EXPIRED,4,NO_ACTION,0
0.8421052631578947,0.0,5684.62,WALLET,SBI,BANK_TIMEOUT,7,RETRY_LATER,1
0.2631578947368421,0.9285714285714286,3761.09,NETBANKING,ICICI,NETWORK_ERROR,9,SEND_REMINDER,1
0.9029126213592233,0.9,678.33,UPI,SBI,NETWORK_ERROR,6,NO_ACTION,0
0.91,0.2222222222222222,9180.11,UPI,ICICI,INSUFFICIENT_FUNDS,1,SEND_REMINDER,1
0.9807692307692307,1.0,8727.0,NETBANKING,KOTAK,NETWORK_ERROR,15,RETRY_LATER,0
0.8974358974358975,0.25,3397.68,WALLET,ICICI,BANK_TIMEOUT,6,RETRY_NOW,0
1.0,0.0,7483.13,NETBANKING,AXIS,NETWORK_ERROR,10,RETRY_NOW,1
0.7272727272727273,0.4166666666666667,2995.12,WALLET,HDFC,CARD_EXPIRED,4,SEND_REMINDER,0
0.9838709677419355,0.0,1060.51,NETBANKING,SBI,LIMIT_EXCEEDED,8,SEND_REMINDER,0
0.8148148148148148,0.06666666666666667,2282.86,NETBANKING,HDFC,INSUFFICIENT_FUNDS,5,RETRY_NOW,0
0.7,0.5,4912.84,CARD,ICICI,AUTHENTICATION_FAILED,8,SEND_REMINDER,1
0.8902439024390244,1.0,1476.09,CARD,ICICI,LIMIT_EXCEEDED,0,RETRY_NOW,1
0.921875,1.0,8177.48,WALLET,AXIS,INSUFFICIENT_FUNDS,9,NO_ACTION,0
0.979381443298969,0.5,4128.06,WALLET,SBI,NETWORK_ERROR,3,NO_ACTION,0
0.3793103448275862,0.3888888888888889,220.6,CARD,YESBANK,NETWORK_ERROR,13,NO_ACTION,0
0.8947368421052632,0.625,290.78,UPI,YESBANK,LIMIT_EXCEEDED,23,RETRY_LATER,0
0.8541666666666666,0.42857142857142855,9381.12,NETBANKING,ICICI,AUTHENTICATION_FAILED,7,RETRY_LATER,0
0.8823529411764706,0.75,8890.94,UPI,YESBANK,LIMIT_EXCEEDED,20,RETRY_LATER,1
0.9263157894736842,0.2857142857142857,2488.74,WALLET,YESBANK,NETWORK_ERROR,3,RETRY_LATER,1
0.9292929292929293,0.0,9058.88,NETBANKING,KOTAK,NETWORK_ERROR,2,RETRY_NOW,1
0.8709677419354839,0.5,6869.1,UPI,ICICI,BANK_TIMEOUT,3,RETRY_NOW,1
0.9,0.875,9212.88,CARD,KOTAK,LIMIT_EXCEEDED,10,SEND_REMINDER,0
0.9552238805970149,0.0,2893.98,NETBANKING,ICICI,BANK_TIMEOUT,9,RETRY_LATER,0
0.9801980198019802,0.0,6958.94,WALLET,YESBANK,AUTHENTICATION_FAILED,13,NO_ACTION,0
0.84,0.25,7527.49,CARD,SBI,NETWORK_ERROR,7,SEND_REMINDER,1
0.75,0.6428571428571429,3157.81,NETBANKING,SBI,CARD_EXPIRED,5,RETRY_NOW,1
0.6875,0.0,3175.92,CARD,SBI,LIMIT_EXCEEDED,0,RETRY_LATER,0
0.8434782608695652,0.5,4816.93,WALLET,KOTAK,LIMIT_EXCEEDED,5,NO_ACTION,0
0.696969696969697,0.6,495.32,NETBANKING,HDFC,NETWORK_ERROR,21,SEND_REMINDER,0
1.0,0.0,6622.64,WALLET,ICICI,AUTHENTICATION_FAILED,20,SEND_REMINDER,0
0.8571428571428571,1.0,1507.5,NETBANKING,ICICI,LIMIT_EXCEEDED,16,RETRY_LATER,1
0.7346938775510204,0.23076923076923078,1808.46,CARD,HDFC,CARD_EXPIRED,19,RETRY_LATER,0
0.9210526315789473,1.0,9873.57,WALLET,HDFC,AUTHENTICATION_FAILED,16,RETRY_NOW,1
0.6595744680851063,0.0,7440.18,CARD,HDFC,INSUFFICIENT_FUNDS,3,RETRY_LATER,0
0.9795918367346939,0.5,1775.94,WALLET,AXIS,LIMIT_EXCEEDED,23,RETRY_NOW,0
0.88,0.6666666666666666,5923.95,UPI,YESBANK,LIMIT_EXCEEDED,19,RETRY_LATER,0
0.8387096774193549,0.7333333333333333,5074.44,WALLET,ICICI,AUTHENTICATION_FAILED,9,NO_ACTION,0
0.7777777777777778,0.0,7141.18,WALLET,SBI,BANK_TIMEOUT,9,RETRY_LATER,0
0.9473684210526315,0.25,7968.48,NETBANKING,ICICI,AUTHENTICATION_FAILED,13,SEND_REMINDER,0
0.25925925925925924,0.1,1870.68,WALLET,HDFC,INSUFFICIENT_FUNDS,13,RETRY_NOW,0
0.8765432098765432,0.5,7404.7,NETBANKING,KOTAK,CARD_EXPIRED,2,NO_ACTION,0
0.9090909090909091,0.25,3631.68,UPI,HDFC,AUTHENTICATION_FAILED,0,NO_ACTION,0
0.7802197802197802,0.75,911.51,CARD,YESBANK,CARD_EXPIRED,0,SEND_REMINDER,1
0.6818181818181818,0.8571428571428571,5239.47,CARD,ICICI,LIMIT_EXCEEDED,21,RETRY_LATER,0
0.4230769230769231,0.6666666666666666,7850.53,CARD,ICICI,INSUFFICIENT_FUNDS,14,RETRY_NOW,1
0.7142857142857143,0.0,8699.5,CARD,KOTAK,BANK_TIMEOUT,3,RETRY_NOW,0
0.8947368421052632,0.6666666666666666,8074.72,WALLET,HDFC,LIMIT_EXCEEDED,1,NO_ACTION,0
0.9210526315789473,1.0,9873.57,WALLET,HDFC,AUTHENTICATION_FAILED,16,NO_ACTION,0
0.8478260869565217,0.0,3960.92,UPI,SBI,INSUFFICIENT_FUNDS,11,NO_ACTION,0
0.9818181818181818,1.0,5016.0,CARD,ICICI,NETWORK_ERROR,2,RETRY_LATER,1
0.5294117647058824,0.75,9557.59,NETBANKING,SBI,AUTHENTICATION_FAILED,19,SEND_REMINDER,0
0.9433962264150944,0.0,6022.09,UPI,HDFC,CARD_EXPIRED,2,RETRY_LATER,0
0.8969072164948454,0.2,4899.08,WALLET,HDFC,CARD_EXPIRED,3,RETRY_NOW,0
0.75,1.0,114.52,CARD,ICICI,AUTHENTICATION_FAILED,6,SEND_REMINDER,1
0.5348837209302325,0.25,8703.31,CARD,AXIS,AUTHENTICATION_FAILED,14,NO_ACTION,0
0.8266666666666667,0.6923076923076923,3859.03,NETBANKING,YESBANK,CARD_EXPIRED,1,NO_ACTION,0
0.8674698795180723,0.9090909090909091,1368.16,UPI,SBI,NETWORK_ERROR,22,SEND_REMINDER,0
0.7638888888888888,0.17647058823529413,1859.65,CARD,HDFC,AUTHENTICATION_FAILED,3,SEND_REMINDER,1
0.8990825688073395,0.2727272727272727,2728.09,WALLET,ICICI,CARD_EXPIRED,7,RETRY_NOW,0
0.8425925925925926,0.47058823529411764,4456.74,CARD,ICICI,LIMIT_EXCEEDED,10,RETRY_LATER,1
0.8958333333333334,0.0,1319.58,WALLET,KOTAK,BANK_TIMEOUT,21,RETRY_NOW,0
0.4444444444444444,0.9,2295.69,NETBANKING,SBI,CARD_EXPIRED,15,RETRY_NOW,0
0.9516129032258065,0.3333333333333333,589.78,UPI,ICICI,CARD_EXPIRED,21,RETRY_NOW,1
0.7083333333333334,0.5714285714285714,6515.39,CARD,KOTAK,BANK_TIMEOUT,10,RETRY_LATER,1
0.9702970297029703,0.3333333333333333,3290.42,CARD,ICICI,INSUFFICIENT_FUNDS,10,RETRY_NOW,1
0.8433734939759037,0.6923076923076923,3725.35,UPI,KOTAK,LIMIT_EXCEEDED,0,NO_ACTION,0
0.8282828282828283,0.23529411764705882,5305.85,WALLET,ICICI,CARD_EXPIRED,15,RETRY_LATER,1
0.7906976744186046,0.5555555555555556,1492.72,WALLET,KOTAK,INSUFFICIENT_FUNDS,11,NO_ACTION,0
0.9838709677419355,0.0,6059.85,UPI,HDFC,BANK_TIMEOUT,1,SEND_REMINDER,0
0.8152173913043478,0.8823529411764706,8307.73,CARD,ICICI,AUTHENTICATION_FAILED,1,RETRY_LATER,1
0.9714285714285714,0.0,4239.41,NETBANKING,KOTAK,BANK_TIMEOUT,20,NO_ACTION,0
0.9333333333333333,0.0,8153.77,CARD,KOTAK,LIMIT_EXCEEDED,13,RETRY_NOW,0
0.8222222222222222,0.875,2779.22,UPI,HDFC,NETWORK_ERROR,9,RETRY_LATER,1
1.0,0.0,5096.98,NETBANKING,KOTAK,INSUFFICIENT_FUNDS,13,RETRY_NOW,0
0.6666666666666666,0.125,3693.65,CARD,AXIS,LIMIT_EXCEEDED,16,NO_ACTION,0
0.8653846153846154,0.0,203.15,CARD,SBI,INSUFFICIENT_FUNDS,6,RETRY_NOW,0
0.912621359223301,1.0,3939.81,NETBANKING,YESBANK,INSUFFICIENT_FUNDS,17,SEND_REMINDER,1
0.8571428571428571,0.7777777777777778,5318.44,UPI,HDFC,LIMIT_EXCEEDED,22,SEND_REMINDER,1
0.9555555555555556,0.0,4540.43,UPI,AXIS,CARD_EXPIRED,7,RETRY_NOW,0
0.7802197802197802,0.3,7255.5,WALLET,YESBANK,LIMIT_EXCEEDED,3,SEND_REMINDER,0
0.851063829787234,0.8571428571428571,8460.29,WALLET,SBI,BANK_TIMEOUT,22,RETRY_NOW,0
0.5714285714285714,0.0,2436.7,UPI,YESBANK,NETWORK_ERROR,18,NO_ACTION,0
0.8876404494382022,0.2,1958.96,UPI,ICICI,AUTHENTICATION_FAILED,15,RETRY_NOW,0
0.822429906542056,0.47368421052631576,4263.25,CARD,KOTAK,CARD_EXPIRED,15,SEND_REMINDER,1
0.8571428571428571,0.7142857142857143,4125.58,NETBANKING,ICICI,INSUFFICIENT_FUNDS,8,SEND_REMINDER,1
0.6909090909090909,0.23529411764705882,3772.38,WALLET,HDFC,AUTHENTICATION_FAILED,14,RETRY_LATER,0
0.9565217391304348,1.0,960.86,CARD,ICICI,CARD_EXPIRED,20,NO_ACTION,0
0.875,0.8,9370.77,CARD,KOTAK,AUTHENTICATION_FAILED,13,RETRY_LATER,0
0.7142857142857143,0.5,9090.19,UPI,HDFC,NETWORK_ERROR,6,RETRY_LATER,1
0.5909090909090909,0.6666666666666666,1284.07,UPI,ICICI,LIMIT_EXCEEDED,19,NO_ACTION,0
0.96,1.0,3785.84,CARD,ICICI,INSUFFICIENT_FUNDS,13,SEND_REMINDER,1
0.7846153846153846,0.7857142857142857,9299.96,NETBANKING,SBI,NETWORK_ERROR,7,RETRY_NOW,1
0.9326923076923077,0.7142857142857143,9746.36,CARD,HDFC,CARD_EXPIRED,6,NO_ACTION,0
0.8235294117647058,0.2777777777777778,4550.48,NETBANKING,KOTAK,NETWORK_ERROR,5,NO_ACTION,0
0.6727272727272727,0.7222222222222222,699.62,CARD,SBI,NETWORK_ERROR,5,RETRY_LATER,1
0.8571428571428571,0.0,6781.8,CARD,ICICI,BANK_TIMEOUT,13,RETRY_NOW,0
0.7285714285714285,0.7894736842105263,4853.83,WALLET,ICICI,AUTHENTICATION_FAILED,20,NO_ACTION,0
0.9886363636363636,1.0,9582.24,CARD,HDFC,INSUFFICIENT_FUNDS,1,NO_ACTION,0
0.6428571428571429,0.55,4848.03,CARD,HDFC,INSUFFICIENT_FUNDS,8,SEND_REMINDER,0
0.48,0.6923076923076923,1700.49,WALLET,YESBANK,INSUFFICIENT_FUNDS,2,NO_ACTION,0
0.9339622641509434,0.5714285714285714,8407.09,CARD,SBI,BANK_TIMEOUT,19,SEND_REMINDER,0
0.8214285714285714,0.8,6754.72,UPI,ICICI,LIMIT_EXCEEDED,23,RETRY_LATER,0
0.8571428571428571,0.6875,9587.24,NETBANKING,SBI,NETWORK_ERROR,18,RETRY_LATER,1
0.9523809523809523,0.6,1911.68,UPI,KOTAK,INSUFFICIENT_FUNDS,4,RETRY_LATER,1
0.8454545454545455,0.11764705882352941,7835.6,WALLET,AXIS,NETWORK_ERROR,15,SEND_REMINDER,0
0.5,0.05,2274.09,WALLET,KOTAK,AUTHENTICATION_FAILED,14,RETRY_NOW,0
0.9636363636363636,0.0,9739.28,WALLET,ICICI,BANK_TIMEOUT,20,NO_ACTION,0
0.859375,0.6666666666666666,9194.35,UPI,KOTAK,INSUFFICIENT_FUNDS,6,NO_ACTION,0
0.525,0.631578947368421,3605.56,CARD,AXIS,INSUFFICIENT_FUNDS,23,NO_ACTION,0
0.6428571428571429,0.8,4357.49,UPI,YESBANK,BANK_TIMEOUT,2,NO_ACTION,0
0.3,0.9285714285714286,7319.02,UPI,YESBANK,AUTHENTICATION_FAILED,19,RETRY_NOW,1
0.7837837837837838,0.5,9955.33,WALLET,KOTAK,LIMIT_EXCEEDED,21,SEND_REMINDER,1
0.9680851063829787,0.6666666666666666,5364.46,NETBANKING,KOTAK,CARD_EXPIRED,16,NO_ACTION,0
0.8981481481481481,0.5454545454545454,8767.8,NETBANKING,SBI,BANK_TIMEOUT,19,RETRY_NOW,0
0.25925925925925924,0.1,7566.28,WALLET,AXIS,NETWORK_ERROR,21,NO_ACTION,0
0.828125,1.0,3782.48,UPI,YESBANK,BANK_TIMEOUT,21,SEND_REMINDER,0
0.6666666666666666,0.5714285714285714,3587.45,CARD,KOTAK,BANK_TIMEOUT,19,NO_ACTION,0
0.23809523809523808,0.625,1984.88,UPI,AXIS,AUTHENTICATION_FAILED,21,NO_ACTION,0
0.5384615384615384,0.8333333333333334,6742.25,NETBANKING,AXIS,NETWORK_ERROR,3,RETRY_LATER,1
0.3793103448275862,0.3888888888888889,4119.41,WALLET,KOTAK,NETWORK_ERROR,12,SEND_REMINDER,0
0.71875,0.5555555555555556,5970.48,CARD,KOTAK,NETWORK_ERROR,8,SEND_REMINDER,0
0.9473684210526315,0.0,5800.12,WALLET,HDFC,LIMIT_EXCEEDED,17,RETRY_NOW,1
0.8936170212765957,0.1,1611.21,UPI,KOTAK,NETWORK_ERROR,7,RETRY_LATER,1
0.7704918032786885,0.7142857142857143,1421.36,UPI,AXIS,INSUFFICIENT_FUNDS,18,RETRY_LATER,1
0.5348837209302325,0.4,7494.52,CARD,AXIS,BANK_TIMEOUT,7,NO_ACTION,0
0.9081632653061225,0.5555555555555556,2257.75,WALLET,AXIS,BANK_TIMEOUT,4,RETRY_NOW,1
0.7183098591549296,1.0,8050.67,WALLET,SBI,NETWORK_ERROR,12,RETRY_NOW,0
0.9340659340659341,0.3333333333333333,7063.41,WALLET,ICICI,BANK_TIMEOUT,18,RETRY_LATER,1
0.7681159420289855,0.4375,6163.11,NETBANKING,KOTAK,NETWORK_ERROR,1,RETRY_LATER,1
0.8867924528301887,0.8333333333333334,3484.12,WALLET,SBI,AUTHENTICATION_FAILED,9,RETRY_LATER,1
0.872093023255814,0.09090909090909091,4545.29,NETBANKING,SBI,NETWORK_ERROR,11,RETRY_NOW,1
0.9166666666666666,0.8,1979.79,WALLET,HDFC,INSUFFICIENT_FUNDS,19,SEND_REMINDER,1
0.7272727272727273,0.4166666666666667,2354.96,NETBANKING,ICICI,AUTHENTICATION_FAILED,16,NO_ACTION,0
0.7346938775510204,0.23076923076923078,1808.46,CARD,HDFC,CARD_EXPIRED,19,RETRY_NOW,0
0.8541666666666666,0.42857142857142855,8986.99,WALLET,SBI,INSUFFICIENT_FUNDS,0,NO_ACTION,0
0.7419354838709677,0.3125,280.19,UPI,ICICI,CARD_EXPIRED,21,NO_ACTION,0
0.5348837209302325,0.4,2069.89,WALLET,YESBANK,NETWORK_ERROR,23,NO_ACTION,0
0.84,0.6875,3670.12,CARD,KOTAK,BANK_TIMEOUT,21,NO_ACTION,0
0.8585858585858586,1.0,9689.72,CARD,YESBANK,CARD_EXPIRED,15,RETRY_LATER,0
0.7534246575342466,0.4444444444444444,3630.33,UPI,HDFC,BANK_TIMEOUT,18,SEND_REMINDER,0
0.9411764705882353,0.5,6931.37,NETBANKING,AXIS,LIMIT_EXCEEDED,0,SEND_REMINDER,0
0.5714285714285714,0.0,149.73,NETBANKING,ICICI,NETWORK_ERROR,15,RETRY_NOW,0
0.5555555555555556,0.4,5953.43,NETBANKING,YESBANK,NETWORK_ERROR,13,RETRY_NOW,0
0.34782608695652173,0.4,5652.87,NETBANKING,AXIS,INSUFFICIENT_FUNDS,13,NO_ACTION,0
1.0,0.0,9946.2,WALLET,KOTAK,LIMIT_EXCEEDED,12,NO_ACTION,0
0.5555555555555556,0.4,617.05,UPI,HDFC,CARD_EXPIRED,13,RETRY_LATER,0
0.8181818181818182,0.0,4441.26,NETBANKING,KOTAK,CARD_EXPIRED,8,RETRY_LATER,0
0.9038461538461539,0.6,5831.37,UPI,YESBANK,LIMIT_EXCEEDED,16,RETRY_LATER,0
0.797752808988764,0.1111111111111111,4305.93,UPI,AXIS,NETWORK_ERROR,17,RETRY_NOW,0
0.7037037037037037,0.5625,4122.14,UPI,YESBANK,CARD_EXPIRED,15,RETRY_LATER,1
0.7183098591549296,0.3,1490.44,NETBANKING,AXIS,LIMIT_EXCEEDED,3,RETRY_NOW,0
0.88,0.0,6911.34,NETBANKING,YESBANK,BANK_TIMEOUT,16,RETRY_LATER,0
0.45454545454545453,0.8333333333333334,7502.93,NETBANKING,ICICI,NETWORK_ERROR,19,SEND_REMINDER,0
0.9879518072289156,0.0,8787.41,NETBANKING,SBI,NETWORK_ERROR,4,RETRY_NOW,0
0.8837209302325582,0.2,3272.51,CARD,ICICI,LIMIT_EXCEEDED,8,RETRY_NOW,0
0.8941176470588236,0.2222222222222222,512.52,CARD,YESBANK,AUTHENTICATION_FAILED,17,NO_ACTION,0
0.9523809523809523,1.0,6891.98,UPI,SBI,LIMIT_EXCEEDED,2,RETRY_LATER,1
0.8674698795180723,0.9090909090909091,7325.34,CARD,YESBANK,CARD_EXPIRED,4,RETRY_NOW,1
0.8990825688073395,0.2727272727272727,9801.62,CARD,SBI,INSUFFICIENT_FUNDS,2,RETRY_LATER,0
0.9801980198019802,0.0,4774.79,UPI,HDFC,INSUFFICIENT_FUNDS,20,RETRY_NOW,0
0.92,0.0,7852.9,WALLET,ICICI,CARD_EXPIRED,23,RETRY_LATER,1
0.9702970297029703,0.3333333333333333,7171.94,NETBANKING,YESBANK,INSUFFICIENT_FUNDS,9,NO_ACTION,0
0.7692307692307693,1.0,618.14,UPI,SBI,INSUFFICIENT_FUNDS,13,SEND_REMINDER,1
0.7638888888888888,0.17647058823529413,5213.37,WALLET,YESBANK,LIMIT_EXCEEDED,6,SEND_REMINDER,0
0.8208955223880597,0.5,8484.61,CARD,YESBANK,INSUFFICIENT_FUNDS,10,RETRY_LATER,0
0.660377358490566,0.0,5888.88,UPI,AXIS,BANK_TIMEOUT,20,RETRY_LATER,1
0.90625,0.0,1444.01,WALLET,HDFC,AUTHENTICATION_FAILED,15,NO_ACTION,0
0.896551724137931,0.8888888888888888,3181.58,CARD,SBI,AUTHENTICATION_FAILED,5,RETRY_LATER,1
0.9090909090909091,0.0,8979.84,CARD,KOTAK,CARD_EXPIRED,22,SEND_REMINDER,1
0.7183098591549296,0.45,6246.2,WALLET,SBI,LIMIT_EXCEEDED,12,RETRY_LATER,0
0.6595744680851063,0.0,8401.62,CARD,HDFC,LIMIT_EXCEEDED,6,RETRY_LATER,0
0.8425925925925926,0.47058823529411764,7046.66,WALLET,YESBANK,CARD_EXPIRED,23,RETRY_NOW,0
0.7792207792207793,0.47058823529411764,3307.67,WALLET,KOTAK,LIMIT_EXCEEDED,8,RETRY_NOW,0
0.8425925925925926,0.47058823529411764,9167.27,NETBANKING,YESBANK,LIMIT_EXCEEDED,9,NO_ACTION,0
0.975609756097561,0.5,6565.89,CARD,YESBANK,CARD_EXPIRED,5,RETRY_NOW,0
0.9326923076923077,0.14285714285714285,8138.94,NETBANKING,KOTAK,NETWORK_ERROR,1,SEND_REMINDER,1
0.6909090909090909,0.23529411764705882,4172.89,UPI,AXIS,AUTHENTICATION_FAILED,0,RETRY_LATER,0
0.8235294117647058,1.0,2007.22,CARD,YESBANK,BANK_TIMEOUT,17,SEND_REMINDER,1
0.921875,1.0,3952.17,CARD,KOTAK,AUTHENTICATION_FAILED,9,NO_ACTION,0
0.6904761904761905,0.6153846153846154,5920.58,WALLET,YESBANK,INSUFFICIENT_FUNDS,10,SEND_REMINDER,1
0.9325842696629213,1.0,7337.38,NETBANKING,AXIS,CARD_EXPIRED,2,SEND_REMINDER,1
0.9807692307692307,1.0,6652.21,UPI,KOTAK,LIMIT_EXCEEDED,11,RETRY_LATER,1
0.7,0.3333333333333333,7709.66,CARD,AXIS,LIMIT_EXCEEDED,4,NO_ACTION,0
0.9603960396039604,0.0,8076.89,NETBANKING,SBI,LIMIT_EXCEEDED,19,RETRY_NOW,0
0.9259259259259259,0.5,9628.9,UPI,AXIS,LIMIT_EXCEEDED,17,RETRY_NOW,0
0.7407407407407407,0.42857142857142855,8077.41,WALLET,YESBANK,AUTHENTICATION_FAILED,4,RETRY_LATER,0
0.25,0.3333333333333333,6609.7,WALLET,AXIS,INSUFFICIENT_FUNDS,12,SEND_REMINDER,0
0.8902439024390244,1.0,1144.85,CARD,ICICI,INSUFFICIENT_FUNDS,1,RETRY_LATER,1
0.828125,1.0,2257.86,NETBANKING,SBI,NETWORK_ERROR,5,NO_ACTION,0
0.8208955223880597,0.5833333333333334,4169.91,CARD,YESBANK,INSUFFICIENT_FUNDS,5,RETRY_LATER,1
0.8380952380952381,0.29411764705882354,3141.27,CARD,YESBANK,NETWORK_ERROR,3,RETRY_NOW,1
0.9583333333333334,1.0,3629.3,CARD,KOTAK,AUTHENTICATION_FAILED,5,RETRY_LATER,0
0.9333333333333333,0.5,4038.87,WALLET,KOTAK,CARD_EXPIRED,1,SEND_REMINDER,0
0.47058823529411764,0.7777777777777778,7919.52,CARD,HDFC,INSUFFICIENT_FUNDS,4,RETRY_NOW,0
0.984375,1.0,9494.04,WALLET,SBI,CARD_EXPIRED,10,NO_ACTION,0
0.8591549295774648,0.4,5785.15,UPI,SBI,AUTHENTICATION_FAILED,22,SEND_REMINDER,1
0.78125,0.2857142857142857,6585.47,NETBANKING,AXIS,INSUFFICIENT_FUNDS,15,RETRY_LATER,0
0.896551724137931,0.3333333333333333,6813.71,CARD,HDFC,CARD_EXPIRED,5,RETRY_NOW,1
0.4482758620689655,0.4375,1015.03,CARD,ICICI,BANK_TIMEOUT,22,NO_ACTION,0
0.7285714285714285,1.0,8745.61,WALLET,SBI,LIMIT_EXCEEDED,20,RETRY_LATER,1
0.8488372093023255,0.5384615384615384,5493.69,NETBANKING,SBI,LIMIT_EXCEEDED,6,NO_ACTION,0
0.6875,0.1,9421.0,UPI,KOTAK,CARD_EXPIRED,22,SEND_REMINDER,1
0.9146341463414634,0.0,8154.16,CARD,KOTAK,NETWORK_ERROR,18,NO_ACTION,0
0.9545454545454546,1.0,7614.23,CARD,SBI,CARD_EXPIRED,21,RETRY_NOW,1
0.8157894736842105,0.0,9156.14,WALLET,SBI,INSUFFICIENT_FUNDS,18,RETRY_LATER,0
0.9777777777777777,1.0,4817.68,CARD,KOTAK,AUTHENTICATION_FAILED,5,RETRY_NOW,1
0.8761904761904762,0.3076923076923077,6585.93,UPI,ICICI,NETWORK_ERROR,20,NO_ACTION,0
0.8095238095238095,1.0,1810.99,UPI,KOTAK,NETWORK_ERROR,19,RETRY_LATER,0
0.5384615384615384,0.8333333333333334,3446.05,WALLET,ICICI,INSUFFICIENT_FUNDS,11,RETRY_NOW,1
0.8387096774193549,0.7333333333333333,5074.44,WALLET,ICICI,AUTHENTICATION_FAILED,9,RETRY_LATER,1
0.5609756097560976,0.7777777777777778,3128.3,NETBANKING,ICICI,LIMIT_EXCEEDED,19,NO_ACTION,0
0.8155339805825242,0.42105263157894735,6122.57,WALLET,YESBANK,INSUFFICIENT_FUNDS,13,NO_ACTION,0
0.7721518987341772,0.3333333333333333,8593.71,WALLET,ICICI,CARD_EXPIRED,6,RETRY_LATER,1
0.8620689655172413,0.75,4425.71,UPI,KOTAK,BANK_TIMEOUT,6,RETRY_NOW,1
0.6410256410256411,0.14285714285714285,6009.5,CARD,KOTAK,AUTHENTICATION_FAILED,18,SEND_REMINDER,1
1.0,0.0,5096.98,NETBANKING,KOTAK,INSUFFICIENT_FUNDS,13,SEND_REMINDER,0
0.9333333333333333,0.4,7407.17,UPI,KOTAK,LIMIT_EXCEEDED,4,RETRY_NOW,0
0.8831168831168831,0.7777777777777778,1221.03,NETBANKING,ICICI,CARD_EXPIRED,5,NO_ACTION,0
0.6052631578947368,0.4,5463.42,CARD,KOTAK,AUTHENTICATION_FAILED,5,RETRY_NOW,1
0.8285714285714286,0.5,9382.15,CARD,YESBANK,INSUFFICIENT_FUNDS,15,RETRY_NOW,0
0.8831168831168831,0.7777777777777778,4963.38,NETBANKING,KOTAK,INSUFFICIENT_FUNDS,3,RETRY_LATER,1
0.45454545454545453,0.8333333333333334,2654.6,CARD,KOTAK,NETWORK_ERROR,1,SEND_REMINDER,1
0.9090909090909091,0.5,6744.64,WALLET,ICICI,BANK_TIMEOUT,1,RETRY_LATER,1
0.9,0.2,4609.48,NETBANKING,KOTAK,CARD_EXPIRED,11,RETRY_LATER,0
0.8365384615384616,0.7058823529411765,5808.73,NETBANKING,ICICI,LIMIT_EXCEEDED,1,SEND_REMINDER,1
0.7931034482758621,0.8333333333333334,7543.86,CARD,HDFC,BANK_TIMEOUT,8,RETRY_LATER,1
0.8709677419354839,0.5,6869.1,UPI,ICICI,BANK_TIMEOUT,3,NO_ACTION,0
0.5277777777777778,0.6470588235294118,9309.28,WALLET,YESBANK,NETWORK_ERROR,8,RETRY_NOW,1
0.4444444444444444,0.55,7158.65,WALLET,YESBANK,INSUFFICIENT_FUNDS,11,RETRY_LATER,1
0.6590909090909091,0.3333333333333333,8821.59,NETBANKING,YESBANK,LIMIT_EXCEEDED,0,SEND_REMINDER,0
0.9459459459459459,0.5,841.83,UPI,HDFC,INSUFFICIENT_FUNDS,2,NO_ACTION,0
0.8152173913043478,0.9411764705882353,1660.87,NETBANKING,ICICI,AUTHENTICATION_FAILED,14,SEND_REMINDER,0
0.6764705882352942,0.2727272727272727,3476.74,NETBANKING,HDFC,AUTHENTICATION_FAILED,1,RETRY_LATER,0
0.8222222222222222,0.1875,9325.86,UPI,ICICI,CARD_EXPIRED,13,RETRY_LATER,0
0.8148148148148148,0.2,7299.75,CARD,AXIS,AUTHENTICATION_FAILED,20,RETRY_NOW,0
0.6764705882352942,0.18181818181818182,7249.91,WALLET,KOTAK,LIMIT_EXCEEDED,5,RETRY_LATER,1
0.8771929824561403,0.7857142857142857,6794.75,CARD,ICICI,INSUFFICIENT_FUNDS,15,SEND_REMINDER,1
0.8596491228070176,1.0,977.24,CARD,AXIS,AUTHENTICATION_FAILED,21,RETRY_NOW,1
0.525,0.631578947368421,9755.59,WALLET,SBI,CARD_EXPIRED,16,RETRY_NOW,0
0.9583333333333334,1.0,3629.3,CARD,KOTAK,AUTHENTICATION_FAILED,5,RETRY_NOW,0
0.8958333333333334,0.0,1319.58,WALLET,KOTAK,BANK_TIMEOUT,21,SEND_REMINDER,0
0.6904761904761905,0.07692307692307693,6799.42,UPI,KOTAK,BANK_TIMEOUT,12,RETRY_LATER,0
0.8823529411764706,1.0,3150.51,UPI,YESBANK,CARD_EXPIRED,5,RETRY_NOW,0
1.0,0.0,6586.69,WALLET,HDFC,INSUFFICIENT_FUNDS,1,RETRY_LATER,0
0.9213483146067416,1.0,6176.92,NETBANKING,HDFC,AUTHENTICATION_FAILED,10,RETRY_NOW,1
0.8910891089108911,0.0,2328.3,UPI,AXIS,CARD_EXPIRED,4,RETRY_LATER,0
0.8080808080808081,0.7894736842105263,1482.03,WALLET,AXIS,LIMIT_EXCEEDED,17,SEND_REMINDER,1
0.8804347826086957,0.0,5591.69,NETBANKING,YESBANK,INSUFFICIENT_FUNDS,14,NO_ACTION,0
0.8936170212765957,0.1,5510.88,WALLET,ICICI,CARD_EXPIRED,16,NO_ACTION,0
0.45454545454545453,0.0,7148.72,WALLET,HDFC,LIMIT_EXCEEDED,22,SEND_REMINDER,0
0.8571428571428571,0.0,7825.34,WALLET,AXIS,BANK_TIMEOUT,21,RETRY_NOW,0
0.782608695652174,0.15,6256.88,WALLET,ICICI,INSUFFICIENT_FUNDS,4,NO_ACTION,0
0.8695652173913043,0.08333333333333333,1516.34,NETBANKING,KOTAK,NETWORK_ERROR,10,NO_ACTION,0
0.9801980198019802,0.0,406.59,NETBANKING,YESBANK,BANK_TIMEOUT,2,SEND_REMINDER,1
0.8613861386138614,0.5,2911.05,UPI,AXIS,AUTHENTICATION_FAILED,17,RETRY_LATER,0
0.8771929824561403,0.7857142857142857,6794.75,CARD,ICICI,INSUFFICIENT_FUNDS,15,NO_ACTION,0
0.9210526315789473,0.3333333333333333,5168.84,NETBANKING,HDFC,NETWORK_ERROR,10,NO_ACTION,0
0.5,0.4,1887.47,CARD,AXIS,BANK_TIMEOUT,4,RETRY_LATER,1
0.6875,1.0,6683.62,CARD,KOTAK,AUTHENTICATION_FAILED,13,RETRY_NOW,1
0.5945945945945946,0.9333333333333333,5009.82,CARD,SBI,BANK_TIMEOUT,17,NO_ACTION,0
0.6216216216216216,1.0,254.84,CARD,SBI,NETWORK_ERROR,8,NO_ACTION,0
0.9310344827586207,0.75,5221.38,CARD,SBI,CARD_EXPIRED,21,NO_ACTION,0
0.979381443298969,0.5,7466.39,CARD,KOTAK,BANK_TIMEOUT,11,SEND_REMINDER,0
0.7764705882352941,0.3684210526315789,9310.31,CARD,AXIS,AUTHENTICATION_FAILED,22,NO_ACTION,0
0.890625,0.42857142857142855,6074.79,CARD,YESBANK,LIMIT_EXCEEDED,1,RETRY_LATER,1
0.7692307692307693,1.0,2716.32,NETBANKING,SBI,AUTHENTICATION_FAILED,6,RETRY_NOW,1
0.8130841121495327,0.55,9365.6,CARD,SBI,NETWORK_ERROR,21,NO_ACTION,0
0.631578947368421,0.14285714285714285,5503.46,CARD,KOTAK,AUTHENTICATION_FAILED,1,SEND_REMINDER,0
0.8157894736842105,0.0,8634.83,UPI,AXIS,INSUFFICIENT_FUNDS,6,NO_ACTION,0
0.835820895522388,0.6363636363636364,611.59,UPI,SBI,LIMIT_EXCEEDED,10,NO_ACTION,0
0.8656716417910447,0.4444444444444444,1950.64,UPI,ICICI,BANK_TIMEOUT,18,RETRY_NOW,0
0.7692307692307693,1.0,3439.26,WALLET,KOTAK,BANK_TIMEOUT,11,NO_ACTION,0
0.6666666666666666,0.125,1030.78,CARD,AXIS,LIMIT_EXCEEDED,4,NO_ACTION,0
0.782608695652174,0.4666666666666667,3828.56,UPI,YESBANK,AUTHENTICATION_FAILED,18,SEND_REMINDER,0
0.7701149425287356,0.05,6228.82,WALLET,YESBANK,LIMIT_EXCEEDED,15,RETRY_NOW,0
0.8214285714285714,0.8,6217.66,NETBANKING,ICICI,NETWORK_ERROR,6,RETRY_LATER,1
0.23809523809523808,0.625,4673.06,UPI,KOTAK,AUTHENTICATION_FAILED,16,RETRY_LATER,0
0.8235294117647058,0.0,9958.61,NETBANKING,AXIS,NETWORK_ERROR,8,SEND_REMINDER,0
0.47058823529411764,0.16666666666666666,1787.36,WALLET,HDFC,NETWORK_ERROR,15,RETRY_LATER,1
0.9615384615384616,1.0,6243.64,WALLET,KOTAK,CARD_EXPIRED,7,NO_ACTION,0
0.8235294117647058,0.2777777777777778,3117.57,NETBANKING,AXIS,INSUFFICIENT_FUNDS,16,NO_ACTION,0
0.8235294117647058,0.0,4306.18,NETBANKING,ICICI,LIMIT_EXCEEDED,11,SEND_REMINDER,0
0.32142857142857145,0.9473684210526315,1824.69,UPI,HDFC,AUTHENTICATION_FAILED,13,RETRY_NOW,1
0.8,0.9,6376.82,UPI,AXIS,LIMIT_EXCEEDED,13,SEND_REMINDER,1
0.8823529411764706,0.75,3385.97,NETBANKING,KOTAK,LIMIT_EXCEEDED,19,SEND_REMINDER,1
0.8777777777777778,0.6363636363636364,6008.26,CARD,ICICI,NETWORK_ERROR,18,RETRY_LATER,1
0.88,0.0,6911.34,NETBANKING,YESBANK,BANK_TIMEOUT,16,RETRY_NOW,0
0.9072164948453608,0.4444444444444444,8371.98,UPI,HDFC,CARD_EXPIRED,20,SEND_REMINDER,1
0.631578947368421,0.14285714285714285,563.71,NETBANKING,KOTAK,AUTHENTICATION_FAILED,20,SEND_REMINDER,0
0.9117647058823529,0.0,1218.72,NETBANKING,KOTAK,BANK_TIMEOUT,6,SEND_REMINDER,0
0.6724137931034483,0.7894736842105263,660.15,WALLET,AXIS,LIMIT_EXCEEDED,10,NO_ACTION,0
0.5833333333333334,0.5333333333333333,3620.45,CARD,KOTAK,AUTHENTICATION_FAILED,9,SEND_REMINDER,0
0.7424242424242424,0.35294117647058826,2011.54,UPI,SBI,NETWORK_ERROR,18,RETRY_LATER,1
0.47058823529411764,0.7777777777777778,8338.39,UPI,HDFC,LIMIT_EXCEEDED,15,RETRY_LATER,0
0.8823529411764706,1.0,1635.26,CARD,KOTAK,BANK_TIMEOUT,8,RETRY_NOW,1
0.8571428571428571,0.4,485.93,WALLET,HDFC,CARD_EXPIRED,20,NO_ACTION,0
0.42857142857142855,0.125,9282.35,CARD,ICICI,NETWORK_ERROR,20,RETRY_LATER,1
0.859375,0.6666666666666666,7651.0,NETBANKING,KOTAK,CARD_EXPIRED,12,RETRY_NOW,0
0.9540229885057471,0.5,8288.1,CARD,KOTAK,BANK_TIMEOUT,7,RETRY_LATER,0
0.47058823529411764,0.7777777777777778,7919.52,CARD,HDFC,INSUFFICIENT_FUNDS,4,NO_ACTION,0
0.8095238095238095,0.5,8371.98,NETBANKING,HDFC,INSUFFICIENT_FUNDS,14,RETRY_LATER,0
0.7468354430379747,0.95,9867.12,NETBANKING,KOTAK,LIMIT_EXCEEDED,15,RETRY_NOW,0
0.8666666666666667,0.42857142857142855,4795.79,UPI,YESBANK,AUTHENTICATION_FAILED,9,RETRY_NOW,1
0.8369565217391305,0.4,7688.04,WALLET,ICICI,BANK_TIMEOUT,11,RETRY_NOW,0
0.94,0.16666666666666666,8293.9,UPI,ICICI,CARD_EXPIRED,21,NO_ACTION,0
0.8909090909090909,0.3333333333333333,2185.9,WALLET,YESBANK,NETWORK_ERROR,16,RETRY_NOW,0
0.8260869565217391,0.75,5484.64,CARD,KOTAK,NETWORK_ERROR,13,SEND_REMINDER,0
0.7049180327868853,0.5555555555555556,3855.15,NETBANKING,ICICI,NETWORK_ERROR,10,SEND_REMINDER,0
0.8762886597938144,0.0,1091.99,UPI,ICICI,LIMIT_EXCEEDED,5,NO_ACTION,0
0.8301886792452831,0.3333333333333333,4228.01,UPI,YESBANK,BANK_TIMEOUT,0,RETRY_LATER,1
0.8867924528301887,0.8333333333333334,6734.83,WALLET,AXIS,LIMIT_EXCEEDED,15,NO_ACTION,0
0.8235294117647058,0.2777777777777778,6991.99,UPI,KOTAK,BANK_TIMEOUT,4,RETRY_LATER,0
0.5641025641025641,0.0,635.68,UPI,ICICI,LIMIT_EXCEEDED,2,SEND_REMINDER,1
0.8153846153846154,0.9166666666666666,9974.14,WALLET,AXIS,NETWORK_ERROR,20,RETRY_LATER,1
0.7681159420289855,0.4375,6671.99,WALLET,KOTAK,BANK_TIMEOUT,20,RETRY_NOW,1
0.9382716049382716,0.8,4852.68,UPI,HDFC,INSUFFICIENT_FUNDS,5,NO_ACTION,0
0.8392857142857143,0.0,3335.27,NETBANKING,SBI,CARD_EXPIRED,9,SEND_REMINDER,1
0.7941176470588235,0.5714285714285714,7263.7,NETBANKING,AXIS,CARD_EXPIRED,21,RETRY_NOW,0
0.8421052631578947,0.0,9392.33,CARD,SBI,NETWORK_ERROR,1,RETRY_NOW,0
0.5294117647058824,0.75,5696.68,NETBANKING,KOTAK,BANK_TIMEOUT,8,RETRY_LATER,1
0.9811320754716981,1.0,7730.1,WALLET,SBI,BANK_TIMEOUT,3,NO_ACTION,0
0.8596491228070176,1.0,618.03,UPI,KOTAK,LIMIT_EXCEEDED,10,RETRY_LATER,1
0.8229166666666666,0.7647058823529411,9882.54,UPI,YESBANK,INSUFFICIENT_FUNDS,3,NO_ACTION,0
0.8936170212765957,0.1,361.74,NETBANKING,KOTAK,LIMIT_EXCEEDED,7,NO_ACTION,0
0.8064516129032258,0.6666666666666666,7311.11,NETBANKING,KOTAK,NETWORK_ERROR,10,RETRY_NOW,1
0.7402597402597403,0.35,7997.29,UPI,YESBANK,LIMIT_EXCEEDED,1,NO_ACTION,0
0.9333333333333333,0.0,8949.96,UPI,AXIS,CARD_EXPIRED,18,SEND_REMINDER,1
0.5151515151515151,0.5625,1333.8,UPI,YESBANK,INSUFFICIENT_FUNDS,21,NO_ACTION,0
0.6444444444444445,0.625,5148.76,NETBANKING,ICICI,BANK_TIMEOUT,2,SEND_REMINDER,1
0.8809523809523809,0.4,2393.89,WALLET,YESBANK,BANK_TIMEOUT,6,SEND_REMINDER,0
0.797752808988764,0.5,1129.41,UPI,ICICI,AUTHENTICATION_FAILED,10,SEND_REMINDER,1
0.8787878787878788,0.25,7960.96,UPI,SBI,CARD_EXPIRED,7,SEND_REMINDER,1
0.6216216216216216,1.0,7917.85,CARD,YESBANK,INSUFFICIENT_FUNDS,18,RETRY_NOW,0
0.9777777777777777,1.0,8992.33,UPI,HDFC,LIMIT_EXCEEDED,2,NO_ACTION,0
0.7956989247311828,0.7894736842105263,3435.3,CARD,ICICI,BANK_TIMEOUT,0,RETRY_NOW,0
0.881578947368421,1.0,2620.87,WALLET,YESBANK,INSUFFICIENT_FUNDS,7,NO_ACTION,0
1.0,0.0,7508.46,NETBANKING,HDFC,INSUFFICIENT_FUNDS,19,RETRY_NOW,0
0.86,0.7857142857142857,1875.6,CARD,YESBANK,NETWORK_ERROR,1,SEND_REMINDER,1
0.84,0.6875,9848.08,WALLET,ICICI,INSUFFICIENT_FUNDS,17,NO_ACTION,0
0.7164179104477612,0.7894736842105263,3017.36,UPI,SBI,LIMIT_EXCEEDED,4,RETRY_LATER,0
0.7692307692307693,1.0,2856.81,NETBANKING,KOTAK,AUTHENTICATION_FAILED,5,RETRY_LATER,0
1.0,0.0,9685.31,UPI,ICICI,AUTHENTICATION_FAILED,0,RETRY_NOW,1
0.8636363636363636,0.7777777777777778,6678.71,NETBANKING,KOTAK,NETWORK_ERROR,8,RETRY_NOW,1
0.8172043010752689,0.23529411764705882,9547.75,WALLET,YESBANK,AUTHENTICATION_FAILED,4,RETRY_NOW,0
0.8169014084507042,0.5384615384615384,7713.21,UPI,KOTAK,INSUFFICIENT_FUNDS,22,RETRY_LATER,1
0.8148148148148148,0.2,5897.11,UPI,AXIS,AUTHENTICATION_FAILED,15,NO_ACTION,0
0.9473684210526315,0.25,7968.48,NETBANKING,ICICI,AUTHENTICATION_FAILED,13,RETRY_LATER,0
0.88,0.3333333333333333,413.13,WALLET,AXIS,INSUFFICIENT_FUNDS,2,SEND_REMINDER,0
0.9714285714285714,0.0,3632.73,UPI,AXIS,LIMIT_EXCEEDED,6,NO_ACTION,0
0.75,0.7894736842105263,1452.16,CARD,KOTAK,NETWORK_ERROR,3,SEND_REMINDER,1
0.8936170212765957,0.1,5644.92,CARD,AXIS,AUTHENTICATION_FAILED,19,RETRY_NOW,0
0.8571428571428571,0.6875,1522.84,UPI,ICICI,AUTHENTICATION_FAILED,17,SEND_REMINDER,0
0.8482142857142857,0.7647058823529411,9908.26,NETBANKING,HDFC,AUTHENTICATION_FAILED,17,RETRY_LATER,0
0.7192982456140351,0.3125,2522.43,NETBANKING,SBI,NETWORK_ERROR,9,RETRY_LATER,1
0.34782608695652173,0.4,8917.6,UPI,KOTAK,CARD_EXPIRED,5,SEND_REMINDER,0
0.5813953488372093,0.7777777777777778,4338.99,WALLET,AXIS,NETWORK_ERROR,21,SEND_REMINDER,0
0.9473684210526315,0.25,8117.84,UPI,KOTAK,LIMIT_EXCEEDED,8,SEND_REMINDER,1
0.828125,1.0,6055.0,UPI,ICICI,AUTHENTICATION_FAILED,23,RETRY_LATER,0
0.7,0.5555555555555556,5881.55,CARD,SBI,BANK_TIMEOUT,12,RETRY_NOW,1
0.82,1.0,3321.3,NETBANKING,HDFC,INSUFFICIENT_FUNDS,12,RETRY_NOW,1
0.9607843137254902,0.25,8808.11,CARD,ICICI,CARD_EXPIRED,20,SEND_REMINDER,0
0.96875,0.5,2256.58,NETBANKING,AXIS,LIMIT_EXCEEDED,14,RETRY_LATER,1
0.6136363636363636,0.058823529411764705,5101.78,UPI,ICICI,LIMIT_EXCEEDED,14,RETRY_NOW,0
0.94,1.0,1306.9,WALLET,ICICI,BANK_TIMEOUT,22,RETRY_NOW,1
0.5277777777777778,0.6470588235294118,6250.07,UPI,KOTAK,NETWORK_ERROR,3,RETRY_LATER,1
0.8780487804878049,0.6,8505.52,WALLET,SBI,BANK_TIMEOUT,4,RETRY_NOW,0
0.9204545454545454,0.14285714285714285,7800.96,NETBANKING,HDFC,LIMIT_EXCEEDED,16,RETRY_NOW,0
0.7432432432432432,0.8947368421052632,3107.38,NETBANKING,SBI,CARD_EXPIRED,14,NO_ACTION,0
0.7692307692307693,1.0,2856.81,NETBANKING,KOTAK,AUTHENTICATION_FAILED,5,RETRY_NOW,1
0.4444444444444444,0.9,2295.69,NETBANKING,SBI,CARD_EXPIRED,15,RETRY_LATER,0
0.927710843373494,0.8333333333333334,7027.59,CARD,YESBANK,BANK_TIMEOUT,9,SEND_REMINDER,1
0.9696969696969697,0.3333333333333333,3372.91,WALLET,SBI,AUTHENTICATION_FAILED,15,SEND_REMINDER,0
0.9629629629629629,0.6666666666666666,8250.07,NETBANKING,SBI,BANK_TIMEOUT,20,NO_ACTION,0
0.9333333333333333,0.0,4782.1,CARD,SBI,CARD_EXPIRED,11,SEND_REMINDER,0
0.9042553191489362,0.8888888888888888,1732.4,NETBANKING,SBI,CARD_EXPIRED,8,RETRY_LATER,0
0.9787234042553191,0.0,633.48,WALLET,ICICI,NETWORK_ERROR,9,RETRY_LATER,1
0.8461538461538461,0.3888888888888889,165.98,NETBANKING,YESBANK,INSUFFICIENT_FUNDS,2,RETRY_LATER,0
0.8481012658227848,0.0,9099.64,NETBANKING,AXIS,LIMIT_EXCEEDED,11,NO_ACTION,0
0.9072164948453608,0.4444444444444444,1385.64,CARD,AXIS,LIMIT_EXCEEDED,19,RETRY_NOW,1
0.9032258064516129,1.0,8232.69,WALLET,KOTAK,LIMIT_EXCEEDED,22,RETRY_LATER,1
0.8095238095238095,0.16666666666666666,9428.3,UPI,YESBANK,CARD_EXPIRED,22,RETRY_LATER,0
0.6851851851851852,0.7058823529411765,8373.74,NETBANKING,YESBANK,BANK_TIMEOUT,12,RETRY_LATER,0
0.9166666666666666,1.0,9946.67,WALLET,HDFC,LIMIT_EXCEEDED,1,SEND_REMINDER,0
0.7735849056603774,0.4166666666666667,7683.57,CARD,YESBANK,INSUFFICIENT_FUNDS,9,RETRY_LATER,1
0.890625,0.42857142857142855,8462.68,UPI,HDFC,NETWORK_ERROR,7,RETRY_LATER,1
0.7407407407407407,0.42857142857142855,8952.45,WALLET,SBI,BANK_TIMEOUT,20,SEND_REMINDER,0
0.9866666666666667,0.0,7871.66,NETBANKING,KOTAK,NETWORK_ERROR,10,SEND_REMINDER,1
0.9714285714285714,0.0,3632.73,UPI,AXIS,LIMIT_EXCEEDED,6,RETRY_LATER,0
0.8701298701298701,0.9,4869.29,UPI,SBI,CARD_EXPIRED,6,RETRY_LATER,1
0.94,0.16666666666666666,8449.16,CARD,KOTAK,INSUFFICIENT_FUNDS,11,SEND_REMINDER,1
0.8275862068965517,0.3333333333333333,556.8,UPI,ICICI,NETWORK_ERROR,21,RETRY_LATER,1
0.7,0.13333333333333333,8473.63,WALLET,YESBANK,BANK_TIMEOUT,11,RETRY_LATER,1
0.8205128205128205,0.42857142857142855,9173.06,CARD,SBI,LIMIT_EXCEEDED,16,NO_ACTION,0
0.7945205479452054,0.7333333333333333,5979.53,WALLET,AXIS,CARD_EXPIRED,7,RETRY_NOW,1
0.9479166666666666,0.6,1220.21,WALLET,HDFC,BANK_TIMEOUT,20,RETRY_LATER,1
0.6595744680851063,0.1875,6439.43,NETBANKING,AXIS,INSUFFICIENT_FUNDS,2,SEND_REMINDER,0
0.9,0.2,5242.13,UPI,ICICI,BANK_TIMEOUT,17,RETRY_NOW,1
0.6052631578947368,0.4,5463.42,CARD,KOTAK,AUTHENTICATION_FAILED,5,NO_ACTION,0
0.9333333333333333,0.0,1751.47,UPI,HDFC,LIMIT_EXCEEDED,5,RETRY_NOW,1
0.8,0.65,4109.02,UPI,ICICI,AUTHENTICATION_FAILED,4,RETRY_NOW,1
0.8478260869565217,0.0,6847.02,WALLET,YESBANK,INSUFFICIENT_FUNDS,20,NO_ACTION,0
0.8923076923076924,0.2857142857142857,2163.63,CARD,SBI,BANK_TIMEOUT,22,SEND_REMINDER,0
0.8181818181818182,0.0,3399.36,UPI,AXIS,BANK_TIMEOUT,18,RETRY_LATER,1
0.9607843137254902,0.25,3044.73,UPI,KOTAK,AUTHENTICATION_FAILED,18,SEND_REMINDER,0
0.25925925925925924,0.1,225.88,NETBANKING,HDFC,AUTHENTICATION_FAILED,16,SEND_REMINDER,0
0.3793103448275862,0.3888888888888889,5703.91,NETBANKING,ICICI,CARD_EXPIRED,7,RETRY_LATER,0
0.8350515463917526,0.8125,2526.78,NETBANKING,YESBANK,LIMIT_EXCEEDED,9,RETRY_LATER,0
0.3793103448275862,0.3888888888888889,1359.8,NETBANKING,HDFC,INSUFFICIENT_FUNDS,7,SEND_REMINDER,1
0.8214285714285714,0.8,5745.86,WALLET,HDFC,LIMIT_EXCEEDED,4,SEND_REMINDER,0
0.9166666666666666,0.8,9959.28,WALLET,KOTAK,CARD_EXPIRED,4,NO_ACTION,0
0.391304347826087,0.9285714285714286,4584.26,UPI,YESBANK,LIMIT_EXCEEDED,8,RETRY_LATER,1
0.8909090909090909,0.3333333333333333,2185.9,WALLET,YESBANK,NETWORK_ERROR,16,SEND_REMINDER,1
0.9552238805970149,0.0,2893.98,NETBANKING,ICICI,BANK_TIMEOUT,9,NO_ACTION,0
0.5384615384615384,0.0,7550.77,CARD,AXIS,LIMIT_EXCEEDED,15,SEND_REMINDER,1
0.9787234042553191,0.0,9217.81,NETBANKING,HDFC,BANK_TIMEOUT,6,NO_ACTION,0
0.7931034482758621,0.8333333333333334,3151.0,UPI,AXIS,CARD_EXPIRED,12,RETRY_LATER,0
0.71875,0.1111111111111111,8501.65,UPI,ICICI,NETWORK_ERROR,1,NO_ACTION,0
0.9473684210526315,0.25,7994.72,WALLET,HDFC,CARD_EXPIRED,13,NO_ACTION,0
1.0,0.0,2641.86,CARD,ICICI,CARD_EXPIRED,2,RETRY_NOW,0
0.8243243243243243,0.9230769230769231,284.14,UPI,YESBANK,AUTHENTICATION_FAILED,14,RETRY_LATER,0
0.90625,0.0,320.14,CARD,KOTAK,LIMIT_EXCEEDED,19,RETRY_NOW,1
0.7432432432432432,0.8947368421052632,5751.72,UPI,ICICI,LIMIT_EXCEEDED,9,SEND_REMINDER,0
0.3333333333333333,0.0,126.76,CARD,SBI,BANK_TIMEOUT,5,SEND_REMINDER,0
0.8660714285714286,0.8,844.92,NETBANKING,KOTAK,LIMIT_EXCEEDED,17,RETRY_NOW,0
0.9433962264150944,0.0,1533.31,UPI,HDFC,NETWORK_ERROR,2,RETRY_NOW,0
0.8095238095238095,0.5,6783.69,UPI,HDFC,BANK_TIMEOUT,17,SEND_REMINDER,1
0.8148148148148148,0.06666666666666667,146.65,WALLET,YESBANK,INSUFFICIENT_FUNDS,5,SEND_REMINDER,0
0.5384615384615384,0.8333333333333334,7524.89,WALLET,HDFC,INSUFFICIENT_FUNDS,5,NO_ACTION,0
0.8076923076923077,0.8,5852.08,UPI,HDFC,AUTHENTICATION_FAILED,18,SEND_REMINDER,1
0.9142857142857143,0.5,547.4,CARD,AXIS,AUTHENTICATION_FAILED,4,RETRY_NOW,1
0.8421052631578947,0.6666666666666666,8810.31,UPI,HDFC,CARD_EXPIRED,16,RETRY_LATER,1
0.8230088495575221,0.75,3748.99,WALLET,KOTAK,CARD_EXPIRED,10,NO_ACTION,0
0.9038461538461539,0.6,5831.37,UPI,YESBANK,LIMIT_EXCEEDED,16,NO_ACTION,0
0.6326530612244898,0.6666666666666666,7272.37,CARD,ICICI,AUTHENTICATION_FAILED,6,RETRY_LATER,0
0.2,0.4,6105.99,CARD,ICICI,LIMIT_EXCEEDED,12,RETRY_NOW,0
0.7428571428571429,0.8888888888888888,7054.13,CARD,HDFC,AUTHENTICATION_FAILED,17,NO_ACTION,0
0.28,0.5,8751.68,UPI,YESBANK,INSUFFICIENT_FUNDS,18,SEND_REMINDER,1
0.8877551020408163,1.0,9538.22,WALLET,ICICI,BANK_TIMEOUT,8,SEND_REMINDER,1
0.8928571428571429,0.6666666666666666,7905.11,NETBANKING,ICICI,NETWORK_ERROR,17,NO_ACTION,0
0.8266666666666667,0.6923076923076923,3859.03,NETBANKING,YESBANK,CARD_EXPIRED,1,RETRY_NOW,0
0.8208955223880597,0.5833333333333334,9334.51,UPI,YESBANK,BANK_TIMEOUT,3,SEND_REMINDER,0
0.8421052631578947,0.0,7145.06,WALLET,ICICI,INSUFFICIENT_FUNDS,12,SEND_REMINDER,1
0.5263157894736842,1.0,9024.95,UPI,HDFC,AUTHENTICATION_FAILED,0,NO_ACTION,0
0.8653846153846154,0.0,3637.92,WALLET,KOTAK,AUTHENTICATION_FAILED,23,NO_ACTION,0
0.9680851063829787,0.6666666666666666,2905.14,NETBANKING,HDFC,CARD_EXPIRED,0,NO_ACTION,0
0.65,1.0,5460.83,UPI,AXIS,CARD_EXPIRED,9,NO_ACTION,0
0.8214285714285714,0.8,1656.3,WALLET,SBI,INSUFFICIENT_FUNDS,4,SEND_REMINDER,1
0.9245283018867925,0.75,8864.27,CARD,HDFC,INSUFFICIENT_FUNDS,10,SEND_REMINDER,0
0.8130841121495327,0.55,6874.97,NETBANKING,YESBANK,BANK_TIMEOUT,3,NO_ACTION,0
0.8303571428571429,0.3684210526315789,8441.5,WALLET,HDFC,AUTHENTICATION_FAILED,11,NO_ACTION,0
0.6724137931034483,0.6842105263157895,5464.88,WALLET,ICICI,CARD_EXPIRED,14,RETRY_LATER,0
0.8787878787878788,0.625,2790.8,WALLET,HDFC,AUTHENTICATION_FAILED,17,RETRY_NOW,1
0.48,0.38461538461538464,3059.9,WALLET,ICICI,CARD_EXPIRED,2,RETRY_NOW,0
0.7647058823529411,0.16666666666666666,7333.73,NETBANKING,ICICI,NETWORK_ERROR,12,SEND_REMINDER,1
0.5384615384615384,0.08333333333333333,1200.2,UPI,AXIS,LIMIT_EXCEEDED,17,SEND_REMINDER,0
0.8461538461538461,1.0,1978.1,CARD,YESBANK,INSUFFICIENT_FUNDS,20,RETRY_NOW,0
0.8135593220338984,0.0,4341.88,UPI,HDFC,BANK_TIMEOUT,5,NO_ACTION,0
0.88,0.0,3887.63,WALLET,AXIS,BANK_TIMEOUT,9,RETRY_LATER,1
0.7625,0.3157894736842105,9010.37,NETBANKING,AXIS,NETWORK_ERROR,3,SEND_REMINDER,0
0.8508771929824561,0.8823529411764706,5672.48,CARD,KOTAK,INSUFFICIENT_FUNDS,10,SEND_REMINDER,1
0.5,0.6363636363636364,2261.62,NETBANKING,ICICI,NETWORK_ERROR,10,NO_ACTION,0
1.0,0.0,1683.74,WALLET,AXIS,BANK_TIMEOUT,0,RETRY_NOW,0
0.875,0.8,9370.77,CARD,KOTAK,AUTHENTICATION_FAILED,13,NO_ACTION,0
0.8133333333333334,0.9285714285714286,8523.11,NETBANKING,AXIS,AUTHENTICATION_FAILED,21,RETRY_NOW,1
0.717948717948718,0.45454545454545453,7958.83,UPI,AXIS,NETWORK_ERROR,10,RETRY_LATER,1
0.7704918032786885,0.7142857142857143,1421.36,UPI,AXIS,INSUFFICIENT_FUNDS,18,SEND_REMINDER,0
0.8125,0.5833333333333334,9432.86,NETBANKING,ICICI,LIMIT_EXCEEDED,20,RETRY_LATER,0
0.9210526315789473,0.3333333333333333,5618.69,CARD,SBI,NETWORK_ERROR,6,RETRY_NOW,0
0.7916666666666666,0.2,2587.23,WALLET,ICICI,CARD_EXPIRED,1,SEND_REMINDER,1
0.7906976744186046,0.5555555555555556,7266.44,CARD,ICICI,NETWORK_ERROR,17,RETRY_NOW,0
0.7530864197530864,0.6,3361.72,WALLET,YESBANK,AUTHENTICATION_FAILED,9,RETRY_NOW,0
0.8809523809523809,0.4,2393.89,WALLET,YESBANK,BANK_TIMEOUT,6,RETRY_LATER,1
0.8350515463917526,0.8125,7236.51,NETBANKING,KOTAK,LIMIT_EXCEEDED,4,SEND_REMINDER,0
0.7402597402597403,0.95,2001.52,NETBANKING,KOTAK,INSUFFICIENT_FUNDS,20,SEND_REMINDER,0
0.5384615384615384,0.6111111111111112,9700.24,WALLET,HDFC,CARD_EXPIRED,16,RETRY_NOW,0
0.8076923076923077,0.8,841.78,UPI,YESBANK,LIMIT_EXCEEDED,22,RETRY_LATER,1
0.9326923076923077,0.14285714285714285,7271.85,CARD,AXIS,INSUFFICIENT_FUNDS,15,SEND_REMINDER,1
0.8387096774193549,0.7333333333333333,4727.7,NETBANKING,ICICI,NETWORK_ERROR,18,NO_ACTION,0
0.75,0.2857142857142857,3292.77,WALLET,ICICI,CARD_EXPIRED,15,RETRY_NOW,0
0.9210526315789473,0.3333333333333333,1003.17,CARD,YESBANK,AUTHENTICATION_FAILED,22,RETRY_NOW,0
0.921875,1.0,7369.33,WALLET,KOTAK,INSUFFICIENT_FUNDS,0,RETRY_NOW,0
0.6808510638297872,0.8666666666666667,8320.49,UPI,SBI,INSUFFICIENT_FUNDS,8,SEND_REMINDER,0
0.7592592592592593,1.0,6888.75,CARD,ICICI,BANK_TIMEOUT,8,NO_ACTION,0
0.9090909090909091,0.0,8979.84,CARD,KOTAK,CARD_EXPIRED,22,RETRY_NOW,0
0.5277777777777778,0.6470588235294118,6250.07,UPI,KOTAK,NETWORK_ERROR,3,SEND_REMINDER,0
0.9247311827956989,0.14285714285714285,2409.03,NETBANKING,AXIS,LIMIT_EXCEEDED,1,RETRY_NOW,0
0.8461538461538461,1.0,9643.86,UPI,SBI,INSUFFICIENT_FUNDS,22,RETRY_NOW,1
0.88,0.0,4314.22,UPI,SBI,BANK_TIMEOUT,0,RETRY_LATER,1
0.45454545454545453,0.8333333333333334,5419.97,CARD,AXIS,INSUFFICIENT_FUNDS,13,RETRY_NOW,0
0.5833333333333334,0.2,2854.88,CARD,ICICI,LIMIT_EXCEEDED,10,RETRY_LATER,0
0.9178082191780822,0.0,9517.49,UPI,YESBANK,NETWORK_ERROR,16,SEND_REMINDER,1
0.5652173913043478,0.6,4182.1,CARD,HDFC,LIMIT_EXCEEDED,19,SEND_REMINDER,0
0.2631578947368421,0.9285714285714286,6912.67,NETBANKING,ICICI,INSUFFICIENT_FUNDS,23,RETRY_LATER,1
0.2962962962962963,0.15789473684210525,7514.91,UPI,KOTAK,NETWORK_ERROR,7,NO_ACTION,0
0.7916666666666666,0.05,7573.86,UPI,ICICI,AUTHENTICATION_FAILED,10,NO_ACTION,0
0.46153846153846156,0.42857142857142855,2976.51,CARD,AXIS,CARD_EXPIRED,22,RETRY_NOW,0
0.927710843373494,0.0,725.66,WALLET,KOTAK,BANK_TIMEOUT,13,NO_ACTION,0
0.9375,0.0,4885.65,NETBANKING,AXIS,BANK_TIMEOUT,18,RETRY_NOW,1
0.8787878787878788,0.25,251.94,NETBANKING,AXIS,CARD_EXPIRED,15,RETRY_NOW,0
0.8588235294117647,1.0,4552.71,NETBANKING,HDFC,CARD_EXPIRED,23,SEND_REMINDER,1
0.9310344827586207,0.3333333333333333,3414.95,UPI,AXIS,CARD_EXPIRED,20,RETRY_NOW,0
0.9411764705882353,0.0,6986.56,WALLET,AXIS,CARD_EXPIRED,12,SEND_REMINDER,0
0.7704918032786885,0.7142857142857143,1421.36,UPI,AXIS,INSUFFICIENT_FUNDS,18,NO_ACTION,0
0.6216216216216216,1.0,2447.3,UPI,KOTAK,LIMIT_EXCEEDED,16,RETRY_LATER,1
0.6764705882352942,0.2727272727272727,3667.43,UPI,SBI,LIMIT_EXCEEDED,10,RETRY_LATER,0
0.8787878787878788,0.625,8817.48,WALLET,AXIS,LIMIT_EXCEEDED,5,RETRY_LATER,1
0.75,0.16666666666666666,8635.57,UPI,HDFC,BANK_TIMEOUT,19,NO_ACTION,0
0.6724137931034483,0.6842105263157895,2157.36,NETBANKING,AXIS,LIMIT_EXCEEDED,16,SEND_REMINDER,1
0.8478260869565217,0.21428571428571427,9201.66,UPI,AXIS,CARD_EXPIRED,12,RETRY_NOW,0
0.5384615384615384,0.8333333333333334,1272.31,NETBANKING,SBI,CARD_EXPIRED,2,RETRY_LATER,0
0.9111111111111111,0.25,8195.03,CARD,HDFC,LIMIT_EXCEEDED,17,SEND_REMINDER,0
0.9117647058823529,0.3333333333333333,9121.05,NETBANKING,YESBANK,BANK_TIMEOUT,14,SEND_REMINDER,0
0.8586956521739131,0.0,8323.2,UPI,YESBANK,BANK_TIMEOUT,15,RETRY_LATER,1
0.9850746268656716,0.0,3146.39,CARD,SBI,CARD_EXPIRED,6,RETRY_NOW,0
0.47619047619047616,0.09090909090909091,4924.7,UPI,ICICI,CARD_EXPIRED,17,RETRY_NOW,0
0.8769230769230769,0.125,5512.0,UPI,HDFC,INSUFFICIENT_FUNDS,15,NO_ACTION,0
0.391304347826087,0.9285714285714286,3150.13,NETBANKING,SBI,CARD_EXPIRED,15,RETRY_LATER,0
0.5384615384615384,0.25,6346.44,NETBANKING,HDFC,BANK_TIMEOUT,0,SEND_REMINDER,0
0.7916666666666666,0.2,7361.69,NETBANKING,KOTAK,NETWORK_ERROR,6,RETRY_LATER,0
0.9615384615384616,0.5,5593.8,UPI,KOTAK,INSUFFICIENT_FUNDS,19,SEND_REMINDER,1
0.9195402298850575,0.2857142857142857,538.32,UPI,KOTAK,AUTHENTICATION_FAILED,12,SEND_REMINDER,1
0.65,1.0,1246.86,NETBANKING,KOTAK,INSUFFICIENT_FUNDS,8,SEND_REMINDER,0
0.8421052631578947,0.3333333333333333,6337.88,NETBANKING,HDFC,BANK_TIMEOUT,10,RETRY_LATER,1
0.4666666666666667,0.125,4931.31,CARD,ICICI,BANK_TIMEOUT,20,RETRY_LATER,0
0.92,0.0,9104.05,CARD,KOTAK,AUTHENTICATION_FAILED,1,SEND_REMINDER,1
0.4375,0.2777777777777778,6436.95,CARD,KOTAK,INSUFFICIENT_FUNDS,13,NO_ACTION,0
0.9680851063829787,0.6666666666666666,2905.14,NETBANKING,HDFC,CARD_EXPIRED,0,RETRY_LATER,0
0.42857142857142855,0.5625,6577.3,CARD,YESBANK,LIMIT_EXCEEDED,0,RETRY_NOW,1
0.7837837837837838,0.5,2751.97,UPI,AXIS,CARD_EXPIRED,6,RETRY_LATER,0
0.7654320987654321,0.7368421052631579,8594.2,WALLET,ICICI,BANK_TIMEOUT,11,SEND_REMINDER,0
0.8085106382978723,0.5555555555555556,3481.48,CARD,AXIS,AUTHENTICATION_FAILED,8,RETRY_LATER,0
0.8902439024390244,1.0,9132.07,UPI,SBI,AUTHENTICATION_FAILED,1,RETRY_NOW,0
0.6458333333333334,0.6470588235294118,6563.81,UPI,YESBANK,BANK_TIMEOUT,12,RETRY_NOW,0
0.723404255319149,0.3076923076923077,6054.72,NETBANKING,SBI,CARD_EXPIRED,0,SEND_REMINDER,1
0.8070175438596491,0.36363636363636365,2273.49,NETBANKING,AXIS,CARD_EXPIRED,23,NO_ACTION,0
0.8387096774193549,0.7333333333333333,5089.6,UPI,HDFC,CARD_EXPIRED,17,RETRY_NOW,1
0.9166666666666666,1.0,3750.19,NETBANKING,AXIS,AUTHENTICATION_FAILED,19,NO_ACTION,0
0.8823529411764706,1.0,4552.09,UPI,ICICI,INSUFFICIENT_FUNDS,23,NO_ACTION,0
0.8823529411764706,0.0,6578.59,NETBANKING,SBI,INSUFFICIENT_FUNDS,9,NO_ACTION,0
1.0,0.0,3059.09,NETBANKING,KOTAK,BANK_TIMEOUT,10,RETRY_LATER,0
0.75,0.16666666666666666,749.6,NETBANKING,KOTAK,NETWORK_ERROR,23,NO_ACTION,0
0.7468354430379747,0.95,1177.17,CARD,KOTAK,LIMIT_EXCEEDED,11,RETRY_LATER,1
0.42857142857142855,0.16666666666666666,8558.42,NETBANKING,SBI,BANK_TIMEOUT,8,NO_ACTION,0
0.6744186046511628,0.14285714285714285,3423.36,WALLET,AXIS,AUTHENTICATION_FAILED,17,SEND_REMINDER,0
0.9787234042553191,0.5,560.73,UPI,YESBANK,LIMIT_EXCEEDED,11,RETRY_NOW,0
0.46153846153846156,0.21428571428571427,3199.57,WALLET,YESBANK,NETWORK_ERROR,5,RETRY_NOW,0
0.7402597402597403,0.95,9959.58,WALLET,KOTAK,LIMIT_EXCEEDED,17,RETRY_NOW,1
0.9838709677419355,0.0,6059.85,UPI,HDFC,BANK_TIMEOUT,1,NO_ACTION,0
0.7115384615384616,0.8,7933.85,NETBANKING,AXIS,CARD_EXPIRED,5,RETRY_LATER,0
0.7638888888888888,0.17647058823529413,9603.6,WALLET,SBI,INSUFFICIENT_FUNDS,9,SEND_REMINDER,1
0.6153846153846154,0.8,2829.0,NETBANKING,HDFC,AUTHENTICATION_FAILED,22,SEND_REMINDER,1
0.8876404494382022,0.2,4663.74,WALLET,KOTAK,AUTHENTICATION_FAILED,10,SEND_REMINDER,0
0.8307692307692308,0.5454545454545454,6263.47,NETBANKING,YESBANK,CARD_EXPIRED,1,NO_ACTION,0
0.8243243243243243,0.9230769230769231,9887.75,UPI,HDFC,NETWORK_ERROR,23,SEND_REMINDER,1
0.8125,0.5833333333333334,2443.93,CARD,YESBANK,NETWORK_ERROR,19,SEND_REMINDER,0
0.8333333333333334,0.9,8446.72,UPI,AXIS,CARD_EXPIRED,3,NO_ACTION,0
0.5,0.3888888888888889,3077.85,WALLET,KOTAK,BANK_TIMEOUT,2,NO_ACTION,0
0.8617021276595744,0.3076923076923077,2098.36,WALLET,HDFC,BANK_TIMEOUT,18,RETRY_LATER,0
0.6938775510204082,0.8666666666666667,6503.93,UPI,AXIS,AUTHENTICATION_FAILED,5,RETRY_NOW,1
0.7647058823529411,0.55,2555.92,WALLET,KOTAK,BANK_TIMEOUT,6,RETRY_NOW,0
0.7971014492753623,0.7857142857142857,481.81,NETBANKING,HDFC,AUTHENTICATION_FAILED,21,RETRY_NOW,1
0.5,0.6666666666666666,9504.17,WALLET,HDFC,LIMIT_EXCEEDED,19,RETRY_NOW,1
0.8974358974358975,0.25,3397.68,WALLET,ICICI,BANK_TIMEOUT,6,RETRY_LATER,0
0.78125,0.7142857142857143,6600.96,NETBANKING,YESBANK,LIMIT_EXCEEDED,12,RETRY_LATER,1
0.984375,1.0,934.82,WALLET,KOTAK,INSUFFICIENT_FUNDS,5,SEND_REMINDER,1
0.9345794392523364,0.5714285714285714,5148.14,WALLET,ICICI,INSUFFICIENT_FUNDS,11,NO_ACTION,0
0.703125,0.0,9072.12,WALLET,YESBANK,BANK_TIMEOUT,10,RETRY_NOW,0
0.765625,0.4,989.38,NETBANKING,KOTAK,LIMIT_EXCEEDED,2,NO_ACTION,0
0.8636363636363636,0.3333333333333333,5805.35,NETBANKING,HDFC,INSUFFICIENT_FUNDS,21,NO_ACTION,0
0.375,0.0,1133.75,CARD,YESBANK,NETWORK_ERROR,4,NO_ACTION,0
0.9166666666666666,0.0,1053.25,NETBANKING,ICICI,LIMIT_EXCEEDED,0,RETRY_LATER,0
0.8,0.17647058823529413,3244.77,CARD,AXIS,LIMIT_EXCEEDED,23,RETRY_NOW,1
0.8936170212765957,0.1,6065.16,CARD,ICICI,NETWORK_ERROR,6,RETRY_NOW,0
0.8028169014084507,0.5,658.66,NETBANKING,SBI,CARD_EXPIRED,20,RETRY_NOW,0
0.7285714285714285,0.7894736842105263,3729.58,NETBANKING,ICICI,INSUFFICIENT_FUNDS,19,RETRY_NOW,1
0.8952380952380953,0.18181818181818182,6948.7,UPI,ICICI,BANK_TIMEOUT,18,NO_ACTION,0
0.9807692307692307,1.0,6652.21,UPI,KOTAK,LIMIT_EXCEEDED,11,RETRY_NOW,1
0.7878787878787878,0.6428571428571429,6912.06,WALLET,HDFC,INSUFFICIENT_FUNDS,15,SEND_REMINDER,0
0.8494623655913979,0.35714285714285715,1659.2,WALLET,HDFC,INSUFFICIENT_FUNDS,10,RETRY_LATER,0
0.8148148148148148,0.06666666666666667,8529.42,WALLET,SBI,LIMIT_EXCEEDED,23,SEND_REMINDER,0
0.8148148148148148,0.2,4767.88,NETBANKING,YESBANK,LIMIT_EXCEEDED,17,SEND_REMINDER,0
0.4090909090909091,0.5384615384615384,3656.05,WALLET,KOTAK,CARD_EXPIRED,22,NO_ACTION,0
0.6458333333333334,0.6470588235294118,6563.81,UPI,YESBANK,BANK_TIMEOUT,12,SEND_REMINDER,0
0.6724137931034483,0.6842105263157895,5464.88,WALLET,ICICI,CARD_EXPIRED,14,SEND_REMINDER,1
0.4090909090909091,0.5384615384615384,870.56,NETBANKING,ICICI,LIMIT_EXCEEDED,8,RETRY_LATER,1
1.0,0.0,4262.24,NETBANKING,SBI,INSUFFICIENT_FUNDS,21,RETRY_NOW,0
0.2,0.95,4286.34,UPI,HDFC,LIMIT_EXCEEDED,10,RETRY_NOW,0
0.8478260869565217,0.21428571428571427,9201.66,UPI,AXIS,CARD_EXPIRED,12,RETRY_LATER,0
0.5238095238095238,0.7,9528.07,UPI,SBI,NETWORK_ERROR,12,SEND_REMINDER,1
0.4090909090909091,0.5384615384615384,6117.33,NETBANKING,HDFC,LIMIT_EXCEEDED,23,NO_ACTION,0
0.7590361445783133,0.1,6760.29,CARD,AXIS,CARD_EXPIRED,6,RETRY_LATER,0
0.9326923076923077,0.7142857142857143,4225.04,WALLET,HDFC,AUTHENTICATION_FAILED,7,NO_ACTION,0
0.8478260869565217,0.0,3960.92,UPI,SBI,INSUFFICIENT_FUNDS,11,RETRY_NOW,0
0.7702702702702703,0.058823529411764705,457.28,CARD,KOTAK,INSUFFICIENT_FUNDS,21,NO_ACTION,0
0.8152173913043478,0.9411764705882353,1775.8,WALLET,YESBANK,CARD_EXPIRED,3,RETRY_NOW,1
0.9333333333333333,0.16666666666666666,3117.66,WALLET,KOTAK,CARD_EXPIRED,17,RETRY_NOW,1
0.8253968253968254,1.0,8651.71,WALLET,YESBANK,INSUFFICIENT_FUNDS,13,RETRY_NOW,0
0.9,0.875,939.13,WALLET,YESBANK,AUTHENTICATION_FAILED,4,RETRY_LATER,1
0.6938775510204082,0.06666666666666667,8984.41,WALLET,AXIS,INSUFFICIENT_FUNDS,10,RETRY_NOW,0
0.5,0.6363636363636364,2261.62,NETBANKING,ICICI,NETWORK_ERROR,10,SEND_REMINDER,0
0.5833333333333334,0.5333333333333333,1683.91,CARD,YESBANK,AUTHENTICATION_FAILED,21,SEND_REMINDER,0
0.6862745098039216,0.125,2700.21,UPI,SBI,NETWORK_ERROR,1,RETRY_NOW,1
0.9333333333333333,0.5,7171.62,WALLET,ICICI,LIMIT_EXCEEDED,9,RETRY_LATER,0
0.8955223880597015,0.0,6358.89,WALLET,HDFC,NETWORK_ERROR,20,RETRY_LATER,1
0.8222222222222222,0.1875,5076.6,NETBANKING,HDFC,INSUFFICIENT_FUNDS,5,RETRY_NOW,0
0.9607843137254902,0.5,5295.38,UPI,KOTAK,INSUFFICIENT_FUNDS,8,RETRY_LATER,0
0.5957446808510638,0.05263157894736842,8343.97,CARD,AXIS,LIMIT_EXCEEDED,14,RETRY_LATER,1
0.8983050847457628,1.0,787.9,NETBANKING,SBI,INSUFFICIENT_FUNDS,6,RETRY_NOW,1
0.9629629629629629,0.6666666666666666,5880.89,CARD,SBI,LIMIT_EXCEEDED,9,RETRY_LATER,1
0.7837837837837838,0.5,2751.97,UPI,AXIS,CARD_EXPIRED,6,RETRY_NOW,0
0.47058823529411764,0.7777777777777778,8338.39,UPI,HDFC,LIMIT_EXCEEDED,15,RETRY_NOW,0
0.32142857142857145,0.9473684210526315,6922.65,WALLET,ICICI,AUTHENTICATION_FAILED,2,NO_ACTION,0
0.9523809523809523,1.0,4422.85,CARD,SBI,CARD_EXPIRED,17,RETRY_NOW,1
0.9090909090909091,0.5,4468.4,UPI,HDFC,LIMIT_EXCEEDED,5,NO_ACTION,0
0.7407407407407407,0.7142857142857143,6516.74,CARD,AXIS,NETWORK_ERROR,16,SEND_REMINDER,1
0.7647058823529411,0.16666666666666666,9579.88,NETBANKING,SBI,AUTHENTICATION_FAILED,10,NO_ACTION,0
0.6785714285714286,0.7777777777777778,5546.66,NETBANKING,YESBANK,AUTHENTICATION_FAILED,22,RETRY_LATER,1
0.8235294117647058,0.2777777777777778,6991.99,UPI,KOTAK,BANK_TIMEOUT,4,NO_ACTION,0
0.8653846153846154,0.0,7332.3,UPI,KOTAK,INSUFFICIENT_FUNDS,6,RETRY_LATER,0
0.9473684210526315,0.25,9543.45,WALLET,HDFC,CARD_EXPIRED,10,RETRY_NOW,0
0.90625,0.0,320.14,CARD,KOTAK,LIMIT_EXCEEDED,19,NO_ACTION,0
0.8085106382978723,0.5,7937.14,WALLET,AXIS,BANK_TIMEOUT,8,NO_ACTION,0
0.8214285714285714,0.8,6754.72,UPI,ICICI,LIMIT_EXCEEDED,23,RETRY_NOW,0
0.863013698630137,0.0,8111.14,UPI,KOTAK,CARD_EXPIRED,1,NO_ACTION,0
0.2,0.95,4286.34,UPI,HDFC,LIMIT_EXCEEDED,10,SEND_REMINDER,1
0.8947368421052632,0.125,5701.36,CARD,SBI,AUTHENTICATION_FAILED,23,RETRY_LATER,0
0.5384615384615384,0.08333333333333333,4920.03,UPI,HDFC,BANK_TIMEOUT,23,RETRY_LATER,1
0.8235294117647058,1.0,689.39,UPI,AXIS,CARD_EXPIRED,11,NO_ACTION,0
0.8990825688073395,0.2727272727272727,2728.09,WALLET,ICICI,CARD_EXPIRED,7,RETRY_LATER,1
0.48,0.38461538461538464,1013.28,UPI,ICICI,BANK_TIMEOUT,17,RETRY_NOW,0
0.7916666666666666,0.2,2045.32,NETBANKING,ICICI,INSUFFICIENT_FUNDS,3,NO_ACTION,0
0.6326530612244898,0.6666666666666666,7272.37,CARD,ICICI,AUTHENTICATION_FAILED,6,RETRY_NOW,1
0.7647058823529411,0.125,7107.51,NETBANKING,ICICI,INSUFFICIENT_FUNDS,5,NO_ACTION,0
0.8421052631578947,0.6666666666666666,7397.81,CARD,AXIS,BANK_TIMEOUT,18,RETRY_NOW,1
0.8888888888888888,0.5,4212.1,WALLET,HDFC,NETWORK_ERROR,17,RETRY_NOW,0
0.5384615384615384,0.25,5169.73,WALLET,KOTAK,NETWORK_ERROR,7,NO_ACTION,0
0.5238095238095238,0.7,8167.39,UPI,YESBANK,CARD_EXPIRED,14,SEND_REMINDER,0
0.7,0.5,4912.84,CARD,ICICI,AUTHENTICATION_FAILED,8,NO_ACTION,0
0.723404255319149,0.3076923076923077,6054.72,NETBANKING,SBI,CARD_EXPIRED,0,NO_ACTION,0
0.7428571428571429,0.0,1513.18,NETBANKING,KOTAK,AUTHENTICATION_FAILED,20,RETRY_LATER,0
0.5294117647058824,0.875,8393.64,NETBANKING,AXIS,NETWORK_ERROR,22,RETRY_NOW,0
0.3,0.5714285714285714,5347.63,CARD,YESBANK,AUTHENTICATION_FAILED,9,SEND_REMINDER,1
0.912621359223301,1.0,1186.72,NETBANKING,YESBANK,NETWORK_ERROR,18,RETRY_NOW,1
0.8444444444444444,0.14285714285714285,3154.66,NETBANKING,AXIS,AUTHENTICATION_FAILED,17,NO_ACTION,0
0.9090909090909091,0.0,185.46,UPI,YESBANK,NETWORK_ERROR,5,NO_ACTION,0
0.9473684210526315,0.25,5851.99,WALLET,SBI,BANK_TIMEOUT,9,RETRY_NOW,0
0.726027397260274,0.05,9296.53,WALLET,KOTAK,BANK_TIMEOUT,9,NO_ACTION,0
0.8222222222222222,0.0,8426.91,WALLET,ICICI,INSUFFICIENT_FUNDS,11,RETRY_LATER,1
0.9583333333333334,0.0,6237.54,WALLET,SBI,LIMIT_EXCEEDED,16,RETRY_NOW,0
0.8873239436619719,0.5,369.28,NETBANKING,HDFC,INSUFFICIENT_FUNDS,14,SEND_REMINDER,1
0.8571428571428571,0.4,4636.8,NETBANKING,AXIS,LIMIT_EXCEEDED,3,NO_ACTION,0
0.8434782608695652,0.5,6972.45,CARD,AXIS,LIMIT_EXCEEDED,20,RETRY_LATER,0
0.8148148148148148,0.2,3939.59,UPI,SBI,INSUFFICIENT_FUNDS,11,SEND_REMINDER,0
0.8823529411764706,0.75,3385.97,NETBANKING,KOTAK,LIMIT_EXCEEDED,19,NO_ACTION,0
0.782608695652174,0.15,6256.88,WALLET,ICICI,INSUFFICIENT_FUNDS,4,RETRY_LATER,0
0.5384615384615384,0.25,5169.73,WALLET,KOTAK,NETWORK_ERROR,7,RETRY_LATER,0
0.6724137931034483,0.7894736842105263,660.15,WALLET,AXIS,LIMIT_EXCEEDED,10,RETRY_LATER,0
0.8484848484848485,0.8,4724.73,WALLET,KOTAK,INSUFFICIENT_FUNDS,0,NO_ACTION,0
0.875,0.8571428571428571,606.93,UPI,SBI,INSUFFICIENT_FUNDS,7,RETRY_LATER,0
0.8303571428571429,0.3684210526315789,4683.52,CARD,YESBANK,LIMIT_EXCEEDED,11,NO_ACTION,0
0.7142857142857143,0.5,5813.12,UPI,AXIS,AUTHENTICATION_FAILED,9,RETRY_NOW,1
0.5833333333333334,0.2,2047.12,UPI,HDFC,NETWORK_ERROR,8,SEND_REMINDER,0
0.835820895522388,0.6363636363636364,611.59,UPI,SBI,LIMIT_EXCEEDED,10,RETRY_LATER,0
0.7333333333333333,0.625,2557.62,UPI,HDFC,NETWORK_ERROR,5,RETRY_LATER,0
0.5348837209302325,0.4,126.88,UPI,YESBANK,BANK_TIMEOUT,13,SEND_REMINDER,0
0.8076923076923077,1.0,524.76,CARD,AXIS,LIMIT_EXCEEDED,23,NO_ACTION,0
0.8804347826086957,0.0,1535.5,NETBANKING,ICICI,AUTHENTICATION_FAILED,0,RETRY_NOW,1
0.4375,0.9444444444444444,7671.01,NETBANKING,ICICI,INSUFFICIENT_FUNDS,12,RETRY_NOW,0
0.3333333333333333,0.0,7795.65,CARD,AXIS,INSUFFICIENT_FUNDS,2,SEND_REMINDER,0
0.8765432098765432,0.5,7404.7,NETBANKING,KOTAK,CARD_EXPIRED,2,RETRY_NOW,1
0.7837837837837838,0.625,2902.05,NETBANKING,AXIS,LIMIT_EXCEEDED,15,SEND_REMINDER,1
0.7868852459016393,0.46153846153846156,5852.36,CARD,SBI,AUTHENTICATION_FAILED,21,RETRY_NOW,1
0.8461538461538461,0.3888888888888889,165.98,NETBANKING,YESBANK,INSUFFICIENT_FUNDS,2,RETRY_NOW,0
0.7916666666666666,0.05,8900.09,WALLET,SBI,BANK_TIMEOUT,22,RETRY_LATER,1
0.525,0.631578947368421,9737.92,NETBANKING,HDFC,LIMIT_EXCEEDED,12,SEND_REMINDER,0
0.8260869565217391,0.4,6346.94,UPI,AXIS,LIMIT_EXCEEDED,14,RETRY_LATER,1
0.7619047619047619,0.35,3196.97,WALLET,SBI,LIMIT_EXCEEDED,5,RETRY_LATER,0
0.8130841121495327,0.55,9365.6,CARD,SBI,NETWORK_ERROR,21,RETRY_LATER,1
0.6052631578947368,0.2,4114.29,WALLET,SBI,BANK_TIMEOUT,12,NO_ACTION,0
0.972972972972973,0.0,6297.24,UPI,HDFC,LIMIT_EXCEEDED,2,RETRY_NOW,0
0.8181818181818182,0.0,5628.35,WALLET,YESBANK,BANK_TIMEOUT,18,RETRY_LATER,1
0.92,0.16666666666666666,3617.27,CARD,ICICI,NETWORK_ERROR,1,NO_ACTION,0
0.5348837209302325,0.4,6715.2,UPI,ICICI,AUTHENTICATION_FAILED,14,RETRY_NOW,0
0.8571428571428571,0.0,1238.19,NETBANKING,HDFC,AUTHENTICATION_FAILED,22,NO_ACTION,0
0.9534883720930233,0.5,3630.52,NETBANKING,AXIS,AUTHENTICATION_FAILED,15,NO_ACTION,0
0.8765432098765432,0.5,9518.99,WALLET,ICICI,LIMIT_EXCEEDED,4,RETRY_LATER,1
0.5263157894736842,1.0,5371.83,NETBANKING,SBI,AUTHENTICATION_FAILED,17,NO_ACTION,0
0.8434782608695652,0.5,4318.87,NETBANKING,HDFC,AUTHENTICATION_FAILED,16,RETRY_NOW,0
0.34615384615384615,0.5882352941176471,4826.66,NETBANKING,KOTAK,LIMIT_EXCEEDED,19,RETRY_NOW,0
0.8085106382978723,0.5555555555555556,7619.38,NETBANKING,SBI,LIMIT_EXCEEDED,15,SEND_REMINDER,0
0.9166666666666666,1.0,2744.0,WALLET,ICICI,INSUFFICIENT_FUNDS,8,RETRY_LATER,0
0.8425925925925926,0.47058823529411764,4612.04,NETBANKING,YESBANK,LIMIT_EXCEEDED,16,NO_ACTION,0
0.8777777777777778,0.6363636363636364,1844.7,UPI,ICICI,BANK_TIMEOUT,6,RETRY_LATER,1
0.6428571428571429,0.55,9880.19,WALLET,AXIS,AUTHENTICATION_FAILED,22,RETRY_NOW,0
0.8181818181818182,0.2777777777777778,7910.17,UPI,AXIS,AUTHENTICATION_FAILED,5,RETRY_NOW,0
0.7945205479452054,0.7333333333333333,1300.15,NETBANKING,SBI,INSUFFICIENT_FUNDS,5,SEND_REMINDER,0
0.8208955223880597,0.5833333333333334,7299.39,WALLET,SBI,LIMIT_EXCEEDED,4,RETRY_NOW,0
0.5681818181818182,0.3157894736842105,5665.06,WALLET,HDFC,CARD_EXPIRED,11,SEND_REMINDER,0
0.32142857142857145,0.9473684210526315,2187.82,NETBANKING,KOTAK,CARD_EXPIRED,10,RETRY_NOW,0
0.55,0.3333333333333333,2456.95,CARD,HDFC,INSUFFICIENT_FUNDS,19,NO_ACTION,0
0.7763157894736842,0.29411764705882354,2380.35,NETBANKING,YESBANK,BANK_TIMEOUT,22,RETRY_LATER,0
0.8095238095238095,0.25,8986.92,NETBANKING,KOTAK,AUTHENTICATION_FAILED,16,NO_ACTION,0
1.0,0.0,3858.06,NETBANKING,HDFC,NETWORK_ERROR,7,RETRY_NOW,1
0.8636363636363636,0.3333333333333333,2591.11,CARD,SBI,AUTHENTICATION_FAILED,4,SEND_REMINDER,1
0.7741935483870968,0.35714285714285715,1885.57,WALLET,ICICI,AUTHENTICATION_FAILED,6,RETRY_LATER,0
0.8955223880597015,0.0,6358.89,WALLET,HDFC,NETWORK_ERROR,20,NO_ACTION,0
0.5333333333333333,0.2857142857142857,9234.3,UPI,AXIS,LIMIT_EXCEEDED,10,RETRY_LATER,0
0.9146341463414634,0.0,8154.16,CARD,KOTAK,NETWORK_ERROR,18,RETRY_LATER,1
0.8,0.15384615384615385,7053.38,CARD,HDFC,LIMIT_EXCEEDED,4,NO_ACTION,0
0.3,0.5714285714285714,5347.63,CARD,YESBANK,AUTHENTICATION_FAILED,9,NO_ACTION,0
0.7802197802197802,0.75,911.51,CARD,YESBANK,CARD_EXPIRED,0,RETRY_LATER,1
0.7894736842105263,0.375,8704.17,CARD,ICICI,CARD_EXPIRED,0,NO_ACTION,0
0.8181818181818182,0.0,8617.29,NETBANKING,ICICI,NETWORK_ERROR,0,NO_ACTION,0
0.8350515463917526,0.8125,3769.19,CARD,YESBANK,LIMIT_EXCEEDED,4,RETRY_NOW,0
0.5384615384615384,0.25,4891.7,UPI,HDFC,AUTHENTICATION_FAILED,22,NO_ACTION,0
0.5333333333333333,0.35714285714285715,1865.91,UPI,HDFC,CARD_EXPIRED,12,RETRY_LATER,0
0.7530864197530864,0.6,3361.72,WALLET,YESBANK,AUTHENTICATION_FAILED,9,NO_ACTION,0
1.0,0.0,3697.9,UPI,SBI,LIMIT_EXCEEDED,23,SEND_REMINDER,0
0.890625,0.8571428571428571,4680.19,NETBANKING,HDFC,NETWORK_ERROR,2,SEND_REMINDER,1
0.9696969696969697,0.0,4654.28,WALLET,YESBANK,AUTHENTICATION_FAILED,20,RETRY_NOW,0
0.9777777777777777,1.0,8992.33,UPI,HDFC,LIMIT_EXCEEDED,2,RETRY_NOW,0
0.8974358974358975,0.25,4753.84,NETBANKING,ICICI,NETWORK_ERROR,7,SEND_REMINDER,0
1.0,0.0,9685.31,UPI,ICICI,AUTHENTICATION_FAILED,0,NO_ACTION,0
0.6216216216216216,1.0,1477.96,UPI,SBI,AUTHENTICATION_FAILED,13,NO_ACTION,0
0.855072463768116,0.5,4509.15,UPI,SBI,NETWORK_ERROR,23,SEND_REMINDER,0
0.7241379310344828,0.625,1295.35,UPI,AXIS,AUTHENTICATION_FAILED,0,NO_ACTION,0
0.9230769230769231,0.5,2840.47,UPI,SBI,INSUFFICIENT_FUNDS,20,SEND_REMINDER,1
0.94,0.16666666666666666,8085.57,CARD,ICICI,CARD_EXPIRED,15,NO_ACTION,0
0.8481012658227848,0.0,9099.64,NETBANKING,AXIS,LIMIT_EXCEEDED,11,RETRY_LATER,1
0.7468354430379747,0.95,9867.12,NETBANKING,KOTAK,LIMIT_EXCEEDED,15,RETRY_LATER,1
0.8902439024390244,1.0,3501.66,UPI,ICICI,CARD_EXPIRED,17,RETRY_LATER,0
0.6666666666666666,0.5714285714285714,734.58,NETBANKING,KOTAK,NETWORK_ERROR,20,NO_ACTION,0
1.0,0.0,5947.13,WALLET,AXIS,INSUFFICIENT_FUNDS,13,NO_ACTION,0
0.2857142857142857,0.5,6462.97,UPI,ICICI,INSUFFICIENT_FUNDS,11,RETRY_NOW,1
0.6410256410256411,0.14285714285714285,2295.71,UPI,KOTAK,BANK_TIMEOUT,22,RETRY_NOW,0
0.8571428571428571,0.7142857142857143,7077.58,CARD,YESBANK,NETWORK_ERROR,21,SEND_REMINDER,1
0.525,0.631578947368421,9755.59,WALLET,SBI,CARD_EXPIRED,16,SEND_REMINDER,0
0.7764705882352941,0.3684210526315789,112.3,UPI,YESBANK,BANK_TIMEOUT,19,SEND_REMINDER,1
0.8981481481481481,0.5454545454545454,177.36,NETBANKING,HDFC,CARD_EXPIRED,16,RETRY_NOW,0
0.8478260869565217,0.21428571428571427,9201.66,UPI,AXIS,CARD_EXPIRED,12,SEND_REMINDER,0
0.6727272727272727,0.7222222222222222,2836.46,CARD,AXIS,INSUFFICIENT_FUNDS,15,RETRY_LATER,0
0.8947368421052632,0.625,8029.49,CARD,SBI,LIMIT_EXCEEDED,3,RETRY_NOW,0
0.8571428571428571,0.4,4636.8,NETBANKING,AXIS,LIMIT_EXCEEDED,3,RETRY_LATER,0
0.9743589743589743,0.0,4742.8,NETBANKING,YESBANK,CARD_EXPIRED,17,RETRY_NOW,0
0.8888888888888888,0.875,7357.54,UPI,YESBANK,AUTHENTICATION_FAILED,10,RETRY_LATER,0
0.8823529411764706,1.0,3259.01,CARD,ICICI,INSUFFICIENT_FUNDS,16,SEND_REMINDER,1
0.8365384615384616,0.7058823529411765,3130.16,UPI,AXIS,BANK_TIMEOUT,2,SEND_REMINDER,1
0.9038461538461539,0.6,7784.87,WALLET,KOTAK,INSUFFICIENT_FUNDS,0,NO_ACTION,0
0.42857142857142855,0.16666666666666666,6304.41,NETBANKING,SBI,CARD_EXPIRED,6,NO_ACTION,0
0.5555555555555556,0.4,5867.57,CARD,YESBANK,LIMIT_EXCEEDED,16,RETRY_NOW,1
0.8380952380952381,0.29411764705882354,3141.27,CARD,YESBANK,NETWORK_ERROR,3,RETRY_LATER,0
1.0,0.0,6801.97,CARD,HDFC,AUTHENTICATION_FAILED,10,NO_ACTION,0
0.6727272727272727,0.7222222222222222,5738.56,WALLET,ICICI,BANK_TIMEOUT,6,RETRY_NOW,0
0.6842105263157895,0.7777777777777778,5154.21,WALLET,ICICI,LIMIT_EXCEEDED,15,SEND_REMINDER,1
0.912621359223301,1.0,3939.81,NETBANKING,YESBANK,INSUFFICIENT_FUNDS,17,RETRY_LATER,0
0.8125,0.3333333333333333,9263.78,WALLET,ICICI,LIMIT_EXCEEDED,20,RETRY_LATER,0
0.71875,0.5555555555555556,5970.48,CARD,KOTAK,NETWORK_ERROR,8,NO_ACTION,0
0.5384615384615384,0.8333333333333334,5546.05,WALLET,YESBANK,NETWORK_ERROR,7,SEND_REMINDER,1
0.9111111111111111,0.25,9513.26,UPI,SBI,BANK_TIMEOUT,14,NO_ACTION,0
0.7802197802197802,0.3,7255.5,WALLET,YESBANK,LIMIT_EXCEEDED,3,RETRY_NOW,0
0.8571428571428571,0.4,9833.35,CARD,HDFC,INSUFFICIENT_FUNDS,16,RETRY_LATER,1
0.6909090909090909,0.23529411764705882,3772.38,WALLET,HDFC,AUTHENTICATION_FAILED,14,RETRY_NOW,0
0.45454545454545453,0.9166666666666666,5024.01,UPI,YESBANK,INSUFFICIENT_FUNDS,18,SEND_REMINDER,0
0.6666666666666666,0.8,4443.21,CARD,AXIS,INSUFFICIENT_FUNDS,0,NO_ACTION,0
0.8625,0.18181818181818182,7032.25,NETBANKING,HDFC,CARD_EXPIRED,16,RETRY_LATER,1
0.8095238095238095,0.25,5022.43,UPI,SBI,INSUFFICIENT_FUNDS,12,SEND_REMINDER,0
0.972972972972973,0.0,6776.15,NETBANKING,HDFC,AUTHENTICATION_FAILED,22,NO_ACTION,0
0.8876404494382022,0.8,609.6,NETBANKING,HDFC,NETWORK_ERROR,2,SEND_REMINDER,1
0.75,1.0,3839.86,CARD,KOTAK,LIMIT_EXCEEDED,6,RETRY_NOW,1
0.6808510638297872,0.3333333333333333,2279.37,CARD,ICICI,INSUFFICIENT_FUNDS,17,RETRY_NOW,0
0.95,0.2,7821.89,NETBANKING,YESBANK,BANK_TIMEOUT,19,RETRY_LATER,1
0.9615384615384616,0.5,8613.97,UPI,KOTAK,CARD_EXPIRED,2,RETRY_NOW,0
0.9090909090909091,0.5,6141.74,CARD,ICICI,NETWORK_ERROR,15,NO_ACTION,0
1.0,0.0,8258.12,WALLET,SBI,AUTHENTICATION_FAILED,9,SEND_REMINDER,0
0.7,0.5555555555555556,5881.55,CARD,SBI,BANK_TIMEOUT,12,NO_ACTION,0
0.8823529411764706,0.0,6596.91,WALLET,YESBANK,INSUFFICIENT_FUNDS,5,SEND_REMINDER,1
0.7346938775510204,0.07692307692307693,9884.46,WALLET,KOTAK,LIMIT_EXCEEDED,12,SEND_REMINDER,1
0.88,0.0,8749.66,WALLET,YESBANK,INSUFFICIENT_FUNDS,5,RETRY_LATER,0
0.8222222222222222,0.1875,9325.86,UPI,ICICI,CARD_EXPIRED,13,RETRY_NOW,1
0.5384615384615384,0.2777777777777778,2271.6,WALLET,AXIS,INSUFFICIENT_FUNDS,15,NO_ACTION,0
0.7945205479452054,0.7333333333333333,9094.34,CARD,ICICI,AUTHENTICATION_FAILED,4,SEND_REMINDER,0
0.9444444444444444,1.0,5914.39,UPI,YESBANK,BANK_TIMEOUT,22,SEND_REMINDER,1
0.8085106382978723,0.5,7890.92,CARD,YESBANK,INSUFFICIENT_FUNDS,12,NO_ACTION,0
0.7397260273972602,0.47368421052631576,4501.01,NETBANKING,YESBANK,LIMIT_EXCEEDED,5,RETRY_NOW,0
0.7532467532467533,0.3684210526315789,6312.8,CARD,SBI,CARD_EXPIRED,16,SEND_REMINDER,1
0.9090909090909091,0.5,6744.64,WALLET,ICICI,BANK_TIMEOUT,1,SEND_REMINDER,1
0.6851851851851852,0.7058823529411765,4264.49,CARD,SBI,NETWORK_ERROR,3,RETRY_LATER,1
0.7428571428571429,0.8888888888888888,7519.95,WALLET,AXIS,AUTHENTICATION_FAILED,11,NO_ACTION,0
0.7755102040816326,0.6363636363636364,7536.95,CARD,KOTAK,LIMIT_EXCEEDED,19,SEND_REMINDER,1
0.9090909090909091,0.5,3676.09,UPI,KOTAK,CARD_EXPIRED,17,RETRY_NOW,0
0.7402597402597403,0.95,4366.68,NETBANKING,KOTAK,INSUFFICIENT_FUNDS,23,NO_ACTION,0
0.9714285714285714,0.0,4239.41,NETBANKING,KOTAK,BANK_TIMEOUT,20,SEND_REMINDER,1
0.6153846153846154,0.8,2829.0,NETBANKING,HDFC,AUTHENTICATION_FAILED,22,NO_ACTION,0
0.7402597402597403,0.95,1537.02,NETBANKING,SBI,CARD_EXPIRED,17,SEND_REMINDER,1
0.8888888888888888,0.875,3806.99,UPI,KOTAK,BANK_TIMEOUT,0,SEND_REMINDER,1
0.9384615384615385,0.25,5899.23,NETBANKING,AXIS,CARD_EXPIRED,19,RETRY_NOW,1
0.8627450980392157,1.0,4223.55,CARD,AXIS,CARD_EXPIRED,22,RETRY_LATER,1
0.5277777777777778,0.6470588235294118,4853.9,NETBANKING,KOTAK,NETWORK_ERROR,4,SEND_REMINDER,0
0.8076923076923077,1.0,2930.73,WALLET,KOTAK,BANK_TIMEOUT,1,RETRY_LATER,1
0.9801980198019802,0.0,6958.94,WALLET,YESBANK,AUTHENTICATION_FAILED,13,SEND_REMINDER,0
0.8152173913043478,0.8823529411764706,6153.21,CARD,AXIS,INSUFFICIENT_FUNDS,7,RETRY_LATER,1
0.9186046511627907,0.2857142857142857,5676.9,NETBANKING,SBI,AUTHENTICATION_FAILED,4,NO_ACTION,0
0.8518518518518519,0.0,5729.5,UPI,HDFC,CARD_EXPIRED,21,SEND_REMINDER,0
0.9795918367346939,0.5,1775.94,WALLET,AXIS,LIMIT_EXCEEDED,23,NO_ACTION,0
0.8909090909090909,0.3333333333333333,5901.1,NETBANKING,SBI,CARD_EXPIRED,4,RETRY_NOW,0
0.8260869565217391,0.4,9933.9,NETBANKING,AXIS,NETWORK_ERROR,21,SEND_REMINDER,0
0.8152173913043478,0.9411764705882353,1660.87,NETBANKING,ICICI,AUTHENTICATION_FAILED,14,RETRY_LATER,1
0.9787234042553191,0.0,726.85,WALLET,ICICI,NETWORK_ERROR,8,RETRY_NOW,0
0.8061224489795918,0.7368421052631579,3818.54,UPI,ICICI,NETWORK_ERROR,1,RETRY_LATER,1
0.9117647058823529,0.3333333333333333,2935.12,WALLET,KOTAK,CARD_EXPIRED,6,RETRY_NOW,1
0.8625,0.18181818181818182,5156.48,WALLET,ICICI,NETWORK_ERROR,13,RETRY_NOW,1
0.8571428571428571,1.0,1507.5,NETBANKING,ICICI,LIMIT_EXCEEDED,16,SEND_REMINDER,1
0.8247422680412371,1.0,4891.05,WALLET,ICICI,CARD_EXPIRED,23,SEND_REMINDER,1
0.6052631578947368,0.2,6101.3,WALLET,KOTAK,AUTHENTICATION_FAILED,10,RETRY_NOW,0
0.6326530612244898,0.8333333333333334,2938.02,CARD,SBI,INSUFFICIENT_FUNDS,13,NO_ACTION,0
0.9459459459459459,0.5,841.83,UPI,HDFC,INSUFFICIENT_FUNDS,2,SEND_REMINDER,0
0.8709677419354839,0.625,6842.11,UPI,KOTAK,AUTHENTICATION_FAILED,19,RETRY_NOW,1
0.375,0.0,1847.81,NETBANKING,SBI,BANK_TIMEOUT,1,RETRY_NOW,0
0.6122448979591837,0.5263157894736842,5056.09,WALLET,YESBANK,INSUFFICIENT_FUNDS,18,RETRY_NOW,0
0.8653846153846154,0.0,179.18,CARD,HDFC,CARD_EXPIRED,6,RETRY_NOW,0
0.6923076923076923,0.5,1779.7,WALLET,HDFC,CARD_EXPIRED,2,NO_ACTION,0
0.5,0.6428571428571429,2680.59,UPI,YESBANK,NETWORK_ERROR,17,SEND_REMINDER,0
0.891566265060241,0.8888888888888888,1123.42,CARD,HDFC,INSUFFICIENT_FUNDS,11,RETRY_NOW,0
0.8837209302325582,0.2,2417.59,NETBANKING,SBI,LIMIT_EXCEEDED,2,SEND_REMINDER,0
0.8518518518518519,0.0,9286.71,WALLET,KOTAK,NETWORK_ERROR,8,RETRY_LATER,1
0.6875,0.0,946.29,UPI,KOTAK,BANK_TIMEOUT,0,NO_ACTION,0
0.9333333333333333,0.5,3444.0,NETBANKING,SBI,AUTHENTICATION_FAILED,11,RETRY_NOW,0
0.7647058823529411,0.16666666666666666,7333.73,NETBANKING,ICICI,NETWORK_ERROR,12,RETRY_LATER,0
0.9178082191780822,0.0,3289.72,WALLET,AXIS,BANK_TIMEOUT,15,RETRY_NOW,0
0.9534883720930233,0.5,3011.17,NETBANKING,YESBANK,CARD_EXPIRED,10,RETRY_NOW,0
0.8148148148148148,0.06666666666666667,8685.93,NETBANKING,SBI,NETWORK_ERROR,17,RETRY_NOW,0
0.9390243902439024,1.0,4998.3,NETBANKING,YESBANK,NETWORK_ERROR,14,RETRY_NOW,0
0.5,0.6666666666666666,9504.17,WALLET,HDFC,LIMIT_EXCEEDED,19,SEND_REMINDER,0
0.9375,0.5,8889.22,NETBANKING,HDFC,AUTHENTICATION_FAILED,21,RETRY_NOW,0
0.6785714285714286,0.8333333333333334,5251.84,WALLET,AXIS,LIMIT_EXCEEDED,13,NO_ACTION,0
0.8923076923076924,0.2857142857142857,1375.42,WALLET,SBI,AUTHENTICATION_FAILED,7,RETRY_LATER,0
0.7272727272727273,0.4166666666666667,7828.05,NETBANKING,AXIS,LIMIT_EXCEEDED,11,NO_ACTION,0
0.9523809523809523,0.2,1083.75,CARD,YESBANK,LIMIT_EXCEEDED,5,NO_ACTION,0
0.9333333333333333,0.6666666666666666,9567.93,WALLET,SBI,BANK_TIMEOUT,21,RETRY_LATER,1
0.8407079646017699,0.8888888888888888,5833.16,WALLET,HDFC,LIMIT_EXCEEDED,6,RETRY_LATER,1
0.5945945945945946,0.9333333333333333,5009.82,CARD,SBI,BANK_TIMEOUT,17,SEND_REMINDER,0
0.25925925925925924,0.8,8519.41,NETBANKING,YESBANK,BANK_TIMEOUT,3,SEND_REMINDER,0
0.7402597402597403,0.95,1537.02,NETBANKING,SBI,CARD_EXPIRED,17,NO_ACTION,0
0.972972972972973,0.0,3858.52,CARD,KOTAK,NETWORK_ERROR,5,RETRY_NOW,0
0.9213483146067416,1.0,9751.94,NETBANKING,ICICI,AUTHENTICATION_FAILED,19,RETRY_NOW,0
0.8148148148148148,0.06666666666666667,8529.42,WALLET,SBI,LIMIT_EXCEEDED,23,RETRY_LATER,0
0.8125,0.5833333333333334,9812.4,CARD,YESBANK,CARD_EXPIRED,4,RETRY_NOW,0
0.94,0.16666666666666666,8293.9,UPI,ICICI,CARD_EXPIRED,21,RETRY_NOW,0
0.9850746268656716,0.0,9582.2,CARD,YESBANK,INSUFFICIENT_FUNDS,21,RETRY_LATER,0
0.8181818181818182,0.2777777777777778,9799.1,CARD,KOTAK,CARD_EXPIRED,7,RETRY_NOW,0
0.8307692307692308,0.5454545454545454,2320.45,NETBANKING,HDFC,LIMIT_EXCEEDED,2,NO_ACTION,0
0.6825396825396826,0.9,6694.11,WALLET,AXIS,CARD_EXPIRED,0,RETRY_LATER,0
0.8350515463917526,0.8125,9651.22,UPI,HDFC,CARD_EXPIRED,5,NO_ACTION,0
0.48148148148148145,0.9285714285714286,7573.18,NETBANKING,ICICI,INSUFFICIENT_FUNDS,16,RETRY_NOW,0
0.7,0.5,4668.59,UPI,AXIS,AUTHENTICATION_FAILED,2,RETRY_NOW,1
0.9428571428571428,1.0,5319.61,CARD,AXIS,CARD_EXPIRED,3,RETRY_NOW,0
0.9230769230769231,1.0,983.36,CARD,ICICI,AUTHENTICATION_FAILED,11,SEND_REMINDER,1
0.7727272727272727,0.3,3847.73,UPI,AXIS,CARD_EXPIRED,16,RETRY_NOW,0
0.47058823529411764,0.7777777777777778,8192.58,CARD,HDFC,AUTHENTICATION_FAILED,23,SEND_REMINDER,0
0.875,0.8333333333333334,5803.61,NETBANKING,KOTAK,CARD_EXPIRED,10,NO_ACTION,0
0.8674698795180723,0.9090909090909091,1368.16,UPI,SBI,NETWORK_ERROR,22,RETRY_LATER,0
0.8421052631578947,0.6666666666666666,7213.24,CARD,HDFC,AUTHENTICATION_FAILED,9,SEND_REMINDER,0
0.7,0.13333333333333333,8473.63,WALLET,YESBANK,BANK_TIMEOUT,11,RETRY_NOW,0
0.9761904761904762,0.5,810.75,NETBANKING,AXIS,CARD_EXPIRED,5,SEND_REMINDER,1
0.8222222222222222,0.1875,4771.63,UPI,YESBANK,AUTHENTICATION_FAILED,21,NO_ACTION,0
0.8928571428571429,0.6666666666666666,2702.66,NETBANKING,HDFC,INSUFFICIENT_FUNDS,23,NO_ACTION,0
0.6111111111111112,1.0,5602.84,CARD,HDFC,NETWORK_ERROR,1,NO_ACTION,0
0.7,0.13333333333333333,4051.24,WALLET,KOTAK,LIMIT_EXCEEDED,5,SEND_REMINDER,1
0.9010989010989011,0.8888888888888888,2059.64,NETBANKING,YESBANK,LIMIT_EXCEEDED,23,SEND_REMINDER,1
0.5384615384615384,0.25,4433.23,CARD,ICICI,CARD_EXPIRED,10,RETRY_NOW,0
0.7432432432432432,0.8947368421052632,7064.51,NETBANKING,HDFC,CARD_EXPIRED,15,SEND_REMINDER,1
0.8888888888888888,0.3333333333333333,152.6,CARD,SBI,AUTHENTICATION_FAILED,10,RETRY_NOW,1
0.88,0.6666666666666666,6711.93,NETBANKING,YESBANK,NETWORK_ERROR,8,RETRY_LATER,0
0.9615384615384616,0.5,2164.72,WALLET,AXIS,NETWORK_ERROR,5,RETRY_LATER,1
0.9029126213592233,0.9,3309.43,NETBANKING,ICICI,NETWORK_ERROR,6,RETRY_LATER,1
0.9879518072289156,0.0,5398.07,WALLET,HDFC,LIMIT_EXCEEDED,7,NO_ACTION,0
0.8823529411764706,0.0,2802.4,WALLET,SBI,LIMIT_EXCEEDED,12,RETRY_LATER,1
0.7258064516129032,0.6470588235294118,4152.81,UPI,YESBANK,NETWORK_ERROR,22,RETRY_LATER,1
0.6551724137931034,0.75,9641.45,UPI,SBI,BANK_TIMEOUT,14,RETRY_LATER,1
0.8990825688073395,0.2727272727272727,9801.62,CARD,SBI,INSUFFICIENT_FUNDS,2,RETRY_NOW,1
0.8952380952380953,0.18181818181818182,7788.97,NETBANKING,SBI,BANK_TIMEOUT,16,RETRY_LATER,1
0.6595744680851063,0.0,8991.83,CARD,ICICI,INSUFFICIENT_FUNDS,17,RETRY_NOW,0
0.78125,0.14285714285714285,6939.73,NETBANKING,AXIS,NETWORK_ERROR,6,NO_ACTION,0
0.7796610169491526,0.3076923076923077,2173.51,CARD,SBI,BANK_TIMEOUT,10,NO_ACTION,0
0.9833333333333333,1.0,5596.07,UPI,SBI,LIMIT_EXCEEDED,3,NO_ACTION,0
0.8181818181818182,0.16666666666666666,8818.52,NETBANKING,SBI,INSUFFICIENT_FUNDS,12,NO_ACTION,0
0.5365853658536586,0.21052631578947367,4267.11,UPI,ICICI,BANK_TIMEOUT,2,NO_ACTION,0
0.8333333333333334,0.0,5805.01,NETBANKING,SBI,BANK_TIMEOUT,21,SEND_REMINDER,1
0.7868852459016393,0.46153846153846156,2144.24,WALLET,YESBANK,CARD_EXPIRED,16,RETRY_LATER,0
0.7297297297297297,0.6,2356.86,WALLET,ICICI,AUTHENTICATION_FAILED,5,SEND_REMINDER,1
0.8653846153846154,0.5714285714285714,5710.54,UPI,YESBANK,BANK_TIMEOUT,19,RETRY_LATER,1
0.8431372549019608,0.0,2820.51,CARD,YESBANK,NETWORK_ERROR,19,SEND_REMINDER,0
0.5384615384615384,0.6666666666666666,1169.53,CARD,AXIS,INSUFFICIENT_FUNDS,7,RETRY_NOW,0
0.5277777777777778,0.6470588235294118,8817.68,UPI,YESBANK,LIMIT_EXCEEDED,3,RETRY_NOW,1
0.7083333333333334,0.14285714285714285,2760.59,UPI,ICICI,LIMIT_EXCEEDED,7,NO_ACTION,0
0.9056603773584906,0.6,6855.22,CARD,AXIS,NETWORK_ERROR,7,NO_ACTION,0
0.7183098591549296,0.3,3470.82,WALLET,KOTAK,CARD_EXPIRED,16,NO_ACTION,0
0.8243243243243243,0.9230769230769231,9887.75,UPI,HDFC,NETWORK_ERROR,23,RETRY_LATER,0
0.7,0.5,4912.84,CARD,ICICI,AUTHENTICATION_FAILED,8,RETRY_LATER,1
0.8823529411764706,0.75,8890.94,UPI,YESBANK,LIMIT_EXCEEDED,20,RETRY_NOW,0
0.8230088495575221,0.75,9145.87,CARD,SBI,BANK_TIMEOUT,16,RETRY_NOW,1
0.851063829787234,0.8571428571428571,889.94,UPI,KOTAK,BANK_TIMEOUT,11,RETRY_NOW,0
0.5,0.05,5356.24,NETBANKING,HDFC,LIMIT_EXCEEDED,0,RETRY_LATER,1
0.9166666666666666,0.8,960.09,UPI,SBI,AUTHENTICATION_FAILED,7,SEND_REMINDER,1
0.9545454545454546,1.0,7614.23,CARD,SBI,CARD_EXPIRED,21,NO_ACTION,0
0.7272727272727273,0.4166666666666667,2995.12,WALLET,HDFC,CARD_EXPIRED,4,NO_ACTION,0
0.8095238095238095,0.5,6783.69,UPI,HDFC,BANK_TIMEOUT,17,RETRY_NOW,0
0.7142857142857143,0.5,2494.18,UPI,YESBANK,AUTHENTICATION_FAILED,17,SEND_REMINDER,1
1.0,0.0,9685.31,UPI,ICICI,AUTHENTICATION_FAILED,0,SEND_REMINDER,0
0.7746478873239436,0.5625,1836.07,CARD,HDFC,INSUFFICIENT_FUNDS,12,RETRY_NOW,1
0.9038461538461539,0.7,3800.35,CARD,AXIS,INSUFFICIENT_FUNDS,21,RETRY_NOW,0
0.8734177215189873,0.4,2365.55,WALLET,KOTAK,CARD_EXPIRED,21,RETRY_LATER,0
0.6,0.0,7245.02,WALLET,KOTAK,BANK_TIMEOUT,20,NO_ACTION,0
0.2,0.4,2407.93,WALLET,ICICI,LIMIT_EXCEEDED,12,RETRY_NOW,0
0.7692307692307693,1.0,2856.81,NETBANKING,KOTAK,AUTHENTICATION_FAILED,5,NO_ACTION,0
0.8617021276595744,0.3076923076923077,8406.15,UPI,ICICI,INSUFFICIENT_FUNDS,8,NO_ACTION,0
0.6779661016949152,1.0,8433.33,WALLET,KOTAK,CARD_EXPIRED,9,RETRY_NOW,0
0.7916666666666666,0.05,8076.09,CARD,KOTAK,INSUFFICIENT_FUNDS,13,RETRY_LATER,0
0.8571428571428571,0.0,5867.36,WALLET,HDFC,NETWORK_ERROR,16,RETRY_NOW,0
0.8514851485148515,0.13333333333333333,7882.44,WALLET,AXIS,AUTHENTICATION_FAILED,10,NO_ACTION,0
0.5333333333333333,0.2857142857142857,7318.21,WALLET,ICICI,BANK_TIMEOUT,1,RETRY_NOW,0
0.9230769230769231,1.0,983.36,CARD,ICICI,AUTHENTICATION_FAILED,11,NO_ACTION,0
0.45454545454545453,0.5,2600.71,UPI,YESBANK,AUTHENTICATION_FAILED,5,SEND_REMINDER,0
0.9705882352941176,1.0,1917.57,UPI,AXIS,NETWORK_ERROR,21,SEND_REMINDER,1
0.5,0.6428571428571429,7739.83,NETBANKING,SBI,INSUFFICIENT_FUNDS,8,SEND_REMINDER,1
0.9,1.0,3122.64,CARD,SBI,INSUFFICIENT_FUNDS,5,SEND_REMINDER,1
0.5681818181818182,0.3157894736842105,7237.94,WALLET,SBI,AUTHENTICATION_FAILED,16,NO_ACTION,0
0.8488372093023255,0.5384615384615384,5493.69,NETBANKING,SBI,LIMIT_EXCEEDED,6,RETRY_NOW,0
0.8769230769230769,0.125,7071.75,CARD,HDFC,CARD_EXPIRED,7,RETRY_LATER,0
0.84,0.6875,666.76,CARD,SBI,AUTHENTICATION_FAILED,1,SEND_REMINDER,0
0.7916666666666666,0.05,2415.06,NETBANKING,ICICI,AUTHENTICATION_FAILED,5,NO_ACTION,0
0.5,0.6428571428571429,2680.59,UPI,YESBANK,NETWORK_ERROR,17,RETRY_NOW,0
0.9841269841269841,1.0,3009.6,UPI,KOTAK,NETWORK_ERROR,9,RETRY_NOW,1
0.9411764705882353,0.5,501.5,WALLET,SBI,NETWORK_ERROR,16,RETRY_LATER,0
0.46153846153846156,0.21428571428571427,4524.11,WALLET,SBI,CARD_EXPIRED,20,RETRY_NOW,0
0.8725490196078431,0.38461538461538464,7633.03,NETBANKING,HDFC,CARD_EXPIRED,18,RETRY_NOW,0
0.8288288288288288,0.0,3148.99,NETBANKING,AXIS,LIMIT_EXCEEDED,3,RETRY_NOW,1
0.7802197802197802,0.3,9640.35,NETBANKING,ICICI,INSUFFICIENT_FUNDS,0,RETRY_NOW,1
0.8736842105263158,0.8333333333333334,945.62,UPI,YESBANK,AUTHENTICATION_FAILED,7,RETRY_LATER,1
0.8208955223880597,0.5833333333333334,7299.39,WALLET,SBI,LIMIT_EXCEEDED,4,NO_ACTION,0
0.8227848101265823,0.14285714285714285,1365.85,UPI,ICICI,NETWORK_ERROR,17,RETRY_NOW,0
0.8585858585858586,1.0,9689.72,CARD,YESBANK,CARD_EXPIRED,15,NO_ACTION,0
0.8333333333333334,0.0,8662.33,WALLET,ICICI,LIMIT_EXCEEDED,4,RETRY_NOW,1
0.822429906542056,0.47368421052631576,4675.49,NETBANKING,AXIS,BANK_TIMEOUT,13,SEND_REMINDER,1
0.8131868131868132,0.29411764705882354,3091.83,NETBANKING,SBI,BANK_TIMEOUT,23,RETRY_LATER,1
0.8571428571428571,0.4,7052.45,WALLET,AXIS,CARD_EXPIRED,15,SEND_REMINDER,1
0.8461538461538461,0.8333333333333334,6487.77,CARD,ICICI,BANK_TIMEOUT,16,SEND_REMINDER,0
0.5555555555555556,0.5,866.59,UPI,HDFC,NETWORK_ERROR,0,RETRY_NOW,0
1.0,0.0,1366.31,UPI,HDFC,AUTHENTICATION_FAILED,8,RETRY_LATER,0
0.38461538461538464,1.0,7669.01,UPI,KOTAK,AUTHENTICATION_FAILED,10,NO_ACTION,0
0.9166666666666666,0.0,1053.25,NETBANKING,ICICI,LIMIT_EXCEEDED,0,NO_ACTION,0
0.32142857142857145,0.9473684210526315,1824.69,UPI,HDFC,AUTHENTICATION_FAILED,13,RETRY_LATER,0
0.8613861386138614,0.5,2036.32,CARD,HDFC,CARD_EXPIRED,17,RETRY_LATER,1
0.9081632653061225,0.5555555555555556,7097.56,NETBANKING,KOTAK,NETWORK_ERROR,3,RETRY_LATER,1
0.25925925925925924,0.8,4050.99,NETBANKING,HDFC,INSUFFICIENT_FUNDS,19,RETRY_LATER,0
0.7419354838709677,0.3125,2999.81,UPI,AXIS,NETWORK_ERROR,16,RETRY_LATER,0
0.7857142857142857,0.3333333333333333,3420.08,WALLET,AXIS,BANK_TIMEOUT,19,RETRY_LATER,0
0.8,0.9,6376.82,UPI,AXIS,LIMIT_EXCEEDED,13,NO_ACTION,0
1.0,0.0,9931.26,NETBANKING,AXIS,BANK_TIMEOUT,1,RETRY_LATER,1
0.9565217391304348,1.0,6480.11,WALLET,SBI,BANK_TIMEOUT,9,SEND_REMINDER,1
0.8434782608695652,0.5,4925.58,CARD,SBI,CARD_EXPIRED,3,NO_ACTION,0
0.8823529411764706,0.0,4325.72,CARD,YESBANK,NETWORK_ERROR,0,RETRY_NOW,0
0.8636363636363636,0.3333333333333333,3953.44,WALLET,KOTAK,CARD_EXPIRED,10,RETRY_LATER,0
0.4444444444444444,0.55,7158.65,WALLET,YESBANK,INSUFFICIENT_FUNDS,11,NO_ACTION,0
0.797752808988764,0.1111111111111111,6284.19,UPI,AXIS,BANK_TIMEOUT,18,SEND_REMINDER,1
0.970873786407767,1.0,5196.2,WALLET,KOTAK,CARD_EXPIRED,0,RETRY_NOW,0
0.8307692307692308,0.5454545454545454,4152.62,NETBANKING,SBI,AUTHENTICATION_FAILED,12,RETRY_LATER,1
0.9863013698630136,1.0,1554.4,CARD,YESBANK,LIMIT_EXCEEDED,12,SEND_REMINDER,1
0.99,1.0,8651.95,CARD,ICICI,CARD_EXPIRED,12,NO_ACTION,0
0.7714285714285715,0.25,1298.92,UPI,YESBANK,CARD_EXPIRED,19,NO_ACTION,0
0.47058823529411764,0.7777777777777778,5943.65,CARD,KOTAK,INSUFFICIENT_FUNDS,19,NO_ACTION,0
0.8850574712643678,0.2,5868.49,WALLET,KOTAK,NETWORK_ERROR,7,SEND_REMINDER,1
0.5,0.6666666666666666,4525.38,CARD,HDFC,INSUFFICIENT_FUNDS,2,NO_ACTION,0
0.9841269841269841,1.0,3009.6,UPI,KOTAK,NETWORK_ERROR,9,RETRY_LATER,0
0.9038461538461539,0.6,7727.63,WALLET,KOTAK,NETWORK_ERROR,16,SEND_REMINDER,0
0.9081632653061225,0.5555555555555556,7097.56,NETBANKING,KOTAK,NETWORK_ERROR,3,SEND_REMINDER,1
0.9692307692307692,0.5,7543.74,CARD,ICICI,INSUFFICIENT_FUNDS,23,RETRY_LATER,0
0.8163265306122449,0.05555555555555555,6920.9,CARD,AXIS,LIMIT_EXCEEDED,15,RETRY_LATER,1
0.8163265306122449,0.05555555555555555,6055.39,CARD,AXIS,INSUFFICIENT_FUNDS,19,RETRY_NOW,0
0.8275862068965517,0.3333333333333333,6722.78,CARD,HDFC,NETWORK_ERROR,16,RETRY_LATER,1
0.875,0.9090909090909091,8633.37,NETBANKING,AXIS,LIMIT_EXCEEDED,18,SEND_REMINDER,0
0.8837209302325582,0.2,1693.93,CARD,KOTAK,LIMIT_EXCEEDED,12,RETRY_LATER,0
0.71875,0.1111111111111111,9896.54,WALLET,AXIS,LIMIT_EXCEEDED,4,RETRY_LATER,0
0.703125,0.0,9072.12,WALLET,YESBANK,BANK_TIMEOUT,10,NO_ACTION,0
0.9607843137254902,0.5,490.57,NETBANKING,KOTAK,BANK_TIMEOUT,17,RETRY_NOW,0
0.6808510638297872,0.8666666666666667,136.96,WALLET,KOTAK,LIMIT_EXCEEDED,23,RETRY_LATER,1
0.8648648648648649,0.4,7404.64,NETBANKING,AXIS,LIMIT_EXCEEDED,7,NO_ACTION,0
0.9038461538461539,0.6,7784.87,WALLET,KOTAK,INSUFFICIENT_FUNDS,0,RETRY_NOW,0
0.8444444444444444,0.14285714285714285,2175.54,UPI,SBI,NETWORK_ERROR,11,NO_ACTION,0
0.5777777777777777,0.47368421052631576,745.63,NETBANKING,KOTAK,LIMIT_EXCEEDED,10,RETRY_NOW,0
0.9625,0.0,181.21,NETBANKING,AXIS,AUTHENTICATION_FAILED,23,RETRY_NOW,1
0.9846153846153847,1.0,1276.26,NETBANKING,AXIS,AUTHENTICATION_FAILED,13,RETRY_NOW,1
0.8888888888888888,0.875,6156.2,CARD,SBI,AUTHENTICATION_FAILED,15,RETRY_LATER,0
0.8152173913043478,0.8823529411764706,3949.57,NETBANKING,HDFC,AUTHENTICATION_FAILED,5,RETRY_LATER,0
0.8955223880597015,0.0,4240.43,NETBANKING,AXIS,BANK_TIMEOUT,11,RETRY_LATER,1
0.7021276595744681,0.0,8645.03,UPI,HDFC,LIMIT_EXCEEDED,19,SEND_REMINDER,0
0.7,0.13333333333333333,4051.24,WALLET,KOTAK,LIMIT_EXCEEDED,5,RETRY_LATER,0
0.4375,0.9444444444444444,7671.01,NETBANKING,ICICI,INSUFFICIENT_FUNDS,12,RETRY_LATER,0
0.7971014492753623,0.7857142857142857,6498.53,CARD,SBI,BANK_TIMEOUT,16,RETRY_NOW,1
0.7142857142857143,0.5,3595.42,NETBANKING,KOTAK,AUTHENTICATION_FAILED,21,NO_ACTION,0
0.7654320987654321,0.7368421052631579,8594.2,WALLET,ICICI,BANK_TIMEOUT,11,RETRY_LATER,1
0.4375,0.2777777777777778,6041.38,UPI,AXIS,LIMIT_EXCEEDED,0,RETRY_NOW,0
0.3333333333333333,0.55,8911.8,NETBANKING,SBI,NETWORK_ERROR,18,RETRY_LATER,0
0.723404255319149,0.3076923076923077,6054.72,NETBANKING,SBI,CARD_EXPIRED,0,RETRY_LATER,0
0.8703703703703703,0.8571428571428571,4676.32,CARD,HDFC,CARD_EXPIRED,10,RETRY_LATER,1
0.8936170212765957,0.1,6065.16,CARD,ICICI,NETWORK_ERROR,6,NO_ACTION,0
0.75,0.2857142857142857,3292.77,WALLET,ICICI,CARD_EXPIRED,15,SEND_REMINDER,0
0.8909090909090909,0.3333333333333333,2185.9,WALLET,YESBANK,NETWORK_ERROR,16,NO_ACTION,0
0.891566265060241,0.8888888888888888,1123.42,CARD,HDFC,INSUFFICIENT_FUNDS,11,SEND_REMINDER,1
1.0,0.0,256.1,UPI,AXIS,BANK_TIMEOUT,0,RETRY_NOW,0
0.8488372093023255,0.5384615384615384,9727.01,CARD,YESBANK,CARD_EXPIRED,0,NO_ACTION,0
0.8494623655913979,0.35714285714285715,1659.2,WALLET,HDFC,INSUFFICIENT_FUNDS,10,SEND_REMINDER,0
0.48,0.6923076923076923,1893.54,CARD,HDFC,BANK_TIMEOUT,7,SEND_REMINDER,0
0.9326923076923077,0.7142857142857143,9620.94,UPI,HDFC,AUTHENTICATION_FAILED,3,RETRY_NOW,0
0.875,0.9090909090909091,8633.37,NETBANKING,AXIS,LIMIT_EXCEEDED,18,RETRY_NOW,1
0.7534246575342466,0.4444444444444444,3630.33,UPI,HDFC,BANK_TIMEOUT,18,NO_ACTION,0
0.6727272727272727,0.7222222222222222,2854.82,UPI,HDFC,LIMIT_EXCEEDED,7,NO_ACTION,0
0.8556701030927835,0.9285714285714286,5350.08,UPI,SBI,LIMIT_EXCEEDED,3,RETRY_NOW,1
0.7956989247311828,0.7894736842105263,9754.09,CARD,AXIS,INSUFFICIENT_FUNDS,10,RETRY_LATER,1
0.9310344827586207,0.75,7733.13,WALLET,HDFC,LIMIT_EXCEEDED,14,RETRY_NOW,0
0.8769230769230769,0.125,8702.52,NETBANKING,YESBANK,INSUFFICIENT_FUNDS,18,SEND_REMINDER,0
0.48,0.23076923076923078,3926.17,NETBANKING,KOTAK,BANK_TIMEOUT,3,SEND_REMINDER,0
0.5384615384615384,0.6111111111111112,3362.77,NETBANKING,YESBANK,INSUFFICIENT_FUNDS,14,RETRY_NOW,0
0.8508771929824561,0.8823529411764706,9102.32,CARD,KOTAK,NETWORK_ERROR,0,SEND_REMINDER,0
0.9787234042553191,0.0,8299.17,NETBANKING,ICICI,NETWORK_ERROR,3,RETRY_LATER,1
0.7407407407407407,0.42857142857142855,4799.39,NETBANKING,HDFC,CARD_EXPIRED,23,RETRY_NOW,0
0.9846153846153847,1.0,928.39,WALLET,SBI,LIMIT_EXCEEDED,3,NO_ACTION,0
0.4444444444444444,0.6,5473.2,WALLET,KOTAK,BANK_TIMEOUT,5,SEND_REMINDER,1
0.7192982456140351,0.3125,3287.98,NETBANKING,ICICI,AUTHENTICATION_FAILED,18,RETRY_NOW,1
0.8627450980392157,1.0,4223.55,CARD,AXIS,CARD_EXPIRED,22,RETRY_NOW,0
0.975609756097561,0.0,2503.36,NETBANKING,YESBANK,NETWORK_ERROR,19,NO_ACTION,0
0.7183098591549296,0.3,1490.44,NETBANKING,AXIS,LIMIT_EXCEEDED,3,NO_ACTION,0
0.8205128205128205,0.42857142857142855,3007.1,NETBANKING,ICICI,BANK_TIMEOUT,5,RETRY_NOW,1
0.6842105263157895,0.7777777777777778,2802.93,NETBANKING,KOTAK,INSUFFICIENT_FUNDS,15,SEND_REMINDER,1
0.574468085106383,0.2,3523.96,CARD,SBI,BANK_TIMEOUT,15,SEND_REMINDER,1
0.9841269841269841,1.0,9396.15,NETBANKING,ICICI,CARD_EXPIRED,15,RETRY_NOW,1
0.9583333333333334,1.0,9654.26,WALLET,KOTAK,BANK_TIMEOUT,21,NO_ACTION,0
0.9210526315789473,1.0,9138.75,WALLET,AXIS,CARD_EXPIRED,15,RETRY_NOW,1
0.890625,0.8571428571428571,4680.19,NETBANKING,HDFC,NETWORK_ERROR,2,RETRY_NOW,0
0.8253968253968254,1.0,4353.93,UPI,YESBANK,CARD_EXPIRED,4,SEND_REMINDER,1
0.8703703703703703,0.8571428571428571,4676.32,CARD,HDFC,CARD_EXPIRED,10,SEND_REMINDER,0
0.9210526315789473,1.0,9138.75,WALLET,AXIS,CARD_EXPIRED,15,SEND_REMINDER,1
0.8208955223880597,0.5,8935.9,UPI,ICICI,LIMIT_EXCEEDED,21,NO_ACTION,0
0.9148936170212766,0.625,9405.42,UPI,YESBANK,INSUFFICIENT_FUNDS,14,SEND_REMINDER,0
0.6216216216216216,1.0,2411.27,CARD,AXIS,LIMIT_EXCEEDED,2,RETRY_NOW,1
0.7741935483870968,0.35714285714285715,7600.43,UPI,AXIS,CARD_EXPIRED,11,NO_ACTION,0
0.8923076923076924,0.2857142857142857,1375.42,WALLET,SBI,AUTHENTICATION_FAILED,7,SEND_REMINDER,1
0.7333333333333333,0.625,2878.56,WALLET,KOTAK,NETWORK_ERROR,7,RETRY_LATER,1
0.45454545454545453,0.8333333333333334,9838.98,WALLET,ICICI,AUTHENTICATION_FAILED,2,SEND_REMINDER,1
0.9178082191780822,0.8333333333333334,110.64,NETBANKING,AXIS,NETWORK_ERROR,22,RETRY_NOW,0
0.7625,0.3157894736842105,9010.37,NETBANKING,AXIS,NETWORK_ERROR,3,RETRY_LATER,1
0.8928571428571429,0.6666666666666666,8333.45,CARD,ICICI,CARD_EXPIRED,10,RETRY_LATER,1
0.797752808988764,0.5,4166.47,UPI,ICICI,INSUFFICIENT_FUNDS,1,RETRY_LATER,0
1.0,0.0,5409.82,NETBANKING,YESBANK,AUTHENTICATION_FAILED,23,RETRY_LATER,0
0.9326923076923077,0.14285714285714285,7271.85,CARD,AXIS,INSUFFICIENT_FUNDS,15,RETRY_NOW,0
0.34782608695652173,0.4,8917.6,UPI,KOTAK,CARD_EXPIRED,5,RETRY_LATER,0
0.4090909090909091,0.5384615384615384,7520.49,NETBANKING,KOTAK,CARD_EXPIRED,11,NO_ACTION,0
0.9850746268656716,0.0,2434.37,NETBANKING,ICICI,NETWORK_ERROR,8,SEND_REMINDER,0
0.881578947368421,1.0,8613.92,NETBANKING,AXIS,BANK_TIMEOUT,19,SEND_REMINDER,1
0.8222222222222222,0.875,9977.78,NETBANKING,HDFC,LIMIT_EXCEEDED,17,SEND_REMINDER,1
0.94,0.16666666666666666,4474.79,NETBANKING,KOTAK,INSUFFICIENT_FUNDS,6,RETRY_LATER,1
0.851063829787234,0.8571428571428571,4197.7,CARD,ICICI,CARD_EXPIRED,11,RETRY_LATER,0
0.8518518518518519,0.0,5041.83,UPI,YESBANK,INSUFFICIENT_FUNDS,19,RETRY_LATER,0
0.9326923076923077,0.14285714285714285,2165.68,UPI,ICICI,BANK_TIMEOUT,0,RETRY_LATER,1
0.8172043010752689,0.23529411764705882,6796.32,CARD,AXIS,NETWORK_ERROR,22,RETRY_LATER,1
0.979381443298969,0.5,4434.85,UPI,KOTAK,INSUFFICIENT_FUNDS,6,NO_ACTION,0
0.972972972972973,0.0,6211.5,UPI,ICICI,AUTHENTICATION_FAILED,13,SEND_REMINDER,1
0.881578947368421,1.0,9065.98,UPI,ICICI,CARD_EXPIRED,6,NO_ACTION,0
0.8947368421052632,1.0,142.78,UPI,AXIS,INSUFFICIENT_FUNDS,3,RETRY_LATER,0
0.7971014492753623,0.7857142857142857,5454.5,WALLET,ICICI,INSUFFICIENT_FUNDS,3,RETRY_NOW,1
0.8571428571428571,0.4,7052.45,WALLET,AXIS,CARD_EXPIRED,15,RETRY_LATER,0
0.45454545454545453,0.8333333333333334,8965.25,UPI,KOTAK,NETWORK_ERROR,10,NO_ACTION,0
0.8615384615384616,0.8888888888888888,5203.28,NETBANKING,SBI,NETWORK_ERROR,19,RETRY_LATER,1
0.5151515151515151,0.5625,1835.48,NETBANKING,SBI,NETWORK_ERROR,11,RETRY_LATER,1
0.7945205479452054,0.7333333333333333,1300.15,NETBANKING,SBI,INSUFFICIENT_FUNDS,5,RETRY_NOW,1
0.84,0.25,7527.49,CARD,SBI,NETWORK_ERROR,7,NO_ACTION,0
0.4444444444444444,0.6,3953.61,NETBANKING,ICICI,INSUFFICIENT_FUNDS,17,RETRY_NOW,1
0.6875,0.1,1120.57,UPI,KOTAK,CARD_EXPIRED,11,RETRY_NOW,0
0.7169811320754716,0.06666666666666667,7822.03,WALLET,HDFC,CARD_EXPIRED,14,SEND_REMINDER,0
0.8777777777777778,0.8181818181818182,6896.08,NETBANKING,ICICI,AUTHENTICATION_FAILED,6,RETRY_LATER,0
0.9117647058823529,0.0,4224.11,UPI,HDFC,BANK_TIMEOUT,19,NO_ACTION,0
0.7868852459016393,0.46153846153846156,5852.36,CARD,SBI,AUTHENTICATION_FAILED,21,NO_ACTION,0
0.9195402298850575,0.2857142857142857,928.16,CARD,AXIS,INSUFFICIENT_FUNDS,12,RETRY_LATER,1
0.6744186046511628,0.14285714285714285,3110.77,NETBANKING,KOTAK,BANK_TIMEOUT,1,SEND_REMINDER,0
0.9186046511627907,0.2857142857142857,5676.9,NETBANKING,SBI,AUTHENTICATION_FAILED,4,RETRY_LATER,0
0.896551724137931,0.8888888888888888,4868.98,UPI,ICICI,AUTHENTICATION_FAILED,4,RETRY_NOW,1
0.8148148148148148,0.06666666666666667,2282.86,NETBANKING,HDFC,INSUFFICIENT_FUNDS,5,NO_ACTION,0
0.34782608695652173,0.4,7650.84,WALLET,SBI,CARD_EXPIRED,19,NO_ACTION,0
0.8876404494382022,0.2,1958.96,UPI,ICICI,AUTHENTICATION_FAILED,15,NO_ACTION,0
0.99,1.0,2315.04,CARD,KOTAK,AUTHENTICATION_FAILED,2,NO_ACTION,0
0.7402597402597403,1.0,6179.9,WALLET,HDFC,BANK_TIMEOUT,16,RETRY_LATER,1
0.9038461538461539,0.6,9562.57,NETBANKING,KOTAK,CARD_EXPIRED,22,SEND_REMINDER,1
0.7297297297297297,0.6,4933.09,WALLET,SBI,INSUFFICIENT_FUNDS,13,RETRY_LATER,0
0.8983050847457628,1.0,787.9,NETBANKING,SBI,INSUFFICIENT_FUNDS,6,SEND_REMINDER,1
0.8392857142857143,0.2222222222222222,4127.08,WALLET,SBI,INSUFFICIENT_FUNDS,16,NO_ACTION,0
0.6851851851851852,0.7058823529411765,4899.97,CARD,YESBANK,NETWORK_ERROR,10,RETRY_NOW,0
0.34615384615384615,0.5882352941176471,7574.12,UPI,KOTAK,INSUFFICIENT_FUNDS,2,RETRY_LATER,0
0.8260869565217391,0.75,4128.11,NETBANKING,SBI,LIMIT_EXCEEDED,13,SEND_REMINDER,0
0.8494623655913979,0.35714285714285715,6997.88,CARD,KOTAK,AUTHENTICATION_FAILED,12,NO_ACTION,0
0.7142857142857143,0.5,5813.12,UPI,AXIS,AUTHENTICATION_FAILED,9,RETRY_LATER,0
0.3,0.5714285714285714,251.36,WALLET,KOTAK,BANK_TIMEOUT,17,RETRY_NOW,0
0.5384615384615384,0.8333333333333334,6742.25,NETBANKING,AXIS,NETWORK_ERROR,3,RETRY_NOW,1
0.9344262295081968,0.0,8798.44,UPI,KOTAK,LIMIT_EXCEEDED,4,RETRY_LATER,0
0.6666666666666666,0.125,7370.94,CARD,HDFC,LIMIT_EXCEEDED,1,RETRY_LATER,0
0.6779661016949152,1.0,2553.19,UPI,YESBANK,NETWORK_ERROR,2,RETRY_LATER,1
0.979381443298969,0.5,7466.39,CARD,KOTAK,BANK_TIMEOUT,11,RETRY_NOW,0
0.7671232876712328,0.5882352941176471,6670.16,CARD,HDFC,BANK_TIMEOUT,19,RETRY_NOW,1
0.7346938775510204,0.23076923076923078,8818.29,NETBANKING,YESBANK,LIMIT_EXCEEDED,13,RETRY_LATER,0
0.8,0.9,8311.73,NETBANKING,AXIS,INSUFFICIENT_FUNDS,3,NO_ACTION,0
0.9473684210526315,0.25,9543.45,WALLET,HDFC,CARD_EXPIRED,10,NO_ACTION,0
0.875,0.8333333333333334,4005.7,CARD,YESBANK,AUTHENTICATION_FAILED,0,NO_ACTION,0
0.8227848101265823,0.0,4451.99,WALLET,KOTAK,CARD_EXPIRED,13,SEND_REMINDER,1
0.8571428571428571,0.4,6829.69,UPI,AXIS,LIMIT_EXCEEDED,6,SEND_REMINDER,1
0.9803921568627451,0.0,6121.95,UPI,AXIS,INSUFFICIENT_FUNDS,4,SEND_REMINDER,1
0.825,0.0,5650.74,CARD,AXIS,INSUFFICIENT_FUNDS,11,NO_ACTION,0
0.9333333333333333,0.5,4038.87,WALLET,KOTAK,CARD_EXPIRED,1,NO_ACTION,0
0.72,0.5714285714285714,8967.86,UPI,HDFC,AUTHENTICATION_FAILED,20,NO_ACTION,0
0.8125,0.3333333333333333,1519.3,WALLET,HDFC,NETWORK_ERROR,4,NO_ACTION,0
0.9583333333333334,0.0,8101.9,WALLET,SBI,AUTHENTICATION_FAILED,13,NO_ACTION,0
0.32142857142857145,0.9473684210526315,2187.82,NETBANKING,KOTAK,CARD_EXPIRED,10,SEND_REMINDER,0
0.6458333333333334,0.6470588235294118,6563.81,UPI,YESBANK,BANK_TIMEOUT,12,NO_ACTION,0
0.3076923076923077,0.4444444444444444,4948.74,CARD,ICICI,AUTHENTICATION_FAILED,11,RETRY_LATER,0
0.8347826086956521,0.7368421052631579,4025.38,UPI,AXIS,INSUFFICIENT_FUNDS,18,NO_ACTION,0
0.9178082191780822,0.0,3289.72,WALLET,AXIS,BANK_TIMEOUT,15,SEND_REMINDER,0
0.9210526315789473,1.0,7894.73,WALLET,KOTAK,LIMIT_EXCEEDED,17,NO_ACTION,0
0.9245283018867925,0.75,4199.76,CARD,AXIS,CARD_EXPIRED,22,RETRY_LATER,0
0.9333333333333333,0.75,2760.31,UPI,HDFC,AUTHENTICATION_FAILED,7,SEND_REMINDER,0
0.8392857142857143,0.2222222222222222,4512.26,WALLET,KOTAK,NETWORK_ERROR,21,RETRY_LATER,1
0.8444444444444444,0.14285714285714285,9071.54,WALLET,HDFC,INSUFFICIENT_FUNDS,22,NO_ACTION,0
0.8279569892473119,0.1875,5520.04,UPI,KOTAK,CARD_EXPIRED,3,RETRY_LATER,0
0.6904761904761905,0.6153846153846154,6349.94,WALLET,AXIS,BANK_TIMEOUT,7,RETRY_LATER,1
0.872093023255814,0.09090909090909091,9314.11,CARD,YESBANK,BANK_TIMEOUT,4,RETRY_NOW,0
0.8620689655172413,0.0625,2578.7,WALLET,HDFC,NETWORK_ERROR,7,RETRY_LATER,1
0.6727272727272727,0.7222222222222222,5738.56,WALLET,ICICI,BANK_TIMEOUT,6,NO_ACTION,0
0.5151515151515151,0.5625,7309.94,WALLET,YESBANK,BANK_TIMEOUT,14,RETRY_NOW,0
0.7727272727272727,0.6,8674.55,CARD,AXIS,LIMIT_EXCEEDED,21,NO_ACTION,0
1.0,0.0,7922.25,WALLET,YESBANK,NETWORK_ERROR,14,SEND_REMINDER,0
0.6727272727272727,0.7222222222222222,5738.56,WALLET,ICICI,BANK_TIMEOUT,6,RETRY_LATER,1
0.9345794392523364,0.2857142857142857,7048.3,CARD,YESBANK,BANK_TIMEOUT,18,SEND_REMINDER,0
0.7763157894736842,0.29411764705882354,2380.35,NETBANKING,YESBANK,BANK_TIMEOUT,22,SEND_REMINDER,0
0.7115384615384616,0.8,2156.51,NETBANKING,AXIS,LIMIT_EXCEEDED,8,SEND_REMINDER,1
0.7727272727272727,0.3,8599.88,UPI,YESBANK,CARD_EXPIRED,8,RETRY_LATER,1
0.8947368421052632,1.0,3708.29,WALLET,KOTAK,CARD_EXPIRED,20,RETRY_NOW,1
0.8571428571428571,0.0,7786.17,NETBANKING,AXIS,INSUFFICIENT_FUNDS,13,RETRY_NOW,0
0.5384615384615384,0.2777777777777778,4635.51,UPI,SBI,NETWORK_ERROR,19,NO_ACTION,0
0.8482142857142857,0.17647058823529413,2181.44,NETBANKING,YESBANK,NETWORK_ERROR,6,SEND_REMINDER,0
0.99,1.0,1044.58,CARD,KOTAK,AUTHENTICATION_FAILED,12,RETRY_NOW,0
0.8625,0.18181818181818182,9414.66,WALLET,AXIS,LIMIT_EXCEEDED,19,RETRY_NOW,0
0.75,0.6428571428571429,1773.49,CARD,HDFC,BANK_TIMEOUT,11,RETRY_NOW,1
0.8260869565217391,0.75,5117.18,NETBANKING,HDFC,AUTHENTICATION_FAILED,7,SEND_REMINDER,1
1.0,0.0,5522.99,CARD,KOTAK,INSUFFICIENT_FUNDS,0,RETRY_LATER,0
0.8910891089108911,0.0,2328.3,UPI,AXIS,CARD_EXPIRED,4,RETRY_NOW,0
0.9850746268656716,0.0,7404.87,WALLET,ICICI,INSUFFICIENT_FUNDS,5,RETRY_LATER,0
0.9873417721518988,0.0,6637.24,UPI,AXIS,CARD_EXPIRED,6,RETRY_LATER,0
0.5945945945945946,0.9333333333333333,5009.82,CARD,SBI,BANK_TIMEOUT,17,RETRY_NOW,1
0.8773584905660378,1.0,142.9,CARD,ICICI,CARD_EXPIRED,2,RETRY_LATER,0
0.8421052631578947,0.6666666666666666,1515.8,NETBANKING,AXIS,CARD_EXPIRED,17,NO_ACTION,0
0.2962962962962963,0.15789473684210525,9522.24,CARD,KOTAK,BANK_TIMEOUT,2,RETRY_LATER,1
0.8981481481481481,0.5454545454545454,5463.24,CARD,AXIS,AUTHENTICATION_FAILED,4,RETRY_LATER,1
0.703125,0.47368421052631576,7135.73,NETBANKING,HDFC,LIMIT_EXCEEDED,23,RETRY_NOW,0
0.8823529411764706,1.0,1635.26,CARD,KOTAK,BANK_TIMEOUT,8,RETRY_LATER,1
0.8208955223880597,0.5833333333333334,7090.3,CARD,HDFC,AUTHENTICATION_FAILED,7,SEND_REMINDER,1
0.7681159420289855,0.4375,3213.33,NETBANKING,KOTAK,CARD_EXPIRED,12,RETRY_LATER,0
0.8955223880597015,0.0,4240.43,NETBANKING,AXIS,BANK_TIMEOUT,11,RETRY_NOW,1
1.0,0.0,4813.55,UPI,KOTAK,INSUFFICIENT_FUNDS,20,SEND_REMINDER,0
0.8765432098765432,0.5,841.34,NETBANKING,AXIS,LIMIT_EXCEEDED,20,RETRY_LATER,1
0.8369565217391305,0.4,5367.43,UPI,AXIS,LIMIT_EXCEEDED,12,NO_ACTION,0
0.979381443298969,0.5,4128.06,WALLET,SBI,NETWORK_ERROR,3,RETRY_NOW,1
0.7183098591549296,0.3,3470.82,WALLET,KOTAK,CARD_EXPIRED,16,SEND_REMINDER,1
0.9534883720930233,0.5,6732.53,CARD,AXIS,CARD_EXPIRED,11,NO_ACTION,0
0.43333333333333335,0.5294117647058824,8688.49,CARD,AXIS,AUTHENTICATION_FAILED,6,RETRY_NOW,0
0.7872340425531915,0.55,7039.54,CARD,YESBANK,LIMIT_EXCEEDED,11,SEND_REMINDER,0
0.7333333333333333,0.625,1307.86,CARD,YESBANK,LIMIT_EXCEEDED,7,NO_ACTION,0
0.8888888888888888,0.25,6976.38,CARD,HDFC,NETWORK_ERROR,18,RETRY_NOW,1
0.34615384615384615,0.5882352941176471,5726.67,UPI,HDFC,LIMIT_EXCEEDED,5,RETRY_LATER,1
0.8,0.17647058823529413,9043.95,NETBANKING,YESBANK,CARD_EXPIRED,3,SEND_REMINDER,1
0.8526315789473684,0.2857142857142857,3128.47,WALLET,YESBANK,BANK_TIMEOUT,7,RETRY_NOW,1
0.8431372549019608,0.0,4511.43,WALLET,ICICI,AUTHENTICATION_FAILED,6,NO_ACTION,0
0.8205128205128205,0.42857142857142855,3007.1,NETBANKING,ICICI,BANK_TIMEOUT,5,NO_ACTION,0
0.42857142857142855,0.16666666666666666,7282.8,WALLET,HDFC,LIMIT_EXCEEDED,13,RETRY_LATER,0
0.797752808988764,0.5,2105.34,CARD,AXIS,CARD_EXPIRED,21,NO_ACTION,0
0.5,0.6666666666666666,5842.2,UPI,AXIS,LIMIT_EXCEEDED,12,RETRY_NOW,0
0.9195402298850575,0.2857142857142857,538.32,UPI,KOTAK,AUTHENTICATION_FAILED,12,RETRY_LATER,1
0.8494623655913979,0.35714285714285715,6997.88,CARD,KOTAK,AUTHENTICATION_FAILED,12,SEND_REMINDER,1
0.4230769230769231,0.6666666666666666,2744.4,UPI,ICICI,INSUFFICIENT_FUNDS,17,RETRY_NOW,0
1.0,0.0,7795.49,NETBANKING,AXIS,BANK_TIMEOUT,23,RETRY_NOW,0
1.0,0.0,5768.36,WALLET,ICICI,CARD_EXPIRED,21,SEND_REMINDER,0
0.8181818181818182,0.15,3495.3,WALLET,ICICI,LIMIT_EXCEEDED,22,NO_ACTION,0
0.9195402298850575,0.2857142857142857,6925.41,WALLET,KOTAK,LIMIT_EXCEEDED,18,SEND_REMINDER,0
0.75,0.6428571428571429,5013.32,NETBANKING,HDFC,BANK_TIMEOUT,10,RETRY_NOW,0
0.7402597402597403,0.35,3065.99,CARD,AXIS,AUTHENTICATION_FAILED,7,NO_ACTION,0
0.2962962962962963,0.15789473684210525,9925.02,UPI,YESBANK,CARD_EXPIRED,6,RETRY_NOW,0
1.0,0.0,1831.43,CARD,HDFC,INSUFFICIENT_FUNDS,7,SEND_REMINDER,0
0.7741935483870968,0.35714285714285715,1885.57,WALLET,ICICI,AUTHENTICATION_FAILED,6,NO_ACTION,0
0.7111111111111111,0.9230769230769231,1220.16,NETBANKING,AXIS,BANK_TIMEOUT,8,NO_ACTION,0
0.8095238095238095,0.25,8986.92,NETBANKING,KOTAK,AUTHENTICATION_FAILED,16,RETRY_NOW,0
0.8076923076923077,0.8,8872.88,NETBANKING,KOTAK,LIMIT_EXCEEDED,7,SEND_REMINDER,1
0.8148148148148148,0.06666666666666667,1017.44,WALLET,YESBANK,NETWORK_ERROR,19,SEND_REMINDER,0
0.6595744680851063,0.1875,719.32,UPI,KOTAK,CARD_EXPIRED,22,RETRY_LATER,0
0.8165137614678899,0.55,432.92,WALLET,AXIS,AUTHENTICATION_FAILED,0,RETRY_LATER,1
0.9390243902439024,1.0,4998.3,NETBANKING,YESBANK,NETWORK_ERROR,14,SEND_REMINDER,1
0.8085106382978723,0.5555555555555556,6964.72,NETBANKING,YESBANK,AUTHENTICATION_FAILED,7,RETRY_NOW,1
0.7916666666666666,0.2,2045.32,NETBANKING,ICICI,INSUFFICIENT_FUNDS,3,SEND_REMINDER,0
0.7796610169491526,0.3076923076923077,2173.51,CARD,SBI,BANK_TIMEOUT,10,SEND_REMINDER,0
0.5333333333333333,0.2857142857142857,9234.3,UPI,AXIS,LIMIT_EXCEEDED,10,SEND_REMINDER,1
0.7931034482758621,0.8333333333333334,1915.14,NETBANKING,KOTAK,LIMIT_EXCEEDED,2,SEND_REMINDER,0
0.7971014492753623,0.7857142857142857,5454.5,WALLET,ICICI,INSUFFICIENT_FUNDS,3,RETRY_LATER,1
0.5833333333333334,0.5333333333333333,3620.45,CARD,KOTAK,AUTHENTICATION_FAILED,9,RETRY_LATER,1
0.8434782608695652,0.5,4925.58,CARD,SBI,CARD_EXPIRED,3,SEND_REMINDER,1
0.8181818181818182,0.16666666666666666,5780.53,NETBANKING,AXIS,NETWORK_ERROR,5,RETRY_NOW,1
0.9714285714285714,1.0,4617.88,NETBANKING,SBI,CARD_EXPIRED,20,RETRY_NOW,0
0.912621359223301,1.0,1990.89,NETBANKING,SBI,BANK_TIMEOUT,0,SEND_REMINDER,0
0.9310344827586207,0.3333333333333333,9699.47,WALLET,HDFC,LIMIT_EXCEEDED,3,SEND_REMINDER,1
0.9696969696969697,0.0,8917.57,NETBANKING,YESBANK,AUTHENTICATION_FAILED,0,RETRY_LATER,0
0.94,1.0,1306.9,WALLET,ICICI,BANK_TIMEOUT,22,RETRY_LATER,1
0.25925925925925924,0.8,288.51,CARD,YESBANK,INSUFFICIENT_FUNDS,21,RETRY_NOW,1
0.970873786407767,1.0,9733.15,NETBANKING,YESBANK,INSUFFICIENT_FUNDS,15,RETRY_NOW,1
0.5609756097560976,0.7777777777777778,3711.56,CARD,AXIS,CARD_EXPIRED,13,RETRY_LATER,0
0.99,1.0,3366.73,NETBANKING,AXIS,LIMIT_EXCEEDED,16,RETRY_LATER,0
0.9821428571428571,0.0,3792.3,UPI,ICICI,NETWORK_ERROR,0,RETRY_LATER,1
0.896551724137931,0.8888888888888888,2798.73,CARD,YESBANK,INSUFFICIENT_FUNDS,17,RETRY_NOW,0
0.5,0.6666666666666666,7574.35,CARD,AXIS,AUTHENTICATION_FAILED,19,NO_ACTION,0
0.6551724137931034,0.75,3625.44,UPI,AXIS,INSUFFICIENT_FUNDS,4,RETRY_NOW,0
0.9479166666666666,0.6,1074.59,UPI,YESBANK,NETWORK_ERROR,22,RETRY_NOW,1
0.7142857142857143,0.5,9090.19,UPI,HDFC,NETWORK_ERROR,6,NO_ACTION,0
0.822429906542056,0.47368421052631576,8100.23,UPI,AXIS,NETWORK_ERROR,20,SEND_REMINDER,0
0.8152173913043478,0.9411764705882353,1660.87,NETBANKING,ICICI,AUTHENTICATION_FAILED,14,RETRY_NOW,1
0.8588235294117647,1.0,4552.71,NETBANKING,HDFC,CARD_EXPIRED,23,RETRY_LATER,1
0.7297297297297297,0.6,1950.59,NETBANKING,ICICI,LIMIT_EXCEEDED,5,SEND_REMINDER,1
0.4594594594594595,0.65,7144.52,NETBANKING,HDFC,LIMIT_EXCEEDED,13,RETRY_LATER,0
0.7916666666666666,0.2,7361.69,NETBANKING,KOTAK,NETWORK_ERROR,6,SEND_REMINDER,1
0.8153846153846154,0.9166666666666666,9974.14,WALLET,AXIS,NETWORK_ERROR,20,SEND_REMINDER,1
0.6226415094339622,0.85,2262.47,NETBANKING,KOTAK,CARD_EXPIRED,4,SEND_REMINDER,1
0.8981481481481481,0.5454545454545454,5463.24,CARD,AXIS,AUTHENTICATION_FAILED,4,NO_ACTION,0
0.8902439024390244,1.0,422.19,WALLET,ICICI,INSUFFICIENT_FUNDS,18,NO_ACTION,0
0.6764705882352942,0.18181818181818182,2044.29,UPI,YESBANK,AUTHENTICATION_FAILED,20,NO_ACTION,0
0.8064516129032258,0.6666666666666666,5252.48,NETBANKING,SBI,NETWORK_ERROR,17,SEND_REMINDER,0
0.6756756756756757,0.6666666666666666,4459.65,WALLET,ICICI,NETWORK_ERROR,19,NO_ACTION,0
0.6724137931034483,0.10526315789473684,8783.8,UPI,AXIS,CARD_EXPIRED,14,RETRY_LATER,0
0.6274509803921569,0.5263157894736842,6981.56,NETBANKING,ICICI,CARD_EXPIRED,11,SEND_REMINDER,0
0.8974358974358975,0.25,8925.08,WALLET,AXIS,CARD_EXPIRED,2,NO_ACTION,0
1.0,0.0,7483.13,NETBANKING,AXIS,NETWORK_ERROR,10,SEND_REMINDER,0
0.7,0.5555555555555556,6766.1,WALLET,HDFC,CARD_EXPIRED,20,SEND_REMINDER,1
0.9333333333333333,0.5,5558.0,CARD,YESBANK,INSUFFICIENT_FUNDS,7,NO_ACTION,0
0.5333333333333333,0.2857142857142857,7318.21,WALLET,ICICI,BANK_TIMEOUT,1,RETRY_LATER,1
0.23809523809523808,0.625,1984.88,UPI,AXIS,AUTHENTICATION_FAILED,21,RETRY_LATER,1
0.9,0.2,9894.27,NETBANKING,AXIS,INSUFFICIENT_FUNDS,0,NO_ACTION,0
0.88,0.0,7079.74,NETBANKING,AXIS,INSUFFICIENT_FUNDS,6,RETRY_NOW,0
0.9827586206896551,0.0,9798.86,NETBANKING,YESBANK,INSUFFICIENT_FUNDS,23,RETRY_NOW,0
0.8369565217391305,0.4,1709.88,UPI,YESBANK,NETWORK_ERROR,9,SEND_REMINDER,0
0.7586206896551724,0.5,8958.86,NETBANKING,ICICI,LIMIT_EXCEEDED,19,NO_ACTION,0
0.9866666666666667,0.0,2605.63,CARD,SBI,CARD_EXPIRED,6,NO_ACTION,0
0.9607843137254902,0.5,2725.13,NETBANKING,AXIS,LIMIT_EXCEEDED,9,RETRY_NOW,1
0.4090909090909091,0.5384615384615384,1086.41,CARD,SBI,AUTHENTICATION_FAILED,9,NO_ACTION,0
1.0,0.0,4885.9,CARD,KOTAK,NETWORK_ERROR,13,NO_ACTION,0
0.782608695652174,0.15,5758.31,UPI,HDFC,AUTHENTICATION_FAILED,0,SEND_REMINDER,1
0.7115384615384616,0.8,9512.72,CARD,ICICI,CARD_EXPIRED,0,NO_ACTION,0
0.8235294117647058,1.0,689.39,UPI,AXIS,CARD_EXPIRED,11,RETRY_LATER,0
0.8431372549019608,0.0,7895.09,CARD,KOTAK,BANK_TIMEOUT,0,RETRY_NOW,0
0.8526315789473684,0.2857142857142857,759.92,UPI,ICICI,INSUFFICIENT_FUNDS,19,NO_ACTION,0
0.9479166666666666,0.6,8977.56,UPI,ICICI,BANK_TIMEOUT,17,RETRY_NOW,1
0.6779661016949152,1.0,2268.42,NETBANKING,KOTAK,AUTHENTICATION_FAILED,23,SEND_REMINDER,1
0.25,0.3333333333333333,5661.19,CARD,HDFC,BANK_TIMEOUT,12,RETRY_LATER,0
0.7111111111111111,0.9230769230769231,6904.23,WALLET,HDFC,INSUFFICIENT_FUNDS,3,RETRY_LATER,0
0.6875,0.1,5964.29,WALLET,KOTAK,CARD_EXPIRED,13,SEND_REMINDER,0
0.8390804597701149,0.42857142857142855,8636.16,CARD,YESBANK,INSUFFICIENT_FUNDS,21,RETRY_NOW,0
0.6875,1.0,9804.11,CARD,ICICI,LIMIT_EXCEEDED,23,RETRY_NOW,1
0.8070175438596491,0.36363636363636365,2273.49,NETBANKING,AXIS,CARD_EXPIRED,23,SEND_REMINDER,1
0.8823529411764706,0.75,349.58,CARD,HDFC,CARD_EXPIRED,5,SEND_REMINDER,0
0.8850574712643678,0.2,8473.19,UPI,KOTAK,INSUFFICIENT_FUNDS,2,SEND_REMINDER,0
0.9545454545454546,1.0,6217.52,WALLET,AXIS,NETWORK_ERROR,21,SEND_REMINDER,0
0.765625,0.4,989.38,NETBANKING,KOTAK,LIMIT_EXCEEDED,2,RETRY_NOW,0
0.921875,1.0,9252.92,NETBANKING,AXIS,AUTHENTICATION_FAILED,22,NO_ACTION,0
0.8103448275862069,0.7272727272727273,2772.51,WALLET,AXIS,AUTHENTICATION_FAILED,13,SEND_REMINDER,0
0.9210526315789473,0.3333333333333333,1003.17,CARD,YESBANK,AUTHENTICATION_FAILED,22,NO_ACTION,0
0.45454545454545453,0.8333333333333334,9039.51,CARD,HDFC,LIMIT_EXCEEDED,11,NO_ACTION,0
0.6976744186046512,0.07692307692307693,397.89,CARD,YESBANK,BANK_TIMEOUT,6,RETRY_LATER,1
0.8867924528301887,0.8333333333333334,6734.83,WALLET,AXIS,LIMIT_EXCEEDED,15,SEND_REMINDER,1
1.0,0.0,1683.74,WALLET,AXIS,BANK_TIMEOUT,0,SEND_REMINDER,1
0.8627450980392157,1.0,1017.92,WALLET,ICICI,CARD_EXPIRED,8,SEND_REMINDER,0
0.8181818181818182,0.0,3399.36,UPI,AXIS,BANK_TIMEOUT,18,SEND_REMINDER,0
0.875,0.8,9797.3,NETBANKING,YESBANK,NETWORK_ERROR,3,SEND_REMINDER,1
0.8596491228070176,1.0,977.24,CARD,AXIS,AUTHENTICATION_FAILED,21,NO_ACTION,0
0.6756756756756757,0.6666666666666666,4035.54,WALLET,KOTAK,BANK_TIMEOUT,4,RETRY_LATER,1
0.90625,0.0,1623.05,UPI,SBI,CARD_EXPIRED,6,RETRY_LATER,0
0.7916666666666666,0.05,1158.02,NETBANKING,AXIS,NETWORK_ERROR,14,SEND_REMINDER,0
0.883495145631068,0.75,6537.15,CARD,ICICI,AUTHENTICATION_FAILED,2,RETRY_NOW,1
0.8387096774193549,0.7333333333333333,5074.44,WALLET,ICICI,AUTHENTICATION_FAILED,9,SEND_REMINDER,1
0.9333333333333333,0.4,6374.96,CARD,ICICI,CARD_EXPIRED,0,SEND_REMINDER,0
0.8625,0.18181818181818182,2771.32,NETBANKING,HDFC,INSUFFICIENT_FUNDS,14,SEND_REMINDER,1
0.851063829787234,0.8571428571428571,8460.29,WALLET,SBI,BANK_TIMEOUT,22,RETRY_LATER,1
0.8653846153846154,0.0,7605.66,NETBANKING,KOTAK,LIMIT_EXCEEDED,20,RETRY_NOW,0
0.5652173913043478,0.6,1154.77,WALLET,KOTAK,AUTHENTICATION_FAILED,12,RETRY_NOW,0
0.6875,0.0,3175.92,CARD,SBI,LIMIT_EXCEEDED,0,SEND_REMINDER,0
0.7764705882352941,0.3684210526315789,4793.02,UPI,AXIS,LIMIT_EXCEEDED,16,RETRY_NOW,0
0.6976744186046512,0.07692307692307693,6781.31,WALLET,AXIS,AUTHENTICATION_FAILED,11,RETRY_NOW,0
0.8165137614678899,0.55,3498.18,CARD,AXIS,CARD_EXPIRED,1,NO_ACTION,0
0.7837837837837838,0.5,2751.97,UPI,AXIS,CARD_EXPIRED,6,NO_ACTION,0
0.8350515463917526,0.8125,2526.78,NETBANKING,YESBANK,LIMIT_EXCEEDED,9,SEND_REMINDER,0
0.7222222222222222,0.26666666666666666,9771.05,CARD,SBI,NETWORK_ERROR,9,RETRY_LATER,1
0.8148148148148148,0.06666666666666667,1017.44,WALLET,YESBANK,NETWORK_ERROR,19,RETRY_LATER,0
0.5714285714285714,1.0,5125.41,CARD,KOTAK,AUTHENTICATION_FAILED,13,NO_ACTION,0
0.96,1.0,6840.37,WALLET,KOTAK,LIMIT_EXCEEDED,5,RETRY_NOW,0
0.7590361445783133,0.1,5019.76,WALLET,ICICI,CARD_EXPIRED,1,SEND_REMINDER,1
0.6666666666666666,0.125,1030.78,CARD,AXIS,LIMIT_EXCEEDED,4,RETRY_NOW,1
0.9,1.0,1137.33,NETBANKING,SBI,CARD_EXPIRED,21,SEND_REMINDER,1
0.7777777777777778,0.0,7141.18,WALLET,SBI,BANK_TIMEOUT,9,RETRY_NOW,1
0.5641025641025641,0.0,5630.81,WALLET,ICICI,AUTHENTICATION_FAILED,12,RETRY_NOW,0
0.8133333333333334,0.9285714285714286,5294.72,WALLET,HDFC,AUTHENTICATION_FAILED,0,RETRY_LATER,1
0.6041666666666666,0.10526315789473684,1954.99,UPI,HDFC,LIMIT_EXCEEDED,10,SEND_REMINDER,1
0.875,0.7142857142857143,6817.36,NETBANKING,YESBANK,BANK_TIMEOUT,20,RETRY_NOW,1
0.8596491228070176,0.5625,201.91,UPI,AXIS,AUTHENTICATION_FAILED,14,NO_ACTION,0
0.7142857142857143,0.0,6813.2,WALLET,AXIS,NETWORK_ERROR,19,RETRY_LATER,1
0.6724137931034483,0.10526315789473684,9435.37,NETBANKING,KOTAK,LIMIT_EXCEEDED,19,RETRY_LATER,0
0.9787234042553191,0.5,2501.72,NETBANKING,ICICI,BANK_TIMEOUT,16,RETRY_LATER,1
0.7701149425287356,0.05,6553.91,UPI,KOTAK,CARD_EXPIRED,22,NO_ACTION,0
0.8571428571428571,0.6875,3241.09,WALLET,KOTAK,NETWORK_ERROR,23,SEND_REMINDER,0
0.9259259259259259,0.5,2027.19,WALLET,YESBANK,LIMIT_EXCEEDED,7,NO_ACTION,0
0.8947368421052632,0.125,5701.36,CARD,SBI,AUTHENTICATION_FAILED,23,SEND_REMINDER,1
0.8627450980392157,1.0,1803.78,UPI,HDFC,BANK_TIMEOUT,4,SEND_REMINDER,1
0.7407407407407407,0.42857142857142855,8952.45,WALLET,SBI,BANK_TIMEOUT,20,NO_ACTION,0
0.5348837209302325,0.4,2069.89,WALLET,YESBANK,NETWORK_ERROR,23,RETRY_NOW,1
0.7746478873239436,0.5625,578.95,CARD,SBI,INSUFFICIENT_FUNDS,12,SEND_REMINDER,1
0.7796610169491526,0.3076923076923077,458.32,WALLET,KOTAK,CARD_EXPIRED,16,NO_ACTION,0
0.9090909090909091,0.5,3676.09,UPI,KOTAK,CARD_EXPIRED,17,RETRY_LATER,0
0.9850746268656716,0.0,7404.87,WALLET,ICICI,INSUFFICIENT_FUNDS,5,SEND_REMINDER,0
0.6808510638297872,0.8666666666666667,6527.72,UPI,AXIS,CARD_EXPIRED,19,NO_ACTION,0
0.8,0.15384615384615385,7053.38,CARD,HDFC,LIMIT_EXCEEDED,4,RETRY_NOW,1
0.5957446808510638,0.05263157894736842,5252.4,WALLET,HDFC,INSUFFICIENT_FUNDS,18,SEND_REMINDER,0
0.8571428571428571,0.8571428571428571,3778.02,WALLET,KOTAK,BANK_TIMEOUT,0,SEND_REMINDER,1
0.8809523809523809,0.2,9166.95,NETBANKING,YESBANK,INSUFFICIENT_FUNDS,6,RETRY_LATER,0
0.703125,0.0,4362.49,CARD,AXIS,AUTHENTICATION_FAILED,12,RETRY_NOW,0
0.660377358490566,0.0,5888.88,UPI,AXIS,BANK_TIMEOUT,20,SEND_REMINDER,0
0.6909090909090909,0.23529411764705882,5580.42,NETBANKING,AXIS,BANK_TIMEOUT,20,NO_ACTION,0
0.9714285714285714,0.0,4086.89,UPI,SBI,INSUFFICIENT_FUNDS,10,RETRY_NOW,0
0.8974358974358975,0.25,6322.46,NETBANKING,AXIS,AUTHENTICATION_FAILED,17,RETRY_NOW,0
0.7837837837837838,0.625,2902.05,NETBANKING,AXIS,LIMIT_EXCEEDED,15,RETRY_NOW,1
0.8292682926829268,0.14285714285714285,276.73,NETBANKING,SBI,INSUFFICIENT_FUNDS,23,RETRY_LATER,0
0.7619047619047619,0.35,5894.52,UPI,KOTAK,BANK_TIMEOUT,0,NO_ACTION,0
0.9375,0.5,8889.22,NETBANKING,HDFC,AUTHENTICATION_FAILED,21,SEND_REMINDER,1
0.8,0.9,8311.73,NETBANKING,AXIS,INSUFFICIENT_FUNDS,3,SEND_REMINDER,1
0.9479166666666666,0.6,8977.56,UPI,ICICI,BANK_TIMEOUT,17,NO_ACTION,0
0.9016393442622951,0.0,3983.29,CARD,HDFC,NETWORK_ERROR,8,RETRY_NOW,0
0.8902439024390244,1.0,9132.07,UPI,SBI,AUTHENTICATION_FAILED,1,RETRY_LATER,1
0.84,0.6875,8465.06,WALLET,AXIS,CARD_EXPIRED,11,SEND_REMINDER,1
0.8709677419354839,0.5,6869.1,UPI,ICICI,BANK_TIMEOUT,3,RETRY_LATER,1
0.6875,0.0,5131.85,UPI,ICICI,AUTHENTICATION_FAILED,5,RETRY_LATER,0
0.8076923076923077,0.8,8872.88,NETBANKING,KOTAK,LIMIT_EXCEEDED,7,NO_ACTION,0
0.8222222222222222,0.0,7899.23,WALLET,YESBANK,LIMIT_EXCEEDED,18,RETRY_LATER,1
0.7361111111111112,0.631578947368421,4138.42,NETBANKING,KOTAK,INSUFFICIENT_FUNDS,0,RETRY_NOW,0
0.8666666666666667,0.42857142857142855,4795.79,UPI,YESBANK,AUTHENTICATION_FAILED,9,SEND_REMINDER,1
0.8425925925925926,0.47058823529411764,4456.74,CARD,ICICI,LIMIT_EXCEEDED,10,NO_ACTION,0
0.8617021276595744,0.3076923076923077,8406.15,UPI,ICICI,INSUFFICIENT_FUNDS,8,SEND_REMINDER,0
0.7115384615384616,0.8,4650.12,WALLET,KOTAK,CARD_EXPIRED,22,SEND_REMINDER,1
0.782608695652174,0.2,6653.76,NETBANKING,YESBANK,NETWORK_ERROR,7,RETRY_LATER,1
0.2631578947368421,0.9285714285714286,3761.09,NETBANKING,ICICI,NETWORK_ERROR,9,RETRY_NOW,0
0.9428571428571428,1.0,1954.58,UPI,KOTAK,BANK_TIMEOUT,22,RETRY_LATER,0
0.9714285714285714,1.0,6195.02,NETBANKING,AXIS,INSUFFICIENT_FUNDS,20,NO_ACTION,0
0.8909090909090909,0.3333333333333333,606.64,UPI,KOTAK,AUTHENTICATION_FAILED,17,SEND_REMINDER,0
0.8421052631578947,0.6666666666666666,1145.76,CARD,AXIS,LIMIT_EXCEEDED,3,NO_ACTION,0
0.6875,0.1,5964.29,WALLET,KOTAK,CARD_EXPIRED,13,NO_ACTION,0
0.8064516129032258,0.6666666666666666,604.39,CARD,YESBANK,LIMIT_EXCEEDED,10,NO_ACTION,0
0.6764705882352942,0.2727272727272727,3667.43,UPI,SBI,LIMIT_EXCEEDED,10,NO_ACTION,0
0.9523809523809523,1.0,1443.25,UPI,KOTAK,INSUFFICIENT_FUNDS,7,RETRY_NOW,1
0.7466666666666667,0.3684210526315789,8654.67,NETBANKING,AXIS,INSUFFICIENT_FUNDS,11,RETRY_LATER,1
0.92,0.0,8183.63,CARD,YESBANK,AUTHENTICATION_FAILED,9,RETRY_LATER,1
0.9347826086956522,1.0,974.92,CARD,ICICI,LIMIT_EXCEEDED,0,RETRY_LATER,1
0.9770114942528736,0.0,9518.64,NETBANKING,YESBANK,LIMIT_EXCEEDED,20,RETRY_NOW,0
0.71875,0.1111111111111111,9896.54,WALLET,AXIS,LIMIT_EXCEEDED,4,NO_ACTION,0
0.8809523809523809,0.4,5676.9,UPI,KOTAK,AUTHENTICATION_FAILED,23,RETRY_LATER,0
0.574468085106383,0.2,9489.01,WALLET,YESBANK,AUTHENTICATION_FAILED,1,RETRY_NOW,0
0.803921568627451,1.0,8775.09,NETBANKING,SBI,NETWORK_ERROR,4,NO_ACTION,0
0.25,0.3333333333333333,2445.2,UPI,ICICI,AUTHENTICATION_FAILED,23,NO_ACTION,0
0.7638888888888888,0.17647058823529413,6851.62,WALLET,HDFC,CARD_EXPIRED,23,RETRY_LATER,0
0.75,1.0,1644.18,NETBANKING,HDFC,AUTHENTICATION_FAILED,2,NO_ACTION,0
0.8165137614678899,0.55,432.92,WALLET,AXIS,AUTHENTICATION_FAILED,0,NO_ACTION,0
0.8095238095238095,0.16666666666666666,9428.3,UPI,YESBANK,CARD_EXPIRED,22,NO_ACTION,0
0.8823529411764706,0.0,8780.17,UPI,YESBANK,CARD_EXPIRED,1,RETRY_NOW,1
0.883495145631068,0.75,8582.41,UPI,AXIS,INSUFFICIENT_FUNDS,7,RETRY_NOW,1
0.9607843137254902,0.5,7677.77,UPI,YESBANK,BANK_TIMEOUT,15,RETRY_NOW,0
0.9375,0.0,5866.02,UPI,HDFC,BANK_TIMEOUT,1,RETRY_LATER,0
1.0,0.0,3204.01,CARD,YESBANK,NETWORK_ERROR,8,RETRY_NOW,1
0.9333333333333333,0.5,942.22,UPI,AXIS,LIMIT_EXCEEDED,13,RETRY_LATER,1
0.6774193548387096,0.4,3263.49,UPI,AXIS,AUTHENTICATION_FAILED,10,RETRY_NOW,0
0.8070175438596491,0.36363636363636365,2346.1,UPI,SBI,BANK_TIMEOUT,0,RETRY_LATER,1
0.8947368421052632,0.125,3304.56,CARD,YESBANK,CARD_EXPIRED,20,SEND_REMINDER,0
0.9204545454545454,0.14285714285714285,6601.3,UPI,KOTAK,AUTHENTICATION_FAILED,13,NO_ACTION,0
0.8170731707317073,1.0,2091.8,NETBANKING,AXIS,BANK_TIMEOUT,4,RETRY_NOW,1
0.88,0.0,7079.74,NETBANKING,AXIS,INSUFFICIENT_FUNDS,6,NO_ACTION,0
0.8454545454545455,0.11764705882352941,9148.08,CARD,YESBANK,BANK_TIMEOUT,4,NO_ACTION,0
0.6851851851851852,0.7058823529411765,460.35,CARD,YESBANK,LIMIT_EXCEEDED,3,RETRY_NOW,0
0.9166666666666666,1.0,7320.11,CARD,ICICI,BANK_TIMEOUT,10,NO_ACTION,0
0.8421052631578947,0.0,5919.79,WALLET,HDFC,CARD_EXPIRED,11,RETRY_LATER,0
0.9787234042553191,0.0,9742.61,UPI,KOTAK,CARD_EXPIRED,19,RETRY_NOW,0
0.7532467532467533,0.3684210526315789,5049.22,UPI,YESBANK,BANK_TIMEOUT,11,NO_ACTION,0
0.9166666666666666,0.8,960.09,UPI,SBI,AUTHENTICATION_FAILED,7,RETRY_NOW,0
0.9540229885057471,0.5,698.52,CARD,KOTAK,BANK_TIMEOUT,11,RETRY_NOW,1
0.8571428571428571,1.0,7952.45,CARD,YESBANK,CARD_EXPIRED,1,RETRY_LATER,1
0.38461538461538464,1.0,9451.85,NETBANKING,KOTAK,INSUFFICIENT_FUNDS,19,SEND_REMINDER,0
0.96875,0.5,2256.58,NETBANKING,AXIS,LIMIT_EXCEEDED,14,RETRY_NOW,0
0.23809523809523808,0.625,8356.67,NETBANKING,ICICI,AUTHENTICATION_FAILED,1,SEND_REMINDER,0
0.8541666666666666,0.42857142857142855,4898.03,UPI,ICICI,CARD_EXPIRED,10,RETRY_NOW,1
1.0,0.0,4559.6,WALLET,AXIS,LIMIT_EXCEEDED,23,RETRY_LATER,0
0.7671232876712328,0.5882352941176471,9827.48,WALLET,ICICI,BANK_TIMEOUT,1,RETRY_NOW,1
0.9,0.875,9315.92,UPI,SBI,BANK_TIMEOUT,23,RETRY_LATER,1
0.9444444444444444,0.2,8067.78,UPI,YESBANK,LIMIT_EXCEEDED,22,RETRY_LATER,0
0.9259259259259259,0.5,3507.85,CARD,YESBANK,CARD_EXPIRED,21,RETRY_NOW,0
0.78125,0.14285714285714285,4381.2,CARD,ICICI,BANK_TIMEOUT,7,SEND_REMINDER,0
0.95,0.0,136.51,NETBANKING,KOTAK,INSUFFICIENT_FUNDS,17,RETRY_NOW,0
0.88,0.3333333333333333,6956.15,UPI,ICICI,NETWORK_ERROR,12,RETRY_LATER,1
0.9666666666666667,1.0,5043.08,UPI,AXIS,CARD_EXPIRED,3,NO_ACTION,0
0.922077922077922,0.16666666666666666,1776.63,CARD,KOTAK,BANK_TIMEOUT,13,SEND_REMINDER,0
0.8421052631578947,0.3333333333333333,4603.83,CARD,SBI,INSUFFICIENT_FUNDS,7,NO_ACTION,0
0.8333333333333334,1.0,3221.14,UPI,YESBANK,INSUFFICIENT_FUNDS,23,NO_ACTION,0
1.0,0.0,623.51,CARD,KOTAK,INSUFFICIENT_FUNDS,10,RETRY_LATER,1
0.8421052631578947,0.6666666666666666,9572.33,NETBANKING,ICICI,INSUFFICIENT_FUNDS,12,RETRY_NOW,1
0.7,0.5,3622.12,WALLET,HDFC,LIMIT_EXCEEDED,1,SEND_REMINDER,0
0.8804347826086957,0.0,4114.31,NETBANKING,ICICI,INSUFFICIENT_FUNDS,9,RETRY_NOW,0
1.0,0.0,5409.82,NETBANKING,YESBANK,AUTHENTICATION_FAILED,23,RETRY_NOW,0
0.9714285714285714,0.0,4086.89,UPI,SBI,INSUFFICIENT_FUNDS,10,SEND_REMINDER,1
0.8431372549019608,0.0,4711.33,UPI,YESBANK,INSUFFICIENT_FUNDS,2,SEND_REMINDER,1
0.9326923076923077,0.7142857142857143,3543.76,NETBANKING,SBI,CARD_EXPIRED,16,RETRY_LATER,0
0.8507462686567164,0.7,3656.14,WALLET,AXIS,INSUFFICIENT_FUNDS,8,RETRY_NOW,0
0.9142857142857143,0.5,547.4,CARD,AXIS,AUTHENTICATION_FAILED,4,RETRY_LATER,0
0.4090909090909091,0.5384615384615384,6117.33,NETBANKING,HDFC,LIMIT_EXCEEDED,23,SEND_REMINDER,1
0.875,0.8333333333333334,9123.79,NETBANKING,KOTAK,INSUFFICIENT_FUNDS,6,RETRY_LATER,1
1.0,0.0,6367.14,UPI,SBI,INSUFFICIENT_FUNDS,12,RETRY_LATER,0
0.9787234042553191,0.0,4618.55,UPI,KOTAK,BANK_TIMEOUT,16,RETRY_LATER,1
0.9540229885057471,0.5,9943.7,WALLET,KOTAK,LIMIT_EXCEEDED,20,NO_ACTION,0
0.9479166666666666,0.6,1074.59,UPI,YESBANK,NETWORK_ERROR,22,SEND_REMINDER,0
0.7428571428571429,0.2222222222222222,6936.87,CARD,HDFC,INSUFFICIENT_FUNDS,13,SEND_REMINDER,0
0.6724137931034483,0.7894736842105263,6364.44,NETBANKING,SBI,CARD_EXPIRED,19,SEND_REMINDER,0
0.5384615384615384,0.8333333333333334,3446.05,WALLET,ICICI,INSUFFICIENT_FUNDS,11,NO_ACTION,0
0.8539325842696629,0.23076923076923078,3626.77,CARD,HDFC,NETWORK_ERROR,2,RETRY_LATER,1
0.7,0.13333333333333333,4051.24,WALLET,KOTAK,LIMIT_EXCEEDED,5,NO_ACTION,0
0.984375,1.0,3396.69,CARD,ICICI,AUTHENTICATION_FAILED,22,RETRY_LATER,0
0.8804347826086957,0.0,5591.69,NETBANKING,YESBANK,INSUFFICIENT_FUNDS,14,RETRY_NOW,0
0.2631578947368421,0.21428571428571427,9614.41,CARD,YESBANK,LIMIT_EXCEEDED,17,RETRY_NOW,0
0.391304347826087,0.9285714285714286,4584.26,UPI,YESBANK,LIMIT_EXCEEDED,8,SEND_REMINDER,0
0.5,0.8333333333333334,3869.35,NETBANKING,KOTAK,AUTHENTICATION_FAILED,9,RETRY_NOW,1
0.9803921568627451,0.0,4958.01,CARD,HDFC,BANK_TIMEOUT,22,SEND_REMINDER,1
0.9743589743589743,0.0,4742.8,NETBANKING,YESBANK,CARD_EXPIRED,17,SEND_REMINDER,1
0.8103448275862069,0.7272727272727273,1399.65,CARD,KOTAK,LIMIT_EXCEEDED,7,SEND_REMINDER,0
0.8125,0.5833333333333334,6690.95,CARD,YESBANK,LIMIT_EXCEEDED,0,NO_ACTION,0
0.8585858585858586,1.0,4471.13,NETBANKING,ICICI,CARD_EXPIRED,1,SEND_REMINDER,0
0.8936170212765957,0.1,5510.88,WALLET,ICICI,CARD_EXPIRED,16,SEND_REMINDER,0
0.7666666666666667,0.9285714285714286,7231.55,NETBANKING,HDFC,BANK_TIMEOUT,14,NO_ACTION,0
0.9333333333333333,0.5,7171.62,WALLET,ICICI,LIMIT_EXCEEDED,9,RETRY_NOW,0
0.9702970297029703,0.3333333333333333,5358.94,NETBANKING,AXIS,BANK_TIMEOUT,15,RETRY_LATER,1
0.8936170212765957,0.1,3352.99,UPI,YESBANK,NETWORK_ERROR,16,RETRY_LATER,0
0.7692307692307693,1.0,6081.45,NETBANKING,ICICI,LIMIT_EXCEEDED,6,NO_ACTION,0
0.9111111111111111,0.25,9513.26,UPI,SBI,BANK_TIMEOUT,14,RETRY_NOW,1
0.8936170212765957,0.1,5644.92,CARD,AXIS,AUTHENTICATION_FAILED,19,NO_ACTION,0
0.3793103448275862,0.3888888888888889,1359.8,NETBANKING,HDFC,INSUFFICIENT_FUNDS,7,RETRY_LATER,0
0.5384615384615384,0.0,7830.2,WALLET,ICICI,LIMIT_EXCEEDED,0,NO_ACTION,0
0.7916666666666666,0.2,2587.23,WALLET,ICICI,CARD_EXPIRED,1,RETRY_NOW,0
0.890625,0.8571428571428571,662.62,NETBANKING,HDFC,INSUFFICIENT_FUNDS,14,NO_ACTION,0
0.47058823529411764,0.7777777777777778,2470.05,CARD,HDFC,AUTHENTICATION_FAILED,22,NO_ACTION,0
0.8148148148148148,0.06666666666666667,3797.29,UPI,KOTAK,INSUFFICIENT_FUNDS,8,RETRY_NOW,0
0.8585858585858586,1.0,4539.37,NETBANKING,SBI,CARD_EXPIRED,16,NO_ACTION,0
0.9625,0.0,181.21,NETBANKING,AXIS,AUTHENTICATION_FAILED,23,RETRY_LATER,0
0.726027397260274,0.05,5324.46,CARD,AXIS,AUTHENTICATION_FAILED,9,SEND_REMINDER,0
0.7407407407407407,0.7142857142857143,6516.74,CARD,AXIS,NETWORK_ERROR,16,NO_ACTION,0
0.8434782608695652,0.5,4318.87,NETBANKING,HDFC,AUTHENTICATION_FAILED,16,RETRY_LATER,0
0.9038461538461539,0.7,3800.35,CARD,AXIS,INSUFFICIENT_FUNDS,21,SEND_REMINDER,0
0.9333333333333333,0.5,3444.0,NETBANKING,SBI,AUTHENTICATION_FAILED,11,SEND_REMINDER,1
0.5294117647058824,0.75,5323.89,CARD,YESBANK,INSUFFICIENT_FUNDS,14,RETRY_LATER,0
0.703125,0.0,4362.49,CARD,AXIS,AUTHENTICATION_FAILED,12,NO_ACTION,0
0.99,1.0,2315.04,CARD,KOTAK,AUTHENTICATION_FAILED,2,RETRY_NOW,0
0.2631578947368421,0.21428571428571427,1540.52,CARD,ICICI,BANK_TIMEOUT,5,NO_ACTION,0
0.8928571428571429,0.6666666666666666,9190.49,CARD,KOTAK,INSUFFICIENT_FUNDS,20,RETRY_NOW,0
0.7701149425287356,0.05,5895.33,CARD,HDFC,INSUFFICIENT_FUNDS,6,RETRY_NOW,1
0.9245283018867925,0.75,8864.27,CARD,HDFC,INSUFFICIENT_FUNDS,10,RETRY_NOW,1
0.5833333333333334,0.2,2854.88,CARD,ICICI,LIMIT_EXCEEDED,10,SEND_REMINDER,0
0.5294117647058824,0.75,5323.89,CARD,YESBANK,INSUFFICIENT_FUNDS,14,SEND_REMINDER,0
0.8588235294117647,1.0,4552.71,NETBANKING,HDFC,CARD_EXPIRED,23,NO_ACTION,0
0.5,0.3888888888888889,6035.09,UPI,ICICI,BANK_TIMEOUT,16,RETRY_LATER,1
0.8461538461538461,0.8333333333333334,8540.25,CARD,HDFC,CARD_EXPIRED,16,RETRY_LATER,0
0.927710843373494,0.8333333333333334,3175.81,WALLET,ICICI,CARD_EXPIRED,13,NO_ACTION,0
0.8709677419354839,0.5,2734.24,WALLET,ICICI,NETWORK_ERROR,17,NO_ACTION,0
0.2,0.4,3916.91,CARD,AXIS,INSUFFICIENT_FUNDS,13,RETRY_NOW,1
0.45454545454545453,0.0,7148.72,WALLET,HDFC,LIMIT_EXCEEDED,22,RETRY_LATER,0
0.7567567567567568,0.6666666666666666,8362.63,WALLET,SBI,LIMIT_EXCEEDED,9,RETRY_LATER,0
0.8153846153846154,0.08333333333333333,5258.12,UPI,ICICI,LIMIT_EXCEEDED,9,RETRY_LATER,0
0.7564102564102564,0.3157894736842105,5431.54,UPI,KOTAK,CARD_EXPIRED,16,NO_ACTION,0
0.5957446808510638,0.05263157894736842,8343.97,CARD,AXIS,LIMIT_EXCEEDED,14,NO_ACTION,0
0.9210526315789473,1.0,2242.21,UPI,ICICI,INSUFFICIENT_FUNDS,4,SEND_REMINDER,1
0.8571428571428571,1.0,1507.5,NETBANKING,ICICI,LIMIT_EXCEEDED,16,RETRY_NOW,0
0.7397260273972602,1.0,365.95,CARD,SBI,INSUFFICIENT_FUNDS,7,NO_ACTION,0
0.7272727272727273,0.4166666666666667,2354.96,NETBANKING,ICICI,AUTHENTICATION_FAILED,16,RETRY_NOW,0
0.9607843137254902,0.5,490.57,NETBANKING,KOTAK,BANK_TIMEOUT,17,NO_ACTION,0
0.7714285714285715,0.25,7175.41,WALLET,SBI,AUTHENTICATION_FAILED,6,SEND_REMINDER,0
0.8172043010752689,0.23529411764705882,5728.04,CARD,HDFC,BANK_TIMEOUT,5,NO_ACTION,0
0.972972972972973,0.0,5656.8,CARD,YESBANK,BANK_TIMEOUT,16,NO_ACTION,0
0.8695652173913043,0.08333333333333333,4143.52,UPI,AXIS,LIMIT_EXCEEDED,12,SEND_REMINDER,1
0.8461538461538461,1.0,6195.69,CARD,KOTAK,BANK_TIMEOUT,20,RETRY_NOW,1
0.6666666666666666,0.8,6403.75,CARD,SBI,NETWORK_ERROR,6,SEND_REMINDER,0
0.7701149425287356,0.05,6553.91,UPI,KOTAK,CARD_EXPIRED,22,RETRY_NOW,0
0.9625,0.0,8798.48,WALLET,SBI,AUTHENTICATION_FAILED,20,RETRY_NOW,0
0.6444444444444445,0.625,5148.76,NETBANKING,ICICI,BANK_TIMEOUT,2,NO_ACTION,0
0.6851851851851852,0.7058823529411765,2894.19,CARD,YESBANK,BANK_TIMEOUT,18,NO_ACTION,0
0.8648648648648649,0.3333333333333333,3631.66,CARD,AXIS,INSUFFICIENT_FUNDS,20,RETRY_NOW,0
0.4666666666666667,0.125,6174.83,NETBANKING,YESBANK,BANK_TIMEOUT,11,NO_ACTION,0
0.90625,0.0,1623.05,UPI,SBI,CARD_EXPIRED,6,RETRY_NOW,0
0.9428571428571428,1.0,5279.11,UPI,SBI,BANK_TIMEOUT,22,SEND_REMINDER,1
0.3,0.5714285714285714,251.36,WALLET,KOTAK,BANK_TIMEOUT,17,NO_ACTION,0
0.7183098591549296,1.0,8050.67,WALLET,SBI,NETWORK_ERROR,12,SEND_REMINDER,1
0.42857142857142855,0.16666666666666666,6669.59,NETBANKING,AXIS,AUTHENTICATION_FAILED,9,SEND_REMINDER,0
0.9787234042553191,0.0,4618.55,UPI,KOTAK,BANK_TIMEOUT,16,SEND_REMINDER,0
0.9523809523809523,1.0,2153.73,NETBANKING,YESBANK,INSUFFICIENT_FUNDS,3,RETRY_NOW,1
0.3333333333333333,0.55,9285.57,NETBANKING,AXIS,NETWORK_ERROR,17,RETRY_NOW,0
0.6818181818181818,0.8571428571428571,5280.5,NETBANKING,ICICI,BANK_TIMEOUT,9,SEND_REMINDER,0
0.25925925925925924,0.8,4050.99,NETBANKING,HDFC,INSUFFICIENT_FUNDS,19,NO_ACTION,0
0.7837837837837838,0.5,9955.33,WALLET,KOTAK,LIMIT_EXCEEDED,21,RETRY_NOW,0
0.9841269841269841,1.0,8190.6,NETBANKING,ICICI,AUTHENTICATION_FAILED,0,RETRY_LATER,1
0.9534883720930233,0.5,6732.53,CARD,AXIS,CARD_EXPIRED,11,SEND_REMINDER,0
0.8043478260869565,0.1111111111111111,639.95,UPI,SBI,INSUFFICIENT_FUNDS,1,SEND_REMINDER,1
0.6,0.7222222222222222,9682.87,UPI,SBI,BANK_TIMEOUT,21,SEND_REMINDER,1
0.7428571428571429,0.2222222222222222,4369.16,WALLET,ICICI,INSUFFICIENT_FUNDS,20,SEND_REMINDER,1
0.7142857142857143,0.0,2296.58,WALLET,YESBANK,LIMIT_EXCEEDED,13,RETRY_NOW,0
0.9111111111111111,0.25,8195.03,CARD,HDFC,LIMIT_EXCEEDED,17,NO_ACTION,0
0.78125,0.2857142857142857,7151.97,WALLET,YESBANK,BANK_TIMEOUT,2,RETRY_LATER,1
0.8481012658227848,0.3333333333333333,387.16,UPI,SBI,AUTHENTICATION_FAILED,5,SEND_REMINDER,1
0.8653846153846154,0.0,2626.11,NETBANKING,ICICI,INSUFFICIENT_FUNDS,11,RETRY_NOW,0
0.8787878787878788,0.25,7960.96,UPI,SBI,CARD_EXPIRED,7,RETRY_LATER,0
0.8247422680412371,1.0,4891.05,WALLET,ICICI,CARD_EXPIRED,23,RETRY_LATER,0
0.7285714285714285,0.7894736842105263,9634.4,UPI,KOTAK,LIMIT_EXCEEDED,4,RETRY_NOW,0
0.631578947368421,0.14285714285714285,5967.2,NETBANKING,AXIS,NETWORK_ERROR,1,SEND_REMINDER,1
0.8333333333333334,0.9,8166.65,UPI,YESBANK,AUTHENTICATION_FAILED,20,SEND_REMINDER,1
0.91,0.2222222222222222,3251.32,NETBANKING,ICICI,AUTHENTICATION_FAILED,12,RETRY_LATER,0
0.9333333333333333,0.16666666666666666,8011.76,NETBANKING,SBI,NETWORK_ERROR,21,RETRY_LATER,0
0.88,0.3333333333333333,413.13,WALLET,AXIS,INSUFFICIENT_FUNDS,2,NO_ACTION,0
0.8909090909090909,0.25,3686.11,WALLET,ICICI,NETWORK_ERROR,2,NO_ACTION,0
0.9866666666666667,0.0,4748.03,NETBANKING,YESBANK,AUTHENTICATION_FAILED,13,SEND_REMINDER,1
0.3333333333333333,0.55,9940.32,NETBANKING,SBI,NETWORK_ERROR,5,RETRY_NOW,0
0.8,0.15384615384615385,4492.73,UPI,SBI,CARD_EXPIRED,2,RETRY_NOW,0
0.5,0.8333333333333334,8788.15,WALLET,AXIS,INSUFFICIENT_FUNDS,10,NO_ACTION,0
0.25925925925925924,0.1,7566.28,WALLET,AXIS,NETWORK_ERROR,21,RETRY_LATER,0
0.9841269841269841,1.0,9396.15,NETBANKING,ICICI,CARD_EXPIRED,15,RETRY_LATER,1
0.8586956521739131,0.0,6565.74,WALLET,AXIS,BANK_TIMEOUT,1,SEND_REMINDER,0
0.6779661016949152,0.8421052631578947,8790.28,UPI,SBI,NETWORK_ERROR,2,RETRY_LATER,1
0.9714285714285714,0.0,4086.89,UPI,SBI,INSUFFICIENT_FUNDS,10,NO_ACTION,0
0.8909090909090909,0.3333333333333333,5901.1,NETBANKING,SBI,CARD_EXPIRED,4,RETRY_LATER,0
0.5263157894736842,1.0,8762.0,UPI,HDFC,BANK_TIMEOUT,6,RETRY_NOW,1
0.8969072164948454,0.2,9379.8,UPI,ICICI,INSUFFICIENT_FUNDS,3,RETRY_NOW,0
0.828125,1.0,6940.53,UPI,HDFC,AUTHENTICATION_FAILED,5,RETRY_LATER,0
0.8,0.65,9589.31,CARD,KOTAK,NETWORK_ERROR,23,RETRY_NOW,0
0.978021978021978,0.0,6022.32,UPI,SBI,BANK_TIMEOUT,2,NO_ACTION,0
0.8785046728971962,0.15384615384615385,8660.01,WALLET,HDFC,CARD_EXPIRED,22,SEND_REMINDER,1
0.5384615384615384,0.6111111111111112,9700.24,WALLET,HDFC,CARD_EXPIRED,16,NO_ACTION,0
0.797752808988764,0.5,5268.82,WALLET,AXIS,AUTHENTICATION_FAILED,21,SEND_REMINDER,1
0.8761904761904762,0.3076923076923077,546.32,CARD,HDFC,INSUFFICIENT_FUNDS,6,NO_ACTION,0
0.7837837837837838,0.625,5155.33,WALLET,SBI,AUTHENTICATION_FAILED,17,SEND_REMINDER,1
0.8461538461538461,0.8333333333333334,6487.77,CARD,ICICI,BANK_TIMEOUT,16,RETRY_LATER,1
0.8571428571428571,0.0,6656.45,UPI,AXIS,BANK_TIMEOUT,22,NO_ACTION,0
0.7468354430379747,0.95,2400.32,WALLET,ICICI,NETWORK_ERROR,12,RETRY_NOW,1
0.912621359223301,1.0,3939.81,NETBANKING,YESBANK,INSUFFICIENT_FUNDS,17,RETRY_NOW,1
0.74,0.5384615384615384,3011.86,WALLET,AXIS,LIMIT_EXCEEDED,5,NO_ACTION,0
0.9885057471264368,1.0,9070.55,WALLET,SBI,LIMIT_EXCEEDED,8,RETRY_NOW,0
0.8085106382978723,0.5555555555555556,7619.38,NETBANKING,SBI,LIMIT_EXCEEDED,15,NO_ACTION,0
0.9230769230769231,0.6,6140.4,WALLET,SBI,LIMIT_EXCEEDED,15,RETRY_LATER,0
0.7608695652173914,0.2727272727272727,6892.65,CARD,AXIS,NETWORK_ERROR,16,SEND_REMINDER,0
0.7333333333333333,1.0,9705.87,CARD,SBI,LIMIT_EXCEEDED,21,RETRY_NOW,0
0.7419354838709677,0.3125,280.19,UPI,ICICI,CARD_EXPIRED,21,SEND_REMINDER,1
0.82,1.0,2476.46,UPI,SBI,BANK_TIMEOUT,18,RETRY_LATER,1
0.98989898989899,1.0,3982.59,WALLET,HDFC,INSUFFICIENT_FUNDS,14,SEND_REMINDER,1
0.8918918918918919,0.5,9850.98,NETBANKING,ICICI,AUTHENTICATION_FAILED,9,RETRY_LATER,0
0.8854166666666666,0.6363636363636364,284.59,WALLET,AXIS,NETWORK_ERROR,19,NO_ACTION,0
0.8208955223880597,0.5833333333333334,7090.3,CARD,HDFC,AUTHENTICATION_FAILED,7,NO_ACTION,0
0.6785714285714286,0.7777777777777778,5362.21,NETBANKING,YESBANK,CARD_EXPIRED,5,NO_ACTION,0
0.8494623655913979,0.35714285714285715,6997.88,CARD,KOTAK,AUTHENTICATION_FAILED,12,RETRY_NOW,1
0.8941176470588236,0.2222222222222222,512.52,CARD,YESBANK,AUTHENTICATION_FAILED,17,RETRY_NOW,0
0.48,0.6923076923076923,1893.54,CARD,HDFC,BANK_TIMEOUT,7,RETRY_LATER,0
0.9340659340659341,0.3333333333333333,4350.19,UPI,SBI,CARD_EXPIRED,14,RETRY_NOW,0
0.8947368421052632,1.0,1498.95,CARD,HDFC,BANK_TIMEOUT,7,RETRY_LATER,1
0.8444444444444444,0.14285714285714285,3154.66,NETBANKING,AXIS,AUTHENTICATION_FAILED,17,RETRY_LATER,0
0.5909090909090909,0.6666666666666666,2019.55,WALLET,ICICI,INSUFFICIENT_FUNDS,20,RETRY_NOW,1
0.7391304347826086,0.16666666666666666,8035.48,NETBANKING,YESBANK,CARD_EXPIRED,8,SEND_REMINDER,1
0.5609756097560976,0.7777777777777778,3128.3,NETBANKING,ICICI,LIMIT_EXCEEDED,19,RETRY_NOW,1
0.8555555555555555,1.0,8008.17,UPI,AXIS,NETWORK_ERROR,20,RETRY_NOW,0
0.8454545454545455,0.11764705882352941,9011.61,NETBANKING,SBI,NETWORK_ERROR,2,NO_ACTION,0
0.9787234042553191,0.5,2501.72,NETBANKING,ICICI,BANK_TIMEOUT,16,NO_ACTION,0
0.6938775510204082,0.8666666666666667,7736.47,CARD,HDFC,BANK_TIMEOUT,1,NO_ACTION,0
0.9186046511627907,0.2857142857142857,6576.55,CARD,YESBANK,BANK_TIMEOUT,12,RETRY_LATER,1
0.7592592592592593,1.0,6888.75,CARD,ICICI,BANK_TIMEOUT,8,RETRY_NOW,1
0.7638888888888888,0.17647058823529413,9603.6,WALLET,SBI,INSUFFICIENT_FUNDS,9,RETRY_NOW,0
1.0,0.0,8116.45,CARD,ICICI,CARD_EXPIRED,7,SEND_REMINDER,1
0.859375,0.6666666666666666,4266.54,WALLET,ICICI,BANK_TIMEOUT,17,SEND_REMINDER,0
0.7285714285714285,1.0,3868.5,CARD,SBI,AUTHENTICATION_FAILED,12,NO_ACTION,0
0.8571428571428571,0.8571428571428571,6969.06,WALLET,AXIS,NETWORK_ERROR,19,NO_ACTION,0
0.7291666666666666,0.3076923076923077,7801.51,UPI,KOTAK,AUTHENTICATION_FAILED,16,RETRY_LATER,0
0.7021276595744681,0.0,8645.03,UPI,HDFC,LIMIT_EXCEEDED,19,RETRY_LATER,1
0.8620689655172413,0.75,7277.51,WALLET,SBI,LIMIT_EXCEEDED,20,RETRY_LATER,1
0.94,0.16666666666666666,2430.55,WALLET,AXIS,AUTHENTICATION_FAILED,13,RETRY_LATER,0
0.6744186046511628,0.14285714285714285,3110.77,NETBANKING,KOTAK,BANK_TIMEOUT,1,RETRY_NOW,0
0.9821428571428571,0.0,7579.5,UPI,SBI,NETWORK_ERROR,19,RETRY_NOW,0
0.7931034482758621,0.8333333333333334,3604.38,UPI,KOTAK,AUTHENTICATION_FAILED,16,RETRY_NOW,1
0.8461538461538461,1.0,6195.69,CARD,KOTAK,BANK_TIMEOUT,20,RETRY_LATER,1
0.8888888888888888,0.875,6503.21,UPI,ICICI,BANK_TIMEOUT,17,SEND_REMINDER,1
0.872093023255814,0.09090909090909091,9314.11,CARD,YESBANK,BANK_TIMEOUT,4,RETRY_LATER,0
0.7931034482758621,0.0,5179.97,CARD,HDFC,CARD_EXPIRED,6,RETRY_LATER,0
0.7746478873239436,0.5625,2175.82,UPI,SBI,INSUFFICIENT_FUNDS,12,RETRY_LATER,1
0.8152173913043478,0.8823529411764706,6153.21,CARD,AXIS,INSUFFICIENT_FUNDS,7,RETRY_NOW,1
0.6774193548387096,0.4,9078.46,CARD,KOTAK,BANK_TIMEOUT,0,SEND_REMINDER,1
0.8235294117647058,0.2777777777777778,4415.6,UPI,AXIS,BANK_TIMEOUT,4,RETRY_NOW,0
0.9787234042553191,0.0,9156.57,CARD,KOTAK,CARD_EXPIRED,13,RETRY_LATER,0
0.9,0.875,9212.88,CARD,KOTAK,LIMIT_EXCEEDED,10,NO_ACTION,0
0.7530864197530864,0.5,5965.23,NETBANKING,HDFC,LIMIT_EXCEEDED,19,SEND_REMINDER,0
0.9166666666666666,0.8,1979.79,WALLET,HDFC,INSUFFICIENT_FUNDS,19,RETRY_LATER,0
0.5609756097560976,0.7777777777777778,213.8,CARD,SBI,INSUFFICIENT_FUNDS,19,RETRY_NOW,1
0.7916666666666666,0.2,2587.23,WALLET,ICICI,CARD_EXPIRED,1,RETRY_LATER,0
0.8613861386138614,0.5,2911.05,UPI,AXIS,AUTHENTICATION_FAILED,17,NO_ACTION,0
0.6904761904761905,0.07692307692307693,5968.01,WALLET,KOTAK,BANK_TIMEOUT,20,RETRY_LATER,0
0.7222222222222222,0.2,3635.16,CARD,HDFC,CARD_EXPIRED,20,RETRY_NOW,0
0.7802197802197802,0.75,3585.58,CARD,ICICI,NETWORK_ERROR,1,SEND_REMINDER,0
0.6976744186046512,0.07692307692307693,6781.31,WALLET,AXIS,AUTHENTICATION_FAILED,11,RETRY_LATER,1
0.9333333333333333,0.4,6018.5,NETBANKING,SBI,AUTHENTICATION_FAILED,11,NO_ACTION,0
0.74,0.5384615384615384,837.81,UPI,ICICI,LIMIT_EXCEEDED,4,NO_ACTION,0
0.9117647058823529,0.3333333333333333,9121.05,NETBANKING,YESBANK,BANK_TIMEOUT,14,RETRY_LATER,1
0.9090909090909091,0.0,6214.04,UPI,KOTAK,BANK_TIMEOUT,2,RETRY_NOW,0
0.9880952380952381,0.0,5397.96,WALLET,SBI,AUTHENTICATION_FAILED,11,NO_ACTION,0
0.7222222222222222,0.26666666666666666,2736.1,NETBANKING,SBI,INSUFFICIENT_FUNDS,0,NO_ACTION,0
0.9029126213592233,0.9,9520.41,CARD,HDFC,AUTHENTICATION_FAILED,17,RETRY_LATER,0
0.7397260273972602,0.47368421052631576,4501.01,NETBANKING,YESBANK,LIMIT_EXCEEDED,5,SEND_REMINDER,1
0.8076923076923077,0.8,5852.08,UPI,HDFC,AUTHENTICATION_FAILED,18,RETRY_LATER,1
0.898989898989899,0.1,5064.21,WALLET,HDFC,NETWORK_ERROR,16,SEND_REMINDER,0
0.6727272727272727,0.0,2912.35,UPI,SBI,NETWORK_ERROR,11,SEND_REMINDER,0
0.6904761904761905,0.6153846153846154,6349.94,WALLET,AXIS,BANK_TIMEOUT,7,NO_ACTION,0
0.9594594594594594,0.0,6995.03,CARD,SBI,LIMIT_EXCEEDED,6,RETRY_LATER,1
0.75,0.2857142857142857,6434.94,CARD,YESBANK,CARD_EXPIRED,14,RETRY_NOW,0
0.9230769230769231,0.5,7343.07,NETBANKING,AXIS,CARD_EXPIRED,5,SEND_REMINDER,1
0.9186046511627907,0.2857142857142857,6576.55,CARD,YESBANK,BANK_TIMEOUT,12,SEND_REMINDER,0
0.8947368421052632,0.125,2063.19,WALLET,AXIS,AUTHENTICATION_FAILED,11,RETRY_LATER,0
0.8627450980392157,1.0,328.49,WALLET,SBI,INSUFFICIENT_FUNDS,15,RETRY_NOW,1
0.7073170731707317,0.25,626.14,CARD,SBI,NETWORK_ERROR,7,SEND_REMINDER,0
0.9583333333333334,1.0,1343.94,NETBANKING,AXIS,BANK_TIMEOUT,21,RETRY_LATER,1
0.8837209302325582,0.2,3272.51,CARD,ICICI,LIMIT_EXCEEDED,8,SEND_REMINDER,1
0.7764705882352941,0.3684210526315789,5906.57,UPI,SBI,AUTHENTICATION_FAILED,4,RETRY_NOW,0
0.8620689655172413,0.75,9125.1,NETBANKING,SBI,LIMIT_EXCEEDED,1,RETRY_NOW,1
0.7142857142857143,0.0,2521.22,WALLET,HDFC,AUTHENTICATION_FAILED,5,RETRY_NOW,0
0.5652173913043478,0.6,5650.01,CARD,SBI,LIMIT_EXCEEDED,7,RETRY_NOW,1
0.88,0.6666666666666666,3818.63,CARD,SBI,CARD_EXPIRED,18,SEND_REMINDER,0
0.94,0.16666666666666666,230.71,WALLET,HDFC,LIMIT_EXCEEDED,1,RETRY_LATER,1
0.8333333333333334,0.09090909090909091,3741.39,CARD,SBI,CARD_EXPIRED,15,SEND_REMINDER,0
0.6756756756756757,0.6666666666666666,4035.54,WALLET,KOTAK,BANK_TIMEOUT,4,RETRY_NOW,1
0.8482142857142857,0.7647058823529411,5678.48,UPI,ICICI,NETWORK_ERROR,7,RETRY_NOW,1
0.2857142857142857,0.5,6462.97,UPI,ICICI,INSUFFICIENT_FUNDS,11,RETRY_LATER,0
0.8421052631578947,0.6666666666666666,258.78,UPI,YESBANK,BANK_TIMEOUT,21,RETRY_NOW,1
0.8625,0.18181818181818182,5156.48,WALLET,ICICI,NETWORK_ERROR,13,NO_ACTION,0
0.9764705882352941,0.0,8959.73,NETBANKING,KOTAK,CARD_EXPIRED,11,NO_ACTION,0
0.94,0.16666666666666666,2888.47,CARD,KOTAK,BANK_TIMEOUT,9,RETRY_LATER,0
0.9666666666666667,1.0,3751.57,NETBANKING,KOTAK,LIMIT_EXCEEDED,7,RETRY_NOW,0
0.71875,0.3333333333333333,9085.23,NETBANKING,ICICI,NETWORK_ERROR,14,SEND_REMINDER,0
0.8695652173913043,0.8888888888888888,9942.26,WALLET,ICICI,INSUFFICIENT_FUNDS,8,NO_ACTION,0
0.972972972972973,0.0,5656.8,CARD,YESBANK,BANK_TIMEOUT,16,SEND_REMINDER,1
1.0,0.0,5322.12,CARD,AXIS,LIMIT_EXCEEDED,16,RETRY_NOW,0
0.782608695652174,0.4666666666666667,4545.87,UPI,SBI,NETWORK_ERROR,22,RETRY_LATER,1
0.9702970297029703,0.3333333333333333,6845.12,WALLET,KOTAK,INSUFFICIENT_FUNDS,9,SEND_REMINDER,1
0.8979591836734694,0.3,2120.62,UPI,KOTAK,CARD_EXPIRED,6,SEND_REMINDER,1
0.5151515151515151,0.5625,1333.8,UPI,YESBANK,INSUFFICIENT_FUNDS,21,RETRY_NOW,0
1.0,0.0,2467.44,WALLET,AXIS,LIMIT_EXCEEDED,9,SEND_REMINDER,0
0.975609756097561,0.0,3524.58,WALLET,KOTAK,INSUFFICIENT_FUNDS,4,SEND_REMINDER,0
0.8230088495575221,0.75,3748.99,WALLET,KOTAK,CARD_EXPIRED,10,SEND_REMINDER,1
0.8936170212765957,0.1,1611.21,UPI,KOTAK,NETWORK_ERROR,7,NO_ACTION,0
0.8765432098765432,0.5,5748.08,UPI,KOTAK,NETWORK_ERROR,6,RETRY_LATER,1
0.922077922077922,0.16666666666666666,1776.63,CARD,KOTAK,BANK_TIMEOUT,13,NO_ACTION,0
0.9213483146067416,1.0,3524.88,NETBANKING,YESBANK,BANK_TIMEOUT,17,RETRY_NOW,0
0.8769230769230769,0.125,5512.0,UPI,HDFC,INSUFFICIENT_FUNDS,15,RETRY_LATER,0
0.9230769230769231,0.6,8581.92,CARD,SBI,NETWORK_ERROR,4,SEND_REMINDER,1
0.927710843373494,0.8333333333333334,3603.25,NETBANKING,YESBANK,CARD_EXPIRED,13,SEND_REMINDER,0
0.65,0.7857142857142857,3793.39,CARD,HDFC,NETWORK_ERROR,5,SEND_REMINDER,0
0.8695652173913043,0.75,9861.67,UPI,SBI,INSUFFICIENT_FUNDS,19,SEND_REMINDER,1
0.8936170212765957,0.1,361.74,NETBANKING,KOTAK,LIMIT_EXCEEDED,7,RETRY_NOW,0
0.84,0.6875,3670.12,CARD,KOTAK,BANK_TIMEOUT,21,RETRY_LATER,1
0.8392857142857143,0.2222222222222222,9862.7,NETBANKING,YESBANK,CARD_EXPIRED,14,RETRY_LATER,0
0.8333333333333334,0.25,7371.39,WALLET,ICICI,INSUFFICIENT_FUNDS,0,NO_ACTION,0
0.9636363636363636,0.0,961.22,NETBANKING,YESBANK,INSUFFICIENT_FUNDS,2,RETRY_NOW,1
0.9090909090909091,0.8571428571428571,7426.06,WALLET,KOTAK,AUTHENTICATION_FAILED,7,RETRY_LATER,0
0.6666666666666666,0.125,3693.65,CARD,AXIS,LIMIT_EXCEEDED,16,RETRY_LATER,1
0.45454545454545453,0.8333333333333334,8997.05,NETBANKING,AXIS,INSUFFICIENT_FUNDS,23,SEND_REMINDER,1
0.6779661016949152,1.0,2553.19,UPI,YESBANK,NETWORK_ERROR,2,SEND_REMINDER,1
0.88,0.6666666666666666,5923.95,UPI,YESBANK,LIMIT_EXCEEDED,19,NO_ACTION,0
0.8679245283018868,0.2857142857142857,8154.37,UPI,ICICI,CARD_EXPIRED,13,NO_ACTION,0
0.6,0.0,7245.02,WALLET,KOTAK,BANK_TIMEOUT,20,RETRY_LATER,0
0.75,0.16666666666666666,8635.57,UPI,HDFC,BANK_TIMEOUT,19,SEND_REMINDER,1
0.7111111111111111,0.9230769230769231,1664.99,NETBANKING,YESBANK,NETWORK_ERROR,20,RETRY_LATER,1
0.8725490196078431,0.38461538461538464,5853.97,NETBANKING,SBI,BANK_TIMEOUT,14,NO_ACTION,0
0.9333333333333333,0.5,3444.0,NETBANKING,SBI,AUTHENTICATION_FAILED,11,NO_ACTION,0
0.8571428571428571,1.0,698.47,WALLET,KOTAK,INSUFFICIENT_FUNDS,3,SEND_REMINDER,0
0.3,0.8571428571428571,9536.68,UPI,SBI,CARD_EXPIRED,5,RETRY_NOW,1
0.9508196721311475,0.0,4810.64,CARD,AXIS,INSUFFICIENT_FUNDS,2,SEND_REMINDER,1
0.7419354838709677,0.3125,9520.72,UPI,SBI,NETWORK_ERROR,1,SEND_REMINDER,0
0.7142857142857143,0.0,6813.2,WALLET,AXIS,NETWORK_ERROR,19,SEND_REMINDER,0
0.6666666666666666,0.8,4443.21,CARD,AXIS,INSUFFICIENT_FUNDS,0,RETRY_LATER,0
0.8571428571428571,0.0,7291.41,CARD,AXIS,BANK_TIMEOUT,21,RETRY_LATER,0
0.8230088495575221,0.75,9145.87,CARD,SBI,BANK_TIMEOUT,16,NO_ACTION,0
0.5121951219512195,0.45,5249.38,CARD,HDFC,AUTHENTICATION_FAILED,16,NO_ACTION,0
0.8130841121495327,0.4,5687.02,NETBANKING,HDFC,LIMIT_EXCEEDED,22,NO_ACTION,0
0.9333333333333333,0.25,8134.06,WALLET,AXIS,NETWORK_ERROR,7,RETRY_LATER,1
0.8923076923076924,0.2857142857142857,1872.7,WALLET,SBI,BANK_TIMEOUT,3,RETRY_NOW,1
0.9761904761904762,0.5,810.75,NETBANKING,AXIS,CARD_EXPIRED,5,RETRY_LATER,0
0.6216216216216216,1.0,1477.96,UPI,SBI,AUTHENTICATION_FAILED,13,SEND_REMINDER,1
0.8214285714285714,0.8,5745.86,WALLET,HDFC,LIMIT_EXCEEDED,4,NO_ACTION,0
0.9375,0.0,3673.64,WALLET,ICICI,BANK_TIMEOUT,4,SEND_REMINDER,0
0.8653846153846154,0.0,5392.03,NETBANKING,ICICI,CARD_EXPIRED,4,RETRY_LATER,0
1.0,0.0,4262.24,NETBANKING,SBI,INSUFFICIENT_FUNDS,21,RETRY_LATER,0
0.9213483146067416,1.0,3524.88,NETBANKING,YESBANK,BANK_TIMEOUT,17,NO_ACTION,0
0.8666666666666667,0.42857142857142855,1323.9,CARD,HDFC,INSUFFICIENT_FUNDS,21,NO_ACTION,0
0.47058823529411764,0.7777777777777778,8839.63,NETBANKING,ICICI,LIMIT_EXCEEDED,22,RETRY_LATER,1
0.2962962962962963,0.15789473684210525,7514.91,UPI,KOTAK,NETWORK_ERROR,7,SEND_REMINDER,1
0.8028169014084507,0.5,6634.23,NETBANKING,AXIS,LIMIT_EXCEEDED,10,RETRY_NOW,0
0.8928571428571429,0.6666666666666666,5302.68,UPI,AXIS,CARD_EXPIRED,23,NO_ACTION,0
1.0,0.0,4262.24,NETBANKING,SBI,INSUFFICIENT_FUNDS,21,NO_ACTION,0
0.4090909090909091,0.5384615384615384,7520.49,NETBANKING,KOTAK,CARD_EXPIRED,11,SEND_REMINDER,1
0.8804347826086957,0.0,1465.42,UPI,ICICI,BANK_TIMEOUT,4,SEND_REMINDER,0
0.7169811320754716,0.06666666666666667,9346.9,UPI,ICICI,INSUFFICIENT_FUNDS,4,RETRY_NOW,0
0.7272727272727273,0.4166666666666667,9669.45,WALLET,ICICI,BANK_TIMEOUT,17,NO_ACTION,0
0.8709677419354839,0.625,4777.57,CARD,KOTAK,CARD_EXPIRED,14,RETRY_NOW,1
0.75,0.29411764705882354,384.88,CARD,YESBANK,LIMIT_EXCEEDED,19,NO_ACTION,0
0.7468354430379747,0.95,1177.17,CARD,KOTAK,LIMIT_EXCEEDED,11,RETRY_NOW,0
0.9459459459459459,0.5,841.83,UPI,HDFC,INSUFFICIENT_FUNDS,2,RETRY_NOW,0
0.7837837837837838,0.625,5155.33,WALLET,SBI,AUTHENTICATION_FAILED,17,RETRY_NOW,1
0.9473684210526315,0.25,7968.48,NETBANKING,ICICI,AUTHENTICATION_FAILED,13,NO_ACTION,0
0.3,0.8571428571428571,8028.71,WALLET,KOTAK,INSUFFICIENT_FUNDS,9,RETRY_LATER,0
0.7802197802197802,0.75,8635.37,UPI,ICICI,NETWORK_ERROR,2,RETRY_NOW,0
0.5348837209302325,0.4,460.48,UPI,KOTAK,INSUFFICIENT_FUNDS,7,RETRY_LATER,0
0.9107142857142857,0.8,2823.75,WALLET,ICICI,INSUFFICIENT_FUNDS,12,SEND_REMINDER,1
0.7397260273972602,0.47368421052631576,1456.78,UPI,YESBANK,AUTHENTICATION_FAILED,1,RETRY_NOW,1
0.5238095238095238,0.7,1022.9,CARD,ICICI,LIMIT_EXCEEDED,16,NO_ACTION,0
0.9516129032258065,0.3333333333333333,1207.78,NETBANKING,YESBANK,CARD_EXPIRED,12,SEND_REMINDER,0
0.8761904761904762,0.3076923076923077,8912.11,NETBANKING,HDFC,INSUFFICIENT_FUNDS,15,RETRY_LATER,1
0.6590909090909091,0.3333333333333333,348.44,UPI,ICICI,INSUFFICIENT_FUNDS,9,NO_ACTION,0
0.8375,0.3076923076923077,9341.46,NETBANKING,HDFC,LIMIT_EXCEEDED,17,RETRY_LATER,1
0.8173076923076923,0.3684210526315789,2855.93,CARD,ICICI,BANK_TIMEOUT,9,SEND_REMINDER,0
0.7971014492753623,0.7857142857142857,6498.53,CARD,SBI,BANK_TIMEOUT,16,NO_ACTION,0
0.7466666666666667,0.3684210526315789,8654.67,NETBANKING,AXIS,INSUFFICIENT_FUNDS,11,SEND_REMINDER,1
0.9696969696969697,0.0,8917.57,NETBANKING,YESBANK,AUTHENTICATION_FAILED,0,RETRY_NOW,1
0.7,0.3333333333333333,9128.34,NETBANKING,SBI,INSUFFICIENT_FUNDS,16,NO_ACTION,0
0.9625,0.0,6284.81,NETBANKING,YESBANK,BANK_TIMEOUT,20,NO_ACTION,0
0.8227848101265823,0.0,4451.99,WALLET,KOTAK,CARD_EXPIRED,13,RETRY_LATER,0
0.5294117647058824,0.75,5696.68,NETBANKING,KOTAK,BANK_TIMEOUT,8,RETRY_NOW,1
0.8461538461538461,1.0,1978.1,CARD,YESBANK,INSUFFICIENT_FUNDS,20,RETRY_LATER,1
0.9479166666666666,0.6,8767.55,NETBANKING,YESBANK,AUTHENTICATION_FAILED,14,RETRY_NOW,0
0.8347826086956521,0.7368421052631579,3495.15,UPI,ICICI,CARD_EXPIRED,10,NO_ACTION,0
0.7407407407407407,0.42857142857142855,8077.41,WALLET,YESBANK,AUTHENTICATION_FAILED,4,RETRY_NOW,0
0.3333333333333333,0.55,9940.32,NETBANKING,SBI,NETWORK_ERROR,5,RETRY_LATER,0
0.8672566371681416,0.6,469.12,CARD,KOTAK,AUTHENTICATION_FAILED,23,RETRY_LATER,1
0.7802197802197802,0.75,3585.58,CARD,ICICI,NETWORK_ERROR,1,RETRY_NOW,0
0.9523809523809523,1.0,6543.02,NETBANKING,KOTAK,LIMIT_EXCEEDED,12,RETRY_LATER,1
0.5641025641025641,0.0,635.68,UPI,ICICI,LIMIT_EXCEEDED,2,NO_ACTION,0
0.972972972972973,0.0,1382.97,UPI,AXIS,INSUFFICIENT_FUNDS,10,RETRY_LATER,0
0.9178082191780822,0.0,9517.49,UPI,YESBANK,NETWORK_ERROR,16,NO_ACTION,0
0.7590361445783133,0.1,5019.76,WALLET,ICICI,CARD_EXPIRED,1,RETRY_NOW,0
0.8613861386138614,0.5,8984.42,CARD,ICICI,NETWORK_ERROR,18,SEND_REMINDER,0
0.6825396825396826,1.0,5318.49,UPI,KOTAK,INSUFFICIENT_FUNDS,5,RETRY_NOW,1
1.0,0.0,1683.74,WALLET,AXIS,BANK_TIMEOUT,0,RETRY_LATER,1
0.7530864197530864,0.6,3361.72,WALLET,YESBANK,AUTHENTICATION_FAILED,9,SEND_REMINDER,0
0.9204545454545454,0.14285714285714285,2962.92,WALLET,SBI,NETWORK_ERROR,18,RETRY_NOW,1
0.726027397260274,0.05,5324.46,CARD,AXIS,AUTHENTICATION_FAILED,9,RETRY_NOW,0
0.6111111111111112,1.0,5602.84,CARD,HDFC,NETWORK_ERROR,1,SEND_REMINDER,0
0.47619047619047616,0.09090909090909091,5556.96,CARD,KOTAK,AUTHENTICATION_FAILED,2,RETRY_LATER,1
0.6595744680851063,0.1875,6439.43,NETBANKING,AXIS,INSUFFICIENT_FUNDS,2,RETRY_NOW,0
0.7407407407407407,0.7142857142857143,2335.08,NETBANKING,YESBANK,AUTHENTICATION_FAILED,0,NO_ACTION,0
0.7407407407407407,0.42857142857142855,8952.45,WALLET,SBI,BANK_TIMEOUT,20,RETRY_NOW,1
0.47058823529411764,0.7777777777777778,2470.05,CARD,HDFC,AUTHENTICATION_FAILED,22,RETRY_LATER,0
0.96875,0.3333333333333333,8356.53,CARD,SBI,LIMIT_EXCEEDED,21,RETRY_LATER,0
0.9213483146067416,1.0,3524.88,NETBANKING,YESBANK,BANK_TIMEOUT,17,SEND_REMINDER,1
0.9072164948453608,0.4444444444444444,1385.64,CARD,AXIS,LIMIT_EXCEEDED,19,NO_ACTION,0
0.9487179487179487,0.0,1329.85,WALLET,AXIS,AUTHENTICATION_FAILED,8,RETRY_LATER,0
0.8947368421052632,1.0,1694.47,CARD,ICICI,LIMIT_EXCEEDED,2,SEND_REMINDER,0
0.8974358974358975,0.25,4753.84,NETBANKING,ICICI,NETWORK_ERROR,7,RETRY_NOW,0
0.8235294117647058,1.0,1415.98,UPI,YESBANK,LIMIT_EXCEEDED,7,RETRY_NOW,0
0.74,0.5384615384615384,837.81,UPI,ICICI,LIMIT_EXCEEDED,4,RETRY_NOW,0
0.8235294117647058,0.2777777777777778,4270.27,UPI,ICICI,CARD_EXPIRED,3,RETRY_LATER,0
0.8558558558558559,0.1875,6807.25,WALLET,YESBANK,NETWORK_ERROR,18,RETRY_LATER,1
0.8627450980392157,1.0,8217.35,WALLET,HDFC,AUTHENTICATION_FAILED,11,RETRY_LATER,1
0.717948717948718,0.18181818181818182,6112.47,UPI,SBI,CARD_EXPIRED,11,RETRY_NOW,0
0.75,0.2857142857142857,6434.94,CARD,YESBANK,CARD_EXPIRED,14,RETRY_LATER,0
0.898989898989899,0.1,5064.21,WALLET,HDFC,NETWORK_ERROR,16,RETRY_NOW,1
0.875,0.8333333333333334,1503.0,CARD,YESBANK,NETWORK_ERROR,9,NO_ACTION,0
0.5333333333333333,0.2857142857142857,9234.3,UPI,AXIS,LIMIT_EXCEEDED,10,RETRY_NOW,0
0.8762886597938144,0.0,1091.99,UPI,ICICI,LIMIT_EXCEEDED,5,SEND_REMINDER,1
0.8615384615384616,0.8888888888888888,1705.89,UPI,HDFC,NETWORK_ERROR,23,RETRY_NOW,1
1.0,0.0,4226.66,NETBANKING,SBI,INSUFFICIENT_FUNDS,14,SEND_REMINDER,1
0.5,0.05,5231.91,CARD,YESBANK,NETWORK_ERROR,17,NO_ACTION,0
0.3,0.9285714285714286,5547.0,NETBANKING,HDFC,AUTHENTICATION_FAILED,3,RETRY_LATER,0
0.7746478873239436,0.5625,2115.75,NETBANKING,HDFC,BANK_TIMEOUT,19,SEND_REMINDER,0
0.7796610169491526,0.3076923076923077,694.82,CARD,SBI,AUTHENTICATION_FAILED,2,RETRY_NOW,0
0.927710843373494,0.0,2967.32,UPI,AXIS,LIMIT_EXCEEDED,19,SEND_REMINDER,0
0.9090909090909091,0.5,8854.88,NETBANKING,SBI,CARD_EXPIRED,23,RETRY_NOW,0
0.8409090909090909,1.0,6465.71,CARD,YESBANK,CARD_EXPIRED,20,RETRY_LATER,0
0.5833333333333334,0.5333333333333333,3620.45,CARD,KOTAK,AUTHENTICATION_FAILED,9,NO_ACTION,0
0.8947368421052632,0.6666666666666666,6444.99,CARD,ICICI,AUTHENTICATION_FAILED,7,SEND_REMINDER,1
0.8222222222222222,0.0,8232.96,UPI,AXIS,CARD_EXPIRED,4,SEND_REMINDER,1
0.7049180327868853,0.5555555555555556,1790.04,WALLET,HDFC,INSUFFICIENT_FUNDS,20,RETRY_NOW,0
0.45454545454545453,0.0,6612.09,CARD,ICICI,CARD_EXPIRED,17,RETRY_LATER,0
0.7647058823529411,0.125,407.65,CARD,SBI,INSUFFICIENT_FUNDS,5,RETRY_NOW,0
0.7346938775510204,0.07692307692307693,7087.9,WALLET,HDFC,AUTHENTICATION_FAILED,6,RETRY_NOW,0
0.6326530612244898,0.6666666666666666,2531.51,UPI,HDFC,BANK_TIMEOUT,19,SEND_REMINDER,0
0.8425925925925926,0.47058823529411764,4456.74,CARD,ICICI,LIMIT_EXCEEDED,10,RETRY_NOW,0
0.8208955223880597,0.5833333333333334,9750.01,NETBANKING,KOTAK,CARD_EXPIRED,18,SEND_REMINDER,1
0.2,0.4,3916.91,CARD,AXIS,INSUFFICIENT_FUNDS,13,NO_ACTION,0
0.5714285714285714,0.0,9709.67,NETBANKING,KOTAK,AUTHENTICATION_FAILED,15,SEND_REMINDER,0
0.8125,0.5833333333333334,2443.93,CARD,YESBANK,NETWORK_ERROR,19,RETRY_NOW,1
0.42857142857142855,0.125,6409.99,WALLET,SBI,CARD_EXPIRED,22,NO_ACTION,0
0.9078947368421053,1.0,4758.39,UPI,HDFC,CARD_EXPIRED,17,NO_ACTION,0
0.921875,1.0,7369.33,WALLET,KOTAK,INSUFFICIENT_FUNDS,0,SEND_REMINDER,0
0.9830508474576272,1.0,5714.74,NETBANKING,ICICI,CARD_EXPIRED,11,RETRY_LATER,1
0.8085106382978723,0.5,7890.92,CARD,YESBANK,INSUFFICIENT_FUNDS,12,RETRY_NOW,0
0.6410256410256411,0.14285714285714285,3288.98,NETBANKING,SBI,NETWORK_ERROR,21,RETRY_LATER,0
0.8130841121495327,0.4,5687.02,NETBANKING,HDFC,LIMIT_EXCEEDED,22,SEND_REMINDER,0
0.8135593220338984,0.0,1589.07,CARD,SBI,NETWORK_ERROR,4,RETRY_NOW,1
0.6938775510204082,0.8666666666666667,7736.47,CARD,HDFC,BANK_TIMEOUT,1,RETRY_LATER,1
0.5333333333333333,0.35714285714285715,6204.51,UPI,HDFC,AUTHENTICATION_FAILED,6,RETRY_NOW,0
0.6825396825396826,1.0,7306.51,CARD,HDFC,CARD_EXPIRED,16,RETRY_NOW,1
0.6666666666666666,0.5294117647058824,5669.45,NETBANKING,ICICI,BANK_TIMEOUT,4,RETRY_LATER,1
0.9821428571428571,0.0,7579.5,UPI,SBI,NETWORK_ERROR,19,RETRY_LATER,1
0.921875,1.0,7369.33,WALLET,KOTAK,INSUFFICIENT_FUNDS,0,NO_ACTION,0
0.8888888888888888,0.875,6156.2,CARD,SBI,AUTHENTICATION_FAILED,15,SEND_REMINDER,1
0.9636363636363636,0.0,4631.62,UPI,KOTAK,LIMIT_EXCEEDED,19,NO_ACTION,0
0.9803921568627451,0.0,7607.34,NETBANKING,ICICI,INSUFFICIENT_FUNDS,16,SEND_REMINDER,0
0.8596491228070176,1.0,977.24,CARD,AXIS,AUTHENTICATION_FAILED,21,SEND_REMINDER,1
0.9473684210526315,0.25,5851.99,WALLET,SBI,BANK_TIMEOUT,9,NO_ACTION,0
0.8133333333333334,0.9285714285714286,616.85,WALLET,ICICI,NETWORK_ERROR,1,NO_ACTION,0
0.65,1.0,8406.25,WALLET,HDFC,CARD_EXPIRED,21,SEND_REMINDER,1
0.8235294117647058,0.2777777777777778,3117.57,NETBANKING,AXIS,INSUFFICIENT_FUNDS,16,RETRY_NOW,0
0.9081632653061225,0.5555555555555556,7249.42,WALLET,ICICI,CARD_EXPIRED,11,RETRY_LATER,0
0.6153846153846154,0.6,3908.87,NETBANKING,AXIS,CARD_EXPIRED,12,RETRY_NOW,1
0.8990825688073395,0.2727272727272727,3712.2,UPI,HDFC,AUTHENTICATION_FAILED,6,SEND_REMINDER,1
0.46153846153846156,0.21428571428571427,4524.11,WALLET,SBI,CARD_EXPIRED,20,SEND_REMINDER,1
0.8365384615384616,0.7058823529411765,1638.94,WALLET,ICICI,INSUFFICIENT_FUNDS,1,SEND_REMINDER,0
0.8571428571428571,0.0,7825.34,WALLET,AXIS,BANK_TIMEOUT,21,RETRY_LATER,0
0.7,0.5,4668.59,UPI,AXIS,AUTHENTICATION_FAILED,2,NO_ACTION,0
0.88,0.0,2273.83,UPI,AXIS,LIMIT_EXCEEDED,9,RETRY_NOW,0
0.7666666666666667,0.9285714285714286,7719.67,WALLET,AXIS,LIMIT_EXCEEDED,14,RETRY_LATER,0
0.9523809523809523,1.0,4422.85,CARD,SBI,CARD_EXPIRED,17,SEND_REMINDER,1
0.7285714285714285,1.0,6610.35,CARD,AXIS,BANK_TIMEOUT,3,RETRY_LATER,0
0.8227848101265823,0.14285714285714285,5205.15,WALLET,YESBANK,AUTHENTICATION_FAILED,14,RETRY_LATER,0
0.8990825688073395,0.2727272727272727,5518.86,WALLET,ICICI,NETWORK_ERROR,11,NO_ACTION,0
0.9523809523809523,0.2,3044.67,NETBANKING,SBI,NETWORK_ERROR,12,NO_ACTION,0
0.8434782608695652,0.5,4816.93,WALLET,KOTAK,LIMIT_EXCEEDED,5,RETRY_NOW,1
0.8235294117647058,1.0,1415.98,UPI,YESBANK,LIMIT_EXCEEDED,7,NO_ACTION,0
0.94,1.0,9486.03,WALLET,KOTAK,CARD_EXPIRED,20,RETRY_NOW,1
0.6363636363636364,1.0,3281.78,WALLET,AXIS,AUTHENTICATION_FAILED,21,NO_ACTION,0
0.8208955223880597,0.5,8935.9,UPI,ICICI,LIMIT_EXCEEDED,21,SEND_REMINDER,1
0.36666666666666664,0.631578947368421,4406.49,NETBANKING,KOTAK,AUTHENTICATION_FAILED,13,RETRY_LATER,0
0.9428571428571428,0.0,2683.55,WALLET,YESBANK,LIMIT_EXCEEDED,4,RETRY_NOW,0
0.7796610169491526,0.3076923076923077,458.32,WALLET,KOTAK,CARD_EXPIRED,16,RETRY_LATER,0
0.765625,0.4,5069.37,WALLET,ICICI,AUTHENTICATION_FAILED,16,SEND_REMINDER,1
0.8375,0.3076923076923077,2150.15,CARD,HDFC,LIMIT_EXCEEDED,15,SEND_REMINDER,1
0.32142857142857145,0.9473684210526315,7396.83,WALLET,HDFC,BANK_TIMEOUT,13,RETRY_NOW,0
0.6153846153846154,0.8,7327.83,CARD,HDFC,INSUFFICIENT_FUNDS,2,RETRY_LATER,1
0.8421052631578947,0.0,9392.33,CARD,SBI,NETWORK_ERROR,1,NO_ACTION,0
0.6779661016949152,1.0,4970.53,WALLET,SBI,CARD_EXPIRED,3,NO_ACTION,0
0.7764705882352941,0.3684210526315789,2029.63,NETBANKING,KOTAK,AUTHENTICATION_FAILED,12,SEND_REMINDER,1
0.9473684210526315,0.25,9543.45,WALLET,HDFC,CARD_EXPIRED,10,RETRY_LATER,0
0.8888888888888888,0.2857142857142857,1039.93,NETBANKING,KOTAK,NETWORK_ERROR,11,NO_ACTION,0
0.7222222222222222,0.2,4092.89,NETBANKING,ICICI,NETWORK_ERROR,20,NO_ACTION,0
0.7,0.5,4668.59,UPI,AXIS,AUTHENTICATION_FAILED,2,SEND_REMINDER,1
0.8539325842696629,0.23076923076923078,7582.57,WALLET,YESBANK,CARD_EXPIRED,13,SEND_REMINDER,0
0.8064516129032258,0.6666666666666666,5252.48,NETBANKING,SBI,NETWORK_ERROR,17,NO_ACTION,0
0.8,0.17647058823529413,2398.39,UPI,KOTAK,LIMIT_EXCEEDED,17,SEND_REMINDER,1
0.5384615384615384,0.25,4891.7,UPI,HDFC,AUTHENTICATION_FAILED,22,SEND_REMINDER,0
0.7407407407407407,0.7142857142857143,113.24,NETBANKING,KOTAK,BANK_TIMEOUT,3,SEND_REMINDER,0
0.922077922077922,0.16666666666666666,1430.45,CARD,AXIS,CARD_EXPIRED,11,RETRY_LATER,0
0.5,0.4,1887.47,CARD,AXIS,BANK_TIMEOUT,4,SEND_REMINDER,0
0.7432432432432432,0.8947368421052632,3107.38,NETBANKING,SBI,CARD_EXPIRED,14,RETRY_NOW,0
0.9850746268656716,0.0,9582.2,CARD,YESBANK,INSUFFICIENT_FUNDS,21,RETRY_NOW,0
0.822429906542056,0.47368421052631576,8100.23,UPI,AXIS,NETWORK_ERROR,20,NO_ACTION,0
0.8214285714285714,0.8,5745.86,WALLET,HDFC,LIMIT_EXCEEDED,4,RETRY_LATER,1
0.96,1.0,101.44,UPI,KOTAK,LIMIT_EXCEEDED,3,RETRY_LATER,0
0.8080808080808081,0.7894736842105263,4250.96,WALLET,YESBANK,INSUFFICIENT_FUNDS,8,NO_ACTION,0
0.94,0.16666666666666666,8085.57,CARD,ICICI,CARD_EXPIRED,15,SEND_REMINDER,0
0.9,0.2,8465.17,UPI,ICICI,NETWORK_ERROR,9,NO_ACTION,0
0.7796610169491526,0.3076923076923077,3261.21,CARD,HDFC,INSUFFICIENT_FUNDS,21,NO_ACTION,0
0.9552238805970149,0.0,1253.51,CARD,YESBANK,BANK_TIMEOUT,4,SEND_REMINDER,0
0.48,0.23076923076923078,2149.15,CARD,HDFC,INSUFFICIENT_FUNDS,21,NO_ACTION,0
0.8421052631578947,0.6666666666666666,269.12,UPI,ICICI,NETWORK_ERROR,5,RETRY_LATER,1
0.5365853658536586,0.21052631578947367,4267.11,UPI,ICICI,BANK_TIMEOUT,2,RETRY_LATER,1
0.9880952380952381,0.0,8738.79,NETBANKING,KOTAK,AUTHENTICATION_FAILED,8,SEND_REMINDER,1
0.9310344827586207,0.8333333333333334,4257.18,UPI,SBI,AUTHENTICATION_FAILED,1,NO_ACTION,0
0.8428571428571429,0.8181818181818182,1916.01,WALLET,AXIS,INSUFFICIENT_FUNDS,5,RETRY_NOW,1
0.8125,0.3333333333333333,1519.3,WALLET,HDFC,NETWORK_ERROR,4,RETRY_LATER,0
0.9787234042553191,0.5,386.89,WALLET,ICICI,INSUFFICIENT_FUNDS,3,RETRY_NOW,1
0.5384615384615384,0.25,4433.23,CARD,ICICI,CARD_EXPIRED,10,SEND_REMINDER,0
0.8854166666666666,0.6363636363636364,8715.8,UPI,SBI,AUTHENTICATION_FAILED,9,SEND_REMINDER,1
0.8909090909090909,0.3333333333333333,2185.9,WALLET,YESBANK,NETWORK_ERROR,16,RETRY_LATER,0
0.9310344827586207,0.75,8821.84,NETBANKING,YESBANK,NETWORK_ERROR,7,RETRY_NOW,1
0.726027397260274,0.25,2142.75,WALLET,KOTAK,NETWORK_ERROR,6,SEND_REMINDER,0
0.8947368421052632,1.0,3708.29,WALLET,KOTAK,CARD_EXPIRED,20,SEND_REMINDER,1
0.6538461538461539,0.7777777777777778,6817.56,NETBANKING,SBI,BANK_TIMEOUT,2,RETRY_LATER,1
0.8831168831168831,0.7777777777777778,4963.38,NETBANKING,KOTAK,INSUFFICIENT_FUNDS,3,RETRY_NOW,0
0.72,0.5714285714285714,7393.08,NETBANKING,SBI,LIMIT_EXCEEDED,22,SEND_REMINDER,1
0.5,0.6363636363636364,9454.9,CARD,ICICI,BANK_TIMEOUT,23,SEND_REMINDER,1
1.0,0.0,9931.26,NETBANKING,AXIS,BANK_TIMEOUT,1,NO_ACTION,0
0.5277777777777778,0.6470588235294118,8817.68,UPI,YESBANK,LIMIT_EXCEEDED,3,SEND_REMINDER,0
0.8153846153846154,0.9166666666666666,9974.14,WALLET,AXIS,NETWORK_ERROR,20,RETRY_NOW,0
0.3793103448275862,0.3888888888888889,5703.91,NETBANKING,ICICI,CARD_EXPIRED,7,NO_ACTION,0
0.7183098591549296,0.3,5603.68,WALLET,KOTAK,CARD_EXPIRED,7,RETRY_LATER,0
0.5652173913043478,0.6,5650.01,CARD,SBI,LIMIT_EXCEEDED,7,NO_ACTION,0
0.8877551020408163,1.0,9538.22,WALLET,ICICI,BANK_TIMEOUT,8,RETRY_NOW,1
0.9523809523809523,0.0,5941.0,NETBANKING,ICICI,INSUFFICIENT_FUNDS,20,RETRY_NOW,0
0.7142857142857143,0.25,2831.35,NETBANKING,HDFC,CARD_EXPIRED,15,SEND_REMINDER,1
0.8518518518518519,0.0,5729.5,UPI,HDFC,CARD_EXPIRED,21,NO_ACTION,0
0.7727272727272727,0.3,8599.88,UPI,YESBANK,CARD_EXPIRED,8,RETRY_NOW,0
0.3,0.8571428571428571,9536.68,UPI,SBI,CARD_EXPIRED,5,SEND_REMINDER,1
0.8181818181818182,0.2777777777777778,9799.1,CARD,KOTAK,CARD_EXPIRED,7,SEND_REMINDER,0
0.8613861386138614,0.5,2911.05,UPI,AXIS,AUTHENTICATION_FAILED,17,RETRY_NOW,0
0.75,0.29411764705882354,384.88,CARD,YESBANK,LIMIT_EXCEEDED,19,SEND_REMINDER,0
0.6808510638297872,0.8666666666666667,136.96,WALLET,KOTAK,LIMIT_EXCEEDED,23,NO_ACTION,0
0.9113924050632911,0.7142857142857143,8862.56,CARD,HDFC,BANK_TIMEOUT,12,NO_ACTION,0
0.660377358490566,0.0,5888.88,UPI,AXIS,BANK_TIMEOUT,20,RETRY_NOW,1
0.25,0.3333333333333333,2445.2,UPI,ICICI,AUTHENTICATION_FAILED,23,RETRY_LATER,0
0.7,0.3333333333333333,7709.66,CARD,AXIS,LIMIT_EXCEEDED,4,RETRY_LATER,0
0.3333333333333333,0.55,8509.83,UPI,SBI,AUTHENTICATION_FAILED,21,SEND_REMINDER,0
0.9333333333333333,0.5,472.1,WALLET,AXIS,NETWORK_ERROR,17,NO_ACTION,0
0.8876404494382022,0.9,5211.8,WALLET,YESBANK,BANK_TIMEOUT,7,RETRY_LATER,0
0.7222222222222222,0.2,3635.16,CARD,HDFC,CARD_EXPIRED,20,SEND_REMINDER,1
1.0,0.0,8258.12,WALLET,SBI,AUTHENTICATION_FAILED,9,NO_ACTION,0
0.3333333333333333,0.55,5356.22,CARD,AXIS,LIMIT_EXCEEDED,6,NO_ACTION,0
0.631578947368421,0.14285714285714285,1948.93,NETBANKING,HDFC,LIMIT_EXCEEDED,3,RETRY_LATER,0
0.8556701030927835,0.9285714285714286,872.5,UPI,KOTAK,INSUFFICIENT_FUNDS,13,SEND_REMINDER,0
0.9680851063829787,0.6666666666666666,489.44,UPI,YESBANK,BANK_TIMEOUT,2,SEND_REMINDER,1
0.7837837837837838,0.625,7020.98,CARD,ICICI,BANK_TIMEOUT,15,SEND_REMINDER,0
0.42857142857142855,0.16666666666666666,8558.42,NETBANKING,SBI,BANK_TIMEOUT,8,SEND_REMINDER,0
0.8205128205128205,0.42857142857142855,5624.29,WALLET,YESBANK,AUTHENTICATION_FAILED,19,NO_ACTION,0
0.7297297297297297,0.6,8538.33,CARD,ICICI,LIMIT_EXCEEDED,20,SEND_REMINDER,1
0.8981481481481481,0.5454545454545454,8767.8,NETBANKING,SBI,BANK_TIMEOUT,19,RETRY_LATER,1
0.3793103448275862,0.3888888888888889,220.6,CARD,YESBANK,NETWORK_ERROR,13,SEND_REMINDER,1
0.8695652173913043,0.75,4146.02,WALLET,SBI,NETWORK_ERROR,22,NO_ACTION,0
1.0,0.0,6801.97,CARD,HDFC,AUTHENTICATION_FAILED,10,RETRY_LATER,0
0.2631578947368421,0.9285714285714286,3761.09,NETBANKING,ICICI,NETWORK_ERROR,9,RETRY_LATER,1
0.9833333333333333,1.0,5596.07,UPI,SBI,LIMIT_EXCEEDED,3,RETRY_NOW,1
0.5121951219512195,0.45,4144.37,NETBANKING,HDFC,BANK_TIMEOUT,23,SEND_REMINDER,0
0.9879518072289156,0.0,5398.07,WALLET,HDFC,LIMIT_EXCEEDED,7,RETRY_LATER,1
0.9029126213592233,0.9,1811.09,NETBANKING,YESBANK,AUTHENTICATION_FAILED,19,RETRY_NOW,0
0.6851851851851852,0.7058823529411765,3969.48,WALLET,KOTAK,NETWORK_ERROR,16,SEND_REMINDER,0
0.8157894736842105,0.0,3547.63,CARD,ICICI,NETWORK_ERROR,9,RETRY_LATER,1
0.6,0.0,9536.83,UPI,KOTAK,NETWORK_ERROR,3,RETRY_LATER,1
0.9134615384615384,0.7777777777777778,1332.0,NETBANKING,HDFC,NETWORK_ERROR,17,NO_ACTION,0
0.5555555555555556,0.5,8873.25,CARD,YESBANK,NETWORK_ERROR,20,SEND_REMINDER,1
0.9540229885057471,0.5,9943.7,WALLET,KOTAK,LIMIT_EXCEEDED,20,RETRY_LATER,1
0.7346938775510204,0.07692307692307693,7087.9,WALLET,HDFC,AUTHENTICATION_FAILED,6,SEND_REMINDER,1
0.8780487804878049,0.6,2337.43,UPI,KOTAK,INSUFFICIENT_FUNDS,8,SEND_REMINDER,1
0.7619047619047619,0.35,3196.97,WALLET,SBI,LIMIT_EXCEEDED,5,SEND_REMINDER,0
0.8148148148148148,0.2,5897.11,UPI,AXIS,AUTHENTICATION_FAILED,15,SEND_REMINDER,0
0.7142857142857143,0.5,3595.42,NETBANKING,KOTAK,AUTHENTICATION_FAILED,21,RETRY_LATER,0
0.8941176470588236,0.2222222222222222,4552.65,WALLET,YESBANK,BANK_TIMEOUT,16,RETRY_LATER,1
0.9072164948453608,0.4444444444444444,871.72,WALLET,AXIS,AUTHENTICATION_FAILED,9,RETRY_NOW,1
0.8181818181818182,0.4166666666666667,7633.28,UPI,YESBANK,BANK_TIMEOUT,19,NO_ACTION,0
0.92,0.16666666666666666,3617.27,CARD,ICICI,NETWORK_ERROR,1,RETRY_LATER,0
0.7183098591549296,0.3,5603.68,WALLET,KOTAK,CARD_EXPIRED,7,NO_ACTION,0
0.8421052631578947,0.6666666666666666,1823.38,NETBANKING,KOTAK,BANK_TIMEOUT,4,RETRY_NOW,1
0.8421052631578947,0.6666666666666666,1515.8,NETBANKING,AXIS,CARD_EXPIRED,17,RETRY_NOW,1
0.9848484848484849,0.0,9952.87,WALLET,AXIS,LIMIT_EXCEEDED,2,RETRY_NOW,0
0.7272727272727273,0.4166666666666667,1190.54,WALLET,YESBANK,NETWORK_ERROR,4,NO_ACTION,0
0.96875,0.3333333333333333,3480.16,CARD,KOTAK,CARD_EXPIRED,23,RETRY_NOW,0
0.75,0.7894736842105263,1452.16,CARD,KOTAK,NETWORK_ERROR,3,NO_ACTION,0
0.9636363636363636,0.0,9739.28,WALLET,ICICI,BANK_TIMEOUT,20,SEND_REMINDER,0
0.9655172413793104,0.5,4606.27,CARD,AXIS,AUTHENTICATION_FAILED,17,SEND_REMINDER,0
0.8285714285714286,0.5,9180.12,NETBANKING,YESBANK,BANK_TIMEOUT,23,RETRY_NOW,1
0.9523809523809523,0.0,7155.3,CARD,KOTAK,INSUFFICIENT_FUNDS,12,NO_ACTION,0
0.7849462365591398,0.85,2518.7,CARD,SBI,AUTHENTICATION_FAILED,12,SEND_REMINDER,0
0.8558558558558559,0.1875,4517.12,NETBANKING,ICICI,CARD_EXPIRED,3,SEND_REMINDER,1
1.0,0.0,6586.69,WALLET,HDFC,INSUFFICIENT_FUNDS,1,NO_ACTION,0
0.99,1.0,1044.58,CARD,KOTAK,AUTHENTICATION_FAILED,12,SEND_REMINDER,0
0.6938775510204082,0.8666666666666667,4331.54,NETBANKING,YESBANK,CARD_EXPIRED,1,RETRY_NOW,1
0.9,0.2,2687.12,NETBANKING,HDFC,CARD_EXPIRED,2,NO_ACTION,0
0.8478260869565217,0.0,3960.92,UPI,SBI,INSUFFICIENT_FUNDS,11,SEND_REMINDER,0
0.8955223880597015,0.0,6358.89,WALLET,HDFC,NETWORK_ERROR,20,RETRY_NOW,0
0.40625,0.21052631578947367,2719.38,UPI,AXIS,BANK_TIMEOUT,21,SEND_REMINDER,0
0.7746478873239436,0.5625,578.95,CARD,SBI,INSUFFICIENT_FUNDS,12,NO_ACTION,0
0.7532467532467533,0.3684210526315789,5049.22,UPI,YESBANK,BANK_TIMEOUT,11,SEND_REMINDER,0
0.8571428571428571,0.4,3045.2,CARD,SBI,LIMIT_EXCEEDED,22,SEND_REMINDER,1
0.88,0.0,8749.66,WALLET,YESBANK,INSUFFICIENT_FUNDS,5,RETRY_NOW,0
0.8771929824561403,0.7857142857142857,3629.92,WALLET,HDFC,AUTHENTICATION_FAILED,9,NO_ACTION,0
0.9186046511627907,0.2857142857142857,8756.69,NETBANKING,KOTAK,LIMIT_EXCEEDED,3,RETRY_LATER,0
0.8076923076923077,1.0,524.76,CARD,AXIS,LIMIT_EXCEEDED,23,SEND_REMINDER,0
0.9879518072289156,0.0,4668.65,CARD,SBI,CARD_EXPIRED,2,RETRY_LATER,1
0.34615384615384615,0.5882352941176471,4826.66,NETBANKING,KOTAK,LIMIT_EXCEEDED,19,NO_ACTION,0
0.8571428571428571,0.14285714285714285,2459.09,UPI,ICICI,INSUFFICIENT_FUNDS,16,RETRY_NOW,0
0.8736842105263158,0.8333333333333334,8839.22,NETBANKING,ICICI,BANK_TIMEOUT,6,SEND_REMINDER,0
0.7272727272727273,0.4166666666666667,593.55,CARD,YESBANK,AUTHENTICATION_FAILED,22,RETRY_NOW,1
0.9175257731958762,0.75,1947.36,WALLET,KOTAK,BANK_TIMEOUT,10,RETRY_NOW,0
0.47058823529411764,0.16666666666666666,1787.36,WALLET,HDFC,NETWORK_ERROR,15,RETRY_NOW,0
0.7721518987341772,0.3333333333333333,5134.5,NETBANKING,SBI,LIMIT_EXCEEDED,2,SEND_REMINDER,0
0.71875,0.5555555555555556,5970.48,CARD,KOTAK,NETWORK_ERROR,8,RETRY_NOW,1
0.7391304347826086,0.16666666666666666,1542.57,UPI,KOTAK,BANK_TIMEOUT,2,NO_ACTION,0
0.979381443298969,0.5,5236.68,UPI,ICICI,CARD_EXPIRED,22,RETRY_LATER,0
0.7424242424242424,0.35294117647058826,2011.54,UPI,SBI,NETWORK_ERROR,18,NO_ACTION,0
0.9680851063829787,0.6666666666666666,5364.46,NETBANKING,KOTAK,CARD_EXPIRED,16,SEND_REMINDER,1
0.8952380952380953,0.18181818181818182,7788.97,NETBANKING,SBI,BANK_TIMEOUT,16,RETRY_NOW,0
0.36666666666666664,0.631578947368421,350.87,NETBANKING,SBI,CARD_EXPIRED,16,RETRY_LATER,1
0.7727272727272727,0.3,2055.5,WALLET,AXIS,INSUFFICIENT_FUNDS,14,NO_ACTION,0
0.7714285714285715,0.25,8359.44,WALLET,HDFC,CARD_EXPIRED,14,RETRY_LATER,0
0.8229166666666666,0.7647058823529411,9882.54,UPI,YESBANK,INSUFFICIENT_FUNDS,3,RETRY_NOW,1
0.8,1.0,8057.18,NETBANKING,ICICI,AUTHENTICATION_FAILED,15,SEND_REMINDER,1
0.875,0.8333333333333334,1503.0,CARD,YESBANK,NETWORK_ERROR,9,RETRY_NOW,1
0.94,0.16666666666666666,2888.47,CARD,KOTAK,BANK_TIMEOUT,9,RETRY_NOW,1
0.5348837209302325,0.4,1453.54,CARD,SBI,NETWORK_ERROR,18,NO_ACTION,0
0.65,1.0,6704.19,WALLET,YESBANK,NETWORK_ERROR,9,RETRY_LATER,1
0.9195402298850575,0.2857142857142857,6468.96,UPI,AXIS,INSUFFICIENT_FUNDS,15,RETRY_LATER,1
0.7407407407407407,0.42857142857142855,1098.46,CARD,SBI,INSUFFICIENT_FUNDS,21,NO_ACTION,0
0.4230769230769231,0.6666666666666666,2744.4,UPI,ICICI,INSUFFICIENT_FUNDS,17,RETRY_LATER,0
0.8163265306122449,0.05555555555555555,3015.01,NETBANKING,KOTAK,LIMIT_EXCEEDED,23,SEND_REMINDER,0
0.6052631578947368,0.4,8979.76,WALLET,KOTAK,LIMIT_EXCEEDED,13,RETRY_NOW,0
0.8488372093023255,0.5384615384615384,9727.01,CARD,YESBANK,CARD_EXPIRED,0,RETRY_LATER,1
0.7297297297297297,0.6,5851.06,WALLET,HDFC,AUTHENTICATION_FAILED,15,RETRY_NOW,0
0.7916666666666666,0.05,4935.3,UPI,HDFC,INSUFFICIENT_FUNDS,7,SEND_REMINDER,0
0.7764705882352941,0.3684210526315789,5423.0,CARD,SBI,INSUFFICIENT_FUNDS,10,RETRY_LATER,1
0.6785714285714286,0.8333333333333334,5251.84,WALLET,AXIS,LIMIT_EXCEEDED,13,RETRY_NOW,0
0.7142857142857143,0.25,1952.22,UPI,YESBANK,BANK_TIMEOUT,13,RETRY_LATER,1
0.2631578947368421,0.9285714285714286,3124.35,UPI,ICICI,LIMIT_EXCEEDED,0,RETRY_NOW,1
0.7468354430379747,0.95,6353.33,WALLET,ICICI,CARD_EXPIRED,13,SEND_REMINDER,1
0.8227848101265823,0.14285714285714285,8561.36,UPI,KOTAK,AUTHENTICATION_FAILED,13,NO_ACTION,0
0.55,0.3333333333333333,2456.95,CARD,HDFC,INSUFFICIENT_FUNDS,19,SEND_REMINDER,0
0.8811881188118812,0.16666666666666666,2485.71,CARD,SBI,CARD_EXPIRED,14,RETRY_LATER,0
0.8787878787878788,0.625,2512.14,UPI,KOTAK,AUTHENTICATION_FAILED,19,NO_ACTION,0
0.34615384615384615,0.5882352941176471,4826.66,NETBANKING,KOTAK,LIMIT_EXCEEDED,19,RETRY_LATER,1
0.9326923076923077,0.14285714285714285,2165.68,UPI,ICICI,BANK_TIMEOUT,0,RETRY_NOW,0
0.7849462365591398,0.85,7453.84,NETBANKING,KOTAK,INSUFFICIENT_FUNDS,0,NO_ACTION,0
0.8369565217391305,0.4,1709.88,UPI,YESBANK,NETWORK_ERROR,9,RETRY_LATER,0
0.6326530612244898,0.8333333333333334,9788.6,UPI,AXIS,AUTHENTICATION_FAILED,10,SEND_REMINDER,0
0.3333333333333333,0.55,8509.83,UPI,SBI,AUTHENTICATION_FAILED,21,RETRY_NOW,0
0.375,0.0,8404.4,WALLET,ICICI,NETWORK_ERROR,14,RETRY_NOW,1
0.6842105263157895,0.75,6320.01,WALLET,ICICI,LIMIT_EXCEEDED,22,RETRY_LATER,0
0.84,0.25,7527.49,CARD,SBI,NETWORK_ERROR,7,RETRY_LATER,0
1.0,0.0,8217.1,WALLET,YESBANK,AUTHENTICATION_FAILED,4,SEND_REMINDER,0
0.34615384615384615,0.7647058823529411,5125.0,NETBANKING,AXIS,INSUFFICIENT_FUNDS,10,RETRY_NOW,0
0.9032258064516129,1.0,8970.48,UPI,ICICI,LIMIT_EXCEEDED,11,NO_ACTION,0
0.8876404494382022,0.8,9582.19,CARD,KOTAK,NETWORK_ERROR,23,RETRY_LATER,0
0.7721518987341772,0.3333333333333333,9403.09,NETBANKING,YESBANK,AUTHENTICATION_FAILED,11,RETRY_LATER,0
0.71875,0.1111111111111111,4047.51,WALLET,SBI,INSUFFICIENT_FUNDS,21,RETRY_NOW,0
0.8653846153846154,0.0,5392.03,NETBANKING,ICICI,CARD_EXPIRED,4,SEND_REMINDER,0
0.8421052631578947,0.6666666666666666,258.78,UPI,YESBANK,BANK_TIMEOUT,21,RETRY_LATER,1
0.9636363636363636,0.0,4870.97,UPI,HDFC,LIMIT_EXCEEDED,18,RETRY_NOW,0
0.8484848484848485,0.8,7728.17,WALLET,AXIS,BANK_TIMEOUT,6,RETRY_LATER,1
0.8235294117647058,1.0,689.39,UPI,AXIS,CARD_EXPIRED,11,RETRY_NOW,0
0.88,0.0,4314.22,UPI,SBI,BANK_TIMEOUT,0,SEND_REMINDER,0
0.7,0.13333333333333333,8989.22,CARD,YESBANK,INSUFFICIENT_FUNDS,4,RETRY_NOW,0
0.36666666666666664,0.631578947368421,1871.46,UPI,KOTAK,BANK_TIMEOUT,21,SEND_REMINDER,0
0.8469387755102041,0.5333333333333333,3741.88,CARD,SBI,AUTHENTICATION_FAILED,13,SEND_REMINDER,1
0.6326530612244898,0.6666666666666666,9211.83,UPI,HDFC,LIMIT_EXCEEDED,3,RETRY_LATER,0
0.8936170212765957,0.1,5510.88,WALLET,ICICI,CARD_EXPIRED,16,RETRY_LATER,0
0.7849462365591398,0.85,2518.7,CARD,SBI,AUTHENTICATION_FAILED,12,NO_ACTION,0
0.7,0.13333333333333333,1454.96,NETBANKING,ICICI,INSUFFICIENT_FUNDS,21,NO_ACTION,0
0.9636363636363636,0.5,9247.62,WALLET,YESBANK,INSUFFICIENT_FUNDS,12,RETRY_NOW,0
0.8222222222222222,0.1875,4771.63,UPI,YESBANK,AUTHENTICATION_FAILED,21,RETRY_NOW,0
0.6153846153846154,0.6,3908.87,NETBANKING,AXIS,CARD_EXPIRED,12,SEND_REMINDER,1
0.7333333333333333,0.625,3739.69,CARD,AXIS,CARD_EXPIRED,8,RETRY_NOW,1
0.47058823529411764,0.16666666666666666,1833.74,CARD,HDFC,INSUFFICIENT_FUNDS,19,SEND_REMINDER,0
0.927710843373494,0.8333333333333334,7108.46,NETBANKING,ICICI,LIMIT_EXCEEDED,12,RETRY_NOW,1
0.5,0.6428571428571429,9514.04,WALLET,AXIS,NETWORK_ERROR,3,NO_ACTION,0
0.6875,0.0,3174.37,NETBANKING,HDFC,NETWORK_ERROR,23,SEND_REMINDER,0
0.8761904761904762,0.3076923076923077,6585.93,UPI,ICICI,NETWORK_ERROR,20,RETRY_NOW,1
0.9411764705882353,0.5,6931.37,NETBANKING,AXIS,LIMIT_EXCEEDED,0,RETRY_LATER,0
0.9487179487179487,0.0,1329.85,WALLET,AXIS,AUTHENTICATION_FAILED,8,NO_ACTION,0
0.2962962962962963,0.15789473684210525,9522.24,CARD,KOTAK,BANK_TIMEOUT,2,NO_ACTION,0
0.9523809523809523,0.2,6711.9,NETBANKING,AXIS,LIMIT_EXCEEDED,21,SEND_REMINDER,0
0.9655172413793104,0.5,292.41,UPI,ICICI,AUTHENTICATION_FAILED,0,SEND_REMINDER,1
0.8260869565217391,0.4,2413.25,CARD,SBI,BANK_TIMEOUT,1,NO_ACTION,0
0.926829268292683,0.6666666666666666,9107.25,WALLET,YESBANK,INSUFFICIENT_FUNDS,23,SEND_REMINDER,0
0.4594594594594595,0.65,7144.52,NETBANKING,HDFC,LIMIT_EXCEEDED,13,RETRY_NOW,0
0.8488372093023255,0.5384615384615384,9169.07,UPI,SBI,LIMIT_EXCEEDED,19,RETRY_NOW,0
0.7872340425531915,0.0,5393.89,CARD,KOTAK,NETWORK_ERROR,17,SEND_REMINDER,1
0.8571428571428571,0.2,447.34,UPI,AXIS,INSUFFICIENT_FUNDS,19,SEND_REMINDER,1
0.9523809523809523,0.6,3973.32,NETBANKING,KOTAK,AUTHENTICATION_FAILED,14,RETRY_LATER,0
0.984375,1.0,934.82,WALLET,KOTAK,INSUFFICIENT_FUNDS,5,NO_ACTION,0
0.8627450980392157,1.0,8072.71,UPI,YESBANK,AUTHENTICATION_FAILED,20,NO_ACTION,0
0.6129032258064516,0.5833333333333334,1326.38,NETBANKING,SBI,INSUFFICIENT_FUNDS,14,NO_ACTION,0
0.875,0.8333333333333334,9123.79,NETBANKING,KOTAK,INSUFFICIENT_FUNDS,6,SEND_REMINDER,1
0.6551724137931034,0.75,630.94,CARD,KOTAK,LIMIT_EXCEEDED,1,NO_ACTION,0
0.625,0.0,2864.43,UPI,AXIS,CARD_EXPIRED,2,RETRY_NOW,0
0.8076923076923077,0.8,5852.08,UPI,HDFC,AUTHENTICATION_FAILED,18,RETRY_NOW,1
0.7906976744186046,0.5555555555555556,4626.01,WALLET,ICICI,LIMIT_EXCEEDED,4,SEND_REMINDER,1
0.86,0.7857142857142857,1875.6,CARD,YESBANK,NETWORK_ERROR,1,NO_ACTION,0
0.7647058823529411,0.55,1159.97,UPI,SBI,AUTHENTICATION_FAILED,10,RETRY_NOW,0
0.7402597402597403,0.35,7997.29,UPI,YESBANK,LIMIT_EXCEEDED,1,RETRY_LATER,1
0.975609756097561,0.0,4072.61,NETBANKING,HDFC,NETWORK_ERROR,18,NO_ACTION,0
0.8125,0.4444444444444444,9449.15,WALLET,ICICI,LIMIT_EXCEEDED,12,RETRY_LATER,1
0.6595744680851063,0.0,948.9,NETBANKING,AXIS,AUTHENTICATION_FAILED,13,NO_ACTION,0
0.7916666666666666,0.2,5601.83,NETBANKING,AXIS,NETWORK_ERROR,20,RETRY_NOW,1
0.9666666666666667,1.0,4226.66,UPI,KOTAK,INSUFFICIENT_FUNDS,10,NO_ACTION,0
0.696969696969697,0.7,1835.23,CARD,HDFC,NETWORK_ERROR,11,SEND_REMINDER,0
0.88,0.6666666666666666,5475.74,NETBANKING,HDFC,INSUFFICIENT_FUNDS,1,NO_ACTION,0
0.6938775510204082,0.06666666666666667,8485.13,NETBANKING,ICICI,AUTHENTICATION_FAILED,18,RETRY_NOW,0
0.6779661016949152,1.0,452.98,CARD,AXIS,AUTHENTICATION_FAILED,8,SEND_REMINDER,1
0.7857142857142857,0.9166666666666666,8374.79,CARD,ICICI,BANK_TIMEOUT,8,NO_ACTION,0
0.975609756097561,0.0,6241.9,NETBANKING,AXIS,AUTHENTICATION_FAILED,6,RETRY_NOW,0
0.5384615384615384,0.4444444444444444,895.3,CARD,KOTAK,CARD_EXPIRED,22,RETRY_NOW,1
0.90625,0.0,8776.22,NETBANKING,YESBANK,INSUFFICIENT_FUNDS,23,RETRY_NOW,0
0.8829787234042553,0.18181818181818182,5536.33,CARD,HDFC,AUTHENTICATION_FAILED,11,SEND_REMINDER,1
0.8392857142857143,0.2222222222222222,9395.81,NETBANKING,ICICI,LIMIT_EXCEEDED,8,RETRY_NOW,0
0.391304347826087,0.9285714285714286,3150.13,NETBANKING,SBI,CARD_EXPIRED,15,NO_ACTION,0
0.782608695652174,0.15,5758.31,UPI,HDFC,AUTHENTICATION_FAILED,0,RETRY_LATER,0
0.898989898989899,0.1,5064.21,WALLET,HDFC,NETWORK_ERROR,16,NO_ACTION,0
0.8333333333333334,0.0,8662.33,WALLET,ICICI,LIMIT_EXCEEDED,4,RETRY_LATER,1
0.967741935483871,1.0,6737.12,UPI,SBI,INSUFFICIENT_FUNDS,2,SEND_REMINDER,0
1.0,0.0,750.42,NETBANKING,SBI,CARD_EXPIRED,20,SEND_REMINDER,1
0.5238095238095238,0.7,2038.53,CARD,AXIS,NETWORK_ERROR,14,RETRY_NOW,1
0.5945945945945946,0.9333333333333333,1672.3,NETBANKING,SBI,BANK_TIMEOUT,16,NO_ACTION,0
0.9195402298850575,0.2857142857142857,6925.41,WALLET,KOTAK,LIMIT_EXCEEDED,18,NO_ACTION,0
0.9615384615384616,0.5,1445.62,UPI,AXIS,NETWORK_ERROR,4,RETRY_NOW,1
0.7183098591549296,0.3,5603.68,WALLET,KOTAK,CARD_EXPIRED,7,SEND_REMINDER,1
0.9382716049382716,0.8,6624.54,NETBANKING,HDFC,LIMIT_EXCEEDED,10,SEND_REMINDER,1
0.8653846153846154,0.0,3637.92,WALLET,KOTAK,AUTHENTICATION_FAILED,23,SEND_REMINDER,1
0.7,0.5,4912.84,CARD,ICICI,AUTHENTICATION_FAILED,8,RETRY_NOW,1
0.5238095238095238,0.7,9525.87,WALLET,ICICI,CARD_EXPIRED,5,RETRY_LATER,0
0.8941176470588236,0.2222222222222222,4552.65,WALLET,YESBANK,BANK_TIMEOUT,16,NO_ACTION,0
0.94,0.16666666666666666,8449.16,CARD,KOTAK,INSUFFICIENT_FUNDS,11,RETRY_LATER,1
0.9333333333333333,0.5,7915.12,WALLET,ICICI,INSUFFICIENT_FUNDS,13,RETRY_LATER,1
0.9230769230769231,0.5,7343.07,NETBANKING,AXIS,CARD_EXPIRED,5,NO_ACTION,0
1.0,0.0,7152.36,WALLET,ICICI,AUTHENTICATION_FAILED,8,NO_ACTION,0
0.5681818181818182,0.3157894736842105,2800.24,CARD,YESBANK,AUTHENTICATION_FAILED,9,NO_ACTION,0
0.8376068376068376,0.6842105263157895,691.68,UPI,ICICI,NETWORK_ERROR,22,RETRY_NOW,1
0.7931034482758621,0.0,4411.69,NETBANKING,YESBANK,LIMIT_EXCEEDED,8,RETRY_NOW,0
0.851063829787234,0.8571428571428571,4197.7,CARD,ICICI,CARD_EXPIRED,11,RETRY_NOW,0
0.5348837209302325,0.4,1453.54,CARD,SBI,NETWORK_ERROR,18,RETRY_LATER,0
0.8235294117647058,0.2777777777777778,5116.69,WALLET,YESBANK,AUTHENTICATION_FAILED,2,RETRY_NOW,0
0.7857142857142857,0.3333333333333333,1972.81,CARD,SBI,CARD_EXPIRED,18,RETRY_NOW,0
0.8172043010752689,0.23529411764705882,8113.87,UPI,KOTAK,NETWORK_ERROR,20,RETRY_LATER,1
0.47058823529411764,0.16666666666666666,1833.74,CARD,HDFC,INSUFFICIENT_FUNDS,19,RETRY_NOW,1
0.8679245283018868,0.2857142857142857,9250.72,WALLET,ICICI,NETWORK_ERROR,6,RETRY_NOW,0
0.34615384615384615,0.5882352941176471,4371.6,UPI,KOTAK,LIMIT_EXCEEDED,13,RETRY_LATER,0
0.7721518987341772,0.3333333333333333,5134.5,NETBANKING,SBI,LIMIT_EXCEEDED,2,RETRY_LATER,0
0.5384615384615384,0.6666666666666666,1169.53,CARD,AXIS,INSUFFICIENT_FUNDS,7,SEND_REMINDER,1
0.9032258064516129,1.0,8232.69,WALLET,KOTAK,LIMIT_EXCEEDED,22,RETRY_NOW,0
0.7727272727272727,0.2,8946.64,CARD,SBI,NETWORK_ERROR,5,NO_ACTION,0
0.7567567567567568,0.6666666666666666,3313.36,WALLET,HDFC,LIMIT_EXCEEDED,6,SEND_REMINDER,1
0.726027397260274,0.05,8321.98,NETBANKING,ICICI,CARD_EXPIRED,9,RETRY_NOW,0
0.8811881188118812,0.16666666666666666,6826.11,UPI,YESBANK,LIMIT_EXCEEDED,16,SEND_REMINDER,1
0.8974358974358975,0.25,3397.68,WALLET,ICICI,BANK_TIMEOUT,6,SEND_REMINDER,1
0.8,0.17647058823529413,1652.16,UPI,AXIS,CARD_EXPIRED,15,SEND_REMINDER,1
0.8155339805825242,0.42105263157894735,6239.54,CARD,AXIS,LIMIT_EXCEEDED,17,NO_ACTION,0
0.92,1.0,5757.83,NETBANKING,KOTAK,NETWORK_ERROR,20,RETRY_LATER,1
0.7432432432432432,0.8947368421052632,5751.72,UPI,ICICI,LIMIT_EXCEEDED,9,RETRY_NOW,1
0.8208955223880597,0.5833333333333334,7299.39,WALLET,SBI,LIMIT_EXCEEDED,4,SEND_REMINDER,0
0.8804347826086957,0.0,1535.5,NETBANKING,ICICI,AUTHENTICATION_FAILED,0,RETRY_LATER,0
0.9821428571428571,0.0,440.5,NETBANKING,ICICI,NETWORK_ERROR,3,RETRY_LATER,0
0.8854166666666666,0.6363636363636364,6664.52,NETBANKING,KOTAK,BANK_TIMEOUT,15,RETRY_LATER,1
0.8761904761904762,0.3076923076923077,546.32,CARD,HDFC,INSUFFICIENT_FUNDS,6,RETRY_LATER,1
0.9848484848484849,0.0,9952.87,WALLET,AXIS,LIMIT_EXCEEDED,2,NO_ACTION,0
0.9607843137254902,0.5,1725.65,UPI,SBI,CARD_EXPIRED,3,NO_ACTION,0
0.8421052631578947,0.0,1387.74,WALLET,YESBANK,LIMIT_EXCEEDED,16,NO_ACTION,0
0.7183098591549296,1.0,689.14,CARD,AXIS,NETWORK_ERROR,21,NO_ACTION,0
0.75,0.16666666666666666,8909.08,NETBANKING,HDFC,AUTHENTICATION_FAILED,1,RETRY_NOW,1
0.90625,0.0,8232.83,WALLET,ICICI,LIMIT_EXCEEDED,21,RETRY_LATER,0
0.8653846153846154,0.5714285714285714,2538.33,NETBANKING,SBI,NETWORK_ERROR,4,NO_ACTION,0
0.5,0.0,2041.07,UPI,YESBANK,AUTHENTICATION_FAILED,9,NO_ACTION,0
0.7142857142857143,0.0,7842.86,NETBANKING,AXIS,LIMIT_EXCEEDED,2,RETRY_NOW,0
0.8080808080808081,0.7894736842105263,7844.3,NETBANKING,ICICI,INSUFFICIENT_FUNDS,16,SEND_REMINDER,0
0.7532467532467533,0.3684210526315789,467.66,CARD,ICICI,CARD_EXPIRED,18,RETRY_LATER,0
0.82,1.0,9035.74,UPI,YESBANK,BANK_TIMEOUT,7,NO_ACTION,0
0.7397260273972602,1.0,798.47,CARD,SBI,LIMIT_EXCEEDED,8,NO_ACTION,0
0.9433962264150944,0.0,1990.78,CARD,KOTAK,BANK_TIMEOUT,10,RETRY_NOW,0
0.9428571428571428,0.16666666666666666,6071.01,CARD,YESBANK,LIMIT_EXCEEDED,6,NO_ACTION,0
0.9523809523809523,0.0,5094.6,NETBANKING,AXIS,NETWORK_ERROR,20,RETRY_LATER,0
0.8421052631578947,0.0,9702.96,CARD,YESBANK,LIMIT_EXCEEDED,19,NO_ACTION,0
0.84,0.6875,9848.08,WALLET,ICICI,INSUFFICIENT_FUNDS,17,SEND_REMINDER,1
0.8541666666666666,0.42857142857142855,8505.2,WALLET,SBI,LIMIT_EXCEEDED,9,NO_ACTION,0
0.8653846153846154,0.0,685.35,UPI,KOTAK,CARD_EXPIRED,2,RETRY_LATER,0
0.7619047619047619,0.35,7246.76,UPI,KOTAK,BANK_TIMEOUT,6,SEND_REMINDER,1
0.45454545454545453,0.8333333333333334,9838.98,WALLET,ICICI,AUTHENTICATION_FAILED,2,RETRY_LATER,1
0.881578947368421,1.0,9065.98,UPI,ICICI,CARD_EXPIRED,6,RETRY_LATER,0
0.3,0.8571428571428571,3510.24,CARD,YESBANK,AUTHENTICATION_FAILED,9,RETRY_LATER,1
0.6,0.7222222222222222,5442.37,NETBANKING,ICICI,BANK_TIMEOUT,8,RETRY_LATER,1
0.8955223880597015,0.0,5701.32,CARD,AXIS,NETWORK_ERROR,12,RETRY_NOW,0
0.5,0.8333333333333334,7344.4,NETBANKING,HDFC,NETWORK_ERROR,7,NO_ACTION,0
0.8333333333333334,0.09090909090909091,9948.03,UPI,KOTAK,NETWORK_ERROR,7,RETRY_LATER,0
0.8958333333333334,0.8,5767.52,WALLET,AXIS,INSUFFICIENT_FUNDS,15,NO_ACTION,0
0.8131868131868132,0.29411764705882354,4532.99,WALLET,ICICI,LIMIT_EXCEEDED,7,SEND_REMINDER,0
0.8380952380952381,0.29411764705882354,5560.07,UPI,SBI,AUTHENTICATION_FAILED,10,RETRY_NOW,0
0.84,0.5,4788.72,NETBANKING,ICICI,BANK_TIMEOUT,8,RETRY_NOW,0
0.8955223880597015,0.0,3184.85,CARD,HDFC,NETWORK_ERROR,18,SEND_REMINDER,1
0.7142857142857143,0.5,8828.72,UPI,AXIS,LIMIT_EXCEEDED,17,RETRY_NOW,1
0.8152173913043478,0.8823529411764706,1963.41,WALLET,SBI,LIMIT_EXCEEDED,21,RETRY_LATER,0
0.46153846153846156,0.42857142857142855,1781.68,UPI,AXIS,INSUFFICIENT_FUNDS,9,SEND_REMINDER,0
0.9326923076923077,0.14285714285714285,7271.85,CARD,AXIS,INSUFFICIENT_FUNDS,15,NO_ACTION,0
0.9508196721311475,0.0,3376.94,WALLET,KOTAK,BANK_TIMEOUT,21,RETRY_NOW,0
0.8494623655913979,0.35714285714285715,8656.08,CARD,AXIS,BANK_TIMEOUT,20,NO_ACTION,0
0.7402597402597403,0.35,3065.99,CARD,AXIS,AUTHENTICATION_FAILED,7,SEND_REMINDER,0
0.8303571428571429,0.3684210526315789,3376.38,WALLET,YESBANK,NETWORK_ERROR,0,RETRY_NOW,1
0.8425925925925926,0.47058823529411764,2497.86,WALLET,AXIS,INSUFFICIENT_FUNDS,11,RETRY_NOW,0
0.8990825688073395,0.2727272727272727,9801.62,CARD,SBI,INSUFFICIENT_FUNDS,2,NO_ACTION,0
0.45454545454545453,0.9166666666666666,5024.01,UPI,YESBANK,INSUFFICIENT_FUNDS,18,RETRY_NOW,0
0.94,0.16666666666666666,5952.95,CARD,YESBANK,AUTHENTICATION_FAILED,4,RETRY_LATER,0
0.8571428571428571,0.2,447.34,UPI,AXIS,INSUFFICIENT_FUNDS,19,NO_ACTION,0
0.7755102040816326,0.6363636363636364,6115.09,NETBANKING,KOTAK,INSUFFICIENT_FUNDS,1,RETRY_LATER,1
0.9636363636363636,0.5,5965.83,NETBANKING,YESBANK,CARD_EXPIRED,4,NO_ACTION,0
0.25,0.3333333333333333,4075.81,NETBANKING,HDFC,BANK_TIMEOUT,1,RETRY_NOW,0
0.8780487804878049,0.6,8505.52,WALLET,SBI,BANK_TIMEOUT,4,SEND_REMINDER,0
0.8070175438596491,0.36363636363636365,2812.1,UPI,AXIS,INSUFFICIENT_FUNDS,19,RETRY_LATER,0
0.891566265060241,0.4444444444444444,9083.49,WALLET,ICICI,LIMIT_EXCEEDED,3,SEND_REMINDER,0
0.875,0.7142857142857143,6817.36,NETBANKING,YESBANK,BANK_TIMEOUT,20,RETRY_LATER,1
0.875,0.8,9370.77,CARD,KOTAK,AUTHENTICATION_FAILED,13,RETRY_NOW,1
0.9523809523809523,1.0,1443.25,UPI,KOTAK,INSUFFICIENT_FUNDS,7,SEND_REMINDER,0
0.6923076923076923,0.5,3718.13,UPI,ICICI,CARD_EXPIRED,2,NO_ACTION,0
0.5,0.3888888888888889,6662.56,UPI,HDFC,AUTHENTICATION_FAILED,2,NO_ACTION,0
0.8208955223880597,0.5833333333333334,9334.51,UPI,YESBANK,BANK_TIMEOUT,3,RETRY_NOW,1
0.9166666666666666,0.0,3506.92,CARD,HDFC,BANK_TIMEOUT,0,RETRY_LATER,1
0.875,0.8333333333333334,3384.4,NETBANKING,YESBANK,LIMIT_EXCEEDED,9,NO_ACTION,0
0.75,0.16666666666666666,749.6,NETBANKING,KOTAK,NETWORK_ERROR,23,RETRY_NOW,0
0.9,0.875,939.13,WALLET,YESBANK,AUTHENTICATION_FAILED,4,NO_ACTION,0
0.8115942028985508,1.0,3771.3,WALLET,SBI,LIMIT_EXCEEDED,20,RETRY_NOW,0
0.5384615384615384,0.6666666666666666,7208.96,NETBANKING,KOTAK,BANK_TIMEOUT,7,RETRY_LATER,1
0.47058823529411764,1.0,5444.05,NETBANKING,HDFC,AUTHENTICATION_FAILED,14,NO_ACTION,0
0.5714285714285714,0.0,7173.24,WALLET,YESBANK,BANK_TIMEOUT,16,SEND_REMINDER,1
0.9655172413793104,0.5,2560.29,NETBANKING,YESBANK,BANK_TIMEOUT,18,SEND_REMINDER,0
0.8490566037735849,0.9375,6966.19,NETBANKING,SBI,BANK_TIMEOUT,8,SEND_REMINDER,0
0.9523809523809523,1.0,1443.25,UPI,KOTAK,INSUFFICIENT_FUNDS,7,RETRY_LATER,1
0.9339622641509434,0.5714285714285714,5870.94,UPI,KOTAK,AUTHENTICATION_FAILED,14,RETRY_LATER,0
0.7272727272727273,0.4166666666666667,8424.83,CARD,HDFC,INSUFFICIENT_FUNDS,2,RETRY_LATER,0
0.9666666666666667,1.0,5043.08,UPI,AXIS,CARD_EXPIRED,3,SEND_REMINDER,1
0.6938775510204082,0.06666666666666667,8984.41,WALLET,AXIS,INSUFFICIENT_FUNDS,10,RETRY_LATER,1
0.75,0.7894736842105263,8984.28,NETBANKING,ICICI,LIMIT_EXCEEDED,23,RETRY_NOW,1
0.8205128205128205,0.42857142857142855,5624.29,WALLET,YESBANK,AUTHENTICATION_FAILED,19,RETRY_LATER,1
0.9,0.2,5242.13,UPI,ICICI,BANK_TIMEOUT,17,SEND_REMINDER,1
1.0,0.0,578.9,WALLET,YESBANK,CARD_EXPIRED,0,NO_ACTION,0
0.8656716417910447,0.4444444444444444,7563.36,NETBANKING,HDFC,BANK_TIMEOUT,5,RETRY_LATER,1
0.8571428571428571,0.2,2899.18,CARD,SBI,CARD_EXPIRED,23,RETRY_LATER,0
0.9310344827586207,0.75,512.78,UPI,SBI,LIMIT_EXCEEDED,13,RETRY_NOW,0
0.9210526315789473,1.0,7544.14,WALLET,KOTAK,AUTHENTICATION_FAILED,23,SEND_REMINDER,0
0.726027397260274,0.05,5324.46,CARD,AXIS,AUTHENTICATION_FAILED,9,RETRY_LATER,1
0.9863013698630136,1.0,198.25,WALLET,AXIS,LIMIT_EXCEEDED,1,RETRY_NOW,1
0.5365853658536586,0.21052631578947367,7577.95,CARD,AXIS,NETWORK_ERROR,20,RETRY_NOW,0
0.9428571428571428,0.0,1422.18,CARD,ICICI,AUTHENTICATION_FAILED,20,NO_ACTION,0
0.88,0.3333333333333333,3110.42,NETBANKING,AXIS,AUTHENTICATION_FAILED,16,RETRY_NOW,0
0.979381443298969,0.5,5236.68,UPI,ICICI,CARD_EXPIRED,22,NO_ACTION,0
0.9583333333333334,0.0,5546.9,UPI,YESBANK,BANK_TIMEOUT,8,NO_ACTION,0
0.7192982456140351,0.3125,2522.43,NETBANKING,SBI,NETWORK_ERROR,9,SEND_REMINDER,0
0.3,0.9285714285714286,8029.42,WALLET,YESBANK,NETWORK_ERROR,3,RETRY_LATER,1
0.898989898989899,0.1,2035.83,CARD,YESBANK,LIMIT_EXCEEDED,3,RETRY_NOW,0
0.9743589743589743,0.0,1754.22,CARD,HDFC,LIMIT_EXCEEDED,5,RETRY_NOW,0
0.6785714285714286,0.7777777777777778,5546.66,NETBANKING,YESBANK,AUTHENTICATION_FAILED,22,RETRY_NOW,1
0.9803921568627451,0.0,4958.01,CARD,HDFC,BANK_TIMEOUT,22,RETRY_LATER,0
0.34615384615384615,0.5882352941176471,4371.6,UPI,KOTAK,LIMIT_EXCEEDED,13,RETRY_NOW,0
0.5384615384615384,0.4444444444444444,4593.23,NETBANKING,YESBANK,BANK_TIMEOUT,16,SEND_REMINDER,1
0.8660714285714286,0.8,844.92,NETBANKING,KOTAK,LIMIT_EXCEEDED,17,SEND_REMINDER,0
0.9253731343283582,0.6,1431.93,UPI,SBI,INSUFFICIENT_FUNDS,8,SEND_REMINDER,1
0.8873239436619719,0.5,369.28,NETBANKING,HDFC,INSUFFICIENT_FUNDS,14,RETRY_LATER,1
0.34782608695652173,0.4,8917.6,UPI,KOTAK,CARD_EXPIRED,5,RETRY_NOW,0
0.9117647058823529,0.3333333333333333,6100.6,WALLET,YESBANK,AUTHENTICATION_FAILED,19,NO_ACTION,0
0.9333333333333333,0.6666666666666666,9697.44,NETBANKING,ICICI,BANK_TIMEOUT,17,RETRY_NOW,1
0.9523809523809523,0.6,6488.64,NETBANKING,SBI,BANK_TIMEOUT,11,SEND_REMINDER,0
0.9714285714285714,0.0,4086.89,UPI,SBI,INSUFFICIENT_FUNDS,10,RETRY_LATER,0
0.8902439024390244,1.0,3501.66,UPI,ICICI,CARD_EXPIRED,17,RETRY_NOW,0
0.8230088495575221,0.75,8877.69,UPI,YESBANK,INSUFFICIENT_FUNDS,12,SEND_REMINDER,1
0.7183098591549296,1.0,689.14,CARD,AXIS,NETWORK_ERROR,21,RETRY_LATER,1
0.7432432432432432,0.8947368421052632,6951.76,CARD,SBI,NETWORK_ERROR,19,SEND_REMINDER,1
0.9896907216494846,1.0,6149.37,CARD,KOTAK,NETWORK_ERROR,1,RETRY_LATER,1
0.8375,0.3076923076923077,1864.55,WALLET,YESBANK,LIMIT_EXCEEDED,4,RETRY_LATER,0
0.6666666666666666,0.8,3560.78,CARD,KOTAK,AUTHENTICATION_FAILED,0,RETRY_LATER,1
0.8148148148148148,0.2,7299.75,CARD,AXIS,AUTHENTICATION_FAILED,20,NO_ACTION,0
0.8725490196078431,0.38461538461538464,5853.97,NETBANKING,SBI,BANK_TIMEOUT,14,RETRY_NOW,0
0.7333333333333333,1.0,1847.31,CARD,YESBANK,AUTHENTICATION_FAILED,19,RETRY_NOW,1
0.8155339805825242,0.42105263157894735,6239.54,CARD,AXIS,LIMIT_EXCEEDED,17,SEND_REMINDER,0
0.47058823529411764,0.16666666666666666,3181.62,UPI,YESBANK,INSUFFICIENT_FUNDS,23,RETRY_NOW,0
0.9886363636363636,1.0,7572.65,UPI,YESBANK,BANK_TIMEOUT,23,RETRY_LATER,1
1.0,0.0,5768.36,WALLET,ICICI,CARD_EXPIRED,21,RETRY_LATER,0
0.5384615384615384,0.6666666666666666,7208.96,NETBANKING,KOTAK,BANK_TIMEOUT,7,NO_ACTION,0
0.5384615384615384,0.0,9644.95,WALLET,YESBANK,INSUFFICIENT_FUNDS,5,NO_ACTION,0
0.7619047619047619,0.35,7246.76,UPI,KOTAK,BANK_TIMEOUT,6,RETRY_NOW,0
0.8,0.17647058823529413,3960.26,CARD,KOTAK,AUTHENTICATION_FAILED,1,NO_ACTION,0
0.92,0.0,8183.63,CARD,YESBANK,AUTHENTICATION_FAILED,9,NO_ACTION,0
0.8235294117647058,0.2777777777777778,4270.27,UPI,ICICI,CARD_EXPIRED,3,RETRY_NOW,0
0.8135593220338984,0.0,4341.88,UPI,HDFC,BANK_TIMEOUT,5,RETRY_NOW,0
0.8431372549019608,0.0,7895.09,CARD,KOTAK,BANK_TIMEOUT,0,SEND_REMINDER,0
0.7333333333333333,0.625,8394.17,CARD,KOTAK,INSUFFICIENT_FUNDS,21,RETRY_LATER,0
0.8648648648648649,0.3333333333333333,9977.64,UPI,KOTAK,NETWORK_ERROR,19,RETRY_NOW,0
0.9428571428571428,0.0,8497.78,UPI,AXIS,LIMIT_EXCEEDED,17,SEND_REMINDER,1
0.88,0.0,3887.63,WALLET,AXIS,BANK_TIMEOUT,9,SEND_REMINDER,0
0.7671232876712328,0.5882352941176471,2263.02,WALLET,ICICI,INSUFFICIENT_FUNDS,7,RETRY_NOW,0
0.891566265060241,0.4444444444444444,9083.49,WALLET,ICICI,LIMIT_EXCEEDED,3,RETRY_NOW,0
0.8494623655913979,0.35714285714285715,3796.43,WALLET,AXIS,INSUFFICIENT_FUNDS,18,RETRY_LATER,0
0.7666666666666667,0.9285714285714286,7719.67,WALLET,AXIS,LIMIT_EXCEEDED,14,NO_ACTION,0
0.9259259259259259,0.5,2027.19,WALLET,YESBANK,LIMIT_EXCEEDED,7,RETRY_LATER,0
0.36666666666666664,0.631578947368421,350.87,NETBANKING,SBI,CARD_EXPIRED,16,RETRY_NOW,0
0.8990825688073395,0.2727272727272727,7095.25,CARD,SBI,CARD_EXPIRED,17,NO_ACTION,0
0.9411764705882353,0.0,6986.56,WALLET,AXIS,CARD_EXPIRED,12,NO_ACTION,0
0.8666666666666667,1.0,6200.7,CARD,YESBANK,CARD_EXPIRED,2,RETRY_LATER,0
0.9382716049382716,0.8,1789.9,UPI,YESBANK,CARD_EXPIRED,5,SEND_REMINDER,1
0.8507462686567164,0.7,2371.31,UPI,YESBANK,LIMIT_EXCEEDED,1,RETRY_NOW,1
0.42857142857142855,0.16666666666666666,8558.42,NETBANKING,SBI,BANK_TIMEOUT,8,RETRY_NOW,0
0.8876404494382022,0.9,4132.58,WALLET,ICICI,NETWORK_ERROR,17,RETRY_NOW,1
0.7608695652173914,0.2727272727272727,8224.03,UPI,YESBANK,NETWORK_ERROR,16,RETRY_NOW,0
0.9636363636363636,0.0,4870.97,UPI,HDFC,LIMIT_EXCEEDED,18,SEND_REMINDER,1
0.979381443298969,0.5,7466.39,CARD,KOTAK,BANK_TIMEOUT,11,RETRY_LATER,1
0.8444444444444444,0.14285714285714285,3154.66,NETBANKING,AXIS,AUTHENTICATION_FAILED,17,RETRY_NOW,1
0.46153846153846156,0.21428571428571427,3199.57,WALLET,YESBANK,NETWORK_ERROR,5,SEND_REMINDER,0
0.5555555555555556,0.4,5953.43,NETBANKING,YESBANK,NETWORK_ERROR,13,NO_ACTION,0
0.6938775510204082,0.06666666666666667,8485.13,NETBANKING,ICICI,AUTHENTICATION_FAILED,18,SEND_REMINDER,1
0.9247311827956989,0.14285714285714285,2409.03,NETBANKING,AXIS,LIMIT_EXCEEDED,1,NO_ACTION,0
0.7534246575342466,0.4444444444444444,8591.08,UPI,KOTAK,AUTHENTICATION_FAILED,7,RETRY_LATER,0
0.5,0.8333333333333334,1367.72,CARD,ICICI,INSUFFICIENT_FUNDS,15,RETRY_LATER,0
0.7916666666666666,0.05,4133.95,CARD,AXIS,CARD_EXPIRED,19,RETRY_LATER,0
0.8260869565217391,0.4,7564.99,NETBANKING,KOTAK,CARD_EXPIRED,12,SEND_REMINDER,1
0.6727272727272727,0.7222222222222222,7973.95,NETBANKING,KOTAK,INSUFFICIENT_FUNDS,4,RETRY_LATER,0
0.6216216216216216,1.0,254.84,CARD,SBI,NETWORK_ERROR,8,RETRY_LATER,1
0.8985507246376812,1.0,2545.75,CARD,AXIS,INSUFFICIENT_FUNDS,18,RETRY_NOW,0
0.5151515151515151,0.5625,7309.94,WALLET,YESBANK,BANK_TIMEOUT,14,NO_ACTION,0
0.8627450980392157,1.0,8072.71,UPI,YESBANK,AUTHENTICATION_FAILED,20,RETRY_NOW,0
0.34615384615384615,0.5882352941176471,4371.6,UPI,KOTAK,LIMIT_EXCEEDED,13,NO_ACTION,0
0.6666666666666666,0.0,5448.78,NETBANKING,SBI,AUTHENTICATION_FAILED,6,NO_ACTION,0
0.8773584905660378,1.0,4862.73,CARD,YESBANK,CARD_EXPIRED,7,NO_ACTION,0
0.9821428571428571,0.0,7579.5,UPI,SBI,NETWORK_ERROR,19,NO_ACTION,0
0.6779661016949152,0.8421052631578947,9004.69,NETBANKING,KOTAK,INSUFFICIENT_FUNDS,13,NO_ACTION,0
0.726027397260274,0.05,8321.98,NETBANKING,ICICI,CARD_EXPIRED,9,SEND_REMINDER,0
0.7701149425287356,0.05,6199.21,CARD,YESBANK,BANK_TIMEOUT,14,NO_ACTION,0
0.7857142857142857,0.9166666666666666,2990.39,NETBANKING,AXIS,NETWORK_ERROR,6,RETRY_LATER,1
0.8157894736842105,0.0,3547.63,CARD,ICICI,NETWORK_ERROR,9,SEND_REMINDER,0
0.2962962962962963,0.15789473684210525,2046.83,WALLET,HDFC,INSUFFICIENT_FUNDS,4,RETRY_LATER,0
0.9375,0.0,5253.39,NETBANKING,AXIS,AUTHENTICATION_FAILED,3,RETRY_LATER,0
0.9594594594594594,0.0,615.32,CARD,ICICI,NETWORK_ERROR,13,SEND_REMINDER,0
0.9552238805970149,0.0,2223.33,WALLET,AXIS,NETWORK_ERROR,17,NO_ACTION,0
0.8785046728971962,0.15384615384615385,2407.56,NETBANKING,KOTAK,BANK_TIMEOUT,8,SEND_REMINDER,1
0.8627450980392157,1.0,1017.92,WALLET,ICICI,CARD_EXPIRED,8,RETRY_LATER,0
0.3333333333333333,0.55,9940.32,NETBANKING,SBI,NETWORK_ERROR,5,NO_ACTION,0
0.975609756097561,0.0,4072.61,NETBANKING,HDFC,NETWORK_ERROR,18,RETRY_LATER,1
0.7931034482758621,0.8333333333333334,3151.0,UPI,AXIS,CARD_EXPIRED,12,SEND_REMINDER,1
0.9333333333333333,0.5,942.22,UPI,AXIS,LIMIT_EXCEEDED,13,NO_ACTION,0
0.8350515463917526,0.8125,3769.19,CARD,YESBANK,LIMIT_EXCEEDED,4,RETRY_LATER,1
0.9523809523809523,0.6,1911.68,UPI,KOTAK,INSUFFICIENT_FUNDS,4,NO_ACTION,0
0.797752808988764,0.1111111111111111,6284.19,UPI,AXIS,BANK_TIMEOUT,18,RETRY_LATER,0
0.8243243243243243,0.9230769230769231,2770.5,WALLET,SBI,CARD_EXPIRED,16,RETRY_NOW,1
0.9696969696969697,0.0,4654.28,WALLET,YESBANK,AUTHENTICATION_FAILED,20,SEND_REMINDER,0
0.25925925925925924,0.1,1239.76,NETBANKING,ICICI,INSUFFICIENT_FUNDS,20,NO_ACTION,0
0.84,0.6875,8465.06,WALLET,AXIS,CARD_EXPIRED,11,RETRY_LATER,0
0.7654320987654321,0.7368421052631579,5202.76,WALLET,YESBANK,INSUFFICIENT_FUNDS,2,NO_ACTION,0
0.7931034482758621,0.0,4667.09,NETBANKING,YESBANK,CARD_EXPIRED,16,RETRY_LATER,0
0.7397260273972602,1.0,3116.09,WALLET,SBI,INSUFFICIENT_FUNDS,5,SEND_REMINDER,0
0.9104477611940298,0.0,822.83,CARD,ICICI,INSUFFICIENT_FUNDS,2,NO_ACTION,0
0.9032258064516129,0.6666666666666666,5340.67,NETBANKING,KOTAK,NETWORK_ERROR,19,RETRY_LATER,1
0.8243243243243243,0.9230769230769231,9043.8,NETBANKING,AXIS,BANK_TIMEOUT,4,RETRY_NOW,1
0.7619047619047619,0.35,3196.97,WALLET,SBI,LIMIT_EXCEEDED,5,NO_ACTION,0
0.782608695652174,0.15,6987.16,NETBANKING,ICICI,CARD_EXPIRED,13,SEND_REMINDER,0
0.9310344827586207,0.75,8821.84,NETBANKING,YESBANK,NETWORK_ERROR,7,NO_ACTION,0
0.8387096774193549,0.7333333333333333,8803.27,CARD,HDFC,LIMIT_EXCEEDED,9,SEND_REMINDER,1
0.9333333333333333,0.4,3784.24,CARD,SBI,AUTHENTICATION_FAILED,5,SEND_REMINDER,1
0.7285714285714285,1.0,3868.5,CARD,SBI,AUTHENTICATION_FAILED,12,RETRY_NOW,0
0.8888888888888888,0.875,2837.33,NETBANKING,KOTAK,INSUFFICIENT_FUNDS,21,NO_ACTION,0
0.5384615384615384,0.8333333333333334,6742.25,NETBANKING,AXIS,NETWORK_ERROR,3,NO_ACTION,0
0.8888888888888888,0.875,3806.99,UPI,KOTAK,BANK_TIMEOUT,0,RETRY_LATER,1
0.9801980198019802,0.0,7795.37,UPI,HDFC,INSUFFICIENT_FUNDS,18,RETRY_LATER,0
0.8392857142857143,0.0,2973.45,CARD,KOTAK,CARD_EXPIRED,6,SEND_REMINDER,1
0.9777777777777777,1.0,4817.68,CARD,KOTAK,AUTHENTICATION_FAILED,5,NO_ACTION,0
0.8229166666666666,0.7647058823529411,481.75,CARD,KOTAK,INSUFFICIENT_FUNDS,20,NO_ACTION,0
0.9801980198019802,0.0,674.54,WALLET,HDFC,NETWORK_ERROR,14,RETRY_LATER,0
0.2631578947368421,0.9285714285714286,6912.67,NETBANKING,ICICI,INSUFFICIENT_FUNDS,23,RETRY_NOW,0
0.8823529411764706,0.75,349.58,CARD,HDFC,CARD_EXPIRED,5,NO_ACTION,0
0.7142857142857143,0.0,6813.2,WALLET,AXIS,NETWORK_ERROR,19,NO_ACTION,0
0.9340659340659341,0.3333333333333333,1223.35,NETBANKING,YESBANK,LIMIT_EXCEEDED,12,NO_ACTION,0
0.8282828282828283,0.23529411764705882,1602.04,NETBANKING,HDFC,LIMIT_EXCEEDED,18,NO_ACTION,0
0.8585858585858586,1.0,4471.13,NETBANKING,ICICI,CARD_EXPIRED,1,NO_ACTION,0
0.9104477611940298,0.0,822.83,CARD,ICICI,INSUFFICIENT_FUNDS,2,RETRY_LATER,0
0.8615384615384616,0.8888888888888888,1705.89,UPI,HDFC,NETWORK_ERROR,23,SEND_REMINDER,0
0.8288288288288288,0.8421052631578947,2598.53,CARD,KOTAK,CARD_EXPIRED,4,RETRY_NOW,1
0.6727272727272727,0.0,8755.26,NETBANKING,ICICI,AUTHENTICATION_FAILED,17,RETRY_LATER,0
0.8695652173913043,0.75,9861.67,UPI,SBI,INSUFFICIENT_FUNDS,19,RETRY_NOW,0
0.875,0.8333333333333334,3384.4,NETBANKING,YESBANK,LIMIT_EXCEEDED,9,RETRY_LATER,0
0.48148148148148145,0.9285714285714286,7573.18,NETBANKING,ICICI,INSUFFICIENT_FUNDS,16,SEND_REMINDER,1
0.8333333333333334,1.0,7692.53,UPI,SBI,CARD_EXPIRED,22,RETRY_NOW,1
0.703125,0.0,5179.7,CARD,AXIS,CARD_EXPIRED,14,RETRY_LATER,0
0.8227848101265823,0.14285714285714285,8561.36,UPI,KOTAK,AUTHENTICATION_FAILED,13,SEND_REMINDER,0
0.8229166666666666,0.7647058823529411,481.75,CARD,KOTAK,INSUFFICIENT_FUNDS,20,RETRY_LATER,1
0.8636363636363636,0.3333333333333333,3953.44,WALLET,KOTAK,CARD_EXPIRED,10,SEND_REMINDER,1
0.9072164948453608,0.4444444444444444,8371.98,UPI,HDFC,CARD_EXPIRED,20,NO_ACTION,0
0.9523809523809523,0.0,7155.3,CARD,KOTAK,INSUFFICIENT_FUNDS,12,SEND_REMINDER,1
0.2631578947368421,0.21428571428571427,1540.52,CARD,ICICI,BANK_TIMEOUT,5,RETRY_NOW,0
0.5333333333333333,0.2857142857142857,3157.63,UPI,AXIS,INSUFFICIENT_FUNDS,16,SEND_REMINDER,1
0.7397260273972602,0.47368421052631576,1456.78,UPI,YESBANK,AUTHENTICATION_FAILED,1,SEND_REMINDER,1
0.9583333333333334,1.0,9654.26,WALLET,KOTAK,BANK_TIMEOUT,21,SEND_REMINDER,1
0.8,0.9,4717.02,UPI,YESBANK,BANK_TIMEOUT,4,RETRY_LATER,1
0.6724137931034483,0.10526315789473684,9435.37,NETBANKING,KOTAK,LIMIT_EXCEEDED,19,NO_ACTION,0
0.6382978723404256,0.058823529411764705,3509.62,UPI,SBI,NETWORK_ERROR,8,RETRY_LATER,1
0.9583333333333334,1.0,9654.26,WALLET,KOTAK,BANK_TIMEOUT,21,RETRY_NOW,0
0.9325842696629213,1.0,1251.01,NETBANKING,HDFC,LIMIT_EXCEEDED,12,RETRY_NOW,1
0.7916666666666666,0.05,1158.02,NETBANKING,AXIS,NETWORK_ERROR,14,NO_ACTION,0
0.8482142857142857,0.17647058823529413,8208.44,NETBANKING,AXIS,NETWORK_ERROR,13,RETRY_NOW,1
0.9130434782608695,0.8333333333333334,5966.88,UPI,ICICI,NETWORK_ERROR,10,NO_ACTION,0
0.9072164948453608,0.4444444444444444,8482.31,UPI,ICICI,INSUFFICIENT_FUNDS,18,SEND_REMINDER,1
0.9038461538461539,0.6,7727.63,WALLET,KOTAK,NETWORK_ERROR,16,RETRY_NOW,1
0.574468085106383,0.2,1925.89,CARD,YESBANK,CARD_EXPIRED,11,RETRY_NOW,1
0.8762886597938144,0.25,7782.28,UPI,AXIS,LIMIT_EXCEEDED,19,RETRY_LATER,0
0.825,0.0,8201.62,NETBANKING,HDFC,LIMIT_EXCEEDED,9,RETRY_NOW,0
0.8936170212765957,0.1,7710.46,CARD,HDFC,AUTHENTICATION_FAILED,12,RETRY_LATER,0
0.7872340425531915,0.55,4973.39,UPI,YESBANK,CARD_EXPIRED,21,RETRY_LATER,1
0.96875,0.5,518.35,CARD,YESBANK,CARD_EXPIRED,11,NO_ACTION,0
0.875,0.7142857142857143,3602.52,WALLET,SBI,LIMIT_EXCEEDED,13,RETRY_LATER,0
0.8260869565217391,0.4,7564.99,NETBANKING,KOTAK,CARD_EXPIRED,12,RETRY_NOW,0
0.6071428571428571,0.5454545454545454,5044.76,UPI,HDFC,INSUFFICIENT_FUNDS,7,RETRY_NOW,0
0.9818181818181818,1.0,1678.56,NETBANKING,YESBANK,CARD_EXPIRED,12,RETRY_LATER,1
0.5641025641025641,0.0,7519.84,UPI,HDFC,INSUFFICIENT_FUNDS,2,SEND_REMINDER,0
0.5238095238095238,0.55,8614.65,UPI,HDFC,LIMIT_EXCEEDED,11,NO_ACTION,0
0.7872340425531915,0.55,2156.53,UPI,AXIS,NETWORK_ERROR,17,NO_ACTION,0
0.9863013698630136,1.0,198.25,WALLET,AXIS,LIMIT_EXCEEDED,1,RETRY_LATER,0
0.8279569892473119,0.1875,5520.04,UPI,KOTAK,CARD_EXPIRED,3,RETRY_NOW,0
0.7432432432432432,0.8947368421052632,7064.51,NETBANKING,HDFC,CARD_EXPIRED,15,NO_ACTION,0
0.9310344827586207,0.75,512.78,UPI,SBI,LIMIT_EXCEEDED,13,SEND_REMINDER,1
0.8617021276595744,0.3076923076923077,8162.12,UPI,AXIS,AUTHENTICATION_FAILED,13,RETRY_LATER,1
0.8222222222222222,0.1875,5076.6,NETBANKING,HDFC,INSUFFICIENT_FUNDS,5,RETRY_LATER,0
0.8421052631578947,0.6666666666666666,7397.81,CARD,AXIS,BANK_TIMEOUT,18,SEND_REMINDER,0
0.8921568627450981,0.0,1807.75,CARD,KOTAK,LIMIT_EXCEEDED,5,RETRY_LATER,0
0.6875,0.0,946.29,UPI,KOTAK,BANK_TIMEOUT,0,SEND_REMINDER,1
0.8591549295774648,0.3,2782.22,NETBANKING,YESBANK,INSUFFICIENT_FUNDS,21,NO_ACTION,0
0.6551724137931034,0.75,3625.44,UPI,AXIS,INSUFFICIENT_FUNDS,4,NO_ACTION,0
0.890625,0.8571428571428571,662.62,NETBANKING,HDFC,INSUFFICIENT_FUNDS,14,SEND_REMINDER,1
0.8571428571428571,0.4,7052.45,WALLET,AXIS,CARD_EXPIRED,15,NO_ACTION,0
0.8571428571428571,0.4,485.93,WALLET,HDFC,CARD_EXPIRED,20,RETRY_LATER,0
0.8571428571428571,0.0,9520.31,UPI,SBI,LIMIT_EXCEEDED,3,RETRY_NOW,0
0.8125,0.5833333333333334,6258.67,CARD,YESBANK,LIMIT_EXCEEDED,15,NO_ACTION,0
1.0,0.0,750.42,NETBANKING,SBI,CARD_EXPIRED,20,NO_ACTION,0
0.9166666666666666,1.0,3750.19,NETBANKING,AXIS,AUTHENTICATION_FAILED,19,RETRY_NOW,0
0.7945205479452054,0.7333333333333333,5979.53,WALLET,AXIS,CARD_EXPIRED,7,SEND_REMINDER,0
0.6,0.0,1601.13,CARD,KOTAK,INSUFFICIENT_FUNDS,15,NO_ACTION,0
0.8508771929824561,0.8823529411764706,1159.74,CARD,AXIS,CARD_EXPIRED,5,SEND_REMINDER,0
0.5365853658536586,0.21052631578947367,4267.11,UPI,ICICI,BANK_TIMEOUT,2,RETRY_NOW,0
0.5,0.8333333333333334,7727.55,WALLET,YESBANK,CARD_EXPIRED,11,SEND_REMINDER,1
0.45454545454545453,0.0,7148.72,WALLET,HDFC,LIMIT_EXCEEDED,22,NO_ACTION,0
0.7846153846153846,0.7857142857142857,3411.3,UPI,AXIS,CARD_EXPIRED,11,RETRY_NOW,1
0.8902439024390244,1.0,2243.01,WALLET,KOTAK,INSUFFICIENT_FUNDS,1,RETRY_LATER,1
0.8,0.8181818181818182,3069.3,CARD,HDFC,AUTHENTICATION_FAILED,5,RETRY_LATER,1
0.6595744680851063,0.0,948.9,NETBANKING,AXIS,AUTHENTICATION_FAILED,13,RETRY_NOW,0
0.9310344827586207,0.75,7733.13,WALLET,HDFC,LIMIT_EXCEEDED,14,NO_ACTION,0
0.8043478260869565,0.1111111111111111,639.95,UPI,SBI,INSUFFICIENT_FUNDS,1,NO_ACTION,0
0.8928571428571429,0.6666666666666666,2340.0,UPI,ICICI,INSUFFICIENT_FUNDS,2,RETRY_LATER,0
0.8421052631578947,0.6666666666666666,8810.31,UPI,HDFC,CARD_EXPIRED,16,NO_ACTION,0
0.7971014492753623,0.7857142857142857,481.81,NETBANKING,HDFC,AUTHENTICATION_FAILED,21,NO_ACTION,0
0.8222222222222222,0.875,9356.62,UPI,ICICI,LIMIT_EXCEEDED,17,SEND_REMINDER,1
0.8571428571428571,0.7142857142857143,4125.58,NETBANKING,ICICI,INSUFFICIENT_FUNDS,8,RETRY_LATER,0
0.8508771929824561,0.8823529411764706,9102.32,CARD,KOTAK,NETWORK_ERROR,0,NO_ACTION,0
1.0,0.0,6182.72,CARD,AXIS,AUTHENTICATION_FAILED,2,RETRY_LATER,0
0.5348837209302325,0.4,4364.63,UPI,SBI,INSUFFICIENT_FUNDS,15,NO_ACTION,0
0.8947368421052632,0.0,3915.44,WALLET,ICICI,AUTHENTICATION_FAILED,5,NO_ACTION,0
0.8260869565217391,0.4,2413.25,CARD,SBI,BANK_TIMEOUT,1,RETRY_NOW,1
0.8115942028985508,1.0,3771.3,WALLET,SBI,LIMIT_EXCEEDED,20,RETRY_LATER,1
0.4444444444444444,0.55,3856.11,NETBANKING,AXIS,BANK_TIMEOUT,7,NO_ACTION,0
0.7721518987341772,0.3333333333333333,8593.71,WALLET,ICICI,CARD_EXPIRED,6,NO_ACTION,0
0.88,0.3333333333333333,3787.15,WALLET,YESBANK,BANK_TIMEOUT,5,SEND_REMINDER,1
0.8152173913043478,0.9411764705882353,1660.87,NETBANKING,ICICI,AUTHENTICATION_FAILED,14,NO_ACTION,0
0.8571428571428571,0.14285714285714285,2459.09,UPI,ICICI,INSUFFICIENT_FUNDS,16,NO_ACTION,0
0.39285714285714285,0.5294117647058824,3234.07,CARD,ICICI,CARD_EXPIRED,16,NO_ACTION,0
0.5,0.09090909090909091,5080.86,UPI,ICICI,AUTHENTICATION_FAILED,17,RETRY_NOW,0
0.8490566037735849,0.9375,8062.62,NETBANKING,ICICI,NETWORK_ERROR,17,SEND_REMINDER,1
0.9259259259259259,0.5,1177.6,CARD,ICICI,BANK_TIMEOUT,3,RETRY_NOW,1
0.88,0.6666666666666666,6701.05,UPI,KOTAK,CARD_EXPIRED,6,SEND_REMINDER,1
0.9827586206896551,0.0,1944.22,UPI,YESBANK,CARD_EXPIRED,11,RETRY_LATER,0
0.9885057471264368,1.0,8150.42,UPI,AXIS,NETWORK_ERROR,16,RETRY_LATER,1
0.9056603773584906,0.6,8113.11,WALLET,HDFC,LIMIT_EXCEEDED,4,NO_ACTION,0
0.90625,0.0,3492.97,NETBANKING,KOTAK,INSUFFICIENT_FUNDS,9,SEND_REMINDER,1
0.34615384615384615,0.5882352941176471,7574.12,UPI,KOTAK,INSUFFICIENT_FUNDS,2,SEND_REMINDER,0
0.703125,0.0,1077.25,WALLET,KOTAK,LIMIT_EXCEEDED,8,NO_ACTION,0
0.5,0.09090909090909091,7159.72,CARD,SBI,INSUFFICIENT_FUNDS,13,RETRY_LATER,1
0.9803921568627451,0.0,6121.95,UPI,AXIS,INSUFFICIENT_FUNDS,4,NO_ACTION,0
0.8181818181818182,0.15,3495.3,WALLET,ICICI,LIMIT_EXCEEDED,22,RETRY_NOW,0
0.88,0.0,2273.83,UPI,AXIS,LIMIT_EXCEEDED,9,RETRY_LATER,0
0.717948717948718,0.45454545454545453,8427.31,WALLET,ICICI,NETWORK_ERROR,0,RETRY_LATER,1
0.7647058823529411,0.55,2555.92,WALLET,KOTAK,BANK_TIMEOUT,6,RETRY_LATER,0
1.0,0.0,272.49,NETBANKING,YESBANK,LIMIT_EXCEEDED,11,NO_ACTION,0
0.9107142857142857,0.8,2823.75,WALLET,ICICI,INSUFFICIENT_FUNDS,12,RETRY_LATER,1
0.9876543209876543,1.0,5427.52,CARD,AXIS,INSUFFICIENT_FUNDS,1,NO_ACTION,0
1.0,0.0,8914.6,UPI,SBI,AUTHENTICATION_FAILED,1,SEND_REMINDER,1
0.9583333333333334,1.0,1343.94,NETBANKING,AXIS,BANK_TIMEOUT,21,NO_ACTION,0
0.3076923076923077,0.4444444444444444,6632.01,NETBANKING,SBI,CARD_EXPIRED,16,SEND_REMINDER,0
0.8490566037735849,0.9375,6966.19,NETBANKING,SBI,BANK_TIMEOUT,8,RETRY_NOW,0
0.8571428571428571,0.8571428571428571,6969.06,WALLET,AXIS,NETWORK_ERROR,19,RETRY_LATER,1
0.7671232876712328,0.5882352941176471,9827.48,WALLET,ICICI,BANK_TIMEOUT,1,SEND_REMINDER,1
0.7894736842105263,0.375,400.17,CARD,ICICI,AUTHENTICATION_FAILED,4,SEND_REMINDER,1
0.8558558558558559,0.1875,4517.12,NETBANKING,ICICI,CARD_EXPIRED,3,RETRY_LATER,0
0.7941176470588235,0.5714285714285714,6526.79,CARD,KOTAK,CARD_EXPIRED,2,RETRY_LATER,1
0.74,0.5384615384615384,837.81,UPI,ICICI,LIMIT_EXCEEDED,4,RETRY_LATER,1
0.42857142857142855,0.125,1302.13,UPI,SBI,AUTHENTICATION_FAILED,22,NO_ACTION,0
0.6226415094339622,0.85,2934.82,WALLET,AXIS,AUTHENTICATION_FAILED,6,NO_ACTION,0
0.8494623655913979,0.35714285714285715,3398.7,NETBANKING,SBI,BANK_TIMEOUT,19,RETRY_LATER,1
0.8764044943820225,0.18181818181818182,7665.24,NETBANKING,AXIS,INSUFFICIENT_FUNDS,3,NO_ACTION,0
0.9428571428571428,1.0,1133.99,CARD,SBI,AUTHENTICATION_FAILED,0,RETRY_LATER,0
0.92,0.16666666666666666,1712.31,NETBANKING,ICICI,INSUFFICIENT_FUNDS,13,SEND_REMINDER,0
0.782608695652174,0.15,6987.16,NETBANKING,ICICI,CARD_EXPIRED,13,RETRY_NOW,1
0.9354838709677419,1.0,5247.85,CARD,ICICI,NETWORK_ERROR,10,SEND_REMINDER,1
0.8507462686567164,0.7,9937.44,CARD,YESBANK,BANK_TIMEOUT,9,RETRY_LATER,1
0.8823529411764706,0.0,4325.72,CARD,YESBANK,NETWORK_ERROR,0,RETRY_LATER,1
0.9636363636363636,0.0,644.6,CARD,ICICI,NETWORK_ERROR,5,SEND_REMINDER,0
0.8936170212765957,0.1,7710.46,CARD,HDFC,AUTHENTICATION_FAILED,12,RETRY_NOW,0
0.8433734939759037,0.6923076923076923,4186.27,UPI,KOTAK,BANK_TIMEOUT,2,RETRY_NOW,1
0.9333333333333333,0.5,3444.0,NETBANKING,SBI,AUTHENTICATION_FAILED,11,RETRY_LATER,0
0.8205128205128205,0.42857142857142855,6827.94,WALLET,KOTAK,INSUFFICIENT_FUNDS,20,SEND_REMINDER,1
0.8620689655172413,0.75,1921.71,CARD,ICICI,NETWORK_ERROR,4,RETRY_LATER,1
0.9761904761904762,0.5,2627.46,WALLET,HDFC,AUTHENTICATION_FAILED,21,RETRY_NOW,0
0.8620689655172413,0.75,4425.71,UPI,KOTAK,BANK_TIMEOUT,6,SEND_REMINDER,1
0.8888888888888888,0.2857142857142857,1039.93,NETBANKING,KOTAK,NETWORK_ERROR,11,RETRY_NOW,0
0.6842105263157895,0.75,6320.01,WALLET,ICICI,LIMIT_EXCEEDED,22,NO_ACTION,0
1.0,0.0,4559.6,WALLET,AXIS,LIMIT_EXCEEDED,23,RETRY_NOW,1
0.5833333333333334,0.2,7905.89,UPI,AXIS,NETWORK_ERROR,8,SEND_REMINDER,1
0.5277777777777778,0.6470588235294118,9309.28,WALLET,YESBANK,NETWORK_ERROR,8,SEND_REMINDER,0
0.9333333333333333,0.5,5558.0,CARD,YESBANK,INSUFFICIENT_FUNDS,7,RETRY_LATER,0
0.9195402298850575,0.2857142857142857,6468.96,UPI,AXIS,INSUFFICIENT_FUNDS,15,NO_ACTION,0
0.7777777777777778,0.0,8876.01,CARD,KOTAK,BANK_TIMEOUT,10,RETRY_LATER,0
0.984375,1.0,9494.04,WALLET,SBI,CARD_EXPIRED,10,RETRY_NOW,0
0.8434782608695652,0.5,4925.58,CARD,SBI,CARD_EXPIRED,3,RETRY_NOW,0
0.9702970297029703,0.3333333333333333,5358.94,NETBANKING,AXIS,BANK_TIMEOUT,15,SEND_REMINDER,1
0.8981481481481481,0.5454545454545454,1413.9,NETBANKING,ICICI,CARD_EXPIRED,11,RETRY_LATER,1
0.7837837837837838,0.625,7020.98,CARD,ICICI,BANK_TIMEOUT,15,NO_ACTION,0
0.9866666666666667,0.0,7871.66,NETBANKING,KOTAK,NETWORK_ERROR,10,RETRY_LATER,0
0.34615384615384615,0.5882352941176471,7574.12,UPI,KOTAK,INSUFFICIENT_FUNDS,2,RETRY_NOW,1
0.6326530612244898,0.8333333333333334,2938.02,CARD,SBI,INSUFFICIENT_FUNDS,13,SEND_REMINDER,1
0.6727272727272727,0.7222222222222222,7973.95,NETBANKING,KOTAK,INSUFFICIENT_FUNDS,4,SEND_REMINDER,0
0.5,0.09090909090909091,6151.92,NETBANKING,HDFC,CARD_EXPIRED,17,NO_ACTION,0
0.8222222222222222,0.0,8426.91,WALLET,ICICI,INSUFFICIENT_FUNDS,11,NO_ACTION,0
0.5348837209302325,0.4,6715.2,UPI,ICICI,AUTHENTICATION_FAILED,14,RETRY_LATER,1
0.782608695652174,0.2,4002.37,NETBANKING,AXIS,LIMIT_EXCEEDED,6,RETRY_NOW,0
0.8653846153846154,0.0,7605.66,NETBANKING,KOTAK,LIMIT_EXCEEDED,20,RETRY_LATER,0
0.926829268292683,0.6666666666666666,5944.97,CARD,KOTAK,BANK_TIMEOUT,14,SEND_REMINDER,0
0.9130434782608695,0.8333333333333334,5966.88,UPI,ICICI,NETWORK_ERROR,10,RETRY_NOW,0
0.6909090909090909,0.23529411764705882,7034.65,WALLET,SBI,LIMIT_EXCEEDED,15,NO_ACTION,0
0.8653846153846154,0.0,7605.66,NETBANKING,KOTAK,LIMIT_EXCEEDED,20,NO_ACTION,0
0.43333333333333335,0.5294117647058824,8688.49,CARD,AXIS,AUTHENTICATION_FAILED,6,RETRY_LATER,0
0.6744186046511628,0.14285714285714285,3110.77,NETBANKING,KOTAK,BANK_TIMEOUT,1,RETRY_LATER,1
0.7402597402597403,0.95,1537.02,NETBANKING,SBI,CARD_EXPIRED,17,RETRY_NOW,1
0.9166666666666666,0.0,1053.25,NETBANKING,ICICI,LIMIT_EXCEEDED,0,RETRY_NOW,0
0.875,0.8571428571428571,606.93,UPI,SBI,INSUFFICIENT_FUNDS,7,RETRY_NOW,1
0.7727272727272727,0.3,4658.1,CARD,ICICI,CARD_EXPIRED,1,NO_ACTION,0
0.8064516129032258,0.6666666666666666,8514.49,WALLET,SBI,CARD_EXPIRED,0,SEND_REMINDER,0
0.8923076923076924,0.2857142857142857,2163.63,CARD,SBI,BANK_TIMEOUT,22,RETRY_LATER,1
0.9473684210526315,0.25,8849.49,UPI,SBI,BANK_TIMEOUT,2,NO_ACTION,0
0.5652173913043478,0.6,8341.54,UPI,SBI,AUTHENTICATION_FAILED,7,RETRY_NOW,0
0.7111111111111111,0.9230769230769231,1664.99,NETBANKING,YESBANK,NETWORK_ERROR,20,RETRY_NOW,0
0.8076923076923077,1.0,524.76,CARD,AXIS,LIMIT_EXCEEDED,23,RETRY_NOW,1
0.8247422680412371,1.0,1015.59,UPI,KOTAK,BANK_TIMEOUT,22,SEND_REMINDER,0
0.78125,0.2857142857142857,6585.47,NETBANKING,AXIS,INSUFFICIENT_FUNDS,15,NO_ACTION,0
0.896551724137931,0.8888888888888888,4868.98,UPI,ICICI,AUTHENTICATION_FAILED,4,SEND_REMINDER,1
0.36666666666666664,0.631578947368421,1871.46,UPI,KOTAK,BANK_TIMEOUT,21,RETRY_LATER,0
0.7027027027027027,0.5454545454545454,1999.88,UPI,KOTAK,NETWORK_ERROR,11,SEND_REMINDER,0
0.8260869565217391,0.4,7767.39,WALLET,AXIS,LIMIT_EXCEEDED,17,NO_ACTION,0
0.8347826086956521,0.7368421052631579,3495.15,UPI,ICICI,CARD_EXPIRED,10,SEND_REMINDER,0
0.9888888888888889,1.0,4444.66,CARD,AXIS,INSUFFICIENT_FUNDS,17,NO_ACTION,0
0.574468085106383,0.2,9489.01,WALLET,YESBANK,AUTHENTICATION_FAILED,1,RETRY_LATER,0
0.8478260869565217,0.0,6325.32,CARD,AXIS,LIMIT_EXCEEDED,3,SEND_REMINDER,0
0.9516129032258065,0.3333333333333333,5186.18,CARD,KOTAK,NETWORK_ERROR,19,RETRY_NOW,1
0.5333333333333333,0.2857142857142857,3157.63,UPI,AXIS,INSUFFICIENT_FUNDS,16,NO_ACTION,0
0.875,0.8,915.2,UPI,ICICI,BANK_TIMEOUT,12,SEND_REMINDER,1
0.8854166666666666,0.6363636363636364,8715.8,UPI,SBI,AUTHENTICATION_FAILED,9,RETRY_NOW,0
0.9607843137254902,0.5,8857.79,CARD,SBI,AUTHENTICATION_FAILED,14,RETRY_LATER,1
0.55,0.3333333333333333,4872.28,WALLET,YESBANK,LIMIT_EXCEEDED,17,RETRY_NOW,0
0.9523809523809523,0.6,6488.64,NETBANKING,SBI,BANK_TIMEOUT,11,NO_ACTION,0
0.2,0.4,4999.86,CARD,ICICI,BANK_TIMEOUT,4,NO_ACTION,0
0.9259259259259259,0.5,6031.25,WALLET,KOTAK,NETWORK_ERROR,21,RETRY_LATER,1
0.822429906542056,0.47368421052631576,9171.6,CARD,ICICI,NETWORK_ERROR,14,RETRY_LATER,1
0.9523809523809523,1.0,2208.78,UPI,ICICI,INSUFFICIENT_FUNDS,3,SEND_REMINDER,1
0.8369565217391305,0.4,5367.43,UPI,AXIS,LIMIT_EXCEEDED,12,RETRY_LATER,1
0.8222222222222222,0.1875,4771.63,UPI,YESBANK,AUTHENTICATION_FAILED,21,RETRY_LATER,1
0.9029126213592233,0.9,9520.41,CARD,HDFC,AUTHENTICATION_FAILED,17,RETRY_NOW,0
0.5333333333333333,0.2857142857142857,2342.2,NETBANKING,SBI,BANK_TIMEOUT,12,RETRY_NOW,1
0.8494623655913979,0.35714285714285715,6997.88,CARD,KOTAK,AUTHENTICATION_FAILED,12,RETRY_LATER,0
0.8282828282828283,0.7647058823529411,3699.85,NETBANKING,ICICI,CARD_EXPIRED,5,SEND_REMINDER,1
0.9487179487179487,0.0,5172.84,UPI,HDFC,NETWORK_ERROR,12,RETRY_NOW,0
0.9523809523809523,0.6666666666666666,7692.13,CARD,YESBANK,CARD_EXPIRED,3,RETRY_NOW,1
0.90625,0.0,320.14,CARD,KOTAK,LIMIT_EXCEEDED,19,RETRY_LATER,0
0.7837837837837838,0.625,5318.35,WALLET,ICICI,BANK_TIMEOUT,1,NO_ACTION,0
0.8631578947368421,0.9230769230769231,6179.52,NETBANKING,HDFC,LIMIT_EXCEEDED,22,RETRY_NOW,1
0.2857142857142857,0.5,8488.7,NETBANKING,ICICI,LIMIT_EXCEEDED,20,RETRY_NOW,0
0.855072463768116,0.5,972.59,UPI,HDFC,BANK_TIMEOUT,1,SEND_REMINDER,0
0.6785714285714286,0.7777777777777778,5052.84,UPI,ICICI,BANK_TIMEOUT,14,RETRY_LATER,1
0.9310344827586207,0.8333333333333334,9586.65,NETBANKING,HDFC,AUTHENTICATION_FAILED,17,NO_ACTION,0
0.8157894736842105,0.0,9156.14,WALLET,SBI,INSUFFICIENT_FUNDS,18,NO_ACTION,0
0.927710843373494,0.8333333333333334,7027.59,CARD,YESBANK,BANK_TIMEOUT,9,NO_ACTION,0
0.703125,0.0,6479.6,NETBANKING,SBI,CARD_EXPIRED,15,SEND_REMINDER,0
0.9204545454545454,0.14285714285714285,5497.41,NETBANKING,YESBANK,BANK_TIMEOUT,0,RETRY_LATER,1
0.6382978723404256,0.058823529411764705,1309.0,CARD,HDFC,INSUFFICIENT_FUNDS,17,RETRY_NOW,1
0.9333333333333333,0.25,8134.06,WALLET,AXIS,NETWORK_ERROR,7,SEND_REMINDER,0
0.8983050847457628,1.0,787.9,NETBANKING,SBI,INSUFFICIENT_FUNDS,6,NO_ACTION,0
0.717948717948718,0.18181818181818182,6112.47,UPI,SBI,CARD_EXPIRED,11,NO_ACTION,0
0.875,0.8,4176.86,WALLET,KOTAK,INSUFFICIENT_FUNDS,12,NO_ACTION,0
0.6363636363636364,0.0,8356.32,CARD,ICICI,AUTHENTICATION_FAILED,1,RETRY_NOW,0
0.42857142857142855,0.16666666666666666,6159.38,WALLET,YESBANK,CARD_EXPIRED,8,SEND_REMINDER,1
0.6764705882352942,0.2727272727272727,3667.43,UPI,SBI,LIMIT_EXCEEDED,10,RETRY_NOW,0
0.9801980198019802,0.0,674.54,WALLET,HDFC,NETWORK_ERROR,14,NO_ACTION,0
0.8738738738738738,0.5714285714285714,3272.2,CARD,KOTAK,LIMIT_EXCEEDED,8,NO_ACTION,0
0.7857142857142857,0.3333333333333333,8444.93,CARD,YESBANK,INSUFFICIENT_FUNDS,18,RETRY_NOW,0
0.5714285714285714,1.0,3584.06,NETBANKING,ICICI,INSUFFICIENT_FUNDS,7,NO_ACTION,0
0.8979591836734694,1.0,6431.0,NETBANKING,SBI,LIMIT_EXCEEDED,15,SEND_REMINDER,1
0.9885057471264368,1.0,7325.2,NETBANKING,SBI,BANK_TIMEOUT,12,NO_ACTION,0
0.7258064516129032,0.6470588235294118,4152.81,UPI,YESBANK,NETWORK_ERROR,22,SEND_REMINDER,0
0.3,0.5714285714285714,251.36,WALLET,KOTAK,BANK_TIMEOUT,17,RETRY_LATER,0
0.9090909090909091,0.8571428571428571,7426.06,WALLET,KOTAK,AUTHENTICATION_FAILED,7,SEND_REMINDER,1
0.9625,0.0,8848.35,NETBANKING,KOTAK,LIMIT_EXCEEDED,1,NO_ACTION,0
0.8928571428571429,0.6666666666666666,7905.11,NETBANKING,ICICI,NETWORK_ERROR,17,SEND_REMINDER,0
0.8783783783783784,0.0,5916.01,CARD,SBI,INSUFFICIENT_FUNDS,23,SEND_REMINDER,1
0.8481012658227848,0.3333333333333333,387.16,UPI,SBI,AUTHENTICATION_FAILED,5,NO_ACTION,0
0.65,1.0,8406.25,WALLET,HDFC,CARD_EXPIRED,21,NO_ACTION,0
0.8823529411764706,0.0,4952.87,NETBANKING,AXIS,CARD_EXPIRED,1,RETRY_LATER,0
0.8804347826086957,0.0,1465.42,UPI,ICICI,BANK_TIMEOUT,4,RETRY_NOW,0
0.9310344827586207,0.3333333333333333,3414.95,UPI,AXIS,CARD_EXPIRED,20,SEND_REMINDER,0
0.8589743589743589,0.45454545454545453,600.05,WALLET,HDFC,CARD_EXPIRED,13,SEND_REMINDER,0
0.6923076923076923,0.5,1779.7,WALLET,HDFC,CARD_EXPIRED,2,RETRY_LATER,0
0.696969696969697,0.6,495.32,NETBANKING,HDFC,NETWORK_ERROR,21,NO_ACTION,0
0.8061224489795918,0.7368421052631579,6474.96,UPI,ICICI,CARD_EXPIRED,2,NO_ACTION,0
0.8653846153846154,0.0,7616.0,WALLET,YESBANK,CARD_EXPIRED,22,SEND_REMINDER,1
0.9333333333333333,0.0,8949.96,UPI,AXIS,CARD_EXPIRED,18,RETRY_NOW,0
0.7,0.3333333333333333,7709.66,CARD,AXIS,LIMIT_EXCEEDED,4,SEND_REMINDER,1
0.8656716417910447,0.4444444444444444,4825.13,NETBANKING,KOTAK,INSUFFICIENT_FUNDS,4,RETRY_LATER,0
0.8421052631578947,0.6666666666666666,7213.24,CARD,HDFC,AUTHENTICATION_FAILED,9,RETRY_NOW,0
0.9848484848484849,0.0,1104.13,NETBANKING,YESBANK,BANK_TIMEOUT,21,RETRY_LATER,1
0.8181818181818182,0.2777777777777778,6173.84,UPI,HDFC,LIMIT_EXCEEDED,23,RETRY_LATER,0
0.9759036144578314,0.0,4719.21,UPI,YESBANK,INSUFFICIENT_FUNDS,23,NO_ACTION,0
0.7916666666666666,0.2,2045.32,NETBANKING,ICICI,INSUFFICIENT_FUNDS,3,RETRY_LATER,1
0.2857142857142857,0.5,8488.7,NETBANKING,ICICI,LIMIT_EXCEEDED,20,NO_ACTION,0
0.8133333333333334,0.9285714285714286,4007.73,WALLET,KOTAK,AUTHENTICATION_FAILED,10,RETRY_NOW,1
0.9841269841269841,1.0,3009.6,UPI,KOTAK,NETWORK_ERROR,9,NO_ACTION,0
0.8571428571428571,0.6875,3241.09,WALLET,KOTAK,NETWORK_ERROR,23,RETRY_NOW,0
0.5294117647058824,0.75,5360.88,CARD,ICICI,AUTHENTICATION_FAILED,15,RETRY_NOW,0
0.8454545454545455,0.11764705882352941,9011.61,NETBANKING,SBI,NETWORK_ERROR,2,RETRY_LATER,1
0.8771929824561403,0.7857142857142857,3257.75,NETBANKING,KOTAK,BANK_TIMEOUT,2,RETRY_LATER,1
0.822429906542056,0.47368421052631576,9171.6,CARD,ICICI,NETWORK_ERROR,14,NO_ACTION,0
0.42857142857142855,0.125,5907.86,NETBANKING,ICICI,LIMIT_EXCEEDED,4,SEND_REMINDER,0
0.32142857142857145,0.9473684210526315,6922.65,WALLET,ICICI,AUTHENTICATION_FAILED,2,RETRY_NOW,0
0.8620689655172413,0.75,9125.1,NETBANKING,SBI,LIMIT_EXCEEDED,1,SEND_REMINDER,0
0.9333333333333333,0.0,2702.2,NETBANKING,HDFC,BANK_TIMEOUT,16,NO_ACTION,0
0.9428571428571428,1.0,5319.61,CARD,AXIS,CARD_EXPIRED,3,SEND_REMINDER,0
0.7590361445783133,0.1,6760.29,CARD,AXIS,CARD_EXPIRED,6,RETRY_NOW,1
0.9473684210526315,0.0,5800.12,WALLET,HDFC,LIMIT_EXCEEDED,17,RETRY_LATER,1
0.8208955223880597,0.5,3098.7,WALLET,YESBANK,AUTHENTICATION_FAILED,6,RETRY_NOW,0
0.8625,0.18181818181818182,5156.48,WALLET,ICICI,NETWORK_ERROR,13,SEND_REMINDER,0
0.9767441860465116,0.0,9651.35,CARD,YESBANK,INSUFFICIENT_FUNDS,12,NO_ACTION,0
0.9433962264150944,0.0,1338.12,CARD,SBI,CARD_EXPIRED,9,SEND_REMINDER,0
0.9705882352941176,1.0,516.0,UPI,HDFC,AUTHENTICATION_FAILED,7,RETRY_NOW,1
0.7647058823529411,0.55,2045.29,NETBANKING,YESBANK,LIMIT_EXCEEDED,7,RETRY_LATER,0
0.8541666666666666,0.42857142857142855,8159.35,CARD,YESBANK,INSUFFICIENT_FUNDS,3,RETRY_NOW,0
0.8205128205128205,0.42857142857142855,6827.94,WALLET,KOTAK,INSUFFICIENT_FUNDS,20,NO_ACTION,0
0.9444444444444444,1.0,5914.39,UPI,YESBANK,BANK_TIMEOUT,22,NO_ACTION,0
0.9615384615384616,1.0,2534.98,NETBANKING,AXIS,INSUFFICIENT_FUNDS,0,RETRY_NOW,1
0.7586206896551724,0.5,8958.86,NETBANKING,ICICI,LIMIT_EXCEEDED,19,RETRY_LATER,0
0.8620689655172413,0.75,9125.1,NETBANKING,SBI,LIMIT_EXCEEDED,1,RETRY_LATER,0
0.7777777777777778,0.0,8876.01,CARD,KOTAK,BANK_TIMEOUT,10,SEND_REMINDER,0
0.8103448275862069,0.7272727272727273,1399.65,CARD,KOTAK,LIMIT_EXCEEDED,7,RETRY_NOW,0
0.8269230769230769,0.6111111111111112,9896.19,CARD,KOTAK,CARD_EXPIRED,7,RETRY_NOW,0
0.6595744680851063,0.0,948.9,NETBANKING,AXIS,AUTHENTICATION_FAILED,13,RETRY_LATER,0
0.8380952380952381,0.29411764705882354,3141.27,CARD,YESBANK,NETWORK_ERROR,3,NO_ACTION,0
0.8591549295774648,0.4,5964.05,CARD,SBI,NETWORK_ERROR,18,SEND_REMINDER,1
0.7333333333333333,0.625,1307.86,CARD,YESBANK,LIMIT_EXCEEDED,7,RETRY_LATER,0
0.9339622641509434,0.5714285714285714,5870.94,UPI,KOTAK,AUTHENTICATION_FAILED,14,SEND_REMINDER,1
0.8243243243243243,0.9230769230769231,2770.5,WALLET,SBI,CARD_EXPIRED,16,NO_ACTION,0
0.703125,0.0,1077.25,WALLET,KOTAK,LIMIT_EXCEEDED,8,RETRY_NOW,0
0.7741935483870968,0.35714285714285715,7269.62,NETBANKING,ICICI,INSUFFICIENT_FUNDS,21,RETRY_NOW,1
0.9090909090909091,0.5,6774.99,UPI,SBI,LIMIT_EXCEEDED,17,NO_ACTION,0
0.9661016949152542,1.0,6737.03,CARD,AXIS,INSUFFICIENT_FUNDS,7,RETRY_LATER,1
0.7,0.08333333333333333,4168.99,CARD,KOTAK,CARD_EXPIRED,11,NO_ACTION,0
0.8163265306122449,0.05555555555555555,6055.39,CARD,AXIS,INSUFFICIENT_FUNDS,19,RETRY_LATER,0
0.75,0.6,8831.43,NETBANKING,SBI,CARD_EXPIRED,6,SEND_REMINDER,1
0.8235294117647058,0.0,9958.61,NETBANKING,AXIS,NETWORK_ERROR,8,RETRY_LATER,0
0.9204545454545454,0.14285714285714285,9523.29,WALLET,HDFC,CARD_EXPIRED,9,RETRY_LATER,1
0.7681159420289855,0.4375,5532.36,WALLET,ICICI,CARD_EXPIRED,14,SEND_REMINDER,1
0.45454545454545453,0.9166666666666666,287.98,WALLET,AXIS,LIMIT_EXCEEDED,15,SEND_REMINDER,0
0.84,0.6875,9848.08,WALLET,ICICI,INSUFFICIENT_FUNDS,17,RETRY_NOW,0
0.8,0.9,4783.28,UPI,HDFC,AUTHENTICATION_FAILED,16,RETRY_LATER,1
0.803921568627451,1.0,1059.41,UPI,AXIS,INSUFFICIENT_FUNDS,0,RETRY_NOW,1
0.8556701030927835,0.9285714285714286,1144.79,NETBANKING,AXIS,INSUFFICIENT_FUNDS,12,NO_ACTION,0
0.7638888888888888,0.17647058823529413,6851.62,WALLET,HDFC,CARD_EXPIRED,23,RETRY_NOW,0
0.927710843373494,0.8333333333333334,9787.55,NETBANKING,ICICI,BANK_TIMEOUT,21,RETRY_LATER,1
0.8235294117647058,0.2777777777777778,4550.48,NETBANKING,KOTAK,NETWORK_ERROR,5,SEND_REMINDER,0
0.375,0.0,7906.04,UPI,SBI,LIMIT_EXCEEDED,13,NO_ACTION,0
0.8571428571428571,0.4,1212.16,NETBANKING,SBI,BANK_TIMEOUT,5,RETRY_LATER,1
0.883495145631068,0.75,8582.41,UPI,AXIS,INSUFFICIENT_FUNDS,7,NO_ACTION,0
0.8260869565217391,0.4,4636.35,WALLET,ICICI,CARD_EXPIRED,0,NO_ACTION,0
0.9107142857142857,0.8,2823.75,WALLET,ICICI,INSUFFICIENT_FUNDS,12,RETRY_NOW,0
0.8526315789473684,0.2857142857142857,6410.94,CARD,SBI,NETWORK_ERROR,9,NO_ACTION,0
0.91,0.2222222222222222,526.44,CARD,SBI,BANK_TIMEOUT,18,SEND_REMINDER,1
0.42857142857142855,0.16666666666666666,6159.38,WALLET,YESBANK,CARD_EXPIRED,8,NO_ACTION,0
0.6909090909090909,0.23529411764705882,3772.38,WALLET,HDFC,AUTHENTICATION_FAILED,14,SEND_REMINDER,0
0.7647058823529411,0.16666666666666666,7333.73,NETBANKING,ICICI,NETWORK_ERROR,12,NO_ACTION,0
0.5294117647058824,0.75,9921.59,CARD,YESBANK,INSUFFICIENT_FUNDS,15,RETRY_LATER,1
0.8153846153846154,0.9166666666666666,1919.64,WALLET,ICICI,AUTHENTICATION_FAILED,8,RETRY_NOW,1
0.8936170212765957,0.0,7396.21,UPI,KOTAK,BANK_TIMEOUT,0,RETRY_NOW,1
0.9473684210526315,0.25,7994.72,WALLET,HDFC,CARD_EXPIRED,13,RETRY_LATER,1
0.8653846153846154,0.0,7332.3,UPI,KOTAK,INSUFFICIENT_FUNDS,6,RETRY_NOW,0
0.8910891089108911,0.0,8343.88,NETBANKING,YESBANK,INSUFFICIENT_FUNDS,23,SEND_REMINDER,1
0.7428571428571429,0.0,1513.18,NETBANKING,KOTAK,AUTHENTICATION_FAILED,20,SEND_REMINDER,0
0.7,0.5555555555555556,2278.9,CARD,ICICI,CARD_EXPIRED,22,NO_ACTION,0
0.9333333333333333,0.75,2760.31,UPI,HDFC,AUTHENTICATION_FAILED,7,RETRY_NOW,0
0.835820895522388,0.6363636363636364,611.59,UPI,SBI,LIMIT_EXCEEDED,10,RETRY_NOW,0
0.38461538461538464,1.0,1271.17,UPI,KOTAK,LIMIT_EXCEEDED,11,NO_ACTION,0
0.9038461538461539,0.7,6578.04,CARD,YESBANK,NETWORK_ERROR,16,RETRY_LATER,0
0.9473684210526315,0.25,9543.45,WALLET,HDFC,CARD_EXPIRED,10,SEND_REMINDER,1
0.8620689655172413,0.75,7277.51,WALLET,SBI,LIMIT_EXCEEDED,20,NO_ACTION,0
0.8387096774193549,0.7333333333333333,5074.44,WALLET,ICICI,AUTHENTICATION_FAILED,9,RETRY_NOW,1
0.8235294117647058,0.2777777777777778,6991.99,UPI,KOTAK,BANK_TIMEOUT,4,RETRY_NOW,1
0.7333333333333333,1.0,2310.02,CARD,SBI,INSUFFICIENT_FUNDS,22,SEND_REMINDER,1
0.890625,0.42857142857142855,8026.76,CARD,YESBANK,BANK_TIMEOUT,21,NO_ACTION,0
0.7741935483870968,0.35714285714285715,1885.57,WALLET,ICICI,AUTHENTICATION_FAILED,6,SEND_REMINDER,0
0.99,1.0,2315.04,CARD,KOTAK,AUTHENTICATION_FAILED,2,SEND_REMINDER,1
0.5,0.0,2041.07,UPI,YESBANK,AUTHENTICATION_FAILED,9,RETRY_NOW,0
0.6216216216216216,1.0,2411.27,CARD,AXIS,LIMIT_EXCEEDED,2,RETRY_LATER,1
0.48,0.23076923076923078,2149.15,CARD,HDFC,INSUFFICIENT_FUNDS,21,RETRY_NOW,0
0.8888888888888888,0.875,6156.2,CARD,SBI,AUTHENTICATION_FAILED,15,NO_ACTION,0
0.7402597402597403,0.95,8257.89,CARD,SBI,CARD_EXPIRED,2,NO_ACTION,0
0.42857142857142855,0.5625,6577.3,CARD,YESBANK,LIMIT_EXCEEDED,0,SEND_REMINDER,0
0.7397260273972602,0.47368421052631576,1080.07,UPI,YESBANK,NETWORK_ERROR,11,RETRY_NOW,1
0.4444444444444444,0.55,6409.7,UPI,SBI,BANK_TIMEOUT,0,RETRY_LATER,0
0.881578947368421,1.0,2620.87,WALLET,YESBANK,INSUFFICIENT_FUNDS,7,RETRY_NOW,0
0.6122448979591837,0.5263157894736842,5056.09,WALLET,YESBANK,INSUFFICIENT_FUNDS,18,NO_ACTION,0
0.5294117647058824,0.875,8393.64,NETBANKING,AXIS,NETWORK_ERROR,22,RETRY_LATER,1
0.42857142857142855,0.125,3934.67,CARD,KOTAK,BANK_TIMEOUT,11,SEND_REMINDER,0
0.8541666666666666,0.42857142857142855,4898.03,UPI,ICICI,CARD_EXPIRED,10,RETRY_LATER,1
0.6428571428571429,0.55,4848.03,CARD,HDFC,INSUFFICIENT_FUNDS,8,NO_ACTION,0
0.95,0.2,8052.22,UPI,HDFC,BANK_TIMEOUT,3,RETRY_NOW,0
0.94,0.16666666666666666,4474.79,NETBANKING,KOTAK,INSUFFICIENT_FUNDS,6,SEND_REMINDER,1
0.5714285714285714,1.0,5125.41,CARD,KOTAK,AUTHENTICATION_FAILED,13,RETRY_NOW,0
0.9523809523809523,1.0,6891.98,UPI,SBI,LIMIT_EXCEEDED,2,NO_ACTION,0
0.8981481481481481,0.5454545454545454,1413.9,NETBANKING,ICICI,CARD_EXPIRED,11,SEND_REMINDER,0
0.9333333333333333,0.0,5565.17,UPI,KOTAK,NETWORK_ERROR,7,NO_ACTION,0
0.6,0.6666666666666666,7953.95,WALLET,HDFC,INSUFFICIENT_FUNDS,21,SEND_REMINDER,1
0.6842105263157895,0.7777777777777778,2802.93,NETBANKING,KOTAK,INSUFFICIENT_FUNDS,15,RETRY_LATER,1
0.8070175438596491,0.36363636363636365,2346.1,UPI,SBI,BANK_TIMEOUT,0,RETRY_NOW,1
0.9010989010989011,0.8888888888888888,5713.85,WALLET,ICICI,INSUFFICIENT_FUNDS,1,NO_ACTION,0
0.42857142857142855,0.125,5907.86,NETBANKING,ICICI,LIMIT_EXCEEDED,4,RETRY_NOW,1
0.6428571428571429,0.8,2425.27,WALLET,ICICI,INSUFFICIENT_FUNDS,4,RETRY_NOW,0
0.5,0.8333333333333334,3869.35,NETBANKING,KOTAK,AUTHENTICATION_FAILED,9,RETRY_LATER,0
0.5384615384615384,0.25,6346.44,NETBANKING,HDFC,BANK_TIMEOUT,0,NO_ACTION,0
0.9148936170212766,0.625,9405.42,UPI,YESBANK,INSUFFICIENT_FUNDS,14,RETRY_LATER,0
0.8666666666666667,0.42857142857142855,4795.79,UPI,YESBANK,AUTHENTICATION_FAILED,9,NO_ACTION,0
0.9411764705882353,0.5,501.5,WALLET,SBI,NETWORK_ERROR,16,RETRY_NOW,1
0.978021978021978,0.0,2983.5,CARD,AXIS,CARD_EXPIRED,6,RETRY_NOW,0
0.5348837209302325,0.4,460.48,UPI,KOTAK,INSUFFICIENT_FUNDS,7,SEND_REMINDER,1
0.8955223880597015,0.0,5673.8,UPI,HDFC,NETWORK_ERROR,12,SEND_REMINDER,1
0.6444444444444445,0.625,1605.95,UPI,AXIS,LIMIT_EXCEEDED,10,RETRY_LATER,0
0.9811320754716981,1.0,2253.3,WALLET,ICICI,BANK_TIMEOUT,2,SEND_REMINDER,0
0.8909090909090909,0.6666666666666666,2127.14,UPI,SBI,CARD_EXPIRED,5,SEND_REMINDER,1
0.47058823529411764,0.7777777777777778,6710.23,NETBANKING,HDFC,LIMIT_EXCEEDED,21,NO_ACTION,0
0.782608695652174,0.4666666666666667,9297.06,NETBANKING,ICICI,AUTHENTICATION_FAILED,14,RETRY_LATER,1
0.9325842696629213,1.0,7337.38,NETBANKING,AXIS,CARD_EXPIRED,2,RETRY_NOW,0
0.921875,1.0,7369.33,WALLET,KOTAK,INSUFFICIENT_FUNDS,0,RETRY_LATER,1
0.8157894736842105,0.0,9156.14,WALLET,SBI,INSUFFICIENT_FUNDS,18,SEND_REMINDER,0
0.8769230769230769,0.125,8514.18,NETBANKING,YESBANK,BANK_TIMEOUT,2,RETRY_NOW,1
0.8350515463917526,0.8125,3769.19,CARD,YESBANK,LIMIT_EXCEEDED,4,NO_ACTION,0
1.0,0.0,1366.31,UPI,HDFC,AUTHENTICATION_FAILED,8,RETRY_NOW,0
0.7764705882352941,0.3684210526315789,2029.63,NETBANKING,KOTAK,AUTHENTICATION_FAILED,12,RETRY_LATER,1
0.8481012658227848,0.3333333333333333,2596.84,NETBANKING,SBI,NETWORK_ERROR,4,SEND_REMINDER,1
0.6052631578947368,0.2,9130.5,WALLET,KOTAK,LIMIT_EXCEEDED,3,RETRY_LATER,0
0.9444444444444444,0.2,5069.41,NETBANKING,HDFC,BANK_TIMEOUT,4,SEND_REMINDER,0
0.8392857142857143,0.2222222222222222,9862.7,NETBANKING,YESBANK,CARD_EXPIRED,14,RETRY_NOW,0
0.8208955223880597,0.5833333333333334,4169.91,CARD,YESBANK,INSUFFICIENT_FUNDS,5,SEND_REMINDER,0
0.9178082191780822,0.8333333333333334,956.61,UPI,KOTAK,NETWORK_ERROR,20,SEND_REMINDER,0
0.8,0.9,8311.73,NETBANKING,AXIS,INSUFFICIENT_FUNDS,3,RETRY_LATER,0
0.7857142857142857,0.3333333333333333,3293.14,UPI,AXIS,AUTHENTICATION_FAILED,2,NO_ACTION,0
0.9666666666666667,1.0,4079.15,UPI,AXIS,NETWORK_ERROR,13,RETRY_LATER,1
0.8983050847457628,0.8333333333333334,2821.53,NETBANKING,HDFC,CARD_EXPIRED,14,SEND_REMINDER,1
0.9636363636363636,0.5,5965.83,NETBANKING,YESBANK,CARD_EXPIRED,4,RETRY_LATER,0
0.4666666666666667,0.125,4931.31,CARD,ICICI,BANK_TIMEOUT,20,RETRY_NOW,0
0.927710843373494,0.8333333333333334,3603.25,NETBANKING,YESBANK,CARD_EXPIRED,13,RETRY_LATER,0
0.8125,0.3333333333333333,1456.99,WALLET,ICICI,NETWORK_ERROR,2,RETRY_NOW,0
0.8923076923076924,0.2857142857142857,2936.49,UPI,AXIS,INSUFFICIENT_FUNDS,6,RETRY_LATER,0
0.9565217391304348,1.0,9692.64,CARD,KOTAK,NETWORK_ERROR,2,RETRY_NOW,0
0.7727272727272727,0.2,8946.64,CARD,SBI,NETWORK_ERROR,5,RETRY_LATER,1
0.8484848484848485,0.8,4724.73,WALLET,KOTAK,INSUFFICIENT_FUNDS,0,RETRY_LATER,1
0.8227848101265823,0.14285714285714285,418.34,UPI,AXIS,CARD_EXPIRED,20,SEND_REMINDER,1
0.8125,0.4444444444444444,9449.15,WALLET,ICICI,LIMIT_EXCEEDED,12,NO_ACTION,0
0.7654320987654321,0.7368421052631579,7027.05,NETBANKING,ICICI,LIMIT_EXCEEDED,4,NO_ACTION,0
0.8571428571428571,0.2,2899.18,CARD,SBI,CARD_EXPIRED,23,RETRY_NOW,0
0.7692307692307693,1.0,6081.45,NETBANKING,ICICI,LIMIT_EXCEEDED,6,RETRY_NOW,1
0.6538461538461539,0.7777777777777778,5252.69,CARD,HDFC,CARD_EXPIRED,7,SEND_REMINDER,1
0.5333333333333333,0.35714285714285715,6204.51,UPI,HDFC,AUTHENTICATION_FAILED,6,NO_ACTION,0
0.7285714285714285,0.7894736842105263,4853.83,WALLET,ICICI,AUTHENTICATION_FAILED,20,SEND_REMINDER,1
0.5714285714285714,0.0,9709.67,NETBANKING,KOTAK,AUTHENTICATION_FAILED,15,RETRY_NOW,0
0.7428571428571429,0.8888888888888888,7519.95,WALLET,AXIS,AUTHENTICATION_FAILED,11,RETRY_LATER,0
0.9333333333333333,0.4,6374.96,CARD,ICICI,CARD_EXPIRED,0,RETRY_LATER,0
0.8541666666666666,0.42857142857142855,8986.99,WALLET,SBI,INSUFFICIENT_FUNDS,0,RETRY_NOW,0
0.8469387755102041,0.5333333333333333,3741.88,CARD,SBI,AUTHENTICATION_FAILED,13,NO_ACTION,0
0.47058823529411764,0.7777777777777778,8839.63,NETBANKING,ICICI,LIMIT_EXCEEDED,22,SEND_REMINDER,1
0.8380952380952381,0.29411764705882354,3141.27,CARD,YESBANK,NETWORK_ERROR,3,SEND_REMINDER,0
0.9428571428571428,0.16666666666666666,6071.01,CARD,YESBANK,LIMIT_EXCEEDED,6,RETRY_NOW,1
0.5945945945945946,0.9333333333333333,2021.19,UPI,AXIS,AUTHENTICATION_FAILED,7,SEND_REMINDER,1
0.8571428571428571,0.0,6656.45,UPI,AXIS,BANK_TIMEOUT,22,RETRY_LATER,1
0.8214285714285714,0.8,5745.86,WALLET,HDFC,LIMIT_EXCEEDED,4,RETRY_NOW,1
0.7346938775510204,0.23076923076923078,5015.35,NETBANKING,YESBANK,CARD_EXPIRED,15,SEND_REMINDER,0
0.6216216216216216,1.0,2411.27,CARD,AXIS,LIMIT_EXCEEDED,2,NO_ACTION,0
0.84,0.5,7853.68,UPI,AXIS,CARD_EXPIRED,9,SEND_REMINDER,0
0.4666666666666667,0.125,3133.57,WALLET,HDFC,BANK_TIMEOUT,1,RETRY_NOW,1
0.8444444444444444,0.14285714285714285,9071.54,WALLET,HDFC,INSUFFICIENT_FUNDS,22,SEND_REMINDER,0
0.90625,0.0,1444.01,WALLET,HDFC,AUTHENTICATION_FAILED,15,RETRY_NOW,1
0.6595744680851063,0.0,8401.62,CARD,HDFC,LIMIT_EXCEEDED,6,NO_ACTION,0
0.8648648648648649,0.4,7404.64,NETBANKING,AXIS,LIMIT_EXCEEDED,7,RETRY_NOW,0
0.831858407079646,0.3684210526315789,4266.96,NETBANKING,ICICI,NETWORK_ERROR,9,NO_ACTION,0
0.8181818181818182,0.0,3477.85,UPI,KOTAK,CARD_EXPIRED,2,SEND_REMINDER,1
0.6727272727272727,0.0,2912.35,UPI,SBI,NETWORK_ERROR,11,NO_ACTION,0
0.9333333333333333,0.0,2702.2,NETBANKING,HDFC,BANK_TIMEOUT,16,SEND_REMINDER,0
0.8877551020408163,1.0,9654.05,WALLET,HDFC,INSUFFICIENT_FUNDS,6,SEND_REMINDER,1
0.7931034482758621,0.0,5179.97,CARD,HDFC,CARD_EXPIRED,6,SEND_REMINDER,0
0.2857142857142857,0.5,9775.27,NETBANKING,YESBANK,BANK_TIMEOUT,0,SEND_REMINDER,0
0.8,0.15384615384615385,7030.89,UPI,AXIS,NETWORK_ERROR,20,RETRY_LATER,1
0.94,1.0,9486.03,WALLET,KOTAK,CARD_EXPIRED,20,RETRY_LATER,0
0.8303571428571429,0.3684210526315789,6449.67,WALLET,SBI,CARD_EXPIRED,16,SEND_REMINDER,1
0.8571428571428571,0.4,9833.35,CARD,HDFC,INSUFFICIENT_FUNDS,16,NO_ACTION,0
0.78125,0.14285714285714285,6939.73,NETBANKING,AXIS,NETWORK_ERROR,6,RETRY_LATER,1
0.9565217391304348,1.0,960.86,CARD,ICICI,CARD_EXPIRED,20,RETRY_LATER,1
0.7654320987654321,0.7368421052631579,7027.05,NETBANKING,ICICI,LIMIT_EXCEEDED,4,RETRY_NOW,1
0.2916666666666667,0.0,3010.78,WALLET,AXIS,BANK_TIMEOUT,2,RETRY_NOW,1
0.95,0.2,3128.79,UPI,YESBANK,LIMIT_EXCEEDED,1,RETRY_LATER,0
0.6363636363636364,0.0,6642.76,UPI,SBI,NETWORK_ERROR,21,RETRY_LATER,1
0.8387096774193549,0.7333333333333333,9747.38,CARD,ICICI,BANK_TIMEOUT,3,RETRY_NOW,0
0.881578947368421,1.0,9065.98,UPI,ICICI,CARD_EXPIRED,6,RETRY_NOW,1
0.8235294117647058,0.0,9109.89,WALLET,SBI,AUTHENTICATION_FAILED,16,NO_ACTION,0
0.7115384615384616,0.8,6768.49,NETBANKING,ICICI,NETWORK_ERROR,20,RETRY_LATER,0
0.9175257731958762,0.75,1947.36,WALLET,KOTAK,BANK_TIMEOUT,10,NO_ACTION,0
0.7285714285714285,1.0,3868.5,CARD,SBI,AUTHENTICATION_FAILED,12,RETRY_LATER,1
0.34782608695652173,0.4,8875.2,CARD,ICICI,BANK_TIMEOUT,10,SEND_REMINDER,0
0.9770114942528736,0.0,9518.64,NETBANKING,YESBANK,LIMIT_EXCEEDED,20,RETRY_LATER,1
0.921875,1.0,8227.49,WALLET,ICICI,BANK_TIMEOUT,19,NO_ACTION,0
0.855072463768116,0.5,972.59,UPI,HDFC,BANK_TIMEOUT,1,RETRY_NOW,1
0.8260869565217391,0.75,5484.64,CARD,KOTAK,NETWORK_ERROR,13,RETRY_NOW,1
0.85,0.5555555555555556,8779.89,CARD,HDFC,INSUFFICIENT_FUNDS,15,SEND_REMINDER,1
0.8902439024390244,1.0,1144.85,CARD,ICICI,INSUFFICIENT_FUNDS,1,SEND_REMINDER,1
0.6904761904761905,0.6153846153846154,7124.48,UPI,SBI,BANK_TIMEOUT,23,SEND_REMINDER,1
0.9029126213592233,0.9,1811.09,NETBANKING,YESBANK,AUTHENTICATION_FAILED,19,SEND_REMINDER,1
0.6825396825396826,1.0,4384.01,WALLET,AXIS,BANK_TIMEOUT,16,NO_ACTION,0
0.9072164948453608,0.4444444444444444,1385.64,CARD,AXIS,LIMIT_EXCEEDED,19,SEND_REMINDER,0
0.8571428571428571,1.0,2143.5,NETBANKING,KOTAK,LIMIT_EXCEEDED,7,SEND_REMINDER,1
0.8809523809523809,1.0,8458.02,WALLET,HDFC,AUTHENTICATION_FAILED,6,RETRY_LATER,0
0.7183098591549296,0.3,3470.82,WALLET,KOTAK,CARD_EXPIRED,16,RETRY_NOW,0
0.8095238095238095,0.25,5022.43,UPI,SBI,INSUFFICIENT_FUNDS,12,RETRY_NOW,0
0.9523809523809523,0.6,3973.32,NETBANKING,KOTAK,AUTHENTICATION_FAILED,14,SEND_REMINDER,0
0.8823529411764706,0.0,4952.87,NETBANKING,AXIS,CARD_EXPIRED,1,RETRY_NOW,0
1.0,0.0,3640.97,CARD,HDFC,AUTHENTICATION_FAILED,20,SEND_REMINDER,1
0.8153846153846154,0.9166666666666666,1919.64,WALLET,ICICI,AUTHENTICATION_FAILED,8,RETRY_LATER,1
0.9583333333333334,0.0,8101.9,WALLET,SBI,AUTHENTICATION_FAILED,13,SEND_REMINDER,1
0.7692307692307693,1.0,6710.75,WALLET,HDFC,LIMIT_EXCEEDED,4,NO_ACTION,0
0.6779661016949152,1.0,2553.19,UPI,YESBANK,NETWORK_ERROR,2,NO_ACTION,0
0.851063829787234,0.8571428571428571,8460.29,WALLET,SBI,BANK_TIMEOUT,22,SEND_REMINDER,1
0.8785046728971962,0.15384615384615385,2407.56,NETBANKING,KOTAK,BANK_TIMEOUT,8,RETRY_LATER,1
0.851063829787234,0.8571428571428571,4197.7,CARD,ICICI,CARD_EXPIRED,11,NO_ACTION,0
0.9850746268656716,0.0,9582.2,CARD,YESBANK,INSUFFICIENT_FUNDS,21,NO_ACTION,0
0.9,0.2,2687.12,NETBANKING,HDFC,CARD_EXPIRED,2,RETRY_NOW,0
0.8571428571428571,0.0,5867.36,WALLET,HDFC,NETWORK_ERROR,16,NO_ACTION,0
0.8620689655172413,0.75,1921.71,CARD,ICICI,NETWORK_ERROR,4,SEND_REMINDER,0
0.7875,0.5294117647058824,5149.33,WALLET,ICICI,CARD_EXPIRED,12,SEND_REMINDER,0
0.8461538461538461,1.0,1978.1,CARD,YESBANK,INSUFFICIENT_FUNDS,20,SEND_REMINDER,1
0.972972972972973,0.0,1382.97,UPI,AXIS,INSUFFICIENT_FUNDS,10,RETRY_NOW,0
0.8243243243243243,0.9230769230769231,284.14,UPI,YESBANK,AUTHENTICATION_FAILED,14,RETRY_NOW,1
0.8461538461538461,1.0,5703.25,WALLET,AXIS,AUTHENTICATION_FAILED,1,RETRY_NOW,1
0.9340659340659341,0.3333333333333333,9517.56,UPI,KOTAK,NETWORK_ERROR,6,NO_ACTION,0
0.883495145631068,0.75,9714.13,WALLET,ICICI,INSUFFICIENT_FUNDS,3,RETRY_LATER,0
0.8888888888888888,0.25,6976.38,CARD,HDFC,NETWORK_ERROR,18,RETRY_LATER,1
0.8588235294117647,1.0,4552.71,NETBANKING,HDFC,CARD_EXPIRED,23,RETRY_NOW,0
0.7142857142857143,0.25,2831.35,NETBANKING,HDFC,CARD_EXPIRED,15,RETRY_NOW,0
0.88,0.6666666666666666,5475.74,NETBANKING,HDFC,INSUFFICIENT_FUNDS,1,RETRY_NOW,1
0.7931034482758621,0.0,5179.97,CARD,HDFC,CARD_EXPIRED,6,NO_ACTION,0
0.9333333333333333,0.0,9605.07,NETBANKING,YESBANK,NETWORK_ERROR,13,RETRY_NOW,0
0.4594594594594595,0.65,508.19,NETBANKING,HDFC,CARD_EXPIRED,4,RETRY_NOW,1
0.5833333333333334,0.2,1170.73,CARD,ICICI,INSUFFICIENT_FUNDS,18,RETRY_NOW,1
0.7666666666666667,0.9285714285714286,8036.82,WALLET,HDFC,LIMIT_EXCEEDED,19,NO_ACTION,0
0.7971014492753623,0.7857142857142857,6498.53,CARD,SBI,BANK_TIMEOUT,16,RETRY_LATER,1
0.6904761904761905,0.07692307692307693,4273.72,WALLET,YESBANK,LIMIT_EXCEEDED,1,SEND_REMINDER,0
0.9090909090909091,0.5,8854.88,NETBANKING,SBI,CARD_EXPIRED,23,NO_ACTION,0
0.9375,0.0,5253.39,NETBANKING,AXIS,AUTHENTICATION_FAILED,3,SEND_REMINDER,1
0.6851851851851852,0.7058823529411765,8373.74,NETBANKING,YESBANK,BANK_TIMEOUT,12,RETRY_NOW,1
1.0,0.0,5768.36,WALLET,ICICI,CARD_EXPIRED,21,NO_ACTION,0
0.9801980198019802,0.0,4774.79,UPI,HDFC,INSUFFICIENT_FUNDS,20,SEND_REMINDER,0
0.8823529411764706,0.0,6578.59,NETBANKING,SBI,INSUFFICIENT_FUNDS,9,RETRY_LATER,1
0.6153846153846154,0.8,7327.83,CARD,HDFC,INSUFFICIENT_FUNDS,2,RETRY_NOW,1
0.8133333333333334,0.9285714285714286,8523.11,NETBANKING,AXIS,AUTHENTICATION_FAILED,21,RETRY_LATER,0
0.8148148148148148,0.8,9435.77,NETBANKING,HDFC,CARD_EXPIRED,21,RETRY_NOW,1
0.5641025641025641,0.0,635.68,UPI,ICICI,LIMIT_EXCEEDED,2,RETRY_LATER,1
0.8761904761904762,0.3076923076923077,7572.74,NETBANKING,AXIS,INSUFFICIENT_FUNDS,6,RETRY_NOW,0
0.48148148148148145,0.9285714285714286,7573.18,NETBANKING,ICICI,INSUFFICIENT_FUNDS,16,RETRY_LATER,0
0.9333333333333333,0.5,7171.62,WALLET,ICICI,LIMIT_EXCEEDED,9,NO_ACTION,0
0.9340659340659341,0.3333333333333333,4350.19,UPI,SBI,CARD_EXPIRED,14,NO_ACTION,0
0.7763157894736842,0.29411764705882354,2626.36,CARD,KOTAK,BANK_TIMEOUT,12,SEND_REMINDER,0
0.9345794392523364,0.5714285714285714,5148.14,WALLET,ICICI,INSUFFICIENT_FUNDS,11,RETRY_NOW,0
0.9661016949152542,1.0,3995.68,UPI,ICICI,BANK_TIMEOUT,8,SEND_REMINDER,1
0.8307692307692308,0.5454545454545454,6263.47,NETBANKING,YESBANK,CARD_EXPIRED,1,RETRY_LATER,1
0.8823529411764706,0.75,4094.74,CARD,KOTAK,INSUFFICIENT_FUNDS,0,NO_ACTION,0
0.8421052631578947,0.6666666666666666,479.02,CARD,YESBANK,INSUFFICIENT_FUNDS,8,SEND_REMINDER,1
0.6595744680851063,0.0,9739.9,WALLET,HDFC,NETWORK_ERROR,17,RETRY_LATER,1
0.8181818181818182,0.0,8617.29,NETBANKING,ICICI,NETWORK_ERROR,0,RETRY_LATER,0
0.7466666666666667,0.3684210526315789,8654.67,NETBANKING,AXIS,INSUFFICIENT_FUNDS,11,RETRY_NOW,1
0.8981481481481481,0.5454545454545454,5463.24,CARD,AXIS,AUTHENTICATION_FAILED,4,RETRY_NOW,0
0.896551724137931,0.8888888888888888,1822.0,NETBANKING,HDFC,NETWORK_ERROR,3,SEND_REMINDER,0
0.8461538461538461,1.0,816.92,UPI,ICICI,CARD_EXPIRED,23,RETRY_LATER,0
0.8620689655172413,0.0625,426.94,UPI,HDFC,AUTHENTICATION_FAILED,4,NO_ACTION,0
0.8709677419354839,0.625,4777.57,CARD,KOTAK,CARD_EXPIRED,14,NO_ACTION,0
0.6904761904761905,0.6153846153846154,5920.58,WALLET,YESBANK,INSUFFICIENT_FUNDS,10,RETRY_NOW,1
0.9204545454545454,0.14285714285714285,1244.05,WALLET,HDFC,LIMIT_EXCEEDED,12,RETRY_NOW,0
0.9863013698630136,1.0,198.25,WALLET,AXIS,LIMIT_EXCEEDED,1,NO_ACTION,0
0.6808510638297872,0.8666666666666667,2738.23,CARD,AXIS,AUTHENTICATION_FAILED,1,RETRY_LATER,1
0.9714285714285714,1.0,7712.87,NETBANKING,YESBANK,CARD_EXPIRED,19,SEND_REMINDER,1
0.9846153846153847,1.0,8079.55,CARD,SBI,NETWORK_ERROR,9,NO_ACTION,0
0.8811881188118812,0.16666666666666666,2485.71,CARD,SBI,CARD_EXPIRED,14,SEND_REMINDER,1
0.6666666666666666,0.5714285714285714,734.58,NETBANKING,KOTAK,NETWORK_ERROR,20,RETRY_LATER,1
0.8829787234042553,0.18181818181818182,5536.33,CARD,HDFC,AUTHENTICATION_FAILED,11,RETRY_LATER,0
0.7142857142857143,0.0,2296.58,WALLET,YESBANK,LIMIT_EXCEEDED,13,SEND_REMINDER,0
0.8591549295774648,0.4,7103.34,NETBANKING,YESBANK,CARD_EXPIRED,13,RETRY_LATER,1
0.46153846153846156,0.42857142857142855,2976.51,CARD,AXIS,CARD_EXPIRED,22,RETRY_LATER,0
0.6779661016949152,0.8421052631578947,8790.28,UPI,SBI,NETWORK_ERROR,2,SEND_REMINDER,1
0.75,0.16666666666666666,8909.08,NETBANKING,HDFC,AUTHENTICATION_FAILED,1,NO_ACTION,0
0.7111111111111111,0.9230769230769231,6904.23,WALLET,HDFC,INSUFFICIENT_FUNDS,3,RETRY_NOW,1
0.7,0.13333333333333333,4051.24,WALLET,KOTAK,LIMIT_EXCEEDED,5,RETRY_NOW,0
0.8596491228070176,0.5625,201.91,UPI,AXIS,AUTHENTICATION_FAILED,14,SEND_REMINDER,1
0.4230769230769231,0.6666666666666666,2744.4,UPI,ICICI,INSUFFICIENT_FUNDS,17,NO_ACTION,0
0.8494623655913979,0.35714285714285715,2241.53,WALLET,AXIS,NETWORK_ERROR,3,NO_ACTION,0
0.8787878787878788,0.625,8817.48,WALLET,AXIS,LIMIT_EXCEEDED,5,SEND_REMINDER,0
0.95,0.0,1917.54,UPI,HDFC,NETWORK_ERROR,17,RETRY_NOW,1
0.7285714285714285,0.7894736842105263,9169.06,WALLET,ICICI,LIMIT_EXCEEDED,9,SEND_REMINDER,1
0.45454545454545453,0.9166666666666666,4114.41,CARD,SBI,AUTHENTICATION_FAILED,9,RETRY_LATER,0
0.8243243243243243,0.9230769230769231,9887.75,UPI,HDFC,NETWORK_ERROR,23,NO_ACTION,0
0.7468354430379747,0.95,2400.32,WALLET,ICICI,NETWORK_ERROR,12,RETRY_LATER,1
0.8571428571428571,0.4,485.93,WALLET,HDFC,CARD_EXPIRED,20,SEND_REMINDER,0
0.7534246575342466,0.4444444444444444,2865.12,CARD,SBI,BANK_TIMEOUT,19,NO_ACTION,0
0.72,0.5714285714285714,3318.71,WALLET,AXIS,CARD_EXPIRED,15,RETRY_LATER,0
0.7,0.13333333333333333,1454.96,NETBANKING,ICICI,INSUFFICIENT_FUNDS,21,SEND_REMINDER,0
0.5641025641025641,0.0,4363.59,CARD,HDFC,INSUFFICIENT_FUNDS,11,NO_ACTION,0
0.3793103448275862,0.3888888888888889,4119.41,WALLET,KOTAK,NETWORK_ERROR,12,NO_ACTION,0
0.9534883720930233,0.5,6250.82,WALLET,ICICI,BANK_TIMEOUT,11,SEND_REMINDER,0
0.9795918367346939,0.5,1775.94,WALLET,AXIS,LIMIT_EXCEEDED,23,RETRY_LATER,1
0.8130841121495327,0.4,5456.43,UPI,KOTAK,CARD_EXPIRED,18,RETRY_NOW,0
0.8831168831168831,0.6666666666666666,2189.43,CARD,YESBANK,AUTHENTICATION_FAILED,21,SEND_REMINDER,0
0.9523809523809523,0.2,6196.4,UPI,AXIS,LIMIT_EXCEEDED,23,SEND_REMINDER,0
0.9666666666666667,1.0,3751.57,NETBANKING,KOTAK,LIMIT_EXCEEDED,7,NO_ACTION,0
0.9696969696969697,0.3333333333333333,9870.61,NETBANKING,HDFC,BANK_TIMEOUT,11,NO_ACTION,0
0.5681818181818182,0.3157894736842105,7237.94,WALLET,SBI,AUTHENTICATION_FAILED,16,RETRY_LATER,1
0.8850574712643678,0.2,8473.19,UPI,KOTAK,INSUFFICIENT_FUNDS,2,NO_ACTION,0
0.94,0.16666666666666666,8293.9,UPI,ICICI,CARD_EXPIRED,21,SEND_REMINDER,1
0.5348837209302325,0.4,7494.52,CARD,AXIS,BANK_TIMEOUT,7,RETRY_LATER,1
0.9886363636363636,1.0,4387.82,UPI,HDFC,NETWORK_ERROR,14,RETRY_NOW,1
0.9117647058823529,0.0,2103.58,NETBANKING,ICICI,CARD_EXPIRED,2,SEND_REMINDER,0
0.8333333333333334,0.9,5199.6,WALLET,ICICI,AUTHENTICATION_FAILED,10,RETRY_NOW,1
0.8773584905660378,1.0,142.9,CARD,ICICI,CARD_EXPIRED,2,SEND_REMINDER,1
0.9078947368421053,1.0,2678.5,WALLET,AXIS,NETWORK_ERROR,13,NO_ACTION,0
0.7846153846153846,0.7857142857142857,3237.2,WALLET,SBI,NETWORK_ERROR,15,RETRY_LATER,1
0.8924731182795699,0.4,3193.84,NETBANKING,AXIS,LIMIT_EXCEEDED,19,RETRY_LATER,0
0.8823529411764706,0.0,2802.4,WALLET,SBI,LIMIT_EXCEEDED,12,NO_ACTION,0
0.7346938775510204,0.07692307692307693,238.03,NETBANKING,YESBANK,NETWORK_ERROR,15,NO_ACTION,0
0.8947368421052632,0.6666666666666666,6444.99,CARD,ICICI,AUTHENTICATION_FAILED,7,RETRY_NOW,1
0.7802197802197802,0.3,9640.35,NETBANKING,ICICI,INSUFFICIENT_FUNDS,0,SEND_REMINDER,1
0.8541666666666666,0.42857142857142855,2151.9,UPI,HDFC,BANK_TIMEOUT,4,RETRY_NOW,1
0.8837209302325582,0.2,6199.96,WALLET,AXIS,BANK_TIMEOUT,19,RETRY_LATER,0
0.9705882352941176,1.0,9921.87,WALLET,ICICI,NETWORK_ERROR,2,RETRY_LATER,1
0.8181818181818182,0.16666666666666666,6060.56,CARD,AXIS,LIMIT_EXCEEDED,13,NO_ACTION,0
0.5384615384615384,0.0,7550.77,CARD,AXIS,LIMIT_EXCEEDED,15,RETRY_LATER,0
0.88,0.6666666666666666,6711.93,NETBANKING,YESBANK,NETWORK_ERROR,8,NO_ACTION,0
0.45454545454545453,0.8333333333333334,2654.6,CARD,KOTAK,NETWORK_ERROR,1,RETRY_NOW,1
0.8571428571428571,0.2,8045.33,UPI,SBI,NETWORK_ERROR,2,NO_ACTION,0
0.8902439024390244,1.0,1476.09,CARD,ICICI,LIMIT_EXCEEDED,0,RETRY_LATER,1
0.5,0.3888888888888889,981.81,NETBANKING,AXIS,CARD_EXPIRED,23,RETRY_LATER,0
0.9333333333333333,0.0,9605.07,NETBANKING,YESBANK,NETWORK_ERROR,13,NO_ACTION,0
0.8586956521739131,0.0,8584.36,WALLET,AXIS,CARD_EXPIRED,15,RETRY_LATER,1
0.8260869565217391,0.75,4128.11,NETBANKING,SBI,LIMIT_EXCEEDED,13,RETRY_NOW,0
0.9382716049382716,0.8,5940.91,CARD,KOTAK,CARD_EXPIRED,10,RETRY_NOW,0
0.7727272727272727,0.3,4350.58,NETBANKING,SBI,CARD_EXPIRED,5,RETRY_NOW,0
0.6666666666666666,0.5294117647058824,353.25,UPI,KOTAK,LIMIT_EXCEEDED,14,RETRY_NOW,0
0.6727272727272727,0.7222222222222222,9556.41,UPI,ICICI,CARD_EXPIRED,22,RETRY_LATER,1
0.8636363636363636,0.3333333333333333,737.72,NETBANKING,ICICI,CARD_EXPIRED,15,NO_ACTION,0
0.7956989247311828,0.7894736842105263,3435.3,CARD,ICICI,BANK_TIMEOUT,0,NO_ACTION,0
0.6595744680851063,0.0,7440.18,CARD,HDFC,INSUFFICIENT_FUNDS,3,NO_ACTION,0
0.9428571428571428,0.0,1422.18,CARD,ICICI,AUTHENTICATION_FAILED,20,SEND_REMINDER,1
0.967741935483871,1.0,1977.5,CARD,YESBANK,INSUFFICIENT_FUNDS,5,NO_ACTION,0
0.8157894736842105,0.0,7875.27,NETBANKING,HDFC,BANK_TIMEOUT,23,RETRY_NOW,0
0.8425925925925926,0.47058823529411764,9167.27,NETBANKING,YESBANK,LIMIT_EXCEEDED,9,RETRY_LATER,1
0.6071428571428571,0.5454545454545454,5044.76,UPI,HDFC,INSUFFICIENT_FUNDS,7,NO_ACTION,0
0.28,0.5,1781.71,NETBANKING,KOTAK,CARD_EXPIRED,7,NO_ACTION,0
0.7397260273972602,1.0,365.95,CARD,SBI,INSUFFICIENT_FUNDS,7,SEND_REMINDER,1
0.6,0.0,7245.02,WALLET,KOTAK,BANK_TIMEOUT,20,SEND_REMINDER,0
0.8979591836734694,0.3,5659.92,NETBANKING,YESBANK,NETWORK_ERROR,20,RETRY_NOW,1
0.2,0.4,2407.93,WALLET,ICICI,LIMIT_EXCEEDED,12,SEND_REMINDER,0
0.8620689655172413,0.0625,426.94,UPI,HDFC,AUTHENTICATION_FAILED,4,RETRY_LATER,0
0.875,0.8333333333333334,1503.0,CARD,YESBANK,NETWORK_ERROR,9,SEND_REMINDER,0
0.9292929292929293,0.0,2327.12,CARD,SBI,INSUFFICIENT_FUNDS,11,SEND_REMINDER,0
0.8421052631578947,0.6666666666666666,7397.81,CARD,AXIS,BANK_TIMEOUT,18,RETRY_LATER,1
0.8125,0.5833333333333334,9432.86,NETBANKING,ICICI,LIMIT_EXCEEDED,20,SEND_REMINDER,0
0.84,0.5,7853.68,UPI,AXIS,CARD_EXPIRED,9,NO_ACTION,0
0.9326923076923077,0.7142857142857143,8142.47,WALLET,KOTAK,BANK_TIMEOUT,2,SEND_REMINDER,1
0.8734177215189873,0.4,2365.55,WALLET,KOTAK,CARD_EXPIRED,21,SEND_REMINDER,1
0.8434782608695652,0.5,8305.33,WALLET,AXIS,AUTHENTICATION_FAILED,22,RETRY_NOW,0
0.7878787878787878,0.6428571428571429,6912.06,WALLET,HDFC,INSUFFICIENT_FUNDS,15,RETRY_LATER,0
0.7846153846153846,0.7857142857142857,9299.96,NETBANKING,SBI,NETWORK_ERROR,7,RETRY_LATER,1
0.6764705882352942,0.18181818181818182,7249.91,WALLET,KOTAK,LIMIT_EXCEEDED,5,NO_ACTION,0
0.8873239436619719,0.5,4500.29,WALLET,ICICI,BANK_TIMEOUT,5,RETRY_LATER,0
1.0,0.0,8619.02,NETBANKING,HDFC,NETWORK_ERROR,10,RETRY_LATER,0
0.7846153846153846,0.7857142857142857,9299.96,NETBANKING,SBI,NETWORK_ERROR,7,NO_ACTION,0
0.6226415094339622,0.15,6192.81,CARD,AXIS,NETWORK_ERROR,9,NO_ACTION,0
0.9381443298969072,1.0,4514.71,UPI,YESBANK,LIMIT_EXCEEDED,0,RETRY_NOW,1
0.9,0.0,3189.62,UPI,KOTAK,CARD_EXPIRED,18,SEND_REMINDER,1
0.6666666666666666,0.8,6403.75,CARD,SBI,NETWORK_ERROR,6,RETRY_LATER,1
0.6538461538461539,0.7777777777777778,6817.56,NETBANKING,SBI,BANK_TIMEOUT,2,RETRY_NOW,1
0.9382716049382716,0.8,5940.91,CARD,KOTAK,CARD_EXPIRED,10,NO_ACTION,0
0.9523809523809523,0.2,4783.76,UPI,HDFC,BANK_TIMEOUT,11,RETRY_NOW,1
0.9523809523809523,1.0,6543.02,NETBANKING,KOTAK,LIMIT_EXCEEDED,12,RETRY_NOW,0
0.75,0.29411764705882354,7682.76,NETBANKING,AXIS,AUTHENTICATION_FAILED,4,SEND_REMINDER,0
0.6666666666666666,0.5714285714285714,6296.93,NETBANKING,HDFC,INSUFFICIENT_FUNDS,12,RETRY_NOW,0
0.6274509803921569,0.5263157894736842,3291.84,WALLET,KOTAK,AUTHENTICATION_FAILED,21,NO_ACTION,0
0.9310344827586207,0.75,2245.2,CARD,AXIS,BANK_TIMEOUT,2,RETRY_NOW,0
0.8095238095238095,0.16666666666666666,1318.19,CARD,AXIS,INSUFFICIENT_FUNDS,19,SEND_REMINDER,0
0.75,1.0,4827.76,NETBANKING,AXIS,BANK_TIMEOUT,4,RETRY_LATER,1
0.5348837209302325,0.4,4364.63,UPI,SBI,INSUFFICIENT_FUNDS,15,SEND_REMINDER,0
0.822429906542056,0.47368421052631576,1203.57,NETBANKING,YESBANK,AUTHENTICATION_FAILED,10,NO_ACTION,0
0.7115384615384616,0.8,9512.72,CARD,ICICI,CARD_EXPIRED,0,RETRY_LATER,0
0.9876543209876543,1.0,4789.22,NETBANKING,KOTAK,BANK_TIMEOUT,23,SEND_REMINDER,0
0.7297297297297297,0.6,4933.09,WALLET,SBI,INSUFFICIENT_FUNDS,13,SEND_REMINDER,0
0.8135593220338984,0.0,7113.37,WALLET,KOTAK,LIMIT_EXCEEDED,19,NO_ACTION,0
0.8571428571428571,0.0,2505.5,CARD,KOTAK,AUTHENTICATION_FAILED,8,SEND_REMINDER,0
0.900990099009901,0.6,9777.26,CARD,ICICI,LIMIT_EXCEEDED,9,SEND_REMINDER,0
0.7115384615384616,0.8,4650.12,WALLET,KOTAK,CARD_EXPIRED,22,NO_ACTION,0
0.7402597402597403,0.95,4366.68,NETBANKING,KOTAK,INSUFFICIENT_FUNDS,23,RETRY_NOW,0
0.7346938775510204,0.07692307692307693,9884.46,WALLET,KOTAK,LIMIT_EXCEEDED,12,NO_ACTION,0
0.8433734939759037,0.6923076923076923,3725.35,UPI,KOTAK,LIMIT_EXCEEDED,0,RETRY_LATER,0
0.5,0.6428571428571429,2680.59,UPI,YESBANK,NETWORK_ERROR,17,NO_ACTION,0
0.8571428571428571,0.7142857142857143,9948.97,WALLET,SBI,BANK_TIMEOUT,10,RETRY_NOW,1
0.8514851485148515,0.13333333333333333,7882.44,WALLET,AXIS,AUTHENTICATION_FAILED,10,RETRY_LATER,0
0.78125,0.14285714285714285,8104.32,CARD,AXIS,BANK_TIMEOUT,16,NO_ACTION,0
0.7875,0.5294117647058824,6093.95,CARD,YESBANK,AUTHENTICATION_FAILED,2,NO_ACTION,0
0.9333333333333333,0.0,2520.82,CARD,YESBANK,INSUFFICIENT_FUNDS,16,RETRY_LATER,0
0.9195402298850575,0.2857142857142857,928.16,CARD,AXIS,INSUFFICIENT_FUNDS,12,NO_ACTION,0
0.7638888888888888,0.17647058823529413,1859.65,CARD,HDFC,AUTHENTICATION_FAILED,3,RETRY_NOW,0
0.9655172413793104,0.5,2560.29,NETBANKING,YESBANK,BANK_TIMEOUT,18,NO_ACTION,0
1.0,0.0,8914.6,UPI,SBI,AUTHENTICATION_FAILED,1,RETRY_NOW,0
0.7391304347826086,0.16666666666666666,1542.57,UPI,KOTAK,BANK_TIMEOUT,2,RETRY_NOW,0
0.8507462686567164,0.7,9937.44,CARD,YESBANK,BANK_TIMEOUT,9,NO_ACTION,0
0.8787878787878788,0.625,2512.14,UPI,KOTAK,AUTHENTICATION_FAILED,19,SEND_REMINDER,0
0.8266666666666667,0.6923076923076923,3859.03,NETBANKING,YESBANK,CARD_EXPIRED,1,RETRY_LATER,0
0.7916666666666666,0.05,7573.86,UPI,ICICI,AUTHENTICATION_FAILED,10,RETRY_NOW,0
0.6666666666666666,0.8,3560.78,CARD,KOTAK,AUTHENTICATION_FAILED,0,SEND_REMINDER,1
1.0,0.0,5947.13,WALLET,AXIS,INSUFFICIENT_FUNDS,13,SEND_REMINDER,0
0.32142857142857145,0.9473684210526315,7396.83,WALLET,HDFC,BANK_TIMEOUT,13,RETRY_LATER,1
0.7,0.3333333333333333,7709.66,CARD,AXIS,LIMIT_EXCEEDED,4,RETRY_NOW,0
0.9038461538461539,0.6,5831.37,UPI,YESBANK,LIMIT_EXCEEDED,16,SEND_REMINDER,1
0.9340659340659341,0.3333333333333333,7063.41,WALLET,ICICI,BANK_TIMEOUT,18,SEND_REMINDER,1
0.8421052631578947,0.0,9702.96,CARD,YESBANK,LIMIT_EXCEEDED,19,RETRY_LATER,0
0.8571428571428571,0.4,7052.45,WALLET,AXIS,CARD_EXPIRED,15,RETRY_NOW,0
0.5384615384615384,0.25,6346.44,NETBANKING,HDFC,BANK_TIMEOUT,0,RETRY_LATER,1
0.8571428571428571,0.4,7613.57,UPI,SBI,LIMIT_EXCEEDED,2,RETRY_LATER,0
0.9459459459459459,0.5,841.83,UPI,HDFC,INSUFFICIENT_FUNDS,2,RETRY_LATER,1
0.45454545454545453,0.9166666666666666,3605.48,WALLET,YESBANK,AUTHENTICATION_FAILED,12,SEND_REMINDER,1
0.9333333333333333,0.0,8153.77,CARD,KOTAK,LIMIT_EXCEEDED,13,NO_ACTION,0
0.9326923076923077,0.7142857142857143,9746.36,CARD,HDFC,CARD_EXPIRED,6,RETRY_LATER,0
0.8380952380952381,0.29411764705882354,2249.55,CARD,SBI,AUTHENTICATION_FAILED,20,SEND_REMINDER,0
1.0,0.0,8619.02,NETBANKING,HDFC,NETWORK_ERROR,10,NO_ACTION,0
0.9787234042553191,0.5,3388.88,WALLET,YESBANK,CARD_EXPIRED,14,RETRY_NOW,1
0.6851851851851852,0.7058823529411765,4899.97,CARD,YESBANK,NETWORK_ERROR,10,SEND_REMINDER,0
0.6216216216216216,1.0,254.84,CARD,SBI,NETWORK_ERROR,8,SEND_REMINDER,0
0.5925925925925926,0.6363636363636364,7096.96,NETBANKING,AXIS,CARD_EXPIRED,0,RETRY_LATER,1
0.9523809523809523,1.0,2208.78,UPI,ICICI,INSUFFICIENT_FUNDS,3,RETRY_NOW,1
0.8235294117647058,0.2777777777777778,4415.6,UPI,AXIS,BANK_TIMEOUT,4,NO_ACTION,0
0.6363636363636364,1.0,1167.68,WALLET,SBI,NETWORK_ERROR,22,NO_ACTION,0
0.8,0.65,9589.31,CARD,KOTAK,NETWORK_ERROR,23,RETRY_LATER,1
0.8461538461538461,1.0,4371.98,WALLET,HDFC,INSUFFICIENT_FUNDS,22,SEND_REMINDER,1
0.8695652173913043,0.8888888888888888,9942.26,WALLET,ICICI,INSUFFICIENT_FUNDS,8,SEND_REMINDER,0
0.84,0.25,7527.49,CARD,SBI,NETWORK_ERROR,7,RETRY_NOW,1
0.9523809523809523,1.0,739.13,NETBANKING,KOTAK,AUTHENTICATION_FAILED,13,RETRY_NOW,1
0.9354838709677419,1.0,6893.84,NETBANKING,KOTAK,AUTHENTICATION_FAILED,22,RETRY_LATER,0
0.9326923076923077,0.14285714285714285,7271.85,CARD,AXIS,INSUFFICIENT_FUNDS,15,RETRY_LATER,1
0.8627450980392157,1.0,1803.78,UPI,HDFC,BANK_TIMEOUT,4,NO_ACTION,0
0.8947368421052632,1.0,1498.95,CARD,HDFC,BANK_TIMEOUT,7,SEND_REMINDER,1
0.9629629629629629,0.6666666666666666,4590.94,WALLET,AXIS,NETWORK_ERROR,8,NO_ACTION,0
0.42857142857142855,0.16666666666666666,2383.12,CARD,AXIS,BANK_TIMEOUT,17,SEND_REMINDER,1
0.8936170212765957,0.1,6065.16,CARD,ICICI,NETWORK_ERROR,6,RETRY_LATER,0
0.5121951219512195,0.45,7714.82,WALLET,HDFC,LIMIT_EXCEEDED,5,RETRY_NOW,0
0.8990825688073395,0.2727272727272727,3430.21,WALLET,YESBANK,NETWORK_ERROR,12,SEND_REMINDER,1
0.5238095238095238,0.7,7924.48,CARD,HDFC,CARD_EXPIRED,6,RETRY_LATER,1
0.8375,0.3076923076923077,2150.15,CARD,HDFC,LIMIT_EXCEEDED,15,RETRY_NOW,0
0.7647058823529411,0.125,3046.88,CARD,KOTAK,NETWORK_ERROR,18,RETRY_LATER,1
0.6595744680851063,0.0,9739.9,WALLET,HDFC,NETWORK_ERROR,17,SEND_REMINDER,0
0.9615384615384616,0.5,5059.79,WALLET,HDFC,INSUFFICIENT_FUNDS,5,NO_ACTION,0
0.8648648648648649,0.3333333333333333,3631.66,CARD,AXIS,INSUFFICIENT_FUNDS,20,RETRY_LATER,0
0.391304347826087,0.9285714285714286,3468.17,NETBANKING,ICICI,LIMIT_EXCEEDED,16,RETRY_NOW,0
0.82,1.0,2292.76,UPI,KOTAK,CARD_EXPIRED,2,NO_ACTION,0
0.8421052631578947,0.0,1387.74,WALLET,YESBANK,LIMIT_EXCEEDED,16,SEND_REMINDER,1
0.7402597402597403,0.95,2001.52,NETBANKING,KOTAK,INSUFFICIENT_FUNDS,20,RETRY_LATER,0
0.8804347826086957,0.0,3928.4,UPI,KOTAK,LIMIT_EXCEEDED,23,NO_ACTION,0
0.7666666666666667,0.9285714285714286,8036.82,WALLET,HDFC,LIMIT_EXCEEDED,19,RETRY_LATER,1
0.9339622641509434,0.5714285714285714,5080.38,UPI,AXIS,CARD_EXPIRED,1,SEND_REMINDER,0
0.5,0.09090909090909091,2033.46,WALLET,YESBANK,NETWORK_ERROR,11,RETRY_LATER,1
0.875,0.7142857142857143,6817.36,NETBANKING,YESBANK,BANK_TIMEOUT,20,NO_ACTION,0
0.9803921568627451,0.0,7607.34,NETBANKING,ICICI,INSUFFICIENT_FUNDS,16,RETRY_NOW,0
0.979381443298969,0.5,5876.19,NETBANKING,HDFC,INSUFFICIENT_FUNDS,20,RETRY_NOW,0
0.8260869565217391,0.4,7564.99,NETBANKING,KOTAK,CARD_EXPIRED,12,RETRY_LATER,0
0.9552238805970149,0.0,2223.33,WALLET,AXIS,NETWORK_ERROR,17,RETRY_NOW,1
0.6909090909090909,0.23529411764705882,7034.65,WALLET,SBI,LIMIT_EXCEEDED,15,RETRY_NOW,0
0.6808510638297872,0.8666666666666667,2738.23,CARD,AXIS,AUTHENTICATION_FAILED,1,NO_ACTION,0
0.7692307692307693,1.0,3439.26,WALLET,KOTAK,BANK_TIMEOUT,11,RETRY_NOW,1
0.7115384615384616,0.8,7297.35,NETBANKING,ICICI,NETWORK_ERROR,4,SEND_REMINDER,1
0.8556701030927835,0.9285714285714286,872.5,UPI,KOTAK,INSUFFICIENT_FUNDS,13,RETRY_NOW,0
0.8227848101265823,0.0,307.44,NETBANKING,ICICI,INSUFFICIENT_FUNDS,20,NO_ACTION,0
0.84,0.6875,561.53,NETBANKING,SBI,NETWORK_ERROR,19,SEND_REMINDER,1
0.9807692307692307,1.0,8727.0,NETBANKING,KOTAK,NETWORK_ERROR,15,SEND_REMINDER,1
0.7428571428571429,0.0,1513.18,NETBANKING,KOTAK,AUTHENTICATION_FAILED,20,NO_ACTION,0
0.42857142857142855,0.5625,6577.3,CARD,YESBANK,LIMIT_EXCEEDED,0,RETRY_LATER,0
0.9166666666666666,0.5555555555555556,2924.49,WALLET,YESBANK,CARD_EXPIRED,16,RETRY_NOW,0
0.9523809523809523,0.0,5941.0,NETBANKING,ICICI,INSUFFICIENT_FUNDS,20,RETRY_LATER,0
0.8738738738738738,0.5714285714285714,3272.2,CARD,KOTAK,LIMIT_EXCEEDED,8,RETRY_LATER,0
1.0,0.0,4348.65,UPI,AXIS,CARD_EXPIRED,1,NO_ACTION,0
0.717948717948718,0.45454545454545453,7958.83,UPI,AXIS,NETWORK_ERROR,10,RETRY_NOW,1
0.6818181818181818,0.8571428571428571,1119.85,CARD,HDFC,NETWORK_ERROR,3,RETRY_NOW,1
0.8734177215189873,0.4,8841.14,UPI,HDFC,AUTHENTICATION_FAILED,2,NO_ACTION,0
0.717948717948718,0.18181818181818182,2195.09,CARD,YESBANK,LIMIT_EXCEEDED,3,RETRY_LATER,0
0.8064516129032258,0.6666666666666666,604.39,CARD,YESBANK,LIMIT_EXCEEDED,10,SEND_REMINDER,1
0.7564102564102564,0.3157894736842105,2174.48,NETBANKING,KOTAK,LIMIT_EXCEEDED,15,NO_ACTION,0
0.9523809523809523,1.0,2153.73,NETBANKING,YESBANK,INSUFFICIENT_FUNDS,3,RETRY_LATER,1
1.0,0.0,5096.98,NETBANKING,KOTAK,INSUFFICIENT_FUNDS,13,NO_ACTION,0
0.9607843137254902,0.5,155.62,NETBANKING,KOTAK,BANK_TIMEOUT,16,RETRY_NOW,1
0.9175257731958762,0.75,1947.36,WALLET,KOTAK,BANK_TIMEOUT,10,SEND_REMINDER,0
0.9340659340659341,0.3333333333333333,8157.48,NETBANKING,AXIS,CARD_EXPIRED,7,SEND_REMINDER,0
0.8307692307692308,0.5454545454545454,3561.77,NETBANKING,KOTAK,BANK_TIMEOUT,9,NO_ACTION,0
0.5714285714285714,0.0,5274.32,CARD,YESBANK,LIMIT_EXCEEDED,22,RETRY_NOW,0
0.7916666666666666,0.2,1420.32,CARD,AXIS,INSUFFICIENT_FUNDS,11,SEND_REMINDER,0
0.8222222222222222,0.0,4554.02,CARD,AXIS,LIMIT_EXCEEDED,4,RETRY_NOW,0
0.8762886597938144,0.0,7427.13,UPI,YESBANK,LIMIT_EXCEEDED,17,NO_ACTION,0
0.8571428571428571,0.0,333.89,UPI,HDFC,CARD_EXPIRED,10,RETRY_NOW,0
0.8909090909090909,0.3333333333333333,5901.1,NETBANKING,SBI,CARD_EXPIRED,4,SEND_REMINDER,1
0.8131868131868132,0.29411764705882354,4532.99,WALLET,ICICI,LIMIT_EXCEEDED,7,RETRY_NOW,0
0.99,1.0,2315.04,CARD,KOTAK,AUTHENTICATION_FAILED,2,RETRY_LATER,1
0.9696969696969697,0.3333333333333333,3372.91,WALLET,SBI,AUTHENTICATION_FAILED,15,RETRY_LATER,0
0.6938775510204082,0.8666666666666667,4331.54,NETBANKING,YESBANK,CARD_EXPIRED,1,SEND_REMINDER,1
0.8620689655172413,0.75,7277.51,WALLET,SBI,LIMIT_EXCEEDED,20,RETRY_NOW,1
0.9885057471264368,1.0,7325.2,NETBANKING,SBI,BANK_TIMEOUT,12,SEND_REMINDER,1
0.8653846153846154,0.0,3637.92,WALLET,KOTAK,AUTHENTICATION_FAILED,23,RETRY_LATER,0
0.9016393442622951,0.0,7349.1,WALLET,HDFC,AUTHENTICATION_FAILED,2,SEND_REMINDER,1
0.9666666666666667,1.0,4226.66,UPI,KOTAK,INSUFFICIENT_FUNDS,10,RETRY_NOW,0
0.7397260273972602,1.0,798.47,CARD,SBI,LIMIT_EXCEEDED,8,RETRY_NOW,0
0.6724137931034483,0.10526315789473684,9435.37,NETBANKING,KOTAK,LIMIT_EXCEEDED,19,SEND_REMINDER,0
0.8508771929824561,0.8823529411764706,3932.79,CARD,ICICI,BANK_TIMEOUT,9,NO_ACTION,0
0.696969696969697,0.6,7348.63,WALLET,YESBANK,INSUFFICIENT_FUNDS,1,SEND_REMINDER,0
0.9333333333333333,0.6666666666666666,3911.29,WALLET,SBI,AUTHENTICATION_FAILED,18,SEND_REMINDER,1
0.94,0.16666666666666666,6337.92,CARD,HDFC,BANK_TIMEOUT,11,NO_ACTION,0
0.94,0.16666666666666666,8449.16,CARD,KOTAK,INSUFFICIENT_FUNDS,11,RETRY_NOW,0
0.7638888888888888,0.17647058823529413,8909.17,NETBANKING,HDFC,BANK_TIMEOUT,13,RETRY_NOW,0
0.40625,0.21052631578947367,2719.38,UPI,AXIS,BANK_TIMEOUT,21,NO_ACTION,0
0.45454545454545453,0.9166666666666666,3605.48,WALLET,YESBANK,AUTHENTICATION_FAILED,12,RETRY_LATER,0
0.9347826086956522,1.0,974.92,CARD,ICICI,LIMIT_EXCEEDED,0,RETRY_NOW,0
0.8918918918918919,0.5,6302.05,NETBANKING,SBI,INSUFFICIENT_FUNDS,5,RETRY_NOW,0
0.8771929824561403,0.7857142857142857,7634.23,CARD,AXIS,LIMIT_EXCEEDED,13,SEND_REMINDER,0
0.8958333333333334,0.8,5767.52,WALLET,AXIS,INSUFFICIENT_FUNDS,15,RETRY_NOW,1
0.8235294117647058,1.0,8408.54,NETBANKING,AXIS,NETWORK_ERROR,2,RETRY_NOW,1
0.3,0.8571428571428571,9449.51,CARD,HDFC,CARD_EXPIRED,14,NO_ACTION,0
0.7837837837837838,0.5,7415.76,WALLET,SBI,BANK_TIMEOUT,7,RETRY_LATER,1
0.9666666666666667,1.0,4079.15,UPI,AXIS,NETWORK_ERROR,13,SEND_REMINDER,1
0.48,0.6923076923076923,1700.49,WALLET,YESBANK,INSUFFICIENT_FUNDS,2,RETRY_NOW,1
0.979381443298969,0.5,9588.49,NETBANKING,KOTAK,INSUFFICIENT_FUNDS,8,SEND_REMINDER,1
0.8181818181818182,0.16666666666666666,8818.52,NETBANKING,SBI,INSUFFICIENT_FUNDS,12,SEND_REMINDER,0
0.8823529411764706,0.0,9398.78,CARD,YESBANK,BANK_TIMEOUT,1,RETRY_NOW,1
0.8260869565217391,0.75,5484.64,CARD,KOTAK,NETWORK_ERROR,13,RETRY_LATER,1
0.375,0.0,7906.04,UPI,SBI,LIMIT_EXCEEDED,13,SEND_REMINDER,0
0.984375,1.0,9494.04,WALLET,SBI,CARD_EXPIRED,10,SEND_REMINDER,1
0.8771929824561403,0.7857142857142857,6794.75,CARD,ICICI,INSUFFICIENT_FUNDS,15,RETRY_NOW,1
0.42857142857142855,0.16666666666666666,2383.12,CARD,AXIS,BANK_TIMEOUT,17,RETRY_LATER,0
0.8148148148148148,0.06666666666666667,7006.82,UPI,YESBANK,AUTHENTICATION_FAILED,6,NO_ACTION,0
0.7875,0.5294117647058824,1333.3,UPI,KOTAK,CARD_EXPIRED,16,RETRY_LATER,0
0.8983050847457628,0.8333333333333334,2821.53,NETBANKING,HDFC,CARD_EXPIRED,14,RETRY_LATER,1
0.8928571428571429,0.6666666666666666,2340.0,UPI,ICICI,INSUFFICIENT_FUNDS,2,NO_ACTION,0
0.6363636363636364,0.0,343.18,CARD,YESBANK,BANK_TIMEOUT,1,NO_ACTION,0
0.8135593220338984,0.0,1589.07,CARD,SBI,NETWORK_ERROR,4,SEND_REMINDER,0
0.7692307692307693,1.0,6710.75,WALLET,HDFC,LIMIT_EXCEEDED,4,RETRY_NOW,0
0.9714285714285714,1.0,6195.02,NETBANKING,AXIS,INSUFFICIENT_FUNDS,20,SEND_REMINDER,1
0.8392857142857143,0.2222222222222222,4127.08,WALLET,SBI,INSUFFICIENT_FUNDS,16,SEND_REMINDER,1
0.9534883720930233,1.0,8812.25,NETBANKING,HDFC,CARD_EXPIRED,9,RETRY_NOW,0
0.4444444444444444,0.6,3953.61,NETBANKING,ICICI,INSUFFICIENT_FUNDS,17,RETRY_LATER,0
0.9787234042553191,0.5,8057.28,NETBANKING,KOTAK,AUTHENTICATION_FAILED,0,NO_ACTION,0
0.8936170212765957,0.0,7396.21,UPI,KOTAK,BANK_TIMEOUT,0,RETRY_LATER,1
0.5263157894736842,1.0,8762.0,UPI,HDFC,BANK_TIMEOUT,6,SEND_REMINDER,1
0.9523809523809523,1.0,6891.98,UPI,SBI,LIMIT_EXCEEDED,2,SEND_REMINDER,1
0.9333333333333333,0.4,6374.96,CARD,ICICI,CARD_EXPIRED,0,RETRY_NOW,0
0.7402597402597403,0.95,9134.33,NETBANKING,HDFC,NETWORK_ERROR,19,RETRY_NOW,1
0.9565217391304348,0.0,2818.9,WALLET,ICICI,CARD_EXPIRED,11,RETRY_LATER,0
0.7397260273972602,0.47368421052631576,1052.53,UPI,AXIS,AUTHENTICATION_FAILED,5,NO_ACTION,0
0.8876404494382022,0.8,609.6,NETBANKING,HDFC,NETWORK_ERROR,2,RETRY_NOW,1
0.9210526315789473,0.3333333333333333,5618.69,CARD,SBI,NETWORK_ERROR,6,SEND_REMINDER,1
0.9104477611940298,0.0,3639.67,WALLET,AXIS,LIMIT_EXCEEDED,4,RETRY_LATER,1
0.703125,0.47368421052631576,4426.94,CARD,SBI,AUTHENTICATION_FAILED,18,SEND_REMINDER,0
0.6551724137931034,0.75,8146.59,NETBANKING,SBI,BANK_TIMEOUT,16,RETRY_LATER,1
0.6363636363636364,1.0,1382.89,NETBANKING,AXIS,CARD_EXPIRED,0,RETRY_LATER,0
0.9787234042553191,0.0,9742.61,UPI,KOTAK,CARD_EXPIRED,19,RETRY_LATER,0
0.7666666666666667,0.9285714285714286,8036.82,WALLET,HDFC,LIMIT_EXCEEDED,19,RETRY_NOW,0
0.8656716417910447,0.4444444444444444,1950.64,UPI,ICICI,BANK_TIMEOUT,18,RETRY_LATER,1
1.0,0.0,2400.83,CARD,ICICI,INSUFFICIENT_FUNDS,1,RETRY_LATER,0
0.8,0.25,9405.17,UPI,SBI,AUTHENTICATION_FAILED,9,RETRY_LATER,0
0.9534883720930233,1.0,1529.13,WALLET,ICICI,BANK_TIMEOUT,18,NO_ACTION,0
0.9629629629629629,0.6666666666666666,2754.32,UPI,YESBANK,INSUFFICIENT_FUNDS,18,RETRY_LATER,0
0.4375,0.9444444444444444,7671.01,NETBANKING,ICICI,INSUFFICIENT_FUNDS,12,SEND_REMINDER,0
0.9325842696629213,1.0,1251.01,NETBANKING,HDFC,LIMIT_EXCEEDED,12,SEND_REMINDER,0
0.34782608695652173,0.4,5652.87,NETBANKING,AXIS,INSUFFICIENT_FUNDS,13,SEND_REMINDER,1
0.7849462365591398,0.85,7453.84,NETBANKING,KOTAK,INSUFFICIENT_FUNDS,0,RETRY_LATER,0
0.9411764705882353,0.5,9060.92,WALLET,YESBANK,AUTHENTICATION_FAILED,16,RETRY_NOW,0
0.8990825688073395,0.2727272727272727,1865.92,NETBANKING,KOTAK,BANK_TIMEOUT,13,SEND_REMINDER,1
0.703125,0.0,2724.93,NETBANKING,HDFC,CARD_EXPIRED,3,RETRY_NOW,0
0.822429906542056,0.47368421052631576,9577.63,NETBANKING,SBI,BANK_TIMEOUT,17,SEND_REMINDER,0
0.6825396825396826,1.0,4384.01,WALLET,AXIS,BANK_TIMEOUT,16,RETRY_LATER,1
0.921875,1.0,3578.85,WALLET,KOTAK,NETWORK_ERROR,17,SEND_REMINDER,1
0.9534883720930233,0.5,1750.18,UPI,YESBANK,CARD_EXPIRED,18,NO_ACTION,0
0.5,0.3888888888888889,6035.09,UPI,ICICI,BANK_TIMEOUT,16,SEND_REMINDER,0
0.7402597402597403,0.35,8660.89,CARD,ICICI,AUTHENTICATION_FAILED,18,NO_ACTION,0
0.8653846153846154,0.0,7332.3,UPI,KOTAK,INSUFFICIENT_FUNDS,6,SEND_REMINDER,0
0.8831168831168831,0.6666666666666666,3801.99,WALLET,SBI,LIMIT_EXCEEDED,19,NO_ACTION,0
0.7956989247311828,0.7894736842105263,3435.3,CARD,ICICI,BANK_TIMEOUT,0,SEND_REMINDER,0
0.8148148148148148,0.06666666666666667,7006.82,UPI,YESBANK,AUTHENTICATION_FAILED,6,RETRY_LATER,0
0.5,0.6363636363636364,9454.9,CARD,ICICI,BANK_TIMEOUT,23,RETRY_LATER,1
0.9186046511627907,0.2857142857142857,5676.9,NETBANKING,SBI,AUTHENTICATION_FAILED,4,RETRY_NOW,1
0.8556701030927835,0.9285714285714286,5350.08,UPI,SBI,LIMIT_EXCEEDED,3,SEND_REMINDER,0
0.8924731182795699,0.4,2944.65,WALLET,AXIS,LIMIT_EXCEEDED,13,RETRY_NOW,0
0.7916666666666666,0.2,5601.83,NETBANKING,AXIS,NETWORK_ERROR,20,SEND_REMINDER,0
0.36666666666666664,0.631578947368421,4406.49,NETBANKING,KOTAK,AUTHENTICATION_FAILED,13,NO_ACTION,0
0.8737864077669902,0.23076923076923078,6057.91,UPI,YESBANK,CARD_EXPIRED,19,RETRY_NOW,1
1.0,0.0,7039.97,UPI,AXIS,AUTHENTICATION_FAILED,23,SEND_REMINDER,0
0.94,0.16666666666666666,5952.95,CARD,YESBANK,AUTHENTICATION_FAILED,4,NO_ACTION,0
0.9666666666666667,1.0,9197.45,UPI,AXIS,LIMIT_EXCEEDED,15,NO_ACTION,0
0.883495145631068,0.75,6537.15,CARD,ICICI,AUTHENTICATION_FAILED,2,RETRY_LATER,0
0.6666666666666666,0.6428571428571429,9132.03,WALLET,AXIS,BANK_TIMEOUT,17,RETRY_NOW,1
0.8243243243243243,0.9230769230769231,2770.5,WALLET,SBI,CARD_EXPIRED,16,SEND_REMINDER,1
0.4090909090909091,0.5384615384615384,6117.33,NETBANKING,HDFC,LIMIT_EXCEEDED,23,RETRY_NOW,0
0.7391304347826086,0.16666666666666666,8035.48,NETBANKING,YESBANK,CARD_EXPIRED,8,RETRY_LATER,0
0.8941176470588236,0.2222222222222222,4552.65,WALLET,YESBANK,BANK_TIMEOUT,16,RETRY_NOW,1
0.8028169014084507,0.5,1875.61,CARD,ICICI,BANK_TIMEOUT,7,RETRY_NOW,1
0.8909090909090909,0.3333333333333333,606.64,UPI,KOTAK,AUTHENTICATION_FAILED,17,RETRY_LATER,0
0.9292929292929293,0.0,9058.88,NETBANKING,KOTAK,NETWORK_ERROR,2,NO_ACTION,0
0.8804347826086957,0.0,6731.17,WALLET,KOTAK,BANK_TIMEOUT,4,SEND_REMINDER,1
0.717948717948718,0.18181818181818182,6092.38,WALLET,YESBANK,LIMIT_EXCEEDED,11,RETRY_NOW,0
0.9245283018867925,0.75,4199.76,CARD,AXIS,CARD_EXPIRED,22,NO_ACTION,0
0.7567567567567568,0.6666666666666666,8362.63,WALLET,SBI,LIMIT_EXCEEDED,9,SEND_REMINDER,1
0.9787234042553191,0.0,8299.17,NETBANKING,ICICI,NETWORK_ERROR,3,SEND_REMINDER,1
0.9761904761904762,1.0,5767.96,CARD,AXIS,LIMIT_EXCEEDED,16,NO_ACTION,0
0.896551724137931,0.8888888888888888,3181.58,CARD,SBI,AUTHENTICATION_FAILED,5,RETRY_NOW,1
0.9263157894736842,0.42857142857142855,2106.77,CARD,YESBANK,CARD_EXPIRED,8,SEND_REMINDER,0
0.6326530612244898,0.8333333333333334,2938.02,CARD,SBI,INSUFFICIENT_FUNDS,13,RETRY_LATER,0
0.9743589743589743,0.0,1754.22,CARD,HDFC,LIMIT_EXCEEDED,5,RETRY_LATER,1
0.896551724137931,0.8888888888888888,3181.58,CARD,SBI,AUTHENTICATION_FAILED,5,NO_ACTION,0
0.8876404494382022,0.9,7378.9,CARD,ICICI,NETWORK_ERROR,20,NO_ACTION,0
0.872093023255814,0.09090909090909091,6135.49,WALLET,HDFC,INSUFFICIENT_FUNDS,11,SEND_REMINDER,1
0.5263157894736842,1.0,8762.0,UPI,HDFC,BANK_TIMEOUT,6,RETRY_LATER,1
0.9032258064516129,0.6666666666666666,5340.67,NETBANKING,KOTAK,NETWORK_ERROR,19,NO_ACTION,0
0.7666666666666667,0.5714285714285714,8532.6,WALLET,ICICI,BANK_TIMEOUT,8,RETRY_NOW,0
0.6956521739130435,0.2857142857142857,6285.61,NETBANKING,ICICI,BANK_TIMEOUT,9,RETRY_LATER,0
0.9090909090909091,0.5,4468.4,UPI,HDFC,LIMIT_EXCEEDED,5,RETRY_LATER,0
0.9759036144578314,0.0,3565.37,NETBANKING,KOTAK,BANK_TIMEOUT,5,RETRY_LATER,1
0.9428571428571428,0.0,2683.55,WALLET,YESBANK,LIMIT_EXCEEDED,4,RETRY_LATER,0
0.6851851851851852,0.7058823529411765,4264.49,CARD,SBI,NETWORK_ERROR,3,RETRY_NOW,1
0.8425925925925926,0.47058823529411764,4456.74,CARD,ICICI,LIMIT_EXCEEDED,10,SEND_REMINDER,1
0.6774193548387096,0.4,3263.49,UPI,AXIS,AUTHENTICATION_FAILED,10,RETRY_LATER,0
0.8695652173913043,0.75,4146.02,WALLET,SBI,NETWORK_ERROR,22,RETRY_NOW,0
0.8617021276595744,0.3076923076923077,8162.12,UPI,AXIS,AUTHENTICATION_FAILED,13,SEND_REMINDER,0
1.0,0.0,5419.9,UPI,HDFC,INSUFFICIENT_FUNDS,22,RETRY_LATER,0
0.88,0.6666666666666666,6711.93,NETBANKING,YESBANK,NETWORK_ERROR,8,RETRY_NOW,1
0.391304347826087,0.9285714285714286,8425.41,UPI,HDFC,BANK_TIMEOUT,13,SEND_REMINDER,1
0.5,0.6666666666666666,9223.18,WALLET,YESBANK,CARD_EXPIRED,18,NO_ACTION,0
0.8227848101265823,0.14285714285714285,418.34,UPI,AXIS,CARD_EXPIRED,20,RETRY_NOW,0
0.38461538461538464,1.0,9451.85,NETBANKING,KOTAK,INSUFFICIENT_FUNDS,19,RETRY_NOW,1
0.9777777777777777,1.0,3160.49,WALLET,YESBANK,NETWORK_ERROR,5,NO_ACTION,0
0.8028169014084507,0.5,4168.2,NETBANKING,HDFC,BANK_TIMEOUT,19,RETRY_NOW,1
0.7407407407407407,0.7142857142857143,2335.08,NETBANKING,YESBANK,AUTHENTICATION_FAILED,0,RETRY_LATER,1
0.6666666666666666,0.125,7370.94,CARD,HDFC,LIMIT_EXCEEDED,1,NO_ACTION,0
0.7746478873239436,0.5625,578.95,CARD,SBI,INSUFFICIENT_FUNDS,12,RETRY_NOW,1
0.8571428571428571,0.0,7291.41,CARD,AXIS,BANK_TIMEOUT,21,SEND_REMINDER,0
0.6326530612244898,0.6666666666666666,2531.51,UPI,HDFC,BANK_TIMEOUT,19,RETRY_NOW,1
0.9761904761904762,0.5,7983.31,NETBANKING,AXIS,AUTHENTICATION_FAILED,14,SEND_REMINDER,0
0.42857142857142855,0.5625,5674.41,CARD,AXIS,CARD_EXPIRED,12,RETRY_LATER,0
0.9863013698630136,1.0,5559.68,NETBANKING,AXIS,CARD_EXPIRED,3,RETRY_LATER,0
0.7837837837837838,0.625,7020.98,CARD,ICICI,BANK_TIMEOUT,15,RETRY_NOW,1
0.7333333333333333,0.625,3355.02,UPI,ICICI,NETWORK_ERROR,13,RETRY_NOW,0
0.5909090909090909,0.6666666666666666,2146.67,UPI,KOTAK,LIMIT_EXCEEDED,10,NO_ACTION,0
0.7285714285714285,1.0,6610.35,CARD,AXIS,BANK_TIMEOUT,3,SEND_REMINDER,0
0.9230769230769231,0.6,6140.4,WALLET,SBI,LIMIT_EXCEEDED,15,SEND_REMINDER,1
0.8571428571428571,0.8571428571428571,2488.05,UPI,SBI,NETWORK_ERROR,6,RETRY_NOW,1
0.8494623655913979,0.35714285714285715,3145.91,UPI,SBI,BANK_TIMEOUT,1,RETRY_NOW,1
0.8275862068965517,0.3333333333333333,556.8,UPI,ICICI,NETWORK_ERROR,21,NO_ACTION,0
0.5121951219512195,0.45,4144.37,NETBANKING,HDFC,BANK_TIMEOUT,23,NO_ACTION,0
0.8148148148148148,0.8,9435.77,NETBANKING,HDFC,CARD_EXPIRED,21,NO_ACTION,0
0.8421052631578947,0.6666666666666666,7213.24,CARD,HDFC,AUTHENTICATION_FAILED,9,RETRY_LATER,1
0.896551724137931,0.8888888888888888,4868.98,UPI,ICICI,AUTHENTICATION_FAILED,4,RETRY_LATER,0
0.45454545454545453,0.8333333333333334,9838.98,WALLET,ICICI,AUTHENTICATION_FAILED,2,NO_ACTION,0
0.5238095238095238,0.7,8167.39,UPI,YESBANK,CARD_EXPIRED,14,NO_ACTION,0
0.8392857142857143,0.0,3335.27,NETBANKING,SBI,CARD_EXPIRED,9,RETRY_NOW,0
0.9888888888888889,1.0,4444.66,CARD,AXIS,INSUFFICIENT_FUNDS,17,SEND_REMINDER,0
0.9888888888888889,1.0,6786.39,UPI,YESBANK,LIMIT_EXCEEDED,6,SEND_REMINDER,1
0.7638888888888888,0.17647058823529413,9191.66,NETBANKING,SBI,BANK_TIMEOUT,17,RETRY_NOW,1
0.8260869565217391,0.75,5117.18,NETBANKING,HDFC,AUTHENTICATION_FAILED,7,RETRY_LATER,1
0.9473684210526315,0.25,8849.49,UPI,SBI,BANK_TIMEOUT,2,SEND_REMINDER,1
0.7397260273972602,1.0,9380.44,CARD,HDFC,AUTHENTICATION_FAILED,20,RETRY_LATER,1
0.7333333333333333,1.0,9739.91,UPI,KOTAK,CARD_EXPIRED,6,SEND_REMINDER,1
0.6785714285714286,0.7777777777777778,5546.66,NETBANKING,YESBANK,AUTHENTICATION_FAILED,22,SEND_REMINDER,1
0.4482758620689655,0.4375,6344.2,UPI,YESBANK,CARD_EXPIRED,15,RETRY_LATER,0
0.6724137931034483,0.10526315789473684,9435.37,NETBANKING,KOTAK,LIMIT_EXCEEDED,19,RETRY_NOW,0
0.9042553191489362,0.8888888888888888,1447.22,WALLET,HDFC,AUTHENTICATION_FAILED,19,RETRY_NOW,1
0.8660714285714286,0.8,844.92,NETBANKING,KOTAK,LIMIT_EXCEEDED,17,RETRY_LATER,0
0.7590361445783133,0.1,3779.99,NETBANKING,YESBANK,AUTHENTICATION_FAILED,9,RETRY_LATER,0
0.7432432432432432,0.8947368421052632,3107.38,NETBANKING,SBI,CARD_EXPIRED,14,SEND_REMINDER,1
0.9090909090909091,0.5,1602.95,CARD,SBI,BANK_TIMEOUT,15,RETRY_LATER,0
0.8867924528301887,0.8333333333333334,8378.5,WALLET,YESBANK,AUTHENTICATION_FAILED,5,NO_ACTION,0
0.8909090909090909,0.6666666666666666,2127.14,UPI,SBI,CARD_EXPIRED,5,RETRY_NOW,1
0.7931034482758621,0.8333333333333334,7543.86,CARD,HDFC,BANK_TIMEOUT,8,NO_ACTION,0
0.8028169014084507,0.5,9053.08,UPI,KOTAK,NETWORK_ERROR,17,SEND_REMINDER,0
0.8421052631578947,0.0,9392.33,CARD,SBI,NETWORK_ERROR,1,RETRY_LATER,1
0.8152173913043478,0.9411764705882353,1775.8,WALLET,YESBANK,CARD_EXPIRED,3,RETRY_LATER,0
0.82,1.0,2356.78,WALLET,YESBANK,AUTHENTICATION_FAILED,1,RETRY_LATER,0
0.703125,0.0,2724.93,NETBANKING,HDFC,CARD_EXPIRED,3,SEND_REMINDER,0
0.38461538461538464,1.0,9451.85,NETBANKING,KOTAK,INSUFFICIENT_FUNDS,19,NO_ACTION,0
0.7802197802197802,0.75,3585.58,CARD,ICICI,NETWORK_ERROR,1,NO_ACTION,0
0.9183673469387755,0.75,8172.73,UPI,HDFC,NETWORK_ERROR,21,RETRY_NOW,0
0.9473684210526315,0.25,7356.55,NETBANKING,ICICI,BANK_TIMEOUT,6,RETRY_LATER,1
0.7681159420289855,0.4375,3213.33,NETBANKING,KOTAK,CARD_EXPIRED,12,RETRY_NOW,1
0.4230769230769231,0.6666666666666666,7850.53,CARD,ICICI,INSUFFICIENT_FUNDS,14,SEND_REMINDER,0
0.6444444444444445,0.625,7448.35,UPI,AXIS,INSUFFICIENT_FUNDS,9,NO_ACTION,0
0.9876543209876543,1.0,4789.22,NETBANKING,KOTAK,BANK_TIMEOUT,23,NO_ACTION,0
0.34782608695652173,0.4,6999.32,WALLET,AXIS,INSUFFICIENT_FUNDS,0,RETRY_NOW,0
0.7049180327868853,0.5555555555555556,6335.28,UPI,AXIS,BANK_TIMEOUT,14,RETRY_NOW,0
0.8571428571428571,0.0,6781.8,CARD,ICICI,BANK_TIMEOUT,13,NO_ACTION,0
0.8777777777777778,0.6363636363636364,2219.93,NETBANKING,KOTAK,NETWORK_ERROR,23,RETRY_LATER,1
0.5,0.8333333333333334,1367.72,CARD,ICICI,INSUFFICIENT_FUNDS,15,SEND_REMINDER,1
0.45454545454545453,0.8333333333333334,5419.97,CARD,AXIS,INSUFFICIENT_FUNDS,13,SEND_REMINDER,1
0.9310344827586207,0.75,5221.38,CARD,SBI,CARD_EXPIRED,21,RETRY_LATER,0
0.9777777777777777,1.0,4817.68,CARD,KOTAK,AUTHENTICATION_FAILED,5,SEND_REMINDER,0
1.0,0.0,6596.56,UPI,ICICI,INSUFFICIENT_FUNDS,0,NO_ACTION,0
0.822429906542056,0.47368421052631576,9577.63,NETBANKING,SBI,BANK_TIMEOUT,17,RETRY_LATER,1
0.8421052631578947,0.6666666666666666,9572.33,NETBANKING,ICICI,INSUFFICIENT_FUNDS,12,RETRY_LATER,1
0.9,0.375,8817.59,UPI,ICICI,BANK_TIMEOUT,14,RETRY_LATER,1
0.7391304347826086,0.16666666666666666,8035.48,NETBANKING,YESBANK,CARD_EXPIRED,8,NO_ACTION,0
0.9487179487179487,0.0,5172.84,UPI,HDFC,NETWORK_ERROR,12,NO_ACTION,0
0.8243243243243243,0.9230769230769231,9043.8,NETBANKING,AXIS,BANK_TIMEOUT,4,NO_ACTION,0
0.863013698630137,0.0,8111.14,UPI,KOTAK,CARD_EXPIRED,1,RETRY_NOW,1
0.927710843373494,0.8333333333333334,8860.75,CARD,KOTAK,CARD_EXPIRED,6,NO_ACTION,0
0.8615384615384616,0.8888888888888888,1997.23,CARD,KOTAK,BANK_TIMEOUT,13,NO_ACTION,0
0.8494623655913979,0.35714285714285715,3796.43,WALLET,AXIS,INSUFFICIENT_FUNDS,18,RETRY_NOW,0
0.65,1.0,6704.19,WALLET,YESBANK,NETWORK_ERROR,9,RETRY_NOW,0
0.8285714285714286,0.5,4005.75,NETBANKING,HDFC,BANK_TIMEOUT,0,RETRY_LATER,1
0.45454545454545453,0.8333333333333334,8479.38,CARD,ICICI,BANK_TIMEOUT,13,RETRY_NOW,0
0.631578947368421,0.14285714285714285,1948.93,NETBANKING,HDFC,LIMIT_EXCEEDED,3,RETRY_NOW,0
0.6727272727272727,0.7222222222222222,7973.95,NETBANKING,KOTAK,INSUFFICIENT_FUNDS,4,NO_ACTION,0
0.8765432098765432,0.5,812.77,CARD,ICICI,LIMIT_EXCEEDED,6,NO_ACTION,0
0.7272727272727273,0.4166666666666667,593.55,CARD,YESBANK,AUTHENTICATION_FAILED,22,RETRY_LATER,1
0.8888888888888888,0.2857142857142857,1039.93,NETBANKING,KOTAK,NETWORK_ERROR,11,RETRY_LATER,1
0.94,0.16666666666666666,5952.95,CARD,YESBANK,AUTHENTICATION_FAILED,4,RETRY_NOW,0
0.2,0.4,2407.93,WALLET,ICICI,LIMIT_EXCEEDED,12,RETRY_LATER,0
0.8771929824561403,0.7857142857142857,6794.75,CARD,ICICI,INSUFFICIENT_FUNDS,15,RETRY_LATER,1
0.9375,0.5,8889.22,NETBANKING,HDFC,AUTHENTICATION_FAILED,21,RETRY_LATER,1
0.9333333333333333,0.0,5565.17,UPI,KOTAK,NETWORK_ERROR,7,SEND_REMINDER,1
0.9661016949152542,1.0,6638.04,CARD,SBI,BANK_TIMEOUT,21,SEND_REMINDER,1
0.6727272727272727,0.7222222222222222,2836.46,CARD,AXIS,INSUFFICIENT_FUNDS,15,RETRY_NOW,0
0.9761904761904762,0.5,7983.31,NETBANKING,AXIS,AUTHENTICATION_FAILED,14,RETRY_NOW,0
0.8157894736842105,0.0,5292.93,UPI,SBI,BANK_TIMEOUT,6,RETRY_NOW,0
0.7333333333333333,0.625,3355.02,UPI,ICICI,NETWORK_ERROR,13,SEND_REMINDER,0
0.9310344827586207,0.75,512.78,UPI,SBI,LIMIT_EXCEEDED,13,RETRY_LATER,0
0.8981481481481481,0.5454545454545454,8426.24,WALLET,ICICI,INSUFFICIENT_FUNDS,15,RETRY_LATER,0
0.75,0.7894736842105263,8984.28,NETBANKING,ICICI,LIMIT_EXCEEDED,23,SEND_REMINDER,0
0.8421052631578947,0.6666666666666666,269.12,UPI,ICICI,NETWORK_ERROR,5,NO_ACTION,0
0.8571428571428571,0.8571428571428571,6969.06,WALLET,AXIS,NETWORK_ERROR,19,SEND_REMINDER,1
0.7916666666666666,0.2,7361.69,NETBANKING,KOTAK,NETWORK_ERROR,6,RETRY_NOW,0
0.8969072164948454,0.2,9379.8,UPI,ICICI,INSUFFICIENT_FUNDS,3,RETRY_LATER,0
0.9759036144578314,0.0,3565.37,NETBANKING,KOTAK,BANK_TIMEOUT,5,NO_ACTION,0
0.8518518518518519,0.0,5041.83,UPI,YESBANK,INSUFFICIENT_FUNDS,19,RETRY_NOW,0
0.8428571428571429,0.8181818181818182,1068.71,CARD,YESBANK,CARD_EXPIRED,4,NO_ACTION,0
0.3,0.8571428571428571,3510.24,CARD,YESBANK,AUTHENTICATION_FAILED,9,SEND_REMINDER,0
0.5,0.3888888888888889,8026.5,CARD,ICICI,AUTHENTICATION_FAILED,18,RETRY_NOW,1
0.5263157894736842,1.0,5371.83,NETBANKING,SBI,AUTHENTICATION_FAILED,17,RETRY_LATER,1
0.5,0.05,2274.09,WALLET,KOTAK,AUTHENTICATION_FAILED,14,NO_ACTION,0
0.6363636363636364,0.0,6642.76,UPI,SBI,NETWORK_ERROR,21,NO_ACTION,0
0.9318181818181818,0.0,4446.87,UPI,ICICI,INSUFFICIENT_FUNDS,3,SEND_REMINDER,1
0.8979591836734694,1.0,3215.77,CARD,HDFC,LIMIT_EXCEEDED,12,RETRY_LATER,0
0.7931034482758621,0.8333333333333334,3151.0,UPI,AXIS,CARD_EXPIRED,12,RETRY_NOW,0
1.0,0.0,8116.45,CARD,ICICI,CARD_EXPIRED,7,RETRY_LATER,0
0.5,0.3888888888888889,6662.56,UPI,HDFC,AUTHENTICATION_FAILED,2,RETRY_LATER,0
0.8955223880597015,0.0,5264.01,CARD,HDFC,CARD_EXPIRED,19,NO_ACTION,0
0.7,0.3333333333333333,9128.34,NETBANKING,SBI,INSUFFICIENT_FUNDS,16,RETRY_LATER,0
0.8928571428571429,0.6666666666666666,2638.35,CARD,YESBANK,AUTHENTICATION_FAILED,13,SEND_REMINDER,1
0.9801980198019802,0.0,7795.37,UPI,HDFC,INSUFFICIENT_FUNDS,18,SEND_REMINDER,0
0.8653846153846154,0.0,2626.11,NETBANKING,ICICI,INSUFFICIENT_FUNDS,11,NO_ACTION,0
0.7875,0.5294117647058824,6093.95,CARD,YESBANK,AUTHENTICATION_FAILED,2,RETRY_LATER,0
0.7402597402597403,0.35,7997.29,UPI,YESBANK,LIMIT_EXCEEDED,1,RETRY_NOW,1
0.5909090909090909,0.6666666666666666,7774.7,NETBANKING,HDFC,AUTHENTICATION_FAILED,18,RETRY_NOW,1
0.88,0.6666666666666666,5475.74,NETBANKING,HDFC,INSUFFICIENT_FUNDS,1,SEND_REMINDER,1
0.8928571428571429,0.6666666666666666,2702.66,NETBANKING,HDFC,INSUFFICIENT_FUNDS,23,RETRY_NOW,1
0.7432432432432432,0.8947368421052632,5751.72,UPI,ICICI,LIMIT_EXCEEDED,9,RETRY_LATER,1
0.8157894736842105,0.0,5292.93,UPI,SBI,BANK_TIMEOUT,6,NO_ACTION,0
0.9411764705882353,0.0,227.61,WALLET,KOTAK,BANK_TIMEOUT,8,NO_ACTION,0
0.8571428571428571,0.14285714285714285,7091.45,UPI,AXIS,BANK_TIMEOUT,5,RETRY_NOW,1
0.8421052631578947,0.0,5919.79,WALLET,HDFC,CARD_EXPIRED,11,SEND_REMINDER,1
0.8811881188118812,0.16666666666666666,2485.71,CARD,SBI,CARD_EXPIRED,14,RETRY_NOW,0
0.8,0.17647058823529413,3960.26,CARD,KOTAK,AUTHENTICATION_FAILED,1,RETRY_NOW,0
0.8260869565217391,0.75,5484.64,CARD,KOTAK,NETWORK_ERROR,13,NO_ACTION,0
0.5777777777777777,0.47368421052631576,745.63,NETBANKING,KOTAK,LIMIT_EXCEEDED,10,NO_ACTION,0
0.9846153846153847,1.0,1276.26,NETBANKING,AXIS,AUTHENTICATION_FAILED,13,SEND_REMINDER,1
0.8591549295774648,0.3,6377.8,UPI,HDFC,INSUFFICIENT_FUNDS,18,RETRY_LATER,0
0.9661016949152542,1.0,6737.03,CARD,AXIS,INSUFFICIENT_FUNDS,7,RETRY_NOW,0
0.8208955223880597,0.5,305.04,UPI,SBI,AUTHENTICATION_FAILED,10,NO_ACTION,0
0.5151515151515151,0.5625,7309.94,WALLET,YESBANK,BANK_TIMEOUT,14,RETRY_LATER,1
0.797752808988764,0.5,2105.34,CARD,AXIS,CARD_EXPIRED,21,RETRY_LATER,0
0.45454545454545453,0.8333333333333334,2654.6,CARD,KOTAK,NETWORK_ERROR,1,NO_ACTION,0
0.696969696969697,0.6,7348.63,WALLET,YESBANK,INSUFFICIENT_FUNDS,1,RETRY_NOW,1
0.7906976744186046,0.5555555555555556,1492.72,WALLET,KOTAK,INSUFFICIENT_FUNDS,11,SEND_REMINDER,1
0.8823529411764706,0.0,2802.4,WALLET,SBI,LIMIT_EXCEEDED,12,SEND_REMINDER,0
0.9827586206896551,0.0,9798.86,NETBANKING,YESBANK,INSUFFICIENT_FUNDS,23,RETRY_LATER,1
0.9204545454545454,0.14285714285714285,3632.33,UPI,ICICI,CARD_EXPIRED,8,RETRY_LATER,0
0.8461538461538461,0.8333333333333334,6487.77,CARD,ICICI,BANK_TIMEOUT,16,NO_ACTION,0
0.9787234042553191,0.0,9742.61,UPI,KOTAK,CARD_EXPIRED,19,SEND_REMINDER,0
0.5714285714285714,0.0,149.73,NETBANKING,ICICI,NETWORK_ERROR,15,NO_ACTION,0
0.8208955223880597,0.5833333333333334,9750.01,NETBANKING,KOTAK,CARD_EXPIRED,18,RETRY_NOW,1
0.8762886597938144,0.0,972.42,WALLET,HDFC,LIMIT_EXCEEDED,13,RETRY_LATER,0
0.875,0.8571428571428571,606.93,UPI,SBI,INSUFFICIENT_FUNDS,7,NO_ACTION,0
1.0,0.0,9302.71,CARD,ICICI,CARD_EXPIRED,12,SEND_REMINDER,1
0.927710843373494,0.8333333333333334,1478.69,NETBANKING,SBI,INSUFFICIENT_FUNDS,9,SEND_REMINDER,1
0.9661016949152542,1.0,3995.68,UPI,ICICI,BANK_TIMEOUT,8,RETRY_NOW,0
0.8648648648648649,0.3333333333333333,1730.49,NETBANKING,SBI,LIMIT_EXCEEDED,4,RETRY_NOW,0
0.7755102040816326,0.6363636363636364,7536.95,CARD,KOTAK,LIMIT_EXCEEDED,19,RETRY_NOW,1
0.8125,0.5833333333333334,9432.86,NETBANKING,ICICI,LIMIT_EXCEEDED,20,NO_ACTION,0
0.797752808988764,0.1111111111111111,4305.93,UPI,AXIS,NETWORK_ERROR,17,NO_ACTION,0
0.7916666666666666,0.05,4133.95,CARD,AXIS,CARD_EXPIRED,19,RETRY_NOW,0
0.5641025641025641,0.0,7519.84,UPI,HDFC,INSUFFICIENT_FUNDS,2,NO_ACTION,0
0.9375,0.0,2215.81,NETBANKING,YESBANK,AUTHENTICATION_FAILED,23,SEND_REMINDER,1
0.8301886792452831,0.3333333333333333,8489.41,WALLET,AXIS,LIMIT_EXCEEDED,10,SEND_REMINDER,0
0.7764705882352941,0.3684210526315789,4793.02,UPI,AXIS,LIMIT_EXCEEDED,16,SEND_REMINDER,0
1.0,0.0,1849.51,CARD,SBI,INSUFFICIENT_FUNDS,7,RETRY_NOW,0
0.8850574712643678,0.2,2960.95,WALLET,SBI,INSUFFICIENT_FUNDS,16,RETRY_LATER,0
0.9428571428571428,1.0,3339.15,WALLET,AXIS,INSUFFICIENT_FUNDS,20,SEND_REMINDER,1
0.9803921568627451,0.0,4958.01,CARD,HDFC,BANK_TIMEOUT,22,RETRY_NOW,1
0.7764705882352941,0.3684210526315789,9310.31,CARD,AXIS,AUTHENTICATION_FAILED,22,RETRY_NOW,1
0.6,0.7222222222222222,4471.17,UPI,HDFC,BANK_TIMEOUT,5,NO_ACTION,0
0.7285714285714285,1.0,5611.0,UPI,AXIS,NETWORK_ERROR,1,RETRY_LATER,0
0.7872340425531915,0.55,4973.39,UPI,YESBANK,CARD_EXPIRED,21,NO_ACTION,0
0.34615384615384615,0.7647058823529411,4199.28,CARD,HDFC,BANK_TIMEOUT,19,SEND_REMINDER,0
0.7397260273972602,1.0,2957.46,UPI,AXIS,NETWORK_ERROR,0,RETRY_LATER,1
0.975609756097561,0.0,6241.9,NETBANKING,AXIS,AUTHENTICATION_FAILED,6,SEND_REMINDER,0
0.8085106382978723,0.5555555555555556,6964.72,NETBANKING,YESBANK,AUTHENTICATION_FAILED,7,RETRY_LATER,1
0.8936170212765957,0.1,1611.21,UPI,KOTAK,NETWORK_ERROR,7,SEND_REMINDER,1
0.8260869565217391,0.4,761.49,CARD,SBI,BANK_TIMEOUT,8,RETRY_NOW,0
0.8409090909090909,1.0,6465.71,CARD,YESBANK,CARD_EXPIRED,20,NO_ACTION,0
0.94,0.16666666666666666,230.71,WALLET,HDFC,LIMIT_EXCEEDED,1,SEND_REMINDER,1
0.90625,0.0,320.14,CARD,KOTAK,LIMIT_EXCEEDED,19,SEND_REMINDER,1
0.9195402298850575,0.2857142857142857,538.32,UPI,KOTAK,AUTHENTICATION_FAILED,12,NO_ACTION,0
0.90625,0.0,8776.22,NETBANKING,YESBANK,INSUFFICIENT_FUNDS,23,NO_ACTION,0
0.9204545454545454,0.14285714285714285,2962.92,WALLET,SBI,NETWORK_ERROR,18,NO_ACTION,0
0.40625,0.21052631578947367,3071.58,NETBANKING,ICICI,AUTHENTICATION_FAILED,7,RETRY_LATER,0
0.5384615384615384,0.8333333333333334,5546.05,WALLET,YESBANK,NETWORK_ERROR,7,NO_ACTION,0
0.7567567567567568,0.6666666666666666,8362.63,WALLET,SBI,LIMIT_EXCEEDED,9,NO_ACTION,0
0.9888888888888889,1.0,4444.66,CARD,AXIS,INSUFFICIENT_FUNDS,17,RETRY_LATER,1
0.8282828282828283,0.7647058823529411,4382.26,NETBANKING,HDFC,INSUFFICIENT_FUNDS,0,RETRY_LATER,1
0.8888888888888888,0.875,6236.85,UPI,KOTAK,AUTHENTICATION_FAILED,20,NO_ACTION,0
0.5609756097560976,0.7777777777777778,213.8,CARD,SBI,INSUFFICIENT_FUNDS,19,NO_ACTION,0
0.8846153846153846,1.0,579.09,NETBANKING,ICICI,NETWORK_ERROR,22,NO_ACTION,0
0.6122448979591837,0.5263157894736842,4150.0,NETBANKING,YESBANK,LIMIT_EXCEEDED,10,RETRY_NOW,1
0.8981481481481481,0.5454545454545454,478.87,CARD,AXIS,NETWORK_ERROR,1,NO_ACTION,0
0.9354838709677419,1.0,6893.84,NETBANKING,KOTAK,AUTHENTICATION_FAILED,22,SEND_REMINDER,0
0.8064516129032258,0.6666666666666666,604.39,CARD,YESBANK,LIMIT_EXCEEDED,10,RETRY_LATER,1
0.28,0.5,1781.71,NETBANKING,KOTAK,CARD_EXPIRED,7,RETRY_LATER,0
0.6666666666666666,0.5714285714285714,3587.45,CARD,KOTAK,BANK_TIMEOUT,19,RETRY_LATER,1
0.6551724137931034,0.75,8146.59,NETBANKING,SBI,BANK_TIMEOUT,16,RETRY_NOW,0
0.75,1.0,3839.86,CARD,KOTAK,LIMIT_EXCEEDED,6,RETRY_LATER,0
1.0,0.0,9931.26,NETBANKING,AXIS,BANK_TIMEOUT,1,RETRY_NOW,0
0.8780487804878049,0.6,8505.52,WALLET,SBI,BANK_TIMEOUT,4,RETRY_LATER,1
0.8407079646017699,0.8888888888888888,5833.16,WALLET,HDFC,LIMIT_EXCEEDED,6,SEND_REMINDER,1
0.6216216216216216,1.0,7917.85,CARD,YESBANK,INSUFFICIENT_FUNDS,18,NO_ACTION,0
0.7241379310344828,0.625,6746.7,UPI,YESBANK,BANK_TIMEOUT,7,RETRY_LATER,1
0.8253968253968254,1.0,7330.06,CARD,HDFC,BANK_TIMEOUT,18,NO_ACTION,0
0.9411764705882353,0.0,6986.56,WALLET,AXIS,CARD_EXPIRED,12,RETRY_LATER,0
0.2857142857142857,0.5,8488.7,NETBANKING,ICICI,LIMIT_EXCEEDED,20,RETRY_LATER,0
0.6041666666666666,0.10526315789473684,1954.99,UPI,HDFC,LIMIT_EXCEEDED,10,NO_ACTION,0
0.25,0.3333333333333333,2445.2,UPI,ICICI,AUTHENTICATION_FAILED,23,SEND_REMINDER,0
0.921875,1.0,3578.85,WALLET,KOTAK,NETWORK_ERROR,17,NO_ACTION,0
0.8070175438596491,0.36363636363636365,2812.1,UPI,AXIS,INSUFFICIENT_FUNDS,19,NO_ACTION,0
0.9850746268656716,0.0,3376.08,UPI,YESBANK,AUTHENTICATION_FAILED,9,RETRY_NOW,0
0.5652173913043478,0.6,8341.54,UPI,SBI,AUTHENTICATION_FAILED,7,RETRY_LATER,1
0.8,0.17647058823529413,3960.26,CARD,KOTAK,AUTHENTICATION_FAILED,1,SEND_REMINDER,1
0.8279569892473119,0.1875,6450.44,CARD,AXIS,AUTHENTICATION_FAILED,13,RETRY_NOW,0
0.8691588785046729,0.7857142857142857,5034.85,UPI,ICICI,CARD_EXPIRED,16,SEND_REMINDER,0
0.845360824742268,0.3333333333333333,7959.21,CARD,HDFC,BANK_TIMEOUT,22,SEND_REMINDER,1
0.92,1.0,5757.83,NETBANKING,KOTAK,NETWORK_ERROR,20,RETRY_NOW,1
0.7763157894736842,0.29411764705882354,6483.82,CARD,SBI,LIMIT_EXCEEDED,9,SEND_REMINDER,1
0.8571428571428571,0.0,7825.34,WALLET,AXIS,BANK_TIMEOUT,21,NO_ACTION,0
1.0,0.0,1849.51,CARD,SBI,INSUFFICIENT_FUNDS,7,RETRY_LATER,0
0.5555555555555556,0.4,617.05,UPI,HDFC,CARD_EXPIRED,13,SEND_REMINDER,1
0.9896907216494846,1.0,6149.37,CARD,KOTAK,NETWORK_ERROR,1,RETRY_NOW,1
0.8777777777777778,0.8181818181818182,1712.2,WALLET,AXIS,NETWORK_ERROR,0,RETRY_LATER,1
0.7037037037037037,0.5625,4122.14,UPI,YESBANK,CARD_EXPIRED,15,NO_ACTION,0
0.8103448275862069,0.7272727272727273,8145.51,UPI,YESBANK,LIMIT_EXCEEDED,13,RETRY_NOW,0
0.6129032258064516,0.5833333333333334,5654.54,WALLET,AXIS,NETWORK_ERROR,1,NO_ACTION,0
0.9761904761904762,0.5,2627.46,WALLET,HDFC,AUTHENTICATION_FAILED,21,RETRY_LATER,0
0.7857142857142857,0.3333333333333333,3293.14,UPI,AXIS,AUTHENTICATION_FAILED,2,SEND_REMINDER,0
1.0,0.0,7508.46,NETBANKING,HDFC,INSUFFICIENT_FUNDS,19,RETRY_LATER,0
0.7142857142857143,0.0,2521.22,WALLET,HDFC,AUTHENTICATION_FAILED,5,SEND_REMINDER,0
0.8737864077669902,0.23076923076923078,6057.91,UPI,YESBANK,CARD_EXPIRED,19,RETRY_LATER,0
0.9117647058823529,0.3333333333333333,818.5,NETBANKING,ICICI,NETWORK_ERROR,3,RETRY_LATER,0
0.8428571428571429,0.8181818181818182,9007.56,CARD,ICICI,INSUFFICIENT_FUNDS,21,SEND_REMINDER,1
0.7702702702702703,0.058823529411764705,2251.23,CARD,YESBANK,INSUFFICIENT_FUNDS,1,RETRY_LATER,0
0.782608695652174,0.4666666666666667,3828.56,UPI,YESBANK,AUTHENTICATION_FAILED,18,NO_ACTION,0
0.9375,0.0,5866.02,UPI,HDFC,BANK_TIMEOUT,1,RETRY_NOW,0
0.9555555555555556,0.0,4540.43,UPI,AXIS,CARD_EXPIRED,7,SEND_REMINDER,0
0.896551724137931,0.8888888888888888,3181.58,CARD,SBI,AUTHENTICATION_FAILED,5,SEND_REMINDER,0
0.8764044943820225,0.18181818181818182,6120.45,WALLET,AXIS,AUTHENTICATION_FAILED,17,SEND_REMINDER,0
0.967741935483871,1.0,4386.91,CARD,YESBANK,AUTHENTICATION_FAILED,5,RETRY_LATER,0
0.8488372093023255,0.5384615384615384,9732.48,UPI,YESBANK,INSUFFICIENT_FUNDS,10,RETRY_NOW,0
0.7590361445783133,0.1,3779.99,NETBANKING,YESBANK,AUTHENTICATION_FAILED,9,NO_ACTION,0
0.7397260273972602,1.0,2957.46,UPI,AXIS,NETWORK_ERROR,0,SEND_REMINDER,0
0.7666666666666667,0.5714285714285714,8532.6,WALLET,ICICI,BANK_TIMEOUT,8,SEND_REMINDER,1
0.9078947368421053,1.0,4758.39,UPI,HDFC,CARD_EXPIRED,17,RETRY_LATER,0
0.2857142857142857,0.5,7573.55,NETBANKING,ICICI,BANK_TIMEOUT,0,SEND_REMINDER,0
0.7872340425531915,0.0,5393.89,CARD,KOTAK,NETWORK_ERROR,17,NO_ACTION,0
0.90625,0.0,3492.97,NETBANKING,KOTAK,INSUFFICIENT_FUNDS,9,RETRY_NOW,1
0.7142857142857143,0.0,2436.11,UPI,ICICI,LIMIT_EXCEEDED,6,SEND_REMINDER,0
0.8556701030927835,0.9285714285714286,872.5,UPI,KOTAK,INSUFFICIENT_FUNDS,13,NO_ACTION,0
0.8910891089108911,0.0,5451.55,WALLET,ICICI,AUTHENTICATION_FAILED,12,NO_ACTION,0
0.9761904761904762,1.0,5767.96,CARD,AXIS,LIMIT_EXCEEDED,16,RETRY_LATER,0
0.7875,0.5294117647058824,458.72,WALLET,KOTAK,BANK_TIMEOUT,18,NO_ACTION,0
0.9,0.2,2687.12,NETBANKING,HDFC,CARD_EXPIRED,2,RETRY_LATER,0
0.9204545454545454,0.14285714285714285,1514.89,CARD,KOTAK,LIMIT_EXCEEDED,18,RETRY_LATER,0
0.9811320754716981,1.0,4010.51,CARD,KOTAK,INSUFFICIENT_FUNDS,7,SEND_REMINDER,0
0.9428571428571428,0.0,3073.14,UPI,AXIS,CARD_EXPIRED,18,SEND_REMINDER,0
0.5348837209302325,0.4,1453.54,CARD,SBI,NETWORK_ERROR,18,RETRY_NOW,1
0.8303571428571429,0.3684210526315789,6449.67,WALLET,SBI,CARD_EXPIRED,16,NO_ACTION,0
0.7777777777777778,0.0,967.77,NETBANKING,SBI,LIMIT_EXCEEDED,15,RETRY_LATER,0
0.7666666666666667,0.5714285714285714,2089.2,UPI,ICICI,CARD_EXPIRED,1,RETRY_LATER,0
0.9072164948453608,0.4444444444444444,2209.71,NETBANKING,YESBANK,NETWORK_ERROR,4,SEND_REMINDER,0
0.9333333333333333,0.6666666666666666,3911.29,WALLET,SBI,AUTHENTICATION_FAILED,18,RETRY_LATER,0
0.979381443298969,0.5,4434.85,UPI,KOTAK,INSUFFICIENT_FUNDS,6,RETRY_LATER,1
0.4090909090909091,0.5384615384615384,1086.41,CARD,SBI,AUTHENTICATION_FAILED,9,RETRY_NOW,0
0.8247422680412371,1.0,7662.23,WALLET,YESBANK,AUTHENTICATION_FAILED,14,RETRY_LATER,0
0.7407407407407407,0.7142857142857143,113.24,NETBANKING,KOTAK,BANK_TIMEOUT,3,RETRY_LATER,1
0.7142857142857143,0.0,8825.84,CARD,YESBANK,LIMIT_EXCEEDED,0,RETRY_NOW,0
0.7285714285714285,1.0,8745.61,WALLET,SBI,LIMIT_EXCEEDED,20,SEND_REMINDER,1
0.7681159420289855,0.4375,6671.99,WALLET,KOTAK,BANK_TIMEOUT,20,SEND_REMINDER,0
0.7333333333333333,1.0,2310.02,CARD,SBI,INSUFFICIENT_FUNDS,22,NO_ACTION,0
0.6226415094339622,0.85,2934.82,WALLET,AXIS,AUTHENTICATION_FAILED,6,SEND_REMINDER,1
0.8804347826086957,0.0,6731.17,WALLET,KOTAK,BANK_TIMEOUT,4,RETRY_LATER,0
0.3,0.8571428571428571,135.53,WALLET,HDFC,NETWORK_ERROR,10,RETRY_LATER,1
0.34615384615384615,0.5882352941176471,3339.38,WALLET,ICICI,NETWORK_ERROR,20,RETRY_LATER,1
0.9178082191780822,0.0,9797.85,NETBANKING,KOTAK,CARD_EXPIRED,22,SEND_REMINDER,1
0.8135593220338984,0.0,4105.89,UPI,HDFC,AUTHENTICATION_FAILED,3,NO_ACTION,0
0.7777777777777778,0.0,7141.18,WALLET,SBI,BANK_TIMEOUT,9,SEND_REMINDER,1
0.7619047619047619,0.35,1464.02,UPI,HDFC,CARD_EXPIRED,1,SEND_REMINDER,1
0.7564102564102564,0.3157894736842105,2174.48,NETBANKING,KOTAK,LIMIT_EXCEEDED,15,RETRY_LATER,0
0.6904761904761905,0.6153846153846154,7124.48,UPI,SBI,BANK_TIMEOUT,23,NO_ACTION,0
0.8181818181818182,0.0,8617.29,NETBANKING,ICICI,NETWORK_ERROR,0,RETRY_NOW,0
0.8494623655913979,0.35714285714285715,3796.43,WALLET,AXIS,INSUFFICIENT_FUNDS,18,NO_ACTION,0
0.8157894736842105,0.0,8634.83,UPI,AXIS,INSUFFICIENT_FUNDS,6,RETRY_LATER,0
0.7846153846153846,0.7857142857142857,3411.3,UPI,AXIS,CARD_EXPIRED,11,RETRY_LATER,0
0.8350515463917526,0.8125,3769.19,CARD,YESBANK,LIMIT_EXCEEDED,4,SEND_REMINDER,1
0.896551724137931,0.3333333333333333,3866.29,CARD,KOTAK,NETWORK_ERROR,20,RETRY_LATER,0
0.7346938775510204,0.23076923076923078,1808.46,CARD,HDFC,CARD_EXPIRED,19,SEND_REMINDER,0
0.8444444444444444,0.14285714285714285,3154.66,NETBANKING,AXIS,AUTHENTICATION_FAILED,17,SEND_REMINDER,0
0.9210526315789473,1.0,7544.14,WALLET,KOTAK,AUTHENTICATION_FAILED,23,RETRY_NOW,1
0.8981481481481481,0.5454545454545454,9902.2,NETBANKING,HDFC,CARD_EXPIRED,8,NO_ACTION,0
0.9382716049382716,0.8,4852.68,UPI,HDFC,INSUFFICIENT_FUNDS,5,RETRY_NOW,1
0.9594594594594594,0.0,4634.59,WALLET,KOTAK,INSUFFICIENT_FUNDS,20,NO_ACTION,0
0.7285714285714285,0.7894736842105263,7493.51,CARD,SBI,AUTHENTICATION_FAILED,16,RETRY_NOW,0
0.975609756097561,0.5,4748.72,WALLET,HDFC,LIMIT_EXCEEDED,11,RETRY_LATER,1
0.7272727272727273,0.4166666666666667,8424.83,CARD,HDFC,INSUFFICIENT_FUNDS,2,NO_ACTION,0
0.7741935483870968,0.35714285714285715,4222.24,NETBANKING,HDFC,INSUFFICIENT_FUNDS,18,RETRY_NOW,1
0.8153846153846154,0.08333333333333333,1869.12,UPI,KOTAK,AUTHENTICATION_FAILED,15,SEND_REMINDER,0
1.0,0.0,7795.49,NETBANKING,AXIS,BANK_TIMEOUT,23,NO_ACTION,0
0.98989898989899,1.0,2086.78,NETBANKING,YESBANK,CARD_EXPIRED,17,SEND_REMINDER,1
0.65,0.7857142857142857,8525.74,NETBANKING,KOTAK,NETWORK_ERROR,5,RETRY_LATER,1
0.9204545454545454,0.14285714285714285,6601.3,UPI,KOTAK,AUTHENTICATION_FAILED,13,RETRY_NOW,1
0.7297297297297297,0.6,8538.33,CARD,ICICI,LIMIT_EXCEEDED,20,RETRY_NOW,1
0.8282828282828283,0.7647058823529411,3377.26,WALLET,YESBANK,BANK_TIMEOUT,4,RETRY_NOW,0
0.723404255319149,0.3076923076923077,5131.16,NETBANKING,HDFC,INSUFFICIENT_FUNDS,4,SEND_REMINDER,1
0.84,0.5,6638.97,WALLET,HDFC,AUTHENTICATION_FAILED,22,SEND_REMINDER,0
0.8508771929824561,0.8823529411764706,3932.79,CARD,ICICI,BANK_TIMEOUT,9,RETRY_LATER,1
0.8365384615384616,0.7058823529411765,5808.73,NETBANKING,ICICI,LIMIT_EXCEEDED,1,RETRY_LATER,1
0.8785046728971962,0.15384615384615385,3939.73,NETBANKING,HDFC,AUTHENTICATION_FAILED,21,RETRY_LATER,0
0.703125,0.0,5179.7,CARD,AXIS,CARD_EXPIRED,14,NO_ACTION,0
0.8392857142857143,0.0,2973.45,CARD,KOTAK,CARD_EXPIRED,6,RETRY_NOW,1
0.6428571428571429,0.8,4357.49,UPI,YESBANK,BANK_TIMEOUT,2,RETRY_LATER,1
0.825,0.0,5650.74,CARD,AXIS,INSUFFICIENT_FUNDS,11,SEND_REMINDER,1
0.95,0.5,6233.68,CARD,AXIS,NETWORK_ERROR,11,NO_ACTION,0
0.7,0.5555555555555556,6766.1,WALLET,HDFC,CARD_EXPIRED,20,RETRY_LATER,0
0.8,0.9,4717.02,UPI,YESBANK,BANK_TIMEOUT,4,RETRY_NOW,1
0.8837209302325582,0.2,1693.93,CARD,KOTAK,LIMIT_EXCEEDED,12,RETRY_NOW,1
0.8888888888888888,0.5,4450.9,NETBANKING,YESBANK,CARD_EXPIRED,18,SEND_REMINDER,1
0.7704918032786885,0.7142857142857143,5900.63,WALLET,SBI,CARD_EXPIRED,23,NO_ACTION,0
0.9325842696629213,1.0,1251.01,NETBANKING,HDFC,LIMIT_EXCEEDED,12,RETRY_LATER,1
0.927710843373494,0.8333333333333334,1799.14,CARD,KOTAK,BANK_TIMEOUT,20,RETRY_NOW,0
0.8981481481481481,0.5454545454545454,5796.57,NETBANKING,SBI,INSUFFICIENT_FUNDS,11,RETRY_LATER,0
0.5681818181818182,0.3157894736842105,2800.24,CARD,YESBANK,AUTHENTICATION_FAILED,9,RETRY_LATER,0
0.8,0.9,4717.02,UPI,YESBANK,BANK_TIMEOUT,4,NO_ACTION,0
0.8941176470588236,0.2222222222222222,2047.05,UPI,ICICI,AUTHENTICATION_FAILED,5,NO_ACTION,0
0.8556701030927835,0.9285714285714286,2230.42,WALLET,HDFC,BANK_TIMEOUT,0,RETRY_LATER,1
0.9333333333333333,0.0,2702.2,NETBANKING,HDFC,BANK_TIMEOUT,16,RETRY_NOW,0
0.92,0.0,8183.63,CARD,YESBANK,AUTHENTICATION_FAILED,9,RETRY_NOW,0
0.7714285714285715,0.25,7175.41,WALLET,SBI,AUTHENTICATION_FAILED,6,NO_ACTION,0
0.9833333333333333,1.0,4276.42,WALLET,KOTAK,LIMIT_EXCEEDED,14,RETRY_NOW,0
0.9411764705882353,0.5,6979.7,CARD,SBI,NETWORK_ERROR,19,RETRY_NOW,1
0.7681159420289855,0.4375,6671.99,WALLET,KOTAK,BANK_TIMEOUT,20,RETRY_LATER,1
0.8981481481481481,0.5454545454545454,177.36,NETBANKING,HDFC,CARD_EXPIRED,16,SEND_REMINDER,0
0.898989898989899,0.1,5064.21,WALLET,HDFC,NETWORK_ERROR,16,RETRY_LATER,1
0.8131868131868132,0.29411764705882354,3091.83,NETBANKING,SBI,BANK_TIMEOUT,23,SEND_REMINDER,1
0.8,0.25,9405.17,UPI,SBI,AUTHENTICATION_FAILED,9,NO_ACTION,0
0.9433962264150944,0.0,6022.09,UPI,HDFC,CARD_EXPIRED,2,SEND_REMINDER,0
0.625,0.0,7905.28,CARD,KOTAK,INSUFFICIENT_FUNDS,10,SEND_REMINDER,1
0.9523809523809523,0.0,5094.6,NETBANKING,AXIS,NETWORK_ERROR,20,RETRY_NOW,1
0.9629629629629629,0.6666666666666666,5880.89,CARD,SBI,LIMIT_EXCEEDED,9,NO_ACTION,0
0.8222222222222222,0.1875,5076.6,NETBANKING,HDFC,INSUFFICIENT_FUNDS,5,SEND_REMINDER,1
0.9204545454545454,0.14285714285714285,7800.96,NETBANKING,HDFC,LIMIT_EXCEEDED,16,RETRY_LATER,0
0.8804347826086957,0.0,6731.17,WALLET,KOTAK,BANK_TIMEOUT,4,NO_ACTION,0
0.7567567567567568,0.6666666666666666,9382.58,UPI,ICICI,CARD_EXPIRED,9,RETRY_NOW,0
0.25925925925925924,0.1,225.88,NETBANKING,HDFC,AUTHENTICATION_FAILED,16,NO_ACTION,0
0.9310344827586207,0.8333333333333334,4257.18,UPI,SBI,AUTHENTICATION_FAILED,1,RETRY_NOW,1
0.9010989010989011,0.8888888888888888,2059.64,NETBANKING,YESBANK,LIMIT_EXCEEDED,23,RETRY_LATER,1
0.8829787234042553,0.18181818181818182,5091.37,WALLET,YESBANK,AUTHENTICATION_FAILED,2,RETRY_NOW,0
0.7941176470588235,0.5714285714285714,7263.7,NETBANKING,AXIS,CARD_EXPIRED,21,RETRY_LATER,1
0.8282828282828283,0.7647058823529411,4382.26,NETBANKING,HDFC,INSUFFICIENT_FUNDS,0,RETRY_NOW,0
0.7741935483870968,0.35714285714285715,4981.42,CARD,AXIS,NETWORK_ERROR,16,RETRY_NOW,1
0.8928571428571429,0.6666666666666666,5289.15,NETBANKING,YESBANK,CARD_EXPIRED,15,RETRY_LATER,1
0.5121951219512195,0.45,7714.82,WALLET,HDFC,LIMIT_EXCEEDED,5,NO_ACTION,0
0.9204545454545454,0.14285714285714285,1514.89,CARD,KOTAK,LIMIT_EXCEEDED,18,SEND_REMINDER,0
0.7564102564102564,0.3157894736842105,5431.54,UPI,KOTAK,CARD_EXPIRED,16,RETRY_LATER,0
0.979381443298969,0.5,5876.19,NETBANKING,HDFC,INSUFFICIENT_FUNDS,20,RETRY_LATER,0
0.8737864077669902,0.23076923076923078,4879.58,UPI,ICICI,LIMIT_EXCEEDED,18,RETRY_NOW,0
0.8586956521739131,0.0,9406.52,UPI,KOTAK,NETWORK_ERROR,3,NO_ACTION,0
0.8780487804878049,0.6,2337.43,UPI,KOTAK,INSUFFICIENT_FUNDS,8,RETRY_LATER,0
0.8947368421052632,0.625,8029.49,CARD,SBI,LIMIT_EXCEEDED,3,RETRY_LATER,1
0.8876404494382022,0.9,6545.43,WALLET,YESBANK,NETWORK_ERROR,22,NO_ACTION,0
0.6595744680851063,0.0,8991.83,CARD,ICICI,INSUFFICIENT_FUNDS,17,NO_ACTION,0
0.922077922077922,0.16666666666666666,6118.12,WALLET,YESBANK,CARD_EXPIRED,0,RETRY_LATER,1
0.8235294117647058,0.2777777777777778,4550.48,NETBANKING,KOTAK,NETWORK_ERROR,5,RETRY_NOW,0
0.96875,0.5,5399.79,WALLET,AXIS,AUTHENTICATION_FAILED,22,SEND_REMINDER,1
0.8461538461538461,0.8333333333333334,8540.25,CARD,HDFC,CARD_EXPIRED,16,SEND_REMINDER,1
0.6779661016949152,1.0,4970.53,WALLET,SBI,CARD_EXPIRED,3,RETRY_LATER,0
1.0,0.0,6463.02,UPI,ICICI,LIMIT_EXCEEDED,21,RETRY_NOW,1
0.7727272727272727,0.3,438.17,NETBANKING,SBI,BANK_TIMEOUT,6,RETRY_NOW,0
0.5909090909090909,0.6666666666666666,7774.7,NETBANKING,HDFC,AUTHENTICATION_FAILED,18,SEND_REMINDER,0
0.3333333333333333,0.0,7795.65,CARD,AXIS,INSUFFICIENT_FUNDS,2,RETRY_LATER,0
0.7727272727272727,0.3,8866.82,CARD,SBI,LIMIT_EXCEEDED,21,SEND_REMINDER,0
0.94,0.16666666666666666,5952.95,CARD,YESBANK,AUTHENTICATION_FAILED,4,SEND_REMINDER,1
0.8928571428571429,0.6666666666666666,9190.49,CARD,KOTAK,INSUFFICIENT_FUNDS,20,NO_ACTION,0
0.6724137931034483,0.7894736842105263,6364.44,NETBANKING,SBI,CARD_EXPIRED,19,NO_ACTION,0
0.7142857142857143,0.0,7842.86,NETBANKING,AXIS,LIMIT_EXCEEDED,2,SEND_REMINDER,0
0.9680851063829787,0.6666666666666666,5364.46,NETBANKING,KOTAK,CARD_EXPIRED,16,RETRY_LATER,1
0.9523809523809523,1.0,8931.97,UPI,ICICI,INSUFFICIENT_FUNDS,0,RETRY_NOW,1
0.2962962962962963,0.15789473684210525,1686.22,CARD,HDFC,INSUFFICIENT_FUNDS,12,SEND_REMINDER,0
0.822429906542056,0.47368421052631576,9433.06,CARD,AXIS,BANK_TIMEOUT,17,NO_ACTION,0
0.8947368421052632,0.125,5701.36,CARD,SBI,AUTHENTICATION_FAILED,23,RETRY_NOW,1
0.8,0.15384615384615385,4492.73,UPI,SBI,CARD_EXPIRED,2,SEND_REMINDER,1
0.9629629629629629,0.6666666666666666,9311.21,CARD,HDFC,AUTHENTICATION_FAILED,14,NO_ACTION,0
0.9714285714285714,1.0,7712.87,NETBANKING,YESBANK,CARD_EXPIRED,19,RETRY_LATER,0
0.8148148148148148,0.06666666666666667,146.65,WALLET,YESBANK,INSUFFICIENT_FUNDS,5,RETRY_LATER,0
0.7534246575342466,0.4444444444444444,3630.33,UPI,HDFC,BANK_TIMEOUT,18,RETRY_NOW,0
0.47619047619047616,0.09090909090909091,2788.26,WALLET,AXIS,NETWORK_ERROR,21,NO_ACTION,0
0.8454545454545455,0.11764705882352941,9148.08,CARD,YESBANK,BANK_TIMEOUT,4,RETRY_NOW,0
0.40625,0.21052631578947367,7298.34,NETBANKING,ICICI,INSUFFICIENT_FUNDS,13,RETRY_LATER,0
0.36666666666666664,0.631578947368421,7434.33,WALLET,ICICI,AUTHENTICATION_FAILED,7,NO_ACTION,0
0.5384615384615384,0.25,5169.73,WALLET,KOTAK,NETWORK_ERROR,7,SEND_REMINDER,0
0.9534883720930233,0.5,3011.17,NETBANKING,YESBANK,CARD_EXPIRED,10,RETRY_LATER,0
0.84,0.5,6074.82,CARD,ICICI,AUTHENTICATION_FAILED,19,NO_ACTION,0
0.9134615384615384,0.7777777777777778,1747.88,WALLET,HDFC,LIMIT_EXCEEDED,13,NO_ACTION,0
0.828125,1.0,2257.86,NETBANKING,SBI,NETWORK_ERROR,5,SEND_REMINDER,1
0.6428571428571429,0.8,4357.49,UPI,YESBANK,BANK_TIMEOUT,2,SEND_REMINDER,0
0.8910891089108911,0.0,8343.88,NETBANKING,YESBANK,INSUFFICIENT_FUNDS,23,RETRY_LATER,0
0.8303571428571429,0.3684210526315789,2968.35,CARD,SBI,NETWORK_ERROR,17,SEND_REMINDER,1
0.2,0.4,4999.86,CARD,ICICI,BANK_TIMEOUT,4,RETRY_NOW,1
0.8484848484848485,0.8,7728.17,WALLET,AXIS,BANK_TIMEOUT,6,SEND_REMINDER,0
0.2,0.95,5230.18,UPI,KOTAK,NETWORK_ERROR,17,NO_ACTION,0
0.7727272727272727,0.3,8316.14,NETBANKING,ICICI,LIMIT_EXCEEDED,0,SEND_REMINDER,1
1.0,0.0,9929.66,CARD,AXIS,CARD_EXPIRED,5,NO_ACTION,0
0.7792207792207793,0.47058823529411764,3307.67,WALLET,KOTAK,LIMIT_EXCEEDED,8,NO_ACTION,0
0.2962962962962963,0.15789473684210525,5421.13,CARD,SBI,INSUFFICIENT_FUNDS,8,SEND_REMINDER,0
0.8133333333333334,0.9285714285714286,5294.72,WALLET,HDFC,AUTHENTICATION_FAILED,0,SEND_REMINDER,1
0.6938775510204082,0.8666666666666667,1868.22,WALLET,AXIS,LIMIT_EXCEEDED,13,RETRY_LATER,1
0.3333333333333333,0.55,5356.22,CARD,AXIS,LIMIT_EXCEEDED,6,SEND_REMINDER,1
0.978021978021978,0.0,6022.32,UPI,SBI,BANK_TIMEOUT,2,RETRY_NOW,1
0.8076923076923077,0.8,8630.03,WALLET,YESBANK,BANK_TIMEOUT,12,NO_ACTION,0
0.8555555555555555,1.0,8008.17,UPI,AXIS,NETWORK_ERROR,20,NO_ACTION,0
0.8809523809523809,1.0,8458.02,WALLET,HDFC,AUTHENTICATION_FAILED,6,RETRY_NOW,1
0.7,0.13333333333333333,8989.22,CARD,YESBANK,INSUFFICIENT_FUNDS,4,SEND_REMINDER,1
0.7534246575342466,0.4444444444444444,2865.12,CARD,SBI,BANK_TIMEOUT,19,RETRY_NOW,0
0.8434782608695652,0.5,6972.45,CARD,AXIS,LIMIT_EXCEEDED,20,SEND_REMINDER,0
0.8876404494382022,0.8,4112.47,WALLET,HDFC,NETWORK_ERROR,14,NO_ACTION,0
0.8421052631578947,0.3333333333333333,4603.83,CARD,SBI,INSUFFICIENT_FUNDS,7,SEND_REMINDER,0
0.9117647058823529,0.0,1218.72,NETBANKING,KOTAK,BANK_TIMEOUT,6,NO_ACTION,0
0.7654320987654321,0.7368421052631579,725.66,CARD,SBI,LIMIT_EXCEEDED,7,RETRY_LATER,0
0.7333333333333333,0.625,3739.69,CARD,AXIS,CARD_EXPIRED,8,RETRY_LATER,1
0.9603960396039604,0.0,1084.68,WALLET,ICICI,NETWORK_ERROR,14,SEND_REMINDER,0
0.9629629629629629,0.6666666666666666,5880.89,CARD,SBI,LIMIT_EXCEEDED,9,RETRY_NOW,0
0.9411764705882353,0.0,3679.01,NETBANKING,AXIS,LIMIT_EXCEEDED,17,SEND_REMINDER,0
0.6551724137931034,0.75,4587.18,CARD,SBI,BANK_TIMEOUT,21,SEND_REMINDER,1
0.525,0.631578947368421,9755.59,WALLET,SBI,CARD_EXPIRED,16,NO_ACTION,0
0.8172043010752689,0.23529411764705882,5728.04,CARD,HDFC,BANK_TIMEOUT,5,SEND_REMINDER,0
0.9428571428571428,0.0,8497.78,UPI,AXIS,LIMIT_EXCEEDED,17,RETRY_LATER,1
0.896551724137931,0.3333333333333333,6813.71,CARD,HDFC,CARD_EXPIRED,5,RETRY_LATER,0
0.7796610169491526,0.3076923076923077,6738.3,WALLET,YESBANK,INSUFFICIENT_FUNDS,5,NO_ACTION,0
0.9347826086956522,1.0,4697.48,WALLET,KOTAK,BANK_TIMEOUT,5,RETRY_LATER,1
0.8333333333333334,0.09090909090909091,3741.39,CARD,SBI,CARD_EXPIRED,15,RETRY_NOW,0
0.703125,0.47368421052631576,4426.94,CARD,SBI,AUTHENTICATION_FAILED,18,RETRY_NOW,1
0.5,0.3888888888888889,981.81,NETBANKING,AXIS,CARD_EXPIRED,23,SEND_REMINDER,1
0.8404255319148937,0.6,5109.65,UPI,AXIS,LIMIT_EXCEEDED,6,SEND_REMINDER,0
0.8421052631578947,0.6666666666666666,1145.76,CARD,AXIS,LIMIT_EXCEEDED,3,RETRY_NOW,0
0.6764705882352942,0.2727272727272727,3476.74,NETBANKING,HDFC,AUTHENTICATION_FAILED,1,NO_ACTION,0
0.8085106382978723,0.5555555555555556,3481.48,CARD,AXIS,AUTHENTICATION_FAILED,8,RETRY_NOW,0
0.8235294117647058,0.0,9958.61,NETBANKING,AXIS,NETWORK_ERROR,8,RETRY_NOW,1
0.8165137614678899,0.4,6856.2,CARD,ICICI,LIMIT_EXCEEDED,6,SEND_REMINDER,1
0.5641025641025641,0.0,2909.4,WALLET,KOTAK,AUTHENTICATION_FAILED,23,RETRY_NOW,0
0.7402597402597403,0.95,4366.68,NETBANKING,KOTAK,INSUFFICIENT_FUNDS,23,RETRY_LATER,0
0.7142857142857143,0.0,9277.53,CARD,AXIS,AUTHENTICATION_FAILED,11,RETRY_NOW,0
0.8152173913043478,0.9411764705882353,4492.07,CARD,HDFC,AUTHENTICATION_FAILED,13,RETRY_NOW,1
1.0,0.0,5419.9,UPI,HDFC,INSUFFICIENT_FUNDS,22,NO_ACTION,0
0.8804347826086957,0.0,6731.17,WALLET,KOTAK,BANK_TIMEOUT,4,RETRY_NOW,1
0.8809523809523809,0.4,5067.59,CARD,ICICI,INSUFFICIENT_FUNDS,1,RETRY_NOW,0
1.0,0.0,7039.97,UPI,AXIS,AUTHENTICATION_FAILED,23,RETRY_NOW,0
0.8508771929824561,0.8823529411764706,4840.28,WALLET,HDFC,AUTHENTICATION_FAILED,6,NO_ACTION,0
0.8823529411764706,1.0,3150.51,UPI,YESBANK,CARD_EXPIRED,5,RETRY_LATER,1
0.3,0.9285714285714286,8029.42,WALLET,YESBANK,NETWORK_ERROR,3,RETRY_NOW,1
0.979381443298969,0.5,8386.42,WALLET,SBI,INSUFFICIENT_FUNDS,13,RETRY_NOW,1
0.8288288288288288,0.8421052631578947,2598.53,CARD,KOTAK,CARD_EXPIRED,4,RETRY_LATER,0
0.8205128205128205,0.42857142857142855,1196.2,UPI,SBI,NETWORK_ERROR,1,RETRY_NOW,0
0.8695652173913043,0.08333333333333333,671.52,CARD,KOTAK,CARD_EXPIRED,22,RETRY_LATER,0
0.6326530612244898,0.8333333333333334,9788.6,UPI,AXIS,AUTHENTICATION_FAILED,10,RETRY_LATER,1
0.845360824742268,0.3333333333333333,2673.6,CARD,KOTAK,CARD_EXPIRED,12,RETRY_LATER,0
0.8936170212765957,0.1,7710.46,CARD,HDFC,AUTHENTICATION_FAILED,12,SEND_REMINDER,1
0.8125,0.5833333333333334,2443.93,CARD,YESBANK,NETWORK_ERROR,19,NO_ACTION,0
0.9113924050632911,0.7142857142857143,8085.55,UPI,KOTAK,BANK_TIMEOUT,14,RETRY_LATER,0
0.828125,1.0,2257.86,NETBANKING,SBI,NETWORK_ERROR,5,RETRY_LATER,1
0.6727272727272727,0.7222222222222222,2854.82,UPI,HDFC,LIMIT_EXCEEDED,7,SEND_REMINDER,0
0.7297297297297297,0.6,5851.06,WALLET,HDFC,AUTHENTICATION_FAILED,15,RETRY_LATER,0
0.9873417721518988,0.0,5080.02,WALLET,SBI,AUTHENTICATION_FAILED,1,RETRY_NOW,1
0.8571428571428571,1.0,7952.45,CARD,YESBANK,CARD_EXPIRED,1,NO_ACTION,0
0.8902439024390244,1.0,2438.02,WALLET,HDFC,BANK_TIMEOUT,6,RETRY_NOW,0
0.7796610169491526,0.3076923076923077,694.82,CARD,SBI,AUTHENTICATION_FAILED,2,NO_ACTION,0
0.47058823529411764,0.16666666666666666,3181.62,UPI,YESBANK,INSUFFICIENT_FUNDS,23,NO_ACTION,0
0.7777777777777778,0.0,7141.18,WALLET,SBI,BANK_TIMEOUT,9,NO_ACTION,0
0.8648648648648649,0.4,1021.2,WALLET,ICICI,CARD_EXPIRED,2,RETRY_NOW,0
0.927710843373494,0.8333333333333334,1478.69,NETBANKING,SBI,INSUFFICIENT_FUNDS,9,RETRY_LATER,0
0.9178082191780822,0.0,9517.49,UPI,YESBANK,NETWORK_ERROR,16,RETRY_NOW,1
0.6595744680851063,0.1875,5178.4,WALLET,YESBANK,INSUFFICIENT_FUNDS,18,NO_ACTION,0
1.0,0.0,352.65,NETBANKING,YESBANK,LIMIT_EXCEEDED,6,RETRY_LATER,1
0.94,0.16666666666666666,4474.79,NETBANKING,KOTAK,INSUFFICIENT_FUNDS,6,RETRY_NOW,0
0.6153846153846154,0.8,1810.05,WALLET,ICICI,AUTHENTICATION_FAILED,12,RETRY_NOW,1
0.8867924528301887,0.8333333333333334,557.95,UPI,HDFC,AUTHENTICATION_FAILED,17,SEND_REMINDER,1
0.8910891089108911,0.0,4275.15,CARD,HDFC,AUTHENTICATION_FAILED,1,SEND_REMINDER,0
0.7802197802197802,0.3,2841.49,CARD,HDFC,AUTHENTICATION_FAILED,18,RETRY_LATER,0
0.7183098591549296,0.45,6246.2,WALLET,SBI,LIMIT_EXCEEDED,12,NO_ACTION,0
0.5714285714285714,0.0,5274.32,CARD,YESBANK,LIMIT_EXCEEDED,22,NO_ACTION,0
0.9090909090909091,0.5,9439.07,WALLET,KOTAK,CARD_EXPIRED,15,SEND_REMINDER,1
0.8923076923076924,0.2857142857142857,8471.27,WALLET,ICICI,INSUFFICIENT_FUNDS,18,NO_ACTION,0
0.872093023255814,0.09090909090909091,7016.21,UPI,SBI,INSUFFICIENT_FUNDS,4,RETRY_LATER,0
1.0,0.0,8217.1,WALLET,YESBANK,AUTHENTICATION_FAILED,4,RETRY_NOW,0
0.7721518987341772,0.3333333333333333,3087.71,WALLET,AXIS,BANK_TIMEOUT,20,SEND_REMINDER,0
0.8617021276595744,0.3076923076923077,8162.12,UPI,AXIS,AUTHENTICATION_FAILED,13,RETRY_NOW,0
0.8428571428571429,0.8181818181818182,1916.01,WALLET,AXIS,INSUFFICIENT_FUNDS,5,RETRY_LATER,0
0.7037037037037037,0.5625,3426.26,NETBANKING,HDFC,NETWORK_ERROR,8,RETRY_LATER,1
0.8513513513513513,0.0,176.77,UPI,ICICI,INSUFFICIENT_FUNDS,13,RETRY_NOW,0
0.9801980198019802,0.0,406.59,NETBANKING,YESBANK,BANK_TIMEOUT,2,RETRY_NOW,0
0.7,0.08333333333333333,4168.99,CARD,KOTAK,CARD_EXPIRED,11,RETRY_LATER,0
0.978021978021978,0.0,4939.53,CARD,ICICI,BANK_TIMEOUT,14,SEND_REMINDER,0
0.25925925925925924,0.8,288.51,CARD,YESBANK,INSUFFICIENT_FUNDS,21,NO_ACTION,0
0.7857142857142857,0.3333333333333333,9019.86,UPI,HDFC,INSUFFICIENT_FUNDS,2,RETRY_LATER,0
0.6764705882352942,0.18181818181818182,5183.31,CARD,HDFC,AUTHENTICATION_FAILED,0,RETRY_NOW,1
0.8431372549019608,0.0,7895.09,CARD,KOTAK,BANK_TIMEOUT,0,RETRY_LATER,1
0.8909090909090909,0.25,5687.09,WALLET,YESBANK,CARD_EXPIRED,5,RETRY_NOW,0
0.7258064516129032,0.6470588235294118,198.02,UPI,SBI,LIMIT_EXCEEDED,10,RETRY_LATER,1
0.6551724137931034,0.75,630.94,CARD,KOTAK,LIMIT_EXCEEDED,1,SEND_REMINDER,0
0.5714285714285714,0.0,7633.64,CARD,SBI,LIMIT_EXCEEDED,9,RETRY_LATER,1
0.8888888888888888,0.3333333333333333,152.6,CARD,SBI,AUTHENTICATION_FAILED,10,NO_ACTION,0
0.8333333333333334,0.5,6129.49,UPI,YESBANK,NETWORK_ERROR,8,NO_ACTION,0
0.8095238095238095,0.16666666666666666,1318.19,CARD,AXIS,INSUFFICIENT_FUNDS,19,RETRY_NOW,1
0.8375,0.3076923076923077,1864.55,WALLET,YESBANK,LIMIT_EXCEEDED,4,RETRY_NOW,0
0.8434782608695652,0.5,5758.45,CARD,AXIS,NETWORK_ERROR,22,RETRY_NOW,0
0.8983050847457628,1.0,160.8,UPI,KOTAK,BANK_TIMEOUT,7,RETRY_NOW,0
0.625,0.0,9233.05,NETBANKING,AXIS,AUTHENTICATION_FAILED,23,RETRY_LATER,1
0.8981481481481481,0.5454545454545454,1413.9,NETBANKING,ICICI,CARD_EXPIRED,11,RETRY_NOW,1
0.8709677419354839,0.625,6842.11,UPI,KOTAK,AUTHENTICATION_FAILED,19,NO_ACTION,0
0.96875,0.3333333333333333,8551.79,WALLET,HDFC,BANK_TIMEOUT,20,RETRY_LATER,1
0.8625,0.18181818181818182,2771.32,NETBANKING,HDFC,INSUFFICIENT_FUNDS,14,RETRY_LATER,0
0.9615384615384616,0.5,5059.79,WALLET,HDFC,INSUFFICIENT_FUNDS,5,RETRY_LATER,1
0.6904761904761905,0.07692307692307693,5968.01,WALLET,KOTAK,BANK_TIMEOUT,20,NO_ACTION,0
0.9487179487179487,0.0,5172.84,UPI,HDFC,NETWORK_ERROR,12,SEND_REMINDER,1
0.6904761904761905,0.6153846153846154,6349.94,WALLET,AXIS,BANK_TIMEOUT,7,RETRY_NOW,0
0.9516129032258065,0.3333333333333333,5186.18,CARD,KOTAK,NETWORK_ERROR,19,SEND_REMINDER,0
0.8076923076923077,1.0,3093.77,UPI,AXIS,LIMIT_EXCEEDED,17,RETRY_LATER,0
0.6129032258064516,0.5833333333333334,3835.06,WALLET,KOTAK,NETWORK_ERROR,3,SEND_REMINDER,0
0.34782608695652173,0.4,5652.87,NETBANKING,AXIS,INSUFFICIENT_FUNDS,13,RETRY_LATER,0
0.9607843137254902,0.5,5295.38,UPI,KOTAK,INSUFFICIENT_FUNDS,8,NO_ACTION,0
0.8556701030927835,0.9285714285714286,8797.02,WALLET,KOTAK,LIMIT_EXCEEDED,14,NO_ACTION,0
0.8653846153846154,0.5714285714285714,9434.08,NETBANKING,AXIS,AUTHENTICATION_FAILED,11,RETRY_LATER,0
0.9534883720930233,0.5,2158.87,WALLET,YESBANK,CARD_EXPIRED,9,RETRY_NOW,0
0.8181818181818182,0.16666666666666666,5780.53,NETBANKING,AXIS,NETWORK_ERROR,5,RETRY_LATER,1
0.9540229885057471,0.5,698.52,CARD,KOTAK,BANK_TIMEOUT,11,NO_ACTION,0
0.912621359223301,1.0,1186.72,NETBANKING,YESBANK,NETWORK_ERROR,18,NO_ACTION,0
0.9,0.2,8465.17,UPI,ICICI,NETWORK_ERROR,9,RETRY_NOW,0
0.7397260273972602,0.47368421052631576,6758.56,NETBANKING,AXIS,CARD_EXPIRED,23,NO_ACTION,0
0.8947368421052632,0.6666666666666666,9183.07,NETBANKING,ICICI,LIMIT_EXCEEDED,13,SEND_REMINDER,1
1.0,0.0,2798.44,UPI,AXIS,CARD_EXPIRED,8,NO_ACTION,0
0.5833333333333334,0.2,3681.9,WALLET,AXIS,NETWORK_ERROR,21,RETRY_LATER,0
0.99,1.0,3783.06,WALLET,SBI,NETWORK_ERROR,23,RETRY_LATER,1
0.5,0.6428571428571429,2581.03,CARD,KOTAK,CARD_EXPIRED,16,RETRY_NOW,1
0.8596491228070176,0.5625,2733.84,NETBANKING,AXIS,BANK_TIMEOUT,4,NO_ACTION,0
0.8620689655172413,0.75,1921.71,CARD,ICICI,NETWORK_ERROR,4,RETRY_NOW,1
0.8165137614678899,0.55,3498.18,CARD,AXIS,CARD_EXPIRED,1,SEND_REMINDER,1
0.6216216216216216,1.0,1477.96,UPI,SBI,AUTHENTICATION_FAILED,13,RETRY_LATER,0
1.0,0.0,3204.01,CARD,YESBANK,NETWORK_ERROR,8,RETRY_LATER,0
0.6226415094339622,0.15,6192.81,CARD,AXIS,NETWORK_ERROR,9,SEND_REMINDER,0
0.8985507246376812,1.0,2545.75,CARD,AXIS,INSUFFICIENT_FUNDS,18,SEND_REMINDER,1
0.7647058823529411,0.125,3046.88,CARD,KOTAK,NETWORK_ERROR,18,RETRY_NOW,1
0.5,0.6666666666666666,9223.18,WALLET,YESBANK,CARD_EXPIRED,18,RETRY_LATER,0
0.891566265060241,0.8888888888888888,1123.42,CARD,HDFC,INSUFFICIENT_FUNDS,11,NO_ACTION,0
0.9863013698630136,1.0,198.25,WALLET,AXIS,LIMIT_EXCEEDED,1,SEND_REMINDER,0
0.8,0.8181818181818182,5995.98,UPI,YESBANK,AUTHENTICATION_FAILED,21,NO_ACTION,0
0.6666666666666666,0.8,9879.16,UPI,SBI,AUTHENTICATION_FAILED,4,RETRY_LATER,0
0.9714285714285714,0.0,4239.41,NETBANKING,KOTAK,BANK_TIMEOUT,20,RETRY_NOW,0
0.9818181818181818,1.0,1678.56,NETBANKING,YESBANK,CARD_EXPIRED,12,SEND_REMINDER,0
0.7285714285714285,1.0,8745.61,WALLET,SBI,LIMIT_EXCEEDED,20,RETRY_NOW,0
0.9090909090909091,0.0,6214.04,UPI,KOTAK,BANK_TIMEOUT,2,RETRY_LATER,1
1.0,0.0,6622.64,WALLET,ICICI,AUTHENTICATION_FAILED,20,NO_ACTION,0
0.7592592592592593,1.0,6888.75,CARD,ICICI,BANK_TIMEOUT,8,SEND_REMINDER,0
0.8235294117647058,0.0,9109.89,WALLET,SBI,AUTHENTICATION_FAILED,16,RETRY_NOW,1
0.8539325842696629,0.23076923076923078,7582.57,WALLET,YESBANK,CARD_EXPIRED,13,RETRY_NOW,0
0.8947368421052632,0.6666666666666666,8074.72,WALLET,HDFC,LIMIT_EXCEEDED,1,RETRY_LATER,0
0.8431372549019608,0.0,2820.51,CARD,YESBANK,NETWORK_ERROR,19,RETRY_NOW,1
0.6666666666666666,0.0,1808.09,WALLET,SBI,LIMIT_EXCEEDED,11,SEND_REMINDER,0
0.8130841121495327,0.4,4214.77,UPI,SBI,INSUFFICIENT_FUNDS,12,SEND_REMINDER,1
0.6444444444444445,0.625,9270.87,NETBANKING,HDFC,CARD_EXPIRED,0,NO_ACTION,0
0.8923076923076924,0.2857142857142857,9342.41,WALLET,KOTAK,INSUFFICIENT_FUNDS,18,RETRY_LATER,0
0.8888888888888888,0.25,5437.06,CARD,ICICI,CARD_EXPIRED,11,RETRY_LATER,0
0.5833333333333334,0.2,2047.12,UPI,HDFC,NETWORK_ERROR,8,RETRY_LATER,0
0.7727272727272727,0.3,438.17,NETBANKING,SBI,BANK_TIMEOUT,6,NO_ACTION,0
0.525,0.631578947368421,3605.56,CARD,AXIS,INSUFFICIENT_FUNDS,23,RETRY_NOW,1
0.9565217391304348,1.0,9692.64,CARD,KOTAK,NETWORK_ERROR,2,NO_ACTION,0
0.8571428571428571,0.0,2505.5,CARD,KOTAK,AUTHENTICATION_FAILED,8,RETRY_NOW,0
0.7397260273972602,1.0,3116.09,WALLET,SBI,INSUFFICIENT_FUNDS,5,NO_ACTION,0
0.92,1.0,5757.83,NETBANKING,KOTAK,NETWORK_ERROR,20,SEND_REMINDER,0
0.8369565217391305,0.4,4901.49,UPI,YESBANK,CARD_EXPIRED,4,SEND_REMINDER,0
0.8369565217391305,0.4,7688.04,WALLET,ICICI,BANK_TIMEOUT,11,SEND_REMINDER,1
0.9714285714285714,0.0,4239.41,NETBANKING,KOTAK,BANK_TIMEOUT,20,RETRY_LATER,1
0.8910891089108911,0.0,2328.3,UPI,AXIS,CARD_EXPIRED,4,NO_ACTION,0
0.8380952380952381,0.29411764705882354,2249.55,CARD,SBI,AUTHENTICATION_FAILED,20,RETRY_LATER,0
0.9204545454545454,0.14285714285714285,6453.43,WALLET,SBI,INSUFFICIENT_FUNDS,7,NO_ACTION,0
0.9830508474576272,1.0,2984.69,NETBANKING,ICICI,BANK_TIMEOUT,10,NO_ACTION,0
0.90625,0.0,3492.97,NETBANKING,KOTAK,INSUFFICIENT_FUNDS,9,NO_ACTION,0
1.0,0.0,3059.09,NETBANKING,KOTAK,BANK_TIMEOUT,10,NO_ACTION,0
0.47058823529411764,0.7777777777777778,7919.52,CARD,HDFC,INSUFFICIENT_FUNDS,4,RETRY_LATER,0
0.2962962962962963,0.15789473684210525,7514.91,UPI,KOTAK,NETWORK_ERROR,7,RETRY_LATER,1
0.7592592592592593,1.0,6888.75,CARD,ICICI,BANK_TIMEOUT,8,RETRY_LATER,1
0.9333333333333333,0.0,8153.77,CARD,KOTAK,LIMIT_EXCEEDED,13,SEND_REMINDER,0
0.8152173913043478,0.8823529411764706,6153.21,CARD,AXIS,INSUFFICIENT_FUNDS,7,SEND_REMINDER,1
0.9479166666666666,0.6,1220.21,WALLET,HDFC,BANK_TIMEOUT,20,RETRY_NOW,1
0.8,0.17647058823529413,3244.77,CARD,AXIS,LIMIT_EXCEEDED,23,NO_ACTION,0
0.8490566037735849,0.9375,8062.62,NETBANKING,ICICI,NETWORK_ERROR,17,RETRY_LATER,1
0.9811320754716981,1.0,4010.51,CARD,KOTAK,INSUFFICIENT_FUNDS,7,RETRY_NOW,0
0.9770114942528736,0.0,9518.64,NETBANKING,YESBANK,LIMIT_EXCEEDED,20,NO_ACTION,0
0.8923076923076924,0.2857142857142857,5912.16,CARD,YESBANK,NETWORK_ERROR,14,RETRY_LATER,0
0.8155339805825242,0.42105263157894735,6239.54,CARD,AXIS,LIMIT_EXCEEDED,17,RETRY_LATER,0
0.890625,0.8571428571428571,9928.87,NETBANKING,AXIS,INSUFFICIENT_FUNDS,5,NO_ACTION,0
0.8243243243243243,0.9230769230769231,2770.5,WALLET,SBI,CARD_EXPIRED,16,RETRY_LATER,1
0.88,0.0,4678.62,WALLET,KOTAK,INSUFFICIENT_FUNDS,4,NO_ACTION,0
0.6551724137931034,0.75,630.94,CARD,KOTAK,LIMIT_EXCEEDED,1,RETRY_LATER,0
0.8923076923076924,0.2857142857142857,8471.27,WALLET,ICICI,INSUFFICIENT_FUNDS,18,SEND_REMINDER,1
0.8165137614678899,0.55,432.92,WALLET,AXIS,AUTHENTICATION_FAILED,0,RETRY_NOW,1
0.6727272727272727,0.7222222222222222,7743.02,UPI,HDFC,NETWORK_ERROR,3,RETRY_LATER,1
0.82,1.0,3413.25,WALLET,ICICI,INSUFFICIENT_FUNDS,9,SEND_REMINDER,0
0.96875,0.3333333333333333,5174.23,WALLET,SBI,LIMIT_EXCEEDED,14,RETRY_NOW,0
1.0,0.0,7039.97,UPI,AXIS,AUTHENTICATION_FAILED,23,RETRY_LATER,1
0.9873417721518988,0.0,6637.24,UPI,AXIS,CARD_EXPIRED,6,RETRY_NOW,0
0.5,0.09090909090909091,5080.86,UPI,ICICI,AUTHENTICATION_FAILED,17,NO_ACTION,0
0.828125,1.0,6055.0,UPI,ICICI,AUTHENTICATION_FAILED,23,SEND_REMINDER,1
0.42857142857142855,0.16666666666666666,6159.38,WALLET,YESBANK,CARD_EXPIRED,8,RETRY_NOW,0
0.45454545454545453,0.0,6612.09,CARD,ICICI,CARD_EXPIRED,17,RETRY_NOW,0
0.99,1.0,1044.58,CARD,KOTAK,AUTHENTICATION_FAILED,12,RETRY_LATER,1
0.8285714285714286,0.5,9180.12,NETBANKING,YESBANK,BANK_TIMEOUT,23,NO_ACTION,0
0.8541666666666666,0.42857142857142855,2151.9,UPI,HDFC,BANK_TIMEOUT,4,SEND_REMINDER,0
0.8596491228070176,0.5625,201.91,UPI,AXIS,AUTHENTICATION_FAILED,14,RETRY_LATER,1
1.0,0.0,2069.96,CARD,SBI,CARD_EXPIRED,2,NO_ACTION,0
0.6551724137931034,0.75,3625.44,UPI,AXIS,INSUFFICIENT_FUNDS,4,SEND_REMINDER,1
0.7727272727272727,0.3,8316.14,NETBANKING,ICICI,LIMIT_EXCEEDED,0,RETRY_NOW,0
0.7931034482758621,0.0,4411.69,NETBANKING,YESBANK,LIMIT_EXCEEDED,8,RETRY_LATER,0
0.7222222222222222,0.26666666666666666,2736.1,NETBANKING,SBI,INSUFFICIENT_FUNDS,0,SEND_REMINDER,1
0.8301886792452831,0.3333333333333333,8489.41,WALLET,AXIS,LIMIT_EXCEEDED,10,NO_ACTION,0
0.8125,0.5833333333333334,9766.3,NETBANKING,KOTAK,LIMIT_EXCEEDED,8,RETRY_NOW,0
0.9029126213592233,0.9,678.33,UPI,SBI,NETWORK_ERROR,6,RETRY_LATER,0
0.8695652173913043,0.08333333333333333,671.52,CARD,KOTAK,CARD_EXPIRED,22,SEND_REMINDER,1
0.4666666666666667,0.125,6174.83,NETBANKING,YESBANK,BANK_TIMEOUT,11,RETRY_LATER,0
0.5714285714285714,0.0,2436.7,UPI,YESBANK,NETWORK_ERROR,18,RETRY_LATER,0
0.8307692307692308,0.5454545454545454,2320.45,NETBANKING,HDFC,LIMIT_EXCEEDED,2,RETRY_LATER,1
0.7534246575342466,0.4444444444444444,8591.08,UPI,KOTAK,AUTHENTICATION_FAILED,7,NO_ACTION,0
0.9166666666666666,0.8,1979.79,WALLET,HDFC,INSUFFICIENT_FUNDS,19,NO_ACTION,0
0.7192982456140351,0.3125,2522.43,NETBANKING,SBI,NETWORK_ERROR,9,NO_ACTION,0
0.96,1.0,2016.13,CARD,YESBANK,NETWORK_ERROR,15,RETRY_NOW,1
1.0,0.0,7813.17,WALLET,SBI,INSUFFICIENT_FUNDS,19,RETRY_NOW,0
0.8461538461538461,1.0,9643.86,UPI,SBI,INSUFFICIENT_FUNDS,22,RETRY_LATER,1
0.7692307692307693,1.0,6081.45,NETBANKING,ICICI,LIMIT_EXCEEDED,6,SEND_REMINDER,0
0.7169811320754716,0.06666666666666667,5031.98,WALLET,YESBANK,INSUFFICIENT_FUNDS,21,SEND_REMINDER,1
0.3793103448275862,0.3888888888888889,220.6,CARD,YESBANK,NETWORK_ERROR,13,RETRY_LATER,0
0.88,0.0,4314.22,UPI,SBI,BANK_TIMEOUT,0,NO_ACTION,0
0.9333333333333333,0.6666666666666666,3911.29,WALLET,SBI,AUTHENTICATION_FAILED,18,RETRY_NOW,0
0.8125,0.3333333333333333,6532.32,NETBANKING,HDFC,BANK_TIMEOUT,20,SEND_REMINDER,1
0.5384615384615384,0.6111111111111112,2297.52,NETBANKING,SBI,BANK_TIMEOUT,19,NO_ACTION,0
0.8295454545454546,0.2,5185.13,WALLET,ICICI,NETWORK_ERROR,16,NO_ACTION,0
0.8596491228070176,1.0,618.03,UPI,KOTAK,LIMIT_EXCEEDED,10,SEND_REMINDER,1
0.5263157894736842,1.0,5283.68,WALLET,AXIS,CARD_EXPIRED,18,NO_ACTION,0
0.7671232876712328,0.5882352941176471,2263.02,WALLET,ICICI,INSUFFICIENT_FUNDS,7,SEND_REMINDER,1
0.9326923076923077,0.14285714285714285,8138.94,NETBANKING,KOTAK,NETWORK_ERROR,1,RETRY_LATER,1
0.9195402298850575,0.2857142857142857,7910.23,CARD,ICICI,CARD_EXPIRED,14,RETRY_NOW,0
0.9326923076923077,0.7142857142857143,9620.94,UPI,HDFC,AUTHENTICATION_FAILED,3,SEND_REMINDER,1
0.8910891089108911,0.0,9735.33,NETBANKING,YESBANK,CARD_EXPIRED,21,NO_ACTION,0
0.8969072164948454,0.2,4899.08,WALLET,HDFC,CARD_EXPIRED,3,NO_ACTION,0
0.9896907216494846,1.0,6149.37,CARD,KOTAK,NETWORK_ERROR,1,NO_ACTION,0
0.5333333333333333,0.2857142857142857,9234.3,UPI,AXIS,LIMIT_EXCEEDED,10,NO_ACTION,0
0.8695652173913043,0.08333333333333333,4143.52,UPI,AXIS,LIMIT_EXCEEDED,12,RETRY_NOW,1
0.9345794392523364,0.5714285714285714,1436.84,CARD,KOTAK,CARD_EXPIRED,9,NO_ACTION,0
0.6808510638297872,0.8666666666666667,2057.83,NETBANKING,SBI,LIMIT_EXCEEDED,5,RETRY_NOW,1
0.9104477611940298,0.0,3639.67,WALLET,AXIS,LIMIT_EXCEEDED,4,RETRY_NOW,0
0.8421052631578947,0.3333333333333333,4603.83,CARD,SBI,INSUFFICIENT_FUNDS,7,RETRY_NOW,0
0.8125,0.4166666666666667,9770.02,UPI,ICICI,INSUFFICIENT_FUNDS,22,RETRY_NOW,0
0.9696969696969697,0.3333333333333333,9870.61,NETBANKING,HDFC,BANK_TIMEOUT,11,SEND_REMINDER,0
0.8205128205128205,0.42857142857142855,5624.29,WALLET,YESBANK,AUTHENTICATION_FAILED,19,RETRY_NOW,1
0.8333333333333334,0.25,7371.39,WALLET,ICICI,INSUFFICIENT_FUNDS,0,RETRY_NOW,0
0.6363636363636364,1.0,5247.43,CARD,SBI,CARD_EXPIRED,23,RETRY_LATER,1
0.65,1.0,2053.75,WALLET,AXIS,BANK_TIMEOUT,20,NO_ACTION,0
0.8811881188118812,0.16666666666666666,8932.0,WALLET,HDFC,AUTHENTICATION_FAILED,23,RETRY_LATER,0
0.8804347826086957,0.0,1535.5,NETBANKING,ICICI,AUTHENTICATION_FAILED,0,SEND_REMINDER,1
0.8955223880597015,0.0,3184.85,CARD,HDFC,NETWORK_ERROR,18,RETRY_LATER,1
0.47058823529411764,0.16666666666666666,1833.74,CARD,HDFC,INSUFFICIENT_FUNDS,19,RETRY_LATER,0
0.9545454545454546,1.0,6433.24,UPI,SBI,AUTHENTICATION_FAILED,23,RETRY_LATER,1
0.8285714285714286,0.25,461.34,NETBANKING,HDFC,LIMIT_EXCEEDED,9,NO_ACTION,0
0.96,1.0,101.44,UPI,KOTAK,LIMIT_EXCEEDED,3,NO_ACTION,0
0.7796610169491526,0.3076923076923077,2173.51,CARD,SBI,BANK_TIMEOUT,10,RETRY_LATER,0
0.9787234042553191,0.5,3388.88,WALLET,YESBANK,CARD_EXPIRED,14,RETRY_LATER,0
0.7222222222222222,0.2,3635.16,CARD,HDFC,CARD_EXPIRED,20,RETRY_LATER,0
0.7802197802197802,0.3,9640.35,NETBANKING,ICICI,INSUFFICIENT_FUNDS,0,NO_ACTION,0
0.8103448275862069,0.7272727272727273,1399.65,CARD,KOTAK,LIMIT_EXCEEDED,7,RETRY_LATER,1
0.8130841121495327,0.4,7830.79,WALLET,SBI,NETWORK_ERROR,15,NO_ACTION,0
0.8539325842696629,0.23076923076923078,3626.77,CARD,HDFC,NETWORK_ERROR,2,SEND_REMINDER,0
0.8152173913043478,0.8823529411764706,3949.57,NETBANKING,HDFC,AUTHENTICATION_FAILED,5,NO_ACTION,0
0.5813953488372093,0.7777777777777778,4338.99,WALLET,AXIS,NETWORK_ERROR,21,RETRY_LATER,1
0.9540229885057471,0.5,4719.82,CARD,HDFC,AUTHENTICATION_FAILED,8,SEND_REMINDER,0
0.9764705882352941,0.0,347.1,CARD,AXIS,INSUFFICIENT_FUNDS,4,RETRY_LATER,0
0.6825396825396826,1.0,7306.51,CARD,HDFC,CARD_EXPIRED,16,SEND_REMINDER,1
0.3076923076923077,0.4444444444444444,6632.01,NETBANKING,SBI,CARD_EXPIRED,16,RETRY_NOW,0
0.8672566371681416,0.6,1985.55,CARD,ICICI,LIMIT_EXCEEDED,22,RETRY_LATER,0
0.6909090909090909,0.23529411764705882,4172.89,UPI,AXIS,AUTHENTICATION_FAILED,0,NO_ACTION,0
0.8247422680412371,1.0,4891.05,WALLET,ICICI,CARD_EXPIRED,23,RETRY_NOW,1
0.9375,0.5,6560.38,WALLET,YESBANK,NETWORK_ERROR,21,SEND_REMINDER,1
0.7169811320754716,0.06666666666666667,9346.9,UPI,ICICI,INSUFFICIENT_FUNDS,4,RETRY_LATER,0
0.8208955223880597,0.5,3098.7,WALLET,YESBANK,AUTHENTICATION_FAILED,6,RETRY_LATER,0
0.2631578947368421,0.9285714285714286,3124.35,UPI,ICICI,LIMIT_EXCEEDED,0,NO_ACTION,0
0.5333333333333333,0.2857142857142857,3157.63,UPI,AXIS,INSUFFICIENT_FUNDS,16,RETRY_NOW,0
0.8979591836734694,1.0,3215.77,CARD,HDFC,LIMIT_EXCEEDED,12,SEND_REMINDER,1
0.8260869565217391,0.75,3248.87,UPI,SBI,CARD_EXPIRED,22,RETRY_NOW,1
0.8130841121495327,0.4,5456.43,UPI,KOTAK,CARD_EXPIRED,18,NO_ACTION,0
0.9010989010989011,0.8888888888888888,5713.85,WALLET,ICICI,INSUFFICIENT_FUNDS,1,RETRY_NOW,0
0.8428571428571429,0.8181818181818182,1916.01,WALLET,AXIS,INSUFFICIENT_FUNDS,5,NO_ACTION,0
0.8918918918918919,0.5,9850.98,NETBANKING,ICICI,AUTHENTICATION_FAILED,9,SEND_REMINDER,1
0.7,0.13333333333333333,1454.96,NETBANKING,ICICI,INSUFFICIENT_FUNDS,21,RETRY_LATER,0
0.831858407079646,0.3684210526315789,4266.96,NETBANKING,ICICI,NETWORK_ERROR,9,RETRY_LATER,1
0.7241379310344828,0.625,6746.7,UPI,YESBANK,BANK_TIMEOUT,7,RETRY_NOW,1
0.84,0.6875,666.76,CARD,SBI,AUTHENTICATION_FAILED,1,NO_ACTION,0
0.7777777777777778,0.0,8876.01,CARD,KOTAK,BANK_TIMEOUT,10,NO_ACTION,0
0.9801980198019802,0.0,406.59,NETBANKING,YESBANK,BANK_TIMEOUT,2,NO_ACTION,0
1.0,0.0,4226.66,NETBANKING,SBI,INSUFFICIENT_FUNDS,14,RETRY_NOW,0
0.42857142857142855,0.16666666666666666,7282.8,WALLET,HDFC,LIMIT_EXCEEDED,13,NO_ACTION,0
0.803921568627451,1.0,3677.51,NETBANKING,HDFC,NETWORK_ERROR,11,RETRY_LATER,0
0.4230769230769231,0.6666666666666666,2744.4,UPI,ICICI,INSUFFICIENT_FUNDS,17,SEND_REMINDER,1
0.8571428571428571,0.6875,1522.84,UPI,ICICI,AUTHENTICATION_FAILED,17,RETRY_NOW,1
0.9636363636363636,0.0,644.6,CARD,ICICI,NETWORK_ERROR,5,RETRY_LATER,0
0.9540229885057471,0.5,8288.1,CARD,KOTAK,BANK_TIMEOUT,7,SEND_REMINDER,1
0.8444444444444444,0.14285714285714285,3054.37,CARD,AXIS,NETWORK_ERROR,21,RETRY_LATER,0
0.6,0.0,1601.13,CARD,KOTAK,INSUFFICIENT_FUNDS,15,RETRY_LATER,0
0.8148148148148148,0.2,7299.75,CARD,AXIS,AUTHENTICATION_FAILED,20,SEND_REMINDER,0
0.7272727272727273,0.4166666666666667,7828.05,NETBANKING,AXIS,LIMIT_EXCEEDED,11,SEND_REMINDER,0
0.9166666666666666,0.8,3202.42,CARD,YESBANK,AUTHENTICATION_FAILED,16,RETRY_NOW,1
0.6764705882352942,0.2727272727272727,3476.74,NETBANKING,HDFC,AUTHENTICATION_FAILED,1,RETRY_NOW,1
0.7222222222222222,0.2,4092.89,NETBANKING,ICICI,NETWORK_ERROR,20,SEND_REMINDER,0
0.9479166666666666,0.6,1220.21,WALLET,HDFC,BANK_TIMEOUT,20,SEND_REMINDER,0
0.9029126213592233,0.9,678.33,UPI,SBI,NETWORK_ERROR,6,RETRY_NOW,1
0.7681159420289855,0.4375,6786.59,WALLET,ICICI,INSUFFICIENT_FUNDS,5,RETRY_NOW,0
0.9381443298969072,1.0,5672.47,UPI,YESBANK,CARD_EXPIRED,17,NO_ACTION,0
0.9473684210526315,0.25,8849.49,UPI,SBI,BANK_TIMEOUT,2,RETRY_LATER,1
0.9841269841269841,1.0,6605.05,UPI,HDFC,AUTHENTICATION_FAILED,14,RETRY_LATER,0
0.7796610169491526,0.3076923076923077,3261.21,CARD,HDFC,INSUFFICIENT_FUNDS,21,RETRY_NOW,0
1.0,0.0,256.1,UPI,AXIS,BANK_TIMEOUT,0,RETRY_LATER,0
0.7590361445783133,0.1,949.09,NETBANKING,ICICI,INSUFFICIENT_FUNDS,12,RETRY_NOW,0
0.7647058823529411,0.55,1159.97,UPI,SBI,AUTHENTICATION_FAILED,10,RETRY_LATER,0
1.0,0.0,4813.55,UPI,KOTAK,INSUFFICIENT_FUNDS,20,NO_ACTION,0
0.9767441860465116,0.0,9651.35,CARD,YESBANK,INSUFFICIENT_FUNDS,12,SEND_REMINDER,0
0.9523809523809523,1.0,2208.78,UPI,ICICI,INSUFFICIENT_FUNDS,3,NO_ACTION,0
0.7590361445783133,0.1,949.09,NETBANKING,ICICI,INSUFFICIENT_FUNDS,12,NO_ACTION,0
0.8181818181818182,0.0,3399.36,UPI,AXIS,BANK_TIMEOUT,18,NO_ACTION,0
0.6779661016949152,0.8421052631578947,9894.08,UPI,HDFC,NETWORK_ERROR,10,RETRY_NOW,0
0.8974358974358975,0.25,8104.15,CARD,KOTAK,BANK_TIMEOUT,18,RETRY_NOW,0
0.8876404494382022,0.2,1958.96,UPI,ICICI,AUTHENTICATION_FAILED,15,SEND_REMINDER,0
0.4375,0.2777777777777778,1357.57,NETBANKING,SBI,AUTHENTICATION_FAILED,0,RETRY_NOW,1
1.0,0.0,6596.56,UPI,ICICI,INSUFFICIENT_FUNDS,0,SEND_REMINDER,0
0.7285714285714285,0.7894736842105263,4366.29,NETBANKING,AXIS,LIMIT_EXCEEDED,17,SEND_REMINDER,0
0.8247422680412371,1.0,1229.88,UPI,AXIS,CARD_EXPIRED,4,RETRY_LATER,0
0.6,0.7222222222222222,5442.37,NETBANKING,ICICI,BANK_TIMEOUT,8,SEND_REMINDER,1
0.2857142857142857,0.5,9775.27,NETBANKING,YESBANK,BANK_TIMEOUT,0,RETRY_LATER,1
0.6363636363636364,1.0,1167.68,WALLET,SBI,NETWORK_ERROR,22,SEND_REMINDER,1
0.6909090909090909,0.23529411764705882,920.35,NETBANKING,AXIS,INSUFFICIENT_FUNDS,11,RETRY_LATER,0
0.8303571428571429,0.3684210526315789,4683.52,CARD,YESBANK,LIMIT_EXCEEDED,11,SEND_REMINDER,1
0.7346938775510204,0.23076923076923078,5023.27,WALLET,SBI,NETWORK_ERROR,4,RETRY_NOW,0
0.5238095238095238,0.55,8614.65,UPI,HDFC,LIMIT_EXCEEDED,11,RETRY_LATER,1
0.8409090909090909,1.0,8114.22,CARD,YESBANK,LIMIT_EXCEEDED,17,RETRY_LATER,0
0.9134615384615384,0.7777777777777778,1747.88,WALLET,HDFC,LIMIT_EXCEEDED,13,RETRY_NOW,0
0.9186046511627907,0.2857142857142857,5676.9,NETBANKING,SBI,AUTHENTICATION_FAILED,4,SEND_REMINDER,1
0.8787878787878788,0.25,7960.96,UPI,SBI,CARD_EXPIRED,7,RETRY_NOW,0
0.96,1.0,7041.08,WALLET,KOTAK,AUTHENTICATION_FAILED,2,RETRY_NOW,0
0.7222222222222222,0.2,6799.22,UPI,KOTAK,NETWORK_ERROR,11,NO_ACTION,0
0.5238095238095238,0.7,8167.39,UPI,YESBANK,CARD_EXPIRED,14,RETRY_LATER,0
0.9411764705882353,0.0,227.61,WALLET,KOTAK,BANK_TIMEOUT,8,RETRY_NOW,0
0.7468354430379747,0.95,6353.33,WALLET,ICICI,CARD_EXPIRED,13,RETRY_LATER,1
0.9339622641509434,0.5714285714285714,8407.09,CARD,SBI,BANK_TIMEOUT,19,NO_ACTION,0
0.9508196721311475,0.0,4810.64,CARD,AXIS,INSUFFICIENT_FUNDS,2,RETRY_LATER,1
0.9428571428571428,1.0,7636.16,NETBANKING,ICICI,LIMIT_EXCEEDED,21,NO_ACTION,0
0.797752808988764,0.5,1129.41,UPI,ICICI,AUTHENTICATION_FAILED,10,RETRY_LATER,1
0.9340659340659341,0.3333333333333333,1223.35,NETBANKING,YESBANK,LIMIT_EXCEEDED,12,RETRY_LATER,0
0.8947368421052632,0.625,1436.22,CARD,AXIS,CARD_EXPIRED,5,NO_ACTION,0
0.7346938775510204,0.07692307692307693,9884.46,WALLET,KOTAK,LIMIT_EXCEEDED,12,RETRY_LATER,1
0.8387096774193549,0.7333333333333333,7504.42,NETBANKING,AXIS,AUTHENTICATION_FAILED,21,NO_ACTION,0
0.71875,0.5555555555555556,5970.48,CARD,KOTAK,NETWORK_ERROR,8,RETRY_LATER,0
0.9411764705882353,0.5,6931.37,NETBANKING,AXIS,LIMIT_EXCEEDED,0,RETRY_NOW,1
0.631578947368421,0.14285714285714285,9950.91,CARD,KOTAK,NETWORK_ERROR,0,SEND_REMINDER,1
0.5384615384615384,0.4444444444444444,4593.23,NETBANKING,YESBANK,BANK_TIMEOUT,16,RETRY_LATER,1
0.5348837209302325,0.4,4364.63,UPI,SBI,INSUFFICIENT_FUNDS,15,RETRY_NOW,0
0.8064516129032258,0.6666666666666666,626.57,UPI,SBI,CARD_EXPIRED,19,NO_ACTION,0
0.972972972972973,0.0,7120.65,NETBANKING,YESBANK,CARD_EXPIRED,12,RETRY_LATER,0
0.7916666666666666,0.05,4133.95,CARD,AXIS,CARD_EXPIRED,19,NO_ACTION,0
0.8928571428571429,0.6666666666666666,2702.66,NETBANKING,HDFC,INSUFFICIENT_FUNDS,23,SEND_REMINDER,1
1.0,0.0,6596.56,UPI,ICICI,INSUFFICIENT_FUNDS,0,RETRY_LATER,0
0.7666666666666667,0.5714285714285714,8532.6,WALLET,ICICI,BANK_TIMEOUT,8,NO_ACTION,0
0.94,0.16666666666666666,4474.79,NETBANKING,KOTAK,INSUFFICIENT_FUNDS,6,NO_ACTION,0
0.859375,0.6666666666666666,4266.54,WALLET,ICICI,BANK_TIMEOUT,17,RETRY_NOW,1
0.8173076923076923,0.3684210526315789,7364.81,UPI,AXIS,LIMIT_EXCEEDED,8,RETRY_LATER,0
0.9428571428571428,0.0,8497.78,UPI,AXIS,LIMIT_EXCEEDED,17,NO_ACTION,0
0.782608695652174,0.15,7663.19,NETBANKING,ICICI,BANK_TIMEOUT,23,RETRY_NOW,1
0.8461538461538461,0.5,1933.85,UPI,ICICI,BANK_TIMEOUT,3,RETRY_NOW,0
0.8555555555555555,1.0,6933.34,WALLET,AXIS,LIMIT_EXCEEDED,6,RETRY_NOW,1
0.8923076923076924,0.2857142857142857,1375.42,WALLET,SBI,AUTHENTICATION_FAILED,7,RETRY_NOW,1
0.8285714285714286,0.5,9180.12,NETBANKING,YESBANK,BANK_TIMEOUT,23,SEND_REMINDER,1
0.9821428571428571,0.0,440.5,NETBANKING,ICICI,NETWORK_ERROR,3,SEND_REMINDER,0
0.88,0.6666666666666666,1585.51,NETBANKING,AXIS,NETWORK_ERROR,11,NO_ACTION,0
0.5333333333333333,0.2857142857142857,4832.3,CARD,AXIS,CARD_EXPIRED,18,RETRY_NOW,0
0.7916666666666666,0.05,8076.09,CARD,KOTAK,INSUFFICIENT_FUNDS,13,SEND_REMINDER,1
0.8850574712643678,0.2,8473.19,UPI,KOTAK,INSUFFICIENT_FUNDS,2,RETRY_LATER,0
0.9210526315789473,1.0,7894.73,WALLET,KOTAK,LIMIT_EXCEEDED,17,RETRY_NOW,0
0.9692307692307692,0.5,7543.74,CARD,ICICI,INSUFFICIENT_FUNDS,23,RETRY_NOW,0
0.8620689655172413,0.75,2213.28,UPI,KOTAK,LIMIT_EXCEEDED,2,RETRY_NOW,1
0.7466666666666667,0.3684210526315789,8654.67,NETBANKING,AXIS,INSUFFICIENT_FUNDS,11,NO_ACTION,0
0.6595744680851063,0.0,9739.9,WALLET,HDFC,NETWORK_ERROR,17,NO_ACTION,0
0.8585858585858586,1.0,8233.1,NETBANKING,AXIS,NETWORK_ERROR,10,RETRY_LATER,1
0.7402597402597403,1.0,6179.9,WALLET,HDFC,BANK_TIMEOUT,16,SEND_REMINDER,0
0.9534883720930233,0.5,2158.87,WALLET,YESBANK,CARD_EXPIRED,9,SEND_REMINDER,1
0.696969696969697,0.6,2781.82,WALLET,AXIS,INSUFFICIENT_FUNDS,20,NO_ACTION,0
0.2631578947368421,0.9285714285714286,3124.35,UPI,ICICI,LIMIT_EXCEEDED,0,RETRY_LATER,1
0.4090909090909091,0.5384615384615384,3656.05,WALLET,KOTAK,CARD_EXPIRED,22,SEND_REMINDER,1
0.5833333333333334,0.2,7905.89,UPI,AXIS,NETWORK_ERROR,8,RETRY_NOW,0
0.9583333333333334,0.0,5546.9,UPI,YESBANK,BANK_TIMEOUT,8,RETRY_LATER,1
0.8,0.8181818181818182,5995.98,UPI,YESBANK,AUTHENTICATION_FAILED,21,RETRY_LATER,1
0.797752808988764,0.1111111111111111,6978.83,NETBANKING,HDFC,INSUFFICIENT_FUNDS,2,SEND_REMINDER,0
0.5,0.6363636363636364,4411.74,CARD,SBI,CARD_EXPIRED,22,RETRY_LATER,0
0.9230769230769231,0.6,8581.92,CARD,SBI,NETWORK_ERROR,4,RETRY_NOW,0
0.797752808988764,0.1111111111111111,4305.93,UPI,AXIS,NETWORK_ERROR,17,SEND_REMINDER,0
0.96875,0.5,2256.58,NETBANKING,AXIS,LIMIT_EXCEEDED,14,SEND_REMINDER,0
0.8823529411764706,0.75,4094.74,CARD,KOTAK,INSUFFICIENT_FUNDS,0,RETRY_NOW,0
0.5,0.09090909090909091,3452.36,WALLET,SBI,CARD_EXPIRED,17,NO_ACTION,0
0.9473684210526315,0.25,7356.55,NETBANKING,ICICI,BANK_TIMEOUT,6,SEND_REMINDER,1
0.9326923076923077,0.7142857142857143,9620.94,UPI,HDFC,AUTHENTICATION_FAILED,3,RETRY_LATER,0
0.6909090909090909,0.23529411764705882,4172.89,UPI,AXIS,AUTHENTICATION_FAILED,0,SEND_REMINDER,0
0.9827586206896551,0.0,2729.62,CARD,SBI,CARD_EXPIRED,4,NO_ACTION,0
0.8695652173913043,0.8888888888888888,2918.83,NETBANKING,HDFC,CARD_EXPIRED,0,RETRY_NOW,0
0.75,0.6,4359.32,CARD,YESBANK,NETWORK_ERROR,2,SEND_REMINDER,0
0.8620689655172413,0.0625,5329.37,CARD,SBI,CARD_EXPIRED,12,RETRY_NOW,0
0.8823529411764706,0.75,4556.07,WALLET,AXIS,CARD_EXPIRED,16,NO_ACTION,0
0.95,0.2,7821.89,NETBANKING,YESBANK,BANK_TIMEOUT,19,NO_ACTION,0
0.5348837209302325,0.4,2069.89,WALLET,YESBANK,NETWORK_ERROR,23,RETRY_LATER,0
0.8876404494382022,0.2,613.99,WALLET,KOTAK,NETWORK_ERROR,1,RETRY_NOW,0
0.4444444444444444,0.9,2295.69,NETBANKING,SBI,CARD_EXPIRED,15,SEND_REMINDER,1
0.9615384615384616,1.0,6243.64,WALLET,KOTAK,CARD_EXPIRED,7,RETRY_NOW,0
0.7590361445783133,0.1,5097.8,WALLET,SBI,INSUFFICIENT_FUNDS,5,NO_ACTION,0
0.9705882352941176,1.0,1917.57,UPI,AXIS,NETWORK_ERROR,21,RETRY_NOW,0
0.7625,0.3157894736842105,2737.39,NETBANKING,YESBANK,BANK_TIMEOUT,20,RETRY_NOW,1
0.8596491228070176,1.0,618.03,UPI,KOTAK,LIMIT_EXCEEDED,10,RETRY_NOW,0
0.9607843137254902,0.5,331.55,WALLET,ICICI,NETWORK_ERROR,12,RETRY_LATER,1
0.8695652173913043,0.8888888888888888,9942.26,WALLET,ICICI,INSUFFICIENT_FUNDS,8,RETRY_NOW,1
0.9666666666666667,1.0,4226.66,UPI,KOTAK,INSUFFICIENT_FUNDS,10,SEND_REMINDER,0
0.43333333333333335,0.5294117647058824,335.91,NETBANKING,YESBANK,LIMIT_EXCEEDED,10,SEND_REMINDER,1
0.7692307692307693,1.0,2716.32,NETBANKING,SBI,AUTHENTICATION_FAILED,6,RETRY_LATER,1
0.6785714285714286,0.7777777777777778,5823.18,UPI,HDFC,CARD_EXPIRED,2,RETRY_NOW,0
0.9702970297029703,0.3333333333333333,5358.94,NETBANKING,AXIS,BANK_TIMEOUT,15,RETRY_NOW,0
0.9178082191780822,0.0,9797.85,NETBANKING,KOTAK,CARD_EXPIRED,22,RETRY_LATER,0
0.82,1.0,3321.3,NETBANKING,HDFC,INSUFFICIENT_FUNDS,12,RETRY_LATER,0
0.6444444444444445,0.625,9270.87,NETBANKING,HDFC,CARD_EXPIRED,0,RETRY_LATER,0
0.9830508474576272,1.0,7775.15,UPI,SBI,BANK_TIMEOUT,22,RETRY_NOW,1
0.8928571428571429,0.6666666666666666,7905.11,NETBANKING,ICICI,NETWORK_ERROR,17,RETRY_NOW,1
0.9607843137254902,0.5,7677.77,UPI,YESBANK,BANK_TIMEOUT,15,NO_ACTION,0
0.9516129032258065,0.3333333333333333,1207.78,NETBANKING,YESBANK,CARD_EXPIRED,12,NO_ACTION,0
0.88,0.6666666666666666,5475.74,NETBANKING,HDFC,INSUFFICIENT_FUNDS,1,RETRY_LATER,0
0.9204545454545454,0.14285714285714285,7800.96,NETBANKING,HDFC,LIMIT_EXCEEDED,16,SEND_REMINDER,0
0.6938775510204082,0.8666666666666667,7736.47,CARD,HDFC,BANK_TIMEOUT,1,RETRY_NOW,0
0.8928571428571429,0.6666666666666666,9730.08,CARD,SBI,LIMIT_EXCEEDED,21,SEND_REMINDER,0
0.8910891089108911,0.0,9735.33,NETBANKING,YESBANK,CARD_EXPIRED,21,SEND_REMINDER,0
0.9838709677419355,0.0,1060.51,NETBANKING,SBI,LIMIT_EXCEEDED,8,NO_ACTION,0
0.8876404494382022,0.8,5818.97,CARD,AXIS,NETWORK_ERROR,6,SEND_REMINDER,0
0.8095238095238095,0.25,3242.34,CARD,KOTAK,NETWORK_ERROR,13,SEND_REMINDER,0
0.8285714285714286,0.5,9784.85,UPI,KOTAK,LIMIT_EXCEEDED,20,NO_ACTION,0
0.9473684210526315,0.25,7994.72,WALLET,HDFC,CARD_EXPIRED,13,SEND_REMINDER,0
0.7727272727272727,0.2,8946.64,CARD,SBI,NETWORK_ERROR,5,SEND_REMINDER,1
0.972972972972973,0.0,9142.88,WALLET,ICICI,BANK_TIMEOUT,8,RETRY_NOW,0
0.8888888888888888,0.5,4212.1,WALLET,HDFC,NETWORK_ERROR,17,SEND_REMINDER,1
0.8301886792452831,0.3333333333333333,1731.71,UPI,ICICI,NETWORK_ERROR,5,NO_ACTION,0
0.9111111111111111,0.25,9513.26,UPI,SBI,BANK_TIMEOUT,14,RETRY_LATER,1
0.8674698795180723,0.9090909090909091,1910.25,NETBANKING,HDFC,CARD_EXPIRED,17,RETRY_NOW,0
0.8130841121495327,0.4,9704.2,NETBANKING,KOTAK,BANK_TIMEOUT,14,RETRY_NOW,1
0.9534883720930233,0.5,1750.18,UPI,YESBANK,CARD_EXPIRED,18,RETRY_LATER,0
0.7402597402597403,0.35,8660.89,CARD,ICICI,AUTHENTICATION_FAILED,18,SEND_REMINDER,0
0.8955223880597015,0.0,5701.32,CARD,AXIS,NETWORK_ERROR,12,RETRY_LATER,0
0.922077922077922,0.16666666666666666,6118.12,WALLET,YESBANK,CARD_EXPIRED,0,SEND_REMINDER,1
0.9146341463414634,0.0,7237.02,UPI,AXIS,INSUFFICIENT_FUNDS,7,RETRY_LATER,0
0.6842105263157895,0.75,6320.01,WALLET,ICICI,LIMIT_EXCEEDED,22,RETRY_NOW,0
0.9310344827586207,0.75,2245.2,CARD,AXIS,BANK_TIMEOUT,2,RETRY_LATER,1
0.8372093023255814,0.21428571428571427,5826.63,CARD,KOTAK,NETWORK_ERROR,9,RETRY_NOW,0
0.8983050847457628,1.0,160.8,UPI,KOTAK,BANK_TIMEOUT,7,SEND_REMINDER,1
0.8591549295774648,0.3,6377.8,UPI,HDFC,INSUFFICIENT_FUNDS,18,RETRY_NOW,0
0.7391304347826086,0.16666666666666666,1542.57,UPI,KOTAK,BANK_TIMEOUT,2,SEND_REMINDER,0
0.8282828282828283,0.7647058823529411,3699.85,NETBANKING,ICICI,CARD_EXPIRED,5,RETRY_LATER,0
0.391304347826087,0.9285714285714286,8425.41,UPI,HDFC,BANK_TIMEOUT,13,RETRY_LATER,0
0.8148148148148148,0.06666666666666667,8529.42,WALLET,SBI,LIMIT_EXCEEDED,23,RETRY_NOW,0
0.9516129032258065,0.3333333333333333,589.78,UPI,ICICI,CARD_EXPIRED,21,SEND_REMINDER,0
0.8488372093023255,0.5384615384615384,9169.07,UPI,SBI,LIMIT_EXCEEDED,19,RETRY_LATER,1
0.42857142857142855,0.16666666666666666,6304.41,NETBANKING,SBI,CARD_EXPIRED,6,RETRY_NOW,0
0.9787234042553191,0.5,8057.28,NETBANKING,KOTAK,AUTHENTICATION_FAILED,0,RETRY_NOW,1
0.8243243243243243,0.9230769230769231,9043.8,NETBANKING,AXIS,BANK_TIMEOUT,4,SEND_REMINDER,0
0.7333333333333333,0.625,3739.69,CARD,AXIS,CARD_EXPIRED,8,SEND_REMINDER,0
0.8924731182795699,0.4,2944.65,WALLET,AXIS,LIMIT_EXCEEDED,13,RETRY_LATER,1
0.9770114942528736,0.0,9518.64,NETBANKING,YESBANK,LIMIT_EXCEEDED,20,SEND_REMINDER,0
0.863013698630137,0.0,8311.85,CARD,AXIS,LIMIT_EXCEEDED,12,NO_ACTION,0
0.7530864197530864,0.6,4563.99,NETBANKING,YESBANK,BANK_TIMEOUT,13,SEND_REMINDER,1
0.95,0.0,1043.49,UPI,ICICI,LIMIT_EXCEEDED,16,RETRY_LATER,0
0.9333333333333333,0.4,6374.96,CARD,ICICI,CARD_EXPIRED,0,NO_ACTION,0
0.7333333333333333,1.0,9705.87,CARD,SBI,LIMIT_EXCEEDED,21,SEND_REMINDER,1
0.98989898989899,1.0,1201.02,UPI,AXIS,BANK_TIMEOUT,19,SEND_REMINDER,0
0.9117647058823529,0.3333333333333333,2935.12,WALLET,KOTAK,CARD_EXPIRED,6,NO_ACTION,0
0.8253968253968254,1.0,4353.93,UPI,YESBANK,CARD_EXPIRED,4,RETRY_LATER,0
0.8409090909090909,1.0,8114.22,CARD,YESBANK,LIMIT_EXCEEDED,17,NO_ACTION,0
0.8125,0.3333333333333333,6532.32,NETBANKING,HDFC,BANK_TIMEOUT,20,NO_ACTION,0
0.8347826086956521,0.7368421052631579,3495.15,UPI,ICICI,CARD_EXPIRED,10,RETRY_NOW,0
0.8125,0.4166666666666667,9770.02,UPI,ICICI,INSUFFICIENT_FUNDS,22,NO_ACTION,0
1.0,0.0,1849.51,CARD,SBI,INSUFFICIENT_FUNDS,7,NO_ACTION,0
0.8222222222222222,0.0,7899.23,WALLET,YESBANK,LIMIT_EXCEEDED,18,RETRY_NOW,1
0.8131868131868132,0.29411764705882354,3091.83,NETBANKING,SBI,BANK_TIMEOUT,23,RETRY_NOW,0
0.5909090909090909,0.6666666666666666,2019.55,WALLET,ICICI,INSUFFICIENT_FUNDS,20,SEND_REMINDER,0
0.8571428571428571,0.8571428571428571,2488.05,UPI,SBI,NETWORK_ERROR,6,NO_ACTION,0
0.8653846153846154,0.0,3637.92,WALLET,KOTAK,AUTHENTICATION_FAILED,23,RETRY_NOW,0
0.9310344827586207,0.75,7733.13,WALLET,HDFC,LIMIT_EXCEEDED,14,SEND_REMINDER,0
0.9807692307692307,1.0,4715.68,NETBANKING,SBI,NETWORK_ERROR,7,SEND_REMINDER,1
0.7857142857142857,0.3333333333333333,3420.08,WALLET,AXIS,BANK_TIMEOUT,19,NO_ACTION,0
0.45454545454545453,0.8333333333333334,8479.38,CARD,ICICI,BANK_TIMEOUT,13,RETRY_LATER,1
0.8279569892473119,0.1875,5520.04,UPI,KOTAK,CARD_EXPIRED,3,NO_ACTION,0
0.9134615384615384,0.7777777777777778,1747.88,WALLET,HDFC,LIMIT_EXCEEDED,13,RETRY_LATER,1
0.7681159420289855,0.4375,6163.11,NETBANKING,KOTAK,NETWORK_ERROR,1,SEND_REMINDER,0
0.8227848101265823,0.0,4451.99,WALLET,KOTAK,CARD_EXPIRED,13,NO_ACTION,0
1.0,0.0,8258.12,WALLET,SBI,AUTHENTICATION_FAILED,9,RETRY_NOW,0
0.984375,1.0,2944.25,CARD,HDFC,BANK_TIMEOUT,21,RETRY_NOW,0
0.8070175438596491,0.36363636363636365,2812.1,UPI,AXIS,INSUFFICIENT_FUNDS,19,SEND_REMINDER,0
0.9375,0.0,3673.64,WALLET,ICICI,BANK_TIMEOUT,4,RETRY_LATER,0
0.6909090909090909,0.23529411764705882,5580.42,NETBANKING,AXIS,BANK_TIMEOUT,20,RETRY_NOW,1
0.5555555555555556,0.4,5867.57,CARD,YESBANK,LIMIT_EXCEEDED,16,SEND_REMINDER,0
0.91,0.2222222222222222,3251.32,NETBANKING,ICICI,AUTHENTICATION_FAILED,12,SEND_REMINDER,0
0.9827586206896551,0.0,2729.62,CARD,SBI,CARD_EXPIRED,4,RETRY_LATER,1
0.9204545454545454,0.14285714285714285,6601.3,UPI,KOTAK,AUTHENTICATION_FAILED,13,RETRY_LATER,0
0.7586206896551724,0.5,1054.74,UPI,HDFC,LIMIT_EXCEEDED,17,NO_ACTION,0
0.9148936170212766,0.625,4536.8,WALLET,KOTAK,BANK_TIMEOUT,8,SEND_REMINDER,0
0.8526315789473684,0.2857142857142857,3128.47,WALLET,YESBANK,BANK_TIMEOUT,7,NO_ACTION,0
0.6923076923076923,0.75,1318.98,CARD,ICICI,NETWORK_ERROR,20,RETRY_NOW,0
0.8947368421052632,0.6666666666666666,6063.9,WALLET,SBI,NETWORK_ERROR,13,RETRY_NOW,0
0.9,0.2,8465.17,UPI,ICICI,NETWORK_ERROR,9,RETRY_LATER,1
0.98989898989899,1.0,3574.32,UPI,ICICI,CARD_EXPIRED,2,SEND_REMINDER,1
0.75,0.6428571428571429,5013.32,NETBANKING,HDFC,BANK_TIMEOUT,10,SEND_REMINDER,1
0.5151515151515151,0.5625,1835.48,NETBANKING,SBI,NETWORK_ERROR,11,NO_ACTION,0
0.2,0.95,5230.18,UPI,KOTAK,NETWORK_ERROR,17,RETRY_LATER,1
0.9508196721311475,0.0,4810.64,CARD,AXIS,INSUFFICIENT_FUNDS,2,RETRY_NOW,0
0.9326923076923077,0.14285714285714285,2165.68,UPI,ICICI,BANK_TIMEOUT,0,NO_ACTION,0
0.8431372549019608,0.0,4511.43,WALLET,ICICI,AUTHENTICATION_FAILED,6,RETRY_NOW,0
0.7702702702702703,0.058823529411764705,457.28,CARD,KOTAK,INSUFFICIENT_FUNDS,21,SEND_REMINDER,0
0.7802197802197802,0.75,8635.37,UPI,ICICI,NETWORK_ERROR,2,RETRY_LATER,1
0.872093023255814,0.09090909090909091,9314.11,CARD,YESBANK,BANK_TIMEOUT,4,NO_ACTION,0
0.9428571428571428,1.0,1133.99,CARD,SBI,AUTHENTICATION_FAILED,0,SEND_REMINDER,1
0.7671232876712328,0.5882352941176471,2080.14,CARD,KOTAK,LIMIT_EXCEEDED,9,NO_ACTION,0
0.2631578947368421,0.21428571428571427,9614.41,CARD,YESBANK,LIMIT_EXCEEDED,17,RETRY_LATER,0
0.927710843373494,0.8333333333333334,1478.69,NETBANKING,SBI,INSUFFICIENT_FUNDS,9,RETRY_NOW,0
0.65,1.0,1246.86,NETBANKING,KOTAK,INSUFFICIENT_FUNDS,8,RETRY_LATER,0
1.0,0.0,7239.45,NETBANKING,SBI,AUTHENTICATION_FAILED,19,NO_ACTION,0
0.6851851851851852,0.7058823529411765,3969.48,WALLET,KOTAK,NETWORK_ERROR,16,RETRY_LATER,1
0.975609756097561,0.0,3918.43,WALLET,ICICI,LIMIT_EXCEEDED,16,RETRY_LATER,0
0.8974358974358975,0.25,6322.46,NETBANKING,AXIS,AUTHENTICATION_FAILED,17,NO_ACTION,0
0.7272727272727273,0.4166666666666667,6097.8,WALLET,HDFC,INSUFFICIENT_FUNDS,22,RETRY_LATER,0
0.9117647058823529,0.3333333333333333,6100.6,WALLET,YESBANK,AUTHENTICATION_FAILED,19,SEND_REMINDER,1
0.9029126213592233,0.9,9276.11,NETBANKING,YESBANK,CARD_EXPIRED,1,RETRY_LATER,0
0.8208955223880597,0.5833333333333334,9334.51,UPI,YESBANK,BANK_TIMEOUT,3,RETRY_LATER,0
0.8181818181818182,0.16666666666666666,8818.52,NETBANKING,SBI,INSUFFICIENT_FUNDS,12,RETRY_NOW,1
0.40625,0.21052631578947367,3071.58,NETBANKING,ICICI,AUTHENTICATION_FAILED,7,RETRY_NOW,0
0.5,0.8333333333333334,3453.78,UPI,ICICI,NETWORK_ERROR,9,SEND_REMINDER,1
0.8333333333333334,0.25,8992.42,WALLET,ICICI,BANK_TIMEOUT,20,NO_ACTION,0
0.703125,0.0,9072.12,WALLET,YESBANK,BANK_TIMEOUT,10,RETRY_LATER,1
0.8152173913043478,0.8823529411764706,6153.21,CARD,AXIS,INSUFFICIENT_FUNDS,7,NO_ACTION,0
0.9473684210526315,0.0,9407.76,CARD,YESBANK,CARD_EXPIRED,14,RETRY_NOW,0
0.6779661016949152,0.8421052631578947,8790.28,UPI,SBI,NETWORK_ERROR,2,NO_ACTION,0
0.8494623655913979,0.35714285714285715,2241.53,WALLET,AXIS,NETWORK_ERROR,3,RETRY_LATER,1
0.7605633802816901,0.0,2446.08,WALLET,SBI,NETWORK_ERROR,18,NO_ACTION,0
0.9607843137254902,0.5,7674.11,UPI,ICICI,INSUFFICIENT_FUNDS,2,NO_ACTION,0
0.7941176470588235,0.5714285714285714,6526.79,CARD,KOTAK,CARD_EXPIRED,2,RETRY_NOW,1
0.782608695652174,0.15,5740.3,UPI,HDFC,NETWORK_ERROR,11,SEND_REMINDER,1
0.5384615384615384,0.0,7830.2,WALLET,ICICI,LIMIT_EXCEEDED,0,RETRY_LATER,0
0.8,0.25,9405.17,UPI,SBI,AUTHENTICATION_FAILED,9,RETRY_NOW,0
0.8773584905660378,1.0,4862.73,CARD,YESBANK,CARD_EXPIRED,7,RETRY_NOW,0
0.75,0.6428571428571429,1773.49,CARD,HDFC,BANK_TIMEOUT,11,SEND_REMINDER,0
0.9629629629629629,0.6666666666666666,9311.21,CARD,HDFC,AUTHENTICATION_FAILED,14,RETRY_LATER,0
0.703125,0.0,1077.25,WALLET,KOTAK,LIMIT_EXCEEDED,8,SEND_REMINDER,1
0.8928571428571429,0.6666666666666666,8333.45,CARD,ICICI,CARD_EXPIRED,10,SEND_REMINDER,0
0.9523809523809523,1.0,739.13,NETBANKING,KOTAK,AUTHENTICATION_FAILED,13,RETRY_LATER,1
0.9603960396039604,0.0,5469.96,CARD,KOTAK,NETWORK_ERROR,4,RETRY_NOW,1
0.7796610169491526,0.3076923076923077,694.82,CARD,SBI,AUTHENTICATION_FAILED,2,RETRY_LATER,0
0.8829787234042553,0.18181818181818182,5536.33,CARD,HDFC,AUTHENTICATION_FAILED,11,RETRY_NOW,1
0.9841269841269841,1.0,3009.6,UPI,KOTAK,NETWORK_ERROR,9,SEND_REMINDER,0
0.8392857142857143,0.0,3335.27,NETBANKING,SBI,CARD_EXPIRED,9,NO_ACTION,0
0.7701149425287356,0.05,6392.23,NETBANKING,AXIS,BANK_TIMEOUT,12,RETRY_LATER,1
0.6216216216216216,1.0,7917.85,CARD,YESBANK,INSUFFICIENT_FUNDS,18,RETRY_LATER,1
0.45454545454545453,0.5,2600.71,UPI,YESBANK,AUTHENTICATION_FAILED,5,RETRY_LATER,0
0.9818181818181818,1.0,5016.0,CARD,ICICI,NETWORK_ERROR,2,SEND_REMINDER,1
0.896551724137931,0.3333333333333333,8576.79,WALLET,ICICI,AUTHENTICATION_FAILED,9,RETRY_LATER,1
0.927710843373494,0.8333333333333334,3175.81,WALLET,ICICI,CARD_EXPIRED,13,RETRY_LATER,0
0.8876404494382022,0.9,4132.58,WALLET,ICICI,NETWORK_ERROR,17,RETRY_LATER,1
0.9292929292929293,0.0,8193.34,NETBANKING,KOTAK,INSUFFICIENT_FUNDS,13,NO_ACTION,0
0.696969696969697,0.7,9584.09,CARD,KOTAK,BANK_TIMEOUT,10,RETRY_NOW,1
0.872093023255814,0.09090909090909091,6135.49,WALLET,HDFC,INSUFFICIENT_FUNDS,11,NO_ACTION,0
0.8854166666666666,0.6363636363636364,6664.52,NETBANKING,KOTAK,BANK_TIMEOUT,15,RETRY_NOW,1
0.5714285714285714,1.0,5125.41,CARD,KOTAK,AUTHENTICATION_FAILED,13,RETRY_LATER,0
0.8076923076923077,1.0,9811.83,CARD,YESBANK,INSUFFICIENT_FUNDS,23,SEND_REMINDER,1
0.890625,0.8571428571428571,662.62,NETBANKING,HDFC,INSUFFICIENT_FUNDS,14,RETRY_NOW,0
0.4375,0.9444444444444444,766.95,UPI,HDFC,NETWORK_ERROR,5,RETRY_LATER,1
0.9340659340659341,0.3333333333333333,4350.19,UPI,SBI,CARD_EXPIRED,14,SEND_REMINDER,1
0.8571428571428571,1.0,2143.5,NETBANKING,KOTAK,LIMIT_EXCEEDED,7,RETRY_NOW,0
0.7681159420289855,0.4375,6786.59,WALLET,ICICI,INSUFFICIENT_FUNDS,5,SEND_REMINDER,1
0.7049180327868853,0.5555555555555556,1790.04,WALLET,HDFC,INSUFFICIENT_FUNDS,20,NO_ACTION,0
0.9534883720930233,0.5,6250.82,WALLET,ICICI,BANK_TIMEOUT,11,RETRY_LATER,0
0.7654320987654321,0.7368421052631579,8594.2,WALLET,ICICI,BANK_TIMEOUT,11,RETRY_NOW,0
0.8823529411764706,0.0,5922.59,NETBANKING,KOTAK,AUTHENTICATION_FAILED,8,RETRY_LATER,1
0.75,0.7894736842105263,1452.16,CARD,KOTAK,NETWORK_ERROR,3,RETRY_LATER,1
0.6904761904761905,0.6153846153846154,6349.94,WALLET,AXIS,BANK_TIMEOUT,7,SEND_REMINDER,1
0.9333333333333333,0.16666666666666666,3117.66,WALLET,KOTAK,CARD_EXPIRED,17,RETRY_LATER,1
0.7764705882352941,0.3684210526315789,1135.39,WALLET,HDFC,NETWORK_ERROR,17,RETRY_NOW,0
0.96,1.0,8357.45,NETBANKING,SBI,BANK_TIMEOUT,14,SEND_REMINDER,0
0.5945945945945946,0.9333333333333333,2645.33,CARD,HDFC,BANK_TIMEOUT,6,SEND_REMINDER,0
0.7285714285714285,1.0,8745.61,WALLET,SBI,LIMIT_EXCEEDED,20,NO_ACTION,0
0.8155339805825242,0.42105263157894735,5893.93,NETBANKING,KOTAK,LIMIT_EXCEEDED,6,SEND_REMINDER,1
0.8556701030927835,0.9285714285714286,872.5,UPI,KOTAK,INSUFFICIENT_FUNDS,13,RETRY_LATER,1
0.7192982456140351,0.3125,3287.98,NETBANKING,ICICI,AUTHENTICATION_FAILED,18,RETRY_LATER,0
0.9696969696969697,0.0,8917.57,NETBANKING,YESBANK,AUTHENTICATION_FAILED,0,SEND_REMINDER,1
0.8910891089108911,0.0,8343.88,NETBANKING,YESBANK,INSUFFICIENT_FUNDS,23,RETRY_NOW,0
0.8769230769230769,0.125,2955.72,UPI,HDFC,CARD_EXPIRED,2,NO_ACTION,0
0.9333333333333333,0.6666666666666666,426.4,UPI,AXIS,AUTHENTICATION_FAILED,14,RETRY_LATER,1
0.8983050847457628,1.0,787.9,NETBANKING,SBI,INSUFFICIENT_FUNDS,6,RETRY_LATER,1
0.7671232876712328,0.5882352941176471,6670.16,CARD,HDFC,BANK_TIMEOUT,19,NO_ACTION,0
0.979381443298969,0.5,7466.39,CARD,KOTAK,BANK_TIMEOUT,11,NO_ACTION,0
0.6875,0.1,5964.29,WALLET,KOTAK,CARD_EXPIRED,13,RETRY_NOW,0
0.7701149425287356,0.05,6228.82,WALLET,YESBANK,LIMIT_EXCEEDED,15,RETRY_LATER,0
0.6808510638297872,0.8666666666666667,2057.83,NETBANKING,SBI,LIMIT_EXCEEDED,5,SEND_REMINDER,1
0.8247422680412371,1.0,1015.59,UPI,KOTAK,BANK_TIMEOUT,22,RETRY_LATER,1
0.8333333333333334,1.0,7692.53,UPI,SBI,CARD_EXPIRED,22,NO_ACTION,0
0.8478260869565217,0.0,6847.02,WALLET,YESBANK,INSUFFICIENT_FUNDS,20,SEND_REMINDER,0
0.9615384615384616,0.5,3858.24,UPI,HDFC,NETWORK_ERROR,23,RETRY_LATER,1
0.9428571428571428,0.16666666666666666,6071.01,CARD,YESBANK,LIMIT_EXCEEDED,6,SEND_REMINDER,1
0.42857142857142855,0.16666666666666666,6669.59,NETBANKING,AXIS,AUTHENTICATION_FAILED,9,RETRY_NOW,0
0.4230769230769231,0.6666666666666666,7850.53,CARD,ICICI,INSUFFICIENT_FUNDS,14,RETRY_LATER,0
0.8247422680412371,1.0,6997.53,CARD,HDFC,NETWORK_ERROR,14,RETRY_NOW,1
0.7777777777777778,0.0,8876.01,CARD,KOTAK,BANK_TIMEOUT,10,RETRY_NOW,0
0.9886363636363636,1.0,9582.24,CARD,HDFC,INSUFFICIENT_FUNDS,1,SEND_REMINDER,1
0.9042553191489362,0.8888888888888888,1732.4,NETBANKING,SBI,CARD_EXPIRED,8,RETRY_NOW,0
0.8591549295774648,0.3,2782.22,NETBANKING,YESBANK,INSUFFICIENT_FUNDS,21,SEND_REMINDER,0
0.9292929292929293,0.0,8193.34,NETBANKING,KOTAK,INSUFFICIENT_FUNDS,13,SEND_REMINDER,0
0.9134615384615384,0.7777777777777778,5370.23,CARD,HDFC,NETWORK_ERROR,5,RETRY_NOW,1
0.9333333333333333,0.0,5565.17,UPI,KOTAK,NETWORK_ERROR,7,RETRY_NOW,1
0.8508771929824561,0.8823529411764706,1159.74,CARD,AXIS,CARD_EXPIRED,5,RETRY_LATER,0
0.9333333333333333,0.16666666666666666,3117.66,WALLET,KOTAK,CARD_EXPIRED,17,SEND_REMINDER,0
0.2631578947368421,0.9285714285714286,3124.35,UPI,ICICI,LIMIT_EXCEEDED,0,SEND_REMINDER,0
0.8615384615384616,0.8888888888888888,3268.69,WALLET,ICICI,CARD_EXPIRED,16,RETRY_NOW,0
0.7073170731707317,0.25,9252.07,UPI,YESBANK,CARD_EXPIRED,9,SEND_REMINDER,0
0.7872340425531915,0.55,1544.82,CARD,AXIS,NETWORK_ERROR,12,SEND_REMINDER,0
0.9607843137254902,0.5,7869.99,UPI,SBI,CARD_EXPIRED,6,NO_ACTION,0
0.6938775510204082,0.06666666666666667,8485.13,NETBANKING,ICICI,AUTHENTICATION_FAILED,18,NO_ACTION,0
0.8205128205128205,0.42857142857142855,9173.06,CARD,SBI,LIMIT_EXCEEDED,16,SEND_REMINDER,0
0.9803921568627451,0.0,7607.34,NETBANKING,ICICI,INSUFFICIENT_FUNDS,16,RETRY_LATER,0
0.5833333333333334,0.2,7295.98,UPI,KOTAK,AUTHENTICATION_FAILED,0,RETRY_NOW,0
0.8928571428571429,0.6666666666666666,2638.35,CARD,YESBANK,AUTHENTICATION_FAILED,13,RETRY_LATER,0
0.5384615384615384,0.2777777777777778,2271.6,WALLET,AXIS,INSUFFICIENT_FUNDS,15,SEND_REMINDER,0
0.7906976744186046,0.5555555555555556,7266.44,CARD,ICICI,NETWORK_ERROR,17,SEND_REMINDER,0
0.7111111111111111,0.9230769230769231,1664.99,NETBANKING,YESBANK,NETWORK_ERROR,20,SEND_REMINDER,1
0.8571428571428571,0.0,6781.8,CARD,ICICI,BANK_TIMEOUT,13,SEND_REMINDER,0
0.6666666666666666,0.0,5448.78,NETBANKING,SBI,AUTHENTICATION_FAILED,6,SEND_REMINDER,0
0.6071428571428571,0.5454545454545454,8436.09,NETBANKING,ICICI,NETWORK_ERROR,6,RETRY_NOW,1
0.975609756097561,0.5,4748.72,WALLET,HDFC,LIMIT_EXCEEDED,11,SEND_REMINDER,0
0.375,0.0,7906.04,UPI,SBI,LIMIT_EXCEEDED,13,RETRY_NOW,1
0.9333333333333333,0.0,2520.82,CARD,YESBANK,INSUFFICIENT_FUNDS,16,RETRY_NOW,0
0.74,0.5384615384615384,7491.69,WALLET,YESBANK,NETWORK_ERROR,11,NO_ACTION,0
0.8365384615384616,0.7058823529411765,1556.35,UPI,HDFC,CARD_EXPIRED,22,SEND_REMINDER,0
0.9175257731958762,0.75,7165.61,CARD,AXIS,CARD_EXPIRED,8,RETRY_LATER,0
0.8653846153846154,0.0,5392.03,NETBANKING,ICICI,CARD_EXPIRED,4,NO_ACTION,0
0.6666666666666666,0.8,4443.21,CARD,AXIS,INSUFFICIENT_FUNDS,0,SEND_REMINDER,1
0.8737864077669902,0.23076923076923078,4879.58,UPI,ICICI,LIMIT_EXCEEDED,18,NO_ACTION,0
0.9134615384615384,0.7777777777777778,5370.23,CARD,HDFC,NETWORK_ERROR,5,RETRY_LATER,1
0.5238095238095238,0.7,2038.53,CARD,AXIS,NETWORK_ERROR,14,NO_ACTION,0
0.8482142857142857,0.17647058823529413,7096.42,WALLET,HDFC,LIMIT_EXCEEDED,0,NO_ACTION,0
0.9148936170212766,0.625,5493.56,WALLET,SBI,AUTHENTICATION_FAILED,13,RETRY_LATER,1
0.6779661016949152,1.0,3901.61,CARD,KOTAK,AUTHENTICATION_FAILED,5,RETRY_NOW,0
0.8125,0.4166666666666667,9770.02,UPI,ICICI,INSUFFICIENT_FUNDS,22,SEND_REMINDER,1
0.9263157894736842,0.2857142857142857,2488.74,WALLET,YESBANK,NETWORK_ERROR,3,NO_ACTION,0
0.8909090909090909,0.25,5391.02,WALLET,KOTAK,BANK_TIMEOUT,14,RETRY_LATER,1
0.6363636363636364,0.0,8356.32,CARD,ICICI,AUTHENTICATION_FAILED,1,SEND_REMINDER,1
0.8253968253968254,1.0,8651.71,WALLET,YESBANK,INSUFFICIENT_FUNDS,13,RETRY_LATER,1
0.8656716417910447,0.4444444444444444,4825.13,NETBANKING,KOTAK,INSUFFICIENT_FUNDS,4,SEND_REMINDER,0
0.5263157894736842,1.0,9024.95,UPI,HDFC,AUTHENTICATION_FAILED,0,RETRY_NOW,1
0.8539325842696629,0.23076923076923078,3626.77,CARD,HDFC,NETWORK_ERROR,2,RETRY_NOW,1
0.7073170731707317,0.25,9252.07,UPI,YESBANK,CARD_EXPIRED,9,NO_ACTION,0
0.7692307692307693,0.3333333333333333,4759.99,CARD,HDFC,AUTHENTICATION_FAILED,8,NO_ACTION,0
0.47058823529411764,1.0,5444.05,NETBANKING,HDFC,AUTHENTICATION_FAILED,14,SEND_REMINDER,1
0.8,1.0,7269.38,CARD,SBI,AUTHENTICATION_FAILED,16,RETRY_NOW,1
0.9523809523809523,1.0,739.13,NETBANKING,KOTAK,AUTHENTICATION_FAILED,13,NO_ACTION,0
0.8130841121495327,0.4,4214.77,UPI,SBI,INSUFFICIENT_FUNDS,12,RETRY_LATER,0
0.8936170212765957,0.1,3352.99,UPI,YESBANK,NETWORK_ERROR,16,SEND_REMINDER,0
0.7142857142857143,0.25,2831.35,NETBANKING,HDFC,CARD_EXPIRED,15,NO_ACTION,0
0.9807692307692307,1.0,6652.21,UPI,KOTAK,LIMIT_EXCEEDED,11,NO_ACTION,0
0.4444444444444444,0.9,9020.71,CARD,SBI,CARD_EXPIRED,2,RETRY_LATER,0
0.95,0.0,2656.14,WALLET,ICICI,BANK_TIMEOUT,18,SEND_REMINDER,0
0.8269230769230769,0.6111111111111112,9896.19,CARD,KOTAK,CARD_EXPIRED,7,RETRY_LATER,0
0.7857142857142857,0.3333333333333333,1972.81,CARD,SBI,CARD_EXPIRED,18,SEND_REMINDER,1
0.9117647058823529,0.3333333333333333,9121.05,NETBANKING,YESBANK,BANK_TIMEOUT,14,NO_ACTION,0
0.8181818181818182,0.4166666666666667,9012.72,UPI,YESBANK,BANK_TIMEOUT,17,NO_ACTION,0
0.6727272727272727,0.7222222222222222,2854.82,UPI,HDFC,LIMIT_EXCEEDED,7,RETRY_LATER,1
0.96,1.0,101.44,UPI,KOTAK,LIMIT_EXCEEDED,3,SEND_REMINDER,0
0.8555555555555555,1.0,5121.72,WALLET,AXIS,INSUFFICIENT_FUNDS,12,SEND_REMINDER,1
0.9104477611940298,0.0,1501.25,WALLET,AXIS,AUTHENTICATION_FAILED,2,RETRY_LATER,1
0.7796610169491526,0.3076923076923077,3477.03,NETBANKING,HDFC,BANK_TIMEOUT,15,RETRY_NOW,0
0.8095238095238095,0.16666666666666666,4328.26,CARD,YESBANK,INSUFFICIENT_FUNDS,5,SEND_REMINDER,0
0.8070175438596491,0.36363636363636365,2812.1,UPI,AXIS,INSUFFICIENT_FUNDS,19,RETRY_NOW,0
0.8983050847457628,0.8333333333333334,2821.53,NETBANKING,HDFC,CARD_EXPIRED,14,RETRY_NOW,0
0.9326923076923077,0.14285714285714285,8138.94,NETBANKING,KOTAK,NETWORK_ERROR,1,NO_ACTION,0
0.8508771929824561,0.8823529411764706,4840.28,WALLET,HDFC,AUTHENTICATION_FAILED,6,RETRY_LATER,0
0.8307692307692308,0.5454545454545454,2320.45,NETBANKING,HDFC,LIMIT_EXCEEDED,2,SEND_REMINDER,0
0.90625,0.0,6302.65,UPI,YESBANK,INSUFFICIENT_FUNDS,15,RETRY_NOW,1
0.8235294117647058,0.2777777777777778,3117.57,NETBANKING,AXIS,INSUFFICIENT_FUNDS,16,SEND_REMINDER,1
0.8617021276595744,0.3076923076923077,2098.36,WALLET,HDFC,BANK_TIMEOUT,18,RETRY_NOW,0
0.8571428571428571,0.0,7366.57,CARD,HDFC,AUTHENTICATION_FAILED,8,RETRY_NOW,1
0.7837837837837838,0.5,7415.76,WALLET,SBI,BANK_TIMEOUT,7,NO_ACTION,0
0.696969696969697,0.7,9584.09,CARD,KOTAK,BANK_TIMEOUT,10,NO_ACTION,0
0.782608695652174,0.15,7663.19,NETBANKING,ICICI,BANK_TIMEOUT,23,RETRY_LATER,1
0.84,0.5,6638.97,WALLET,HDFC,AUTHENTICATION_FAILED,22,RETRY_LATER,0
0.8404255319148937,0.6,4332.9,UPI,SBI,INSUFFICIENT_FUNDS,18,NO_ACTION,0
0.6938775510204082,0.06666666666666667,1140.95,CARD,AXIS,AUTHENTICATION_FAILED,8,RETRY_LATER,0
0.8947368421052632,0.625,3411.28,NETBANKING,KOTAK,LIMIT_EXCEEDED,16,RETRY_LATER,0
0.9117647058823529,0.0,4224.11,UPI,HDFC,BANK_TIMEOUT,19,SEND_REMINDER,1
0.6129032258064516,0.5833333333333334,5654.54,WALLET,AXIS,NETWORK_ERROR,1,SEND_REMINDER,0
0.7592592592592593,1.0,5405.92,NETBANKING,YESBANK,NETWORK_ERROR,23,RETRY_NOW,0
0.872093023255814,0.09090909090909091,194.26,CARD,ICICI,BANK_TIMEOUT,21,NO_ACTION,0
0.8494623655913979,0.35714285714285715,3145.91,UPI,SBI,BANK_TIMEOUT,1,NO_ACTION,0
0.921875,1.0,8177.48,WALLET,AXIS,INSUFFICIENT_FUNDS,9,RETRY_LATER,0
0.8235294117647058,0.2777777777777778,4415.6,UPI,AXIS,BANK_TIMEOUT,4,SEND_REMINDER,0
0.95,0.2,3128.79,UPI,YESBANK,LIMIT_EXCEEDED,1,NO_ACTION,0
0.72,0.5714285714285714,7393.08,NETBANKING,SBI,LIMIT_EXCEEDED,22,RETRY_LATER,0
0.2727272727272727,0.375,3359.15,CARD,YESBANK,NETWORK_ERROR,0,NO_ACTION,0
0.78125,0.7142857142857143,3299.13,NETBANKING,KOTAK,LIMIT_EXCEEDED,1,RETRY_NOW,0
0.8974358974358975,0.25,6322.46,NETBANKING,AXIS,AUTHENTICATION_FAILED,17,SEND_REMINDER,0
0.78125,0.14285714285714285,4381.2,CARD,ICICI,BANK_TIMEOUT,7,RETRY_NOW,0
0.8169014084507042,0.5384615384615384,5764.49,UPI,AXIS,INSUFFICIENT_FUNDS,6,NO_ACTION,0
0.8481012658227848,0.3333333333333333,2279.72,WALLET,SBI,INSUFFICIENT_FUNDS,10,RETRY_NOW,1
0.9629629629629629,0.6666666666666666,5468.53,NETBANKING,SBI,BANK_TIMEOUT,17,SEND_REMINDER,0
0.7872340425531915,0.55,7039.54,CARD,YESBANK,LIMIT_EXCEEDED,11,RETRY_LATER,0
0.7391304347826086,0.16666666666666666,5611.67,NETBANKING,AXIS,AUTHENTICATION_FAILED,21,RETRY_LATER,0
0.8873239436619719,0.5,369.28,NETBANKING,HDFC,INSUFFICIENT_FUNDS,14,NO_ACTION,0
0.8222222222222222,0.0,4694.92,CARD,HDFC,CARD_EXPIRED,23,SEND_REMINDER,1
0.8301886792452831,0.3333333333333333,4228.01,UPI,YESBANK,BANK_TIMEOUT,0,RETRY_NOW,0
0.7115384615384616,0.8,2156.51,NETBANKING,AXIS,LIMIT_EXCEEDED,8,RETRY_NOW,1
0.8369565217391305,0.4,7688.04,WALLET,ICICI,BANK_TIMEOUT,11,RETRY_LATER,1
0.922077922077922,0.16666666666666666,6118.12,WALLET,YESBANK,CARD_EXPIRED,0,RETRY_NOW,0
0.8829787234042553,0.18181818181818182,9294.2,CARD,SBI,AUTHENTICATION_FAILED,15,SEND_REMINDER,1
0.9583333333333334,0.0,9332.24,WALLET,ICICI,CARD_EXPIRED,4,SEND_REMINDER,0
0.9523809523809523,0.6666666666666666,7692.13,CARD,YESBANK,CARD_EXPIRED,3,NO_ACTION,0
0.9615384615384616,0.5,5593.8,UPI,KOTAK,INSUFFICIENT_FUNDS,19,RETRY_NOW,0
0.6779661016949152,1.0,2426.56,NETBANKING,AXIS,NETWORK_ERROR,7,SEND_REMINDER,1
0.9787234042553191,0.5,560.73,UPI,YESBANK,LIMIT_EXCEEDED,11,RETRY_LATER,1
0.7746478873239436,0.5625,1836.07,CARD,HDFC,INSUFFICIENT_FUNDS,12,NO_ACTION,0
0.47058823529411764,0.16666666666666666,3181.62,UPI,YESBANK,INSUFFICIENT_FUNDS,23,RETRY_LATER,0
0.8556701030927835,0.9285714285714286,1144.79,NETBANKING,AXIS,INSUFFICIENT_FUNDS,12,SEND_REMINDER,1
0.40625,0.21052631578947367,3071.58,NETBANKING,ICICI,AUTHENTICATION_FAILED,7,NO_ACTION,0
0.84375,0.2,7913.21,WALLET,SBI,NETWORK_ERROR,8,NO_ACTION,0
0.7906976744186046,0.5555555555555556,1492.72,WALLET,KOTAK,INSUFFICIENT_FUNDS,11,RETRY_NOW,1
0.696969696969697,0.7,1835.23,CARD,HDFC,NETWORK_ERROR,11,RETRY_LATER,1
0.8804347826086957,0.0,3928.4,UPI,KOTAK,LIMIT_EXCEEDED,23,SEND_REMINDER,0
0.9326923076923077,0.7142857142857143,9746.36,CARD,HDFC,CARD_EXPIRED,6,RETRY_NOW,0
0.5,0.8333333333333334,7344.4,NETBANKING,HDFC,NETWORK_ERROR,7,SEND_REMINDER,1
0.6458333333333334,0.6470588235294118,4051.01,UPI,YESBANK,LIMIT_EXCEEDED,20,SEND_REMINDER,0
0.4090909090909091,0.5384615384615384,1086.41,CARD,SBI,AUTHENTICATION_FAILED,9,RETRY_LATER,1
0.8375,0.3076923076923077,1864.55,WALLET,YESBANK,LIMIT_EXCEEDED,4,NO_ACTION,0
0.8,0.17647058823529413,1652.16,UPI,AXIS,CARD_EXPIRED,15,RETRY_NOW,0
0.8541666666666666,0.42857142857142855,8505.2,WALLET,SBI,LIMIT_EXCEEDED,9,RETRY_LATER,0
0.98989898989899,1.0,3574.32,UPI,ICICI,CARD_EXPIRED,2,NO_ACTION,0
0.45454545454545453,0.8333333333333334,9039.51,CARD,HDFC,LIMIT_EXCEEDED,11,RETRY_NOW,1
0.84,0.5,6074.82,CARD,ICICI,AUTHENTICATION_FAILED,19,SEND_REMINDER,1
0.9134615384615384,0.7777777777777778,5370.23,CARD,HDFC,NETWORK_ERROR,5,SEND_REMINDER,0
0.88,0.0,7079.74,NETBANKING,AXIS,INSUFFICIENT_FUNDS,6,RETRY_LATER,0
0.8823529411764706,0.0,4325.72,CARD,YESBANK,NETWORK_ERROR,0,NO_ACTION,0
0.900990099009901,0.6,8571.92,CARD,AXIS,AUTHENTICATION_FAILED,0,RETRY_LATER,1
0.9090909090909091,0.0,185.46,UPI,YESBANK,NETWORK_ERROR,5,RETRY_LATER,1
0.5945945945945946,0.9333333333333333,2645.33,CARD,HDFC,BANK_TIMEOUT,6,RETRY_LATER,0
0.8981481481481481,0.5454545454545454,5796.57,NETBANKING,SBI,INSUFFICIENT_FUNDS,11,NO_ACTION,0
0.9375,0.5,6560.38,WALLET,YESBANK,NETWORK_ERROR,21,NO_ACTION,0
0.8181818181818182,0.2777777777777778,7910.17,UPI,AXIS,AUTHENTICATION_FAILED,5,NO_ACTION,0
0.75,0.29411764705882354,9589.4,WALLET,ICICI,AUTHENTICATION_FAILED,22,SEND_REMINDER,1
0.8222222222222222,0.875,9977.78,NETBANKING,HDFC,LIMIT_EXCEEDED,17,RETRY_LATER,1
0.8181818181818182,0.15,3495.3,WALLET,ICICI,LIMIT_EXCEEDED,22,RETRY_LATER,0
0.9210526315789473,0.3333333333333333,5168.84,NETBANKING,HDFC,NETWORK_ERROR,10,RETRY_NOW,1
0.8777777777777778,0.6363636363636364,1844.7,UPI,ICICI,BANK_TIMEOUT,6,RETRY_NOW,0
0.9310344827586207,0.8333333333333334,9586.65,NETBANKING,HDFC,AUTHENTICATION_FAILED,17,SEND_REMINDER,0
0.8764044943820225,0.18181818181818182,6120.45,WALLET,AXIS,AUTHENTICATION_FAILED,17,RETRY_LATER,0
0.875,0.8571428571428571,606.93,UPI,SBI,INSUFFICIENT_FUNDS,7,SEND_REMINDER,1
0.8762886597938144,0.25,7782.28,UPI,AXIS,LIMIT_EXCEEDED,19,RETRY_NOW,1
0.7868852459016393,0.46153846153846156,4572.41,CARD,HDFC,BANK_TIMEOUT,1,RETRY_NOW,1
0.9666666666666667,1.0,4079.15,UPI,AXIS,NETWORK_ERROR,13,RETRY_NOW,1
0.8571428571428571,0.0,7786.17,NETBANKING,AXIS,INSUFFICIENT_FUNDS,13,RETRY_LATER,0
0.8235294117647058,0.2777777777777778,4415.6,UPI,AXIS,BANK_TIMEOUT,4,RETRY_LATER,1
0.8620689655172413,0.0625,5329.37,CARD,SBI,CARD_EXPIRED,12,NO_ACTION,0
0.75,1.0,6362.91,WALLET,SBI,LIMIT_EXCEEDED,23,RETRY_NOW,0
0.6122448979591837,0.5263157894736842,4150.0,NETBANKING,YESBANK,LIMIT_EXCEEDED,10,RETRY_LATER,1
0.8163265306122449,0.05555555555555555,3015.01,NETBANKING,KOTAK,LIMIT_EXCEEDED,23,NO_ACTION,0
0.9178082191780822,0.8333333333333334,956.61,UPI,KOTAK,NETWORK_ERROR,20,NO_ACTION,0
0.8508771929824561,0.8823529411764706,3932.79,CARD,ICICI,BANK_TIMEOUT,9,RETRY_NOW,1
0.96875,0.5,5168.5,NETBANKING,SBI,AUTHENTICATION_FAILED,0,NO_ACTION,0
0.8514851485148515,0.13333333333333333,4353.9,WALLET,SBI,NETWORK_ERROR,9,SEND_REMINDER,0
0.6875,0.1,4985.22,NETBANKING,SBI,CARD_EXPIRED,7,NO_ACTION,0
0.7115384615384616,0.8,6768.49,NETBANKING,ICICI,NETWORK_ERROR,20,NO_ACTION,0
0.8478260869565217,0.21428571428571427,9201.66,UPI,AXIS,CARD_EXPIRED,12,NO_ACTION,0
0.2631578947368421,0.9285714285714286,3791.2,NETBANKING,ICICI,BANK_TIMEOUT,2,RETRY_NOW,1
0.7741935483870968,0.35714285714285715,7600.43,UPI,AXIS,CARD_EXPIRED,11,RETRY_NOW,0
0.8227848101265823,0.14285714285714285,3810.9,WALLET,ICICI,LIMIT_EXCEEDED,4,RETRY_NOW,0
0.9759036144578314,0.0,4719.21,UPI,YESBANK,INSUFFICIENT_FUNDS,23,SEND_REMINDER,1
0.6428571428571429,0.55,2788.52,WALLET,HDFC,BANK_TIMEOUT,21,RETRY_LATER,1
0.5384615384615384,0.4444444444444444,4593.23,NETBANKING,YESBANK,BANK_TIMEOUT,16,NO_ACTION,0
0.7916666666666666,0.2,7361.69,NETBANKING,KOTAK,NETWORK_ERROR,6,NO_ACTION,0
0.8028169014084507,0.5,4168.2,NETBANKING,HDFC,BANK_TIMEOUT,19,NO_ACTION,0
0.5833333333333334,0.2,1170.73,CARD,ICICI,INSUFFICIENT_FUNDS,18,NO_ACTION,0
0.9384615384615385,0.25,8972.67,NETBANKING,KOTAK,CARD_EXPIRED,5,NO_ACTION,0
0.8923076923076924,0.2857142857142857,1872.7,WALLET,SBI,BANK_TIMEOUT,3,SEND_REMINDER,0
0.7285714285714285,0.7894736842105263,9634.4,UPI,KOTAK,LIMIT_EXCEEDED,4,RETRY_LATER,1
0.6851851851851852,0.7058823529411765,4899.97,CARD,YESBANK,NETWORK_ERROR,10,NO_ACTION,0
0.8478260869565217,0.21428571428571427,702.63,CARD,KOTAK,AUTHENTICATION_FAILED,23,RETRY_NOW,0
0.9821428571428571,0.0,7579.5,UPI,SBI,NETWORK_ERROR,19,SEND_REMINDER,1
0.8625,0.18181818181818182,2771.32,NETBANKING,HDFC,INSUFFICIENT_FUNDS,14,NO_ACTION,0
0.92,0.0,7852.9,WALLET,ICICI,CARD_EXPIRED,23,RETRY_NOW,0
0.88,0.6666666666666666,4059.76,WALLET,AXIS,NETWORK_ERROR,23,NO_ACTION,0
0.39285714285714285,0.5294117647058824,3234.07,CARD,ICICI,CARD_EXPIRED,16,RETRY_LATER,0
0.8070175438596491,0.36363636363636365,3594.3,UPI,ICICI,LIMIT_EXCEEDED,15,RETRY_LATER,1
0.9292929292929293,0.0,2327.12,CARD,SBI,INSUFFICIENT_FUNDS,11,RETRY_LATER,0
0.7291666666666666,0.3076923076923077,1971.28,NETBANKING,AXIS,CARD_EXPIRED,21,RETRY_NOW,0
0.5945945945945946,0.9333333333333333,1672.3,NETBANKING,SBI,BANK_TIMEOUT,16,SEND_REMINDER,0
0.6153846153846154,0.8,7327.83,CARD,HDFC,INSUFFICIENT_FUNDS,2,SEND_REMINDER,0
0.9821428571428571,0.0,3792.3,UPI,ICICI,NETWORK_ERROR,0,RETRY_NOW,0
0.5,0.8333333333333334,3869.35,NETBANKING,KOTAK,AUTHENTICATION_FAILED,9,NO_ACTION,0
0.75,0.16666666666666666,7405.65,WALLET,SBI,AUTHENTICATION_FAILED,20,SEND_REMINDER,0
0.8955223880597015,0.0,5701.32,CARD,AXIS,NETWORK_ERROR,12,SEND_REMINDER,0
0.5652173913043478,0.6,4182.1,CARD,HDFC,LIMIT_EXCEEDED,19,NO_ACTION,0
0.7142857142857143,0.0,8699.5,CARD,KOTAK,BANK_TIMEOUT,3,NO_ACTION,0
0.7802197802197802,0.3,2841.49,CARD,HDFC,AUTHENTICATION_FAILED,18,SEND_REMINDER,0
0.851063829787234,0.8571428571428571,8178.51,UPI,YESBANK,BANK_TIMEOUT,22,RETRY_LATER,1
0.9615384615384616,0.5,8613.97,UPI,KOTAK,CARD_EXPIRED,2,RETRY_LATER,1
0.5,0.09090909090909091,6151.92,NETBANKING,HDFC,CARD_EXPIRED,17,SEND_REMINDER,1
0.9886363636363636,1.0,9582.24,CARD,HDFC,INSUFFICIENT_FUNDS,1,RETRY_NOW,1
0.9821428571428571,0.0,440.5,NETBANKING,ICICI,NETWORK_ERROR,3,RETRY_NOW,0
0.6666666666666666,0.8,3560.78,CARD,KOTAK,AUTHENTICATION_FAILED,0,NO_ACTION,0
0.8260869565217391,0.4,761.49,CARD,SBI,BANK_TIMEOUT,8,NO_ACTION,0
0.7083333333333334,0.5714285714285714,6515.39,CARD,KOTAK,BANK_TIMEOUT,10,RETRY_NOW,0
0.8541666666666666,0.42857142857142855,8986.99,WALLET,SBI,INSUFFICIENT_FUNDS,0,SEND_REMINDER,1
0.9636363636363636,0.0,9739.28,WALLET,ICICI,BANK_TIMEOUT,20,RETRY_LATER,0
0.4444444444444444,0.55,3856.11,NETBANKING,AXIS,BANK_TIMEOUT,7,SEND_REMINDER,1
0.6862745098039216,0.125,7318.9,WALLET,KOTAK,BANK_TIMEOUT,20,RETRY_LATER,0
0.8303571428571429,0.3684210526315789,4683.52,CARD,YESBANK,LIMIT_EXCEEDED,11,RETRY_NOW,1
0.9333333333333333,0.6666666666666666,332.27,CARD,SBI,AUTHENTICATION_FAILED,23,RETRY_NOW,1
0.7916666666666666,0.2,1420.32,CARD,AXIS,INSUFFICIENT_FUNDS,11,RETRY_LATER,0
0.86,0.7857142857142857,1875.6,CARD,YESBANK,NETWORK_ERROR,1,RETRY_LATER,0
0.75,0.16666666666666666,8909.08,NETBANKING,HDFC,AUTHENTICATION_FAILED,1,RETRY_LATER,0
0.9607843137254902,0.5,1725.65,UPI,SBI,CARD_EXPIRED,3,SEND_REMINDER,1
0.7142857142857143,0.0,2296.58,WALLET,YESBANK,LIMIT_EXCEEDED,13,NO_ACTION,0
0.8490566037735849,0.9375,1839.89,NETBANKING,YESBANK,INSUFFICIENT_FUNDS,6,SEND_REMINDER,0
1.0,0.0,6764.98,CARD,SBI,INSUFFICIENT_FUNDS,13,RETRY_NOW,1
0.25925925925925924,0.8,4050.99,NETBANKING,HDFC,INSUFFICIENT_FUNDS,19,SEND_REMINDER,1
0.7764705882352941,0.3684210526315789,5423.0,CARD,SBI,INSUFFICIENT_FUNDS,10,RETRY_NOW,1
0.94,0.16666666666666666,2430.55,WALLET,AXIS,AUTHENTICATION_FAILED,13,NO_ACTION,0
0.74,0.5384615384615384,7491.69,WALLET,YESBANK,NETWORK_ERROR,11,SEND_REMINDER,0
0.8130841121495327,0.55,2097.12,WALLET,YESBANK,NETWORK_ERROR,14,SEND_REMINDER,0
0.8425925925925926,0.47058823529411764,7046.66,WALLET,YESBANK,CARD_EXPIRED,23,SEND_REMINDER,0
0.7,0.5555555555555556,6766.1,WALLET,HDFC,CARD_EXPIRED,20,RETRY_NOW,0
0.9204545454545454,0.14285714285714285,1244.05,WALLET,HDFC,LIMIT_EXCEEDED,12,SEND_REMINDER,1
0.6,0.0,1601.13,CARD,KOTAK,INSUFFICIENT_FUNDS,15,SEND_REMINDER,1
0.88,0.0,2273.83,UPI,AXIS,LIMIT_EXCEEDED,9,NO_ACTION,0
0.8695652173913043,0.08333333333333333,1516.34,NETBANKING,KOTAK,NETWORK_ERROR,10,RETRY_NOW,0
0.8148148148148148,0.06666666666666667,8529.42,WALLET,SBI,LIMIT_EXCEEDED,23,NO_ACTION,0
0.927710843373494,0.8333333333333334,3603.25,NETBANKING,YESBANK,CARD_EXPIRED,13,NO_ACTION,0
0.8924731182795699,0.4,2652.85,WALLET,SBI,CARD_EXPIRED,19,SEND_REMINDER,1
0.6818181818181818,0.8571428571428571,1119.85,CARD,HDFC,NETWORK_ERROR,3,NO_ACTION,0
0.5333333333333333,0.2857142857142857,3157.63,UPI,AXIS,INSUFFICIENT_FUNDS,16,RETRY_LATER,0
0.975609756097561,0.0,4072.61,NETBANKING,HDFC,NETWORK_ERROR,18,RETRY_NOW,0
0.9166666666666666,1.0,3750.19,NETBANKING,AXIS,AUTHENTICATION_FAILED,19,RETRY_LATER,1
0.9787234042553191,0.0,9156.57,CARD,KOTAK,CARD_EXPIRED,13,NO_ACTION,0
0.8709677419354839,0.5,7342.0,UPI,KOTAK,LIMIT_EXCEEDED,9,SEND_REMINDER,1
0.8809523809523809,0.4,2393.89,WALLET,YESBANK,BANK_TIMEOUT,6,RETRY_NOW,1
0.88,0.6666666666666666,6701.05,UPI,KOTAK,CARD_EXPIRED,6,RETRY_LATER,0
0.9841269841269841,1.0,6605.05,UPI,HDFC,AUTHENTICATION_FAILED,14,SEND_REMINDER,0
0.7878787878787878,0.6428571428571429,6912.06,WALLET,HDFC,INSUFFICIENT_FUNDS,15,NO_ACTION,0
0.5714285714285714,0.0,5274.32,CARD,YESBANK,LIMIT_EXCEEDED,22,SEND_REMINDER,1
0.7346938775510204,0.23076923076923078,8818.29,NETBANKING,YESBANK,LIMIT_EXCEEDED,13,RETRY_NOW,0
0.782051282051282,0.9411764705882353,3989.08,NETBANKING,HDFC,BANK_TIMEOUT,6,RETRY_LATER,0
0.5238095238095238,0.7,7924.48,CARD,HDFC,CARD_EXPIRED,6,NO_ACTION,0
0.75,0.16666666666666666,7405.65,WALLET,SBI,AUTHENTICATION_FAILED,20,RETRY_NOW,0
0.5641025641025641,0.0,5630.81,WALLET,ICICI,AUTHENTICATION_FAILED,12,NO_ACTION,0
0.7530864197530864,0.6,4563.99,NETBANKING,YESBANK,BANK_TIMEOUT,13,RETRY_LATER,1
0.8230088495575221,0.75,8877.69,UPI,YESBANK,INSUFFICIENT_FUNDS,12,NO_ACTION,0
0.7872340425531915,0.55,1544.82,CARD,AXIS,NETWORK_ERROR,12,NO_ACTION,0
1.0,0.0,5335.09,CARD,AXIS,CARD_EXPIRED,12,RETRY_NOW,0
0.5609756097560976,0.7777777777777778,3711.56,CARD,AXIS,CARD_EXPIRED,13,SEND_REMINDER,1
0.96875,0.5,5399.79,WALLET,AXIS,AUTHENTICATION_FAILED,22,RETRY_NOW,0
0.6428571428571429,0.55,2788.52,WALLET,HDFC,BANK_TIMEOUT,21,SEND_REMINDER,0
0.8823529411764706,1.0,4552.09,UPI,ICICI,INSUFFICIENT_FUNDS,23,RETRY_NOW,1
0.6595744680851063,0.1875,3721.89,UPI,AXIS,LIMIT_EXCEEDED,18,NO_ACTION,0
0.8823529411764706,0.75,4094.74,CARD,KOTAK,INSUFFICIENT_FUNDS,0,RETRY_LATER,0
0.8837209302325582,0.2,1693.93,CARD,KOTAK,LIMIT_EXCEEDED,12,SEND_REMINDER,1
0.8777777777777778,0.6363636363636364,6008.26,CARD,ICICI,NETWORK_ERROR,18,SEND_REMINDER,0
0.9204545454545454,0.14285714285714285,1514.89,CARD,KOTAK,LIMIT_EXCEEDED,18,RETRY_NOW,0
0.7931034482758621,0.0,5179.97,CARD,HDFC,CARD_EXPIRED,6,RETRY_NOW,0
0.8902439024390244,1.0,9132.07,UPI,SBI,AUTHENTICATION_FAILED,1,SEND_REMINDER,1
0.8125,0.3333333333333333,1456.99,WALLET,ICICI,NETWORK_ERROR,2,NO_ACTION,0
1.0,0.0,7922.25,WALLET,YESBANK,NETWORK_ERROR,14,RETRY_NOW,1
0.7272727272727273,0.4166666666666667,5955.67,UPI,KOTAK,LIMIT_EXCEEDED,4,SEND_REMINDER,0
0.8260869565217391,0.4,6535.61,UPI,YESBANK,AUTHENTICATION_FAILED,8,SEND_REMINDER,1
0.8279569892473119,0.1875,5520.04,UPI,KOTAK,CARD_EXPIRED,3,SEND_REMINDER,0
0.8571428571428571,0.6875,9587.24,NETBANKING,SBI,NETWORK_ERROR,18,NO_ACTION,0
0.8434782608695652,0.5,5758.45,CARD,AXIS,NETWORK_ERROR,22,NO_ACTION,0
0.375,0.0,1443.26,WALLET,KOTAK,CARD_EXPIRED,17,RETRY_LATER,0
0.5121951219512195,0.45,5249.38,CARD,HDFC,AUTHENTICATION_FAILED,16,RETRY_NOW,0
0.8653846153846154,0.0,7616.0,WALLET,YESBANK,CARD_EXPIRED,22,RETRY_LATER,0
0.8482142857142857,0.7647058823529411,9908.26,NETBANKING,HDFC,AUTHENTICATION_FAILED,17,SEND_REMINDER,1
0.8923076923076924,0.2857142857142857,8471.27,WALLET,ICICI,INSUFFICIENT_FUNDS,18,RETRY_LATER,1
0.8979591836734694,1.0,205.54,UPI,HDFC,LIMIT_EXCEEDED,23,RETRY_LATER,0
0.9714285714285714,0.0,3632.73,UPI,AXIS,LIMIT_EXCEEDED,6,RETRY_NOW,0
0.85,0.5555555555555556,7316.21,NETBANKING,KOTAK,LIMIT_EXCEEDED,21,NO_ACTION,0
0.8444444444444444,0.14285714285714285,2175.54,UPI,SBI,NETWORK_ERROR,11,SEND_REMINDER,0
0.8494623655913979,0.35714285714285715,2241.53,WALLET,AXIS,NETWORK_ERROR,3,SEND_REMINDER,1
0.8955223880597015,0.0,8116.96,NETBANKING,YESBANK,CARD_EXPIRED,22,SEND_REMINDER,0
0.7428571428571429,0.8888888888888888,7519.95,WALLET,AXIS,AUTHENTICATION_FAILED,11,RETRY_NOW,0
0.6595744680851063,0.1875,8587.35,NETBANKING,YESBANK,CARD_EXPIRED,15,RETRY_LATER,0
0.8990825688073395,0.2727272727272727,7095.25,CARD,SBI,CARD_EXPIRED,17,SEND_REMINDER,1
0.78125,0.14285714285714285,4381.2,CARD,ICICI,BANK_TIMEOUT,7,RETRY_LATER,0
0.782608695652174,0.15,5740.3,UPI,HDFC,NETWORK_ERROR,11,RETRY_LATER,1
0.8876404494382022,0.8,4112.47,WALLET,HDFC,NETWORK_ERROR,14,SEND_REMINDER,1
0.9195402298850575,0.2857142857142857,6468.96,UPI,AXIS,INSUFFICIENT_FUNDS,15,RETRY_NOW,0
0.875,0.7142857142857143,3602.52,WALLET,SBI,LIMIT_EXCEEDED,13,NO_ACTION,0
0.8679245283018868,0.2857142857142857,4468.55,CARD,ICICI,NETWORK_ERROR,23,NO_ACTION,0
0.2962962962962963,0.15789473684210525,2046.83,WALLET,HDFC,INSUFFICIENT_FUNDS,4,SEND_REMINDER,0
0.7346938775510204,0.23076923076923078,5023.27,WALLET,SBI,NETWORK_ERROR,4,RETRY_LATER,0
0.9821428571428571,0.0,3792.3,UPI,ICICI,NETWORK_ERROR,0,NO_ACTION,0
0.95,0.0,1917.54,UPI,HDFC,NETWORK_ERROR,17,NO_ACTION,0
0.7333333333333333,0.625,8394.17,CARD,KOTAK,INSUFFICIENT_FUNDS,21,SEND_REMINDER,1
0.5,0.09090909090909091,5080.86,UPI,ICICI,AUTHENTICATION_FAILED,17,SEND_REMINDER,0
0.5348837209302325,0.4,126.88,UPI,YESBANK,BANK_TIMEOUT,13,RETRY_NOW,0
0.8625,0.18181818181818182,9414.66,WALLET,AXIS,LIMIT_EXCEEDED,19,SEND_REMINDER,1
0.9340659340659341,0.3333333333333333,7063.41,WALLET,ICICI,BANK_TIMEOUT,18,NO_ACTION,0
0.975609756097561,0.0,875.91,UPI,KOTAK,INSUFFICIENT_FUNDS,21,SEND_REMINDER,0
0.3793103448275862,0.3888888888888889,5703.91,NETBANKING,ICICI,CARD_EXPIRED,7,SEND_REMINDER,0
0.6724137931034483,0.7894736842105263,6364.44,NETBANKING,SBI,CARD_EXPIRED,19,RETRY_NOW,1
0.5151515151515151,0.5625,1333.8,UPI,YESBANK,INSUFFICIENT_FUNDS,21,RETRY_LATER,1
0.8155339805825242,0.42105263157894735,6122.57,WALLET,YESBANK,INSUFFICIENT_FUNDS,13,SEND_REMINDER,1
0.6808510638297872,0.8666666666666667,6527.72,UPI,AXIS,CARD_EXPIRED,19,RETRY_LATER,0
0.5,0.6363636363636364,9184.61,CARD,HDFC,LIMIT_EXCEEDED,1,RETRY_NOW,0
0.6875,0.0,5131.85,UPI,ICICI,AUTHENTICATION_FAILED,5,SEND_REMINDER,0
0.8421052631578947,0.6666666666666666,1823.38,NETBANKING,KOTAK,BANK_TIMEOUT,4,SEND_REMINDER,1
0.2962962962962963,0.15789473684210525,5421.13,CARD,SBI,INSUFFICIENT_FUNDS,8,RETRY_NOW,0
0.8571428571428571,0.0,6656.45,UPI,AXIS,BANK_TIMEOUT,22,RETRY_NOW,0
0.8876404494382022,0.9,4132.58,WALLET,ICICI,NETWORK_ERROR,17,SEND_REMINDER,0
0.921875,1.0,8177.48,WALLET,AXIS,INSUFFICIENT_FUNDS,9,SEND_REMINDER,1
0.8125,0.5833333333333334,2443.93,CARD,YESBANK,NETWORK_ERROR,19,RETRY_LATER,0
0.8,0.15384615384615385,7030.89,UPI,AXIS,NETWORK_ERROR,20,NO_ACTION,0
0.8653846153846154,0.0,203.15,CARD,SBI,INSUFFICIENT_FUNDS,6,NO_ACTION,0
0.9056603773584906,0.6,8113.11,WALLET,HDFC,LIMIT_EXCEEDED,4,RETRY_NOW,1
0.8380952380952381,0.29411764705882354,5560.07,UPI,SBI,AUTHENTICATION_FAILED,10,SEND_REMINDER,1
0.5,0.3888888888888889,3077.85,WALLET,KOTAK,BANK_TIMEOUT,2,RETRY_NOW,0
0.8571428571428571,0.4,7613.57,UPI,SBI,LIMIT_EXCEEDED,2,NO_ACTION,0
0.9565217391304348,1.0,9692.64,CARD,KOTAK,NETWORK_ERROR,2,RETRY_LATER,1
0.5294117647058824,0.75,9062.92,UPI,SBI,BANK_TIMEOUT,22,NO_ACTION,0
0.8080808080808081,0.7894736842105263,1482.03,WALLET,AXIS,LIMIT_EXCEEDED,17,RETRY_LATER,0
0.8979591836734694,0.3,2120.62,UPI,KOTAK,CARD_EXPIRED,6,NO_ACTION,0
0.8620689655172413,0.0625,2578.7,WALLET,HDFC,NETWORK_ERROR,7,RETRY_NOW,1
0.7638888888888888,0.17647058823529413,6851.62,WALLET,HDFC,CARD_EXPIRED,23,NO_ACTION,0
0.8769230769230769,0.125,2955.72,UPI,HDFC,CARD_EXPIRED,2,SEND_REMINDER,0
0.75,1.0,8338.43,WALLET,ICICI,CARD_EXPIRED,1,SEND_REMINDER,0
0.47058823529411764,0.7777777777777778,8338.39,UPI,HDFC,LIMIT_EXCEEDED,15,SEND_REMINDER,0
0.9583333333333334,1.0,1619.72,CARD,HDFC,AUTHENTICATION_FAILED,7,NO_ACTION,0
0.717948717948718,0.45454545454545453,7958.83,UPI,AXIS,NETWORK_ERROR,10,SEND_REMINDER,0
0.8243243243243243,0.9230769230769231,3692.84,CARD,YESBANK,CARD_EXPIRED,19,RETRY_LATER,0
0.9072164948453608,0.4444444444444444,871.72,WALLET,AXIS,AUTHENTICATION_FAILED,9,RETRY_LATER,1
0.8571428571428571,0.7777777777777778,5318.44,UPI,HDFC,LIMIT_EXCEEDED,22,RETRY_NOW,0
0.6779661016949152,0.8421052631578947,9894.08,UPI,HDFC,NETWORK_ERROR,10,SEND_REMINDER,1
0.3076923076923077,0.4444444444444444,6632.01,NETBANKING,SBI,CARD_EXPIRED,16,NO_ACTION,0
0.9702970297029703,0.3333333333333333,3290.42,CARD,ICICI,INSUFFICIENT_FUNDS,10,NO_ACTION,0
0.25,0.3333333333333333,6609.7,WALLET,AXIS,INSUFFICIENT_FUNDS,12,RETRY_LATER,0
0.9777777777777777,1.0,8992.33,UPI,HDFC,LIMIT_EXCEEDED,2,RETRY_LATER,1
0.7735849056603774,0.4166666666666667,7683.57,CARD,YESBANK,INSUFFICIENT_FUNDS,9,SEND_REMINDER,0
0.726027397260274,0.05,9296.53,WALLET,KOTAK,BANK_TIMEOUT,9,SEND_REMINDER,0
0.9479166666666666,0.6,1220.21,WALLET,HDFC,BANK_TIMEOUT,20,NO_ACTION,0
0.7027027027027027,0.5454545454545454,177.19,WALLET,KOTAK,LIMIT_EXCEEDED,17,RETRY_LATER,1
0.8260869565217391,0.4,2413.25,CARD,SBI,BANK_TIMEOUT,1,SEND_REMINDER,0
0.7956989247311828,0.7894736842105263,9754.09,CARD,AXIS,INSUFFICIENT_FUNDS,10,NO_ACTION,0
0.8454545454545455,0.11764705882352941,9011.61,NETBANKING,SBI,NETWORK_ERROR,2,SEND_REMINDER,0
0.8765432098765432,0.5,5748.08,UPI,KOTAK,NETWORK_ERROR,6,SEND_REMINDER,1
0.7701149425287356,0.05,6553.91,UPI,KOTAK,CARD_EXPIRED,22,RETRY_LATER,0
0.9603960396039604,0.0,1084.68,WALLET,ICICI,NETWORK_ERROR,14,RETRY_NOW,1
0.8076923076923077,1.0,9811.83,CARD,YESBANK,INSUFFICIENT_FUNDS,23,RETRY_LATER,0
0.75,0.6428571428571429,5013.32,NETBANKING,HDFC,BANK_TIMEOUT,10,RETRY_LATER,1
0.96,1.0,3785.84,CARD,ICICI,INSUFFICIENT_FUNDS,13,RETRY_LATER,1
0.99,1.0,3366.73,NETBANKING,AXIS,LIMIT_EXCEEDED,16,RETRY_NOW,1
0.7142857142857143,0.0,2436.11,UPI,ICICI,LIMIT_EXCEEDED,6,RETRY_NOW,0
0.8596491228070176,0.5625,2733.84,NETBANKING,AXIS,BANK_TIMEOUT,4,RETRY_LATER,0
0.75,0.6,8831.43,NETBANKING,SBI,CARD_EXPIRED,6,RETRY_NOW,0
0.6363636363636364,1.0,3281.78,WALLET,AXIS,AUTHENTICATION_FAILED,21,SEND_REMINDER,0
0.7468354430379747,0.95,1177.17,CARD,KOTAK,LIMIT_EXCEEDED,11,SEND_REMINDER,1
0.7402597402597403,0.95,9134.33,NETBANKING,HDFC,NETWORK_ERROR,19,NO_ACTION,0
0.797752808988764,0.5,7553.2,WALLET,HDFC,BANK_TIMEOUT,17,SEND_REMINDER,0
0.90625,0.0,1623.05,UPI,SBI,CARD_EXPIRED,6,NO_ACTION,0
0.7361111111111112,0.631578947368421,4138.42,NETBANKING,KOTAK,INSUFFICIENT_FUNDS,0,RETRY_LATER,1
0.9705882352941176,1.0,516.0,UPI,HDFC,AUTHENTICATION_FAILED,7,RETRY_LATER,1
0.8653846153846154,0.5714285714285714,9434.08,NETBANKING,AXIS,AUTHENTICATION_FAILED,11,NO_ACTION,0
0.8947368421052632,0.0,8668.91,WALLET,ICICI,AUTHENTICATION_FAILED,23,NO_ACTION,0
0.7647058823529411,0.125,7107.51,NETBANKING,ICICI,INSUFFICIENT_FUNDS,5,SEND_REMINDER,0
0.36666666666666664,0.631578947368421,4406.49,NETBANKING,KOTAK,AUTHENTICATION_FAILED,13,SEND_REMINDER,0
0.7647058823529411,0.125,407.65,CARD,SBI,INSUFFICIENT_FUNDS,5,RETRY_LATER,0
0.8135593220338984,0.0,7113.37,WALLET,KOTAK,LIMIT_EXCEEDED,19,SEND_REMINDER,0
0.4090909090909091,0.5384615384615384,1378.79,CARD,SBI,AUTHENTICATION_FAILED,13,SEND_REMINDER,1
1.0,0.0,6586.69,WALLET,HDFC,INSUFFICIENT_FUNDS,1,SEND_REMINDER,0
0.5121951219512195,0.45,7714.82,WALLET,HDFC,LIMIT_EXCEEDED,5,RETRY_LATER,1
0.8909090909090909,0.25,7871.87,CARD,KOTAK,NETWORK_ERROR,10,RETRY_LATER,0
0.8076923076923077,1.0,524.76,CARD,AXIS,LIMIT_EXCEEDED,23,RETRY_LATER,1
0.8829787234042553,0.18181818181818182,5091.37,WALLET,YESBANK,AUTHENTICATION_FAILED,2,NO_ACTION,0
0.9038461538461539,0.6,7784.87,WALLET,KOTAK,INSUFFICIENT_FUNDS,0,SEND_REMINDER,1
0.9428571428571428,1.0,5319.61,CARD,AXIS,CARD_EXPIRED,3,RETRY_LATER,1
0.8958333333333334,0.8,5767.52,WALLET,AXIS,INSUFFICIENT_FUNDS,15,RETRY_LATER,0
0.7183098591549296,0.3,1490.44,NETBANKING,AXIS,LIMIT_EXCEEDED,3,RETRY_LATER,1
0.9764705882352941,0.0,6766.6,UPI,AXIS,LIMIT_EXCEEDED,11,NO_ACTION,0
0.8653846153846154,0.5714285714285714,9434.08,NETBANKING,AXIS,AUTHENTICATION_FAILED,11,RETRY_NOW,1
0.72,0.5714285714285714,7393.08,NETBANKING,SBI,LIMIT_EXCEEDED,22,NO_ACTION,0
0.8947368421052632,1.0,142.78,UPI,AXIS,INSUFFICIENT_FUNDS,3,RETRY_NOW,1
0.8227848101265823,0.14285714285714285,5205.15,WALLET,YESBANK,AUTHENTICATION_FAILED,14,NO_ACTION,0
0.7916666666666666,0.05,4935.3,UPI,HDFC,INSUFFICIENT_FUNDS,7,NO_ACTION,0
0.6666666666666666,0.8,6403.75,CARD,SBI,NETWORK_ERROR,6,NO_ACTION,0
0.726027397260274,0.05,9296.53,WALLET,KOTAK,BANK_TIMEOUT,9,RETRY_LATER,1
0.5641025641025641,0.0,2909.4,WALLET,KOTAK,AUTHENTICATION_FAILED,23,SEND_REMINDER,0
0.5,0.6666666666666666,4525.38,CARD,HDFC,INSUFFICIENT_FUNDS,2,RETRY_LATER,1
0.6779661016949152,1.0,3901.61,CARD,KOTAK,AUTHENTICATION_FAILED,5,SEND_REMINDER,1
0.8620689655172413,0.0625,426.94,UPI,HDFC,AUTHENTICATION_FAILED,4,RETRY_NOW,1
0.92,1.0,2044.31,UPI,ICICI,BANK_TIMEOUT,22,SEND_REMINDER,0
0.797752808988764,0.1111111111111111,6284.19,UPI,AXIS,BANK_TIMEOUT,18,RETRY_NOW,0
0.9310344827586207,0.75,8821.84,NETBANKING,YESBANK,NETWORK_ERROR,7,SEND_REMINDER,0
0.9032258064516129,1.0,9744.85,NETBANKING,YESBANK,INSUFFICIENT_FUNDS,9,RETRY_LATER,0
0.8823529411764706,0.75,349.58,CARD,HDFC,CARD_EXPIRED,5,RETRY_NOW,0
0.5384615384615384,0.2777777777777778,2271.6,WALLET,AXIS,INSUFFICIENT_FUNDS,15,RETRY_LATER,0
0.5333333333333333,0.35714285714285715,1865.91,UPI,HDFC,CARD_EXPIRED,12,NO_ACTION,0
0.8148148148148148,0.06666666666666667,3797.29,UPI,KOTAK,INSUFFICIENT_FUNDS,8,NO_ACTION,0
0.881578947368421,1.0,2620.87,WALLET,YESBANK,INSUFFICIENT_FUNDS,7,RETRY_LATER,0
0.6727272727272727,0.7222222222222222,9556.41,UPI,ICICI,CARD_EXPIRED,22,NO_ACTION,0
0.9508196721311475,0.0,4810.64,CARD,AXIS,INSUFFICIENT_FUNDS,2,NO_ACTION,0
0.8809523809523809,0.4,5676.9,UPI,KOTAK,AUTHENTICATION_FAILED,23,NO_ACTION,0
0.8947368421052632,0.0,3915.44,WALLET,ICICI,AUTHENTICATION_FAILED,5,RETRY_NOW,1
0.8409090909090909,1.0,8114.22,CARD,YESBANK,LIMIT_EXCEEDED,17,RETRY_NOW,0
0.8620689655172413,0.0625,5329.37,CARD,SBI,CARD_EXPIRED,12,SEND_REMINDER,0
0.9178082191780822,0.0,8500.75,WALLET,SBI,AUTHENTICATION_FAILED,17,RETRY_NOW,1
0.7764705882352941,0.3684210526315789,1560.74,UPI,HDFC,BANK_TIMEOUT,20,NO_ACTION,0
1.0,0.0,2641.86,CARD,ICICI,CARD_EXPIRED,2,SEND_REMINDER,0
0.7681159420289855,0.4375,5532.36,WALLET,ICICI,CARD_EXPIRED,14,RETRY_NOW,0
0.8571428571428571,0.4,7613.57,UPI,SBI,LIMIT_EXCEEDED,2,RETRY_NOW,0
0.8666666666666667,0.42857142857142855,1323.9,CARD,HDFC,INSUFFICIENT_FUNDS,21,RETRY_NOW,0
0.8571428571428571,0.14285714285714285,2459.09,UPI,ICICI,INSUFFICIENT_FUNDS,16,RETRY_LATER,0
0.7931034482758621,0.0,4687.65,UPI,ICICI,AUTHENTICATION_FAILED,8,NO_ACTION,0
0.9761904761904762,0.5,2627.46,WALLET,HDFC,AUTHENTICATION_FAILED,21,SEND_REMINDER,1
0.8,1.0,8057.18,NETBANKING,ICICI,AUTHENTICATION_FAILED,15,NO_ACTION,0
0.8695652173913043,0.8888888888888888,9942.26,WALLET,ICICI,INSUFFICIENT_FUNDS,8,RETRY_LATER,0
0.8028169014084507,0.5,1838.8,UPI,HDFC,CARD_EXPIRED,13,RETRY_LATER,0
0.6216216216216216,1.0,7475.36,UPI,HDFC,NETWORK_ERROR,16,SEND_REMINDER,1
0.703125,0.0,6479.6,NETBANKING,SBI,CARD_EXPIRED,15,NO_ACTION,0
0.8157894736842105,0.0,3547.63,CARD,ICICI,NETWORK_ERROR,9,NO_ACTION,0
0.7872340425531915,0.0,5393.89,CARD,KOTAK,NETWORK_ERROR,17,RETRY_LATER,0
0.822429906542056,0.47368421052631576,9433.06,CARD,AXIS,BANK_TIMEOUT,17,SEND_REMINDER,1
0.9759036144578314,0.0,4719.21,UPI,YESBANK,INSUFFICIENT_FUNDS,23,RETRY_NOW,0
0.8392857142857143,0.2222222222222222,9862.7,NETBANKING,YESBANK,CARD_EXPIRED,14,NO_ACTION,0
0.896551724137931,0.8888888888888888,5091.83,NETBANKING,ICICI,INSUFFICIENT_FUNDS,22,NO_ACTION,0
0.9310344827586207,0.8333333333333334,4257.18,UPI,SBI,AUTHENTICATION_FAILED,1,RETRY_LATER,1
0.5641025641025641,0.0,5630.81,WALLET,ICICI,AUTHENTICATION_FAILED,12,SEND_REMINDER,1
0.8761904761904762,0.3076923076923077,8912.11,NETBANKING,HDFC,INSUFFICIENT_FUNDS,15,SEND_REMINDER,0
0.9428571428571428,0.0,1422.18,CARD,ICICI,AUTHENTICATION_FAILED,20,RETRY_LATER,0
0.75,1.0,6362.91,WALLET,SBI,LIMIT_EXCEEDED,23,RETRY_LATER,1
0.8333333333333334,0.9,8446.72,UPI,AXIS,CARD_EXPIRED,3,SEND_REMINDER,0
0.8235294117647058,0.0,9958.61,NETBANKING,AXIS,NETWORK_ERROR,8,NO_ACTION,0
0.8850574712643678,0.2,2960.95,WALLET,SBI,INSUFFICIENT_FUNDS,16,SEND_REMINDER,0
0.9508196721311475,0.0,3376.94,WALLET,KOTAK,BANK_TIMEOUT,21,SEND_REMINDER,0
0.4666666666666667,0.125,3133.57,WALLET,HDFC,BANK_TIMEOUT,1,NO_ACTION,0
0.9354838709677419,1.0,6893.84,NETBANKING,KOTAK,AUTHENTICATION_FAILED,22,NO_ACTION,0
0.8990825688073395,0.2727272727272727,3712.2,UPI,HDFC,AUTHENTICATION_FAILED,6,RETRY_LATER,1
1.0,0.0,9929.66,CARD,AXIS,CARD_EXPIRED,5,SEND_REMINDER,0
0.6666666666666666,0.6428571428571429,9132.03,WALLET,AXIS,BANK_TIMEOUT,17,RETRY_LATER,1
0.7875,0.5294117647058824,7798.74,NETBANKING,SBI,NETWORK_ERROR,8,RETRY_LATER,1
0.5294117647058824,0.75,9557.59,NETBANKING,SBI,AUTHENTICATION_FAILED,19,RETRY_NOW,0
0.8433734939759037,0.6923076923076923,4188.2,UPI,AXIS,LIMIT_EXCEEDED,21,NO_ACTION,0
0.78125,0.7142857142857143,3299.13,NETBANKING,KOTAK,LIMIT_EXCEEDED,1,NO_ACTION,0
0.8771929824561403,0.7857142857142857,7634.23,CARD,AXIS,LIMIT_EXCEEDED,13,RETRY_NOW,1
0.6590909090909091,0.3333333333333333,8821.59,NETBANKING,YESBANK,LIMIT_EXCEEDED,0,RETRY_NOW,0
0.8064516129032258,0.6666666666666666,7945.64,WALLET,HDFC,INSUFFICIENT_FUNDS,21,NO_ACTION,0
0.8787878787878788,0.625,8817.48,WALLET,AXIS,LIMIT_EXCEEDED,5,NO_ACTION,0
0.5833333333333334,0.2,2854.88,CARD,ICICI,LIMIT_EXCEEDED,10,NO_ACTION,0
0.9534883720930233,0.5,1750.18,UPI,YESBANK,CARD_EXPIRED,18,RETRY_NOW,0
0.48,0.38461538461538464,3059.9,WALLET,ICICI,CARD_EXPIRED,2,RETRY_LATER,0
0.75,0.16666666666666666,7405.65,WALLET,SBI,AUTHENTICATION_FAILED,20,NO_ACTION,0
0.7872340425531915,0.55,893.53,WALLET,SBI,AUTHENTICATION_FAILED,7,SEND_REMINDER,1
0.9787234042553191,0.5,2211.63,CARD,KOTAK,NETWORK_ERROR,8,RETRY_NOW,1
0.8676470588235294,0.8888888888888888,4007.08,WALLET,KOTAK,LIMIT_EXCEEDED,15,RETRY_LATER,1
0.8787878787878788,0.625,2790.8,WALLET,HDFC,AUTHENTICATION_FAILED,17,RETRY_LATER,1
0.5555555555555556,0.5,866.59,UPI,HDFC,NETWORK_ERROR,0,SEND_REMINDER,0
0.7532467532467533,0.3684210526315789,5049.22,UPI,YESBANK,BANK_TIMEOUT,11,RETRY_NOW,0
0.6875,0.1,9421.0,UPI,KOTAK,CARD_EXPIRED,22,RETRY_LATER,0
0.9292929292929293,0.0,9058.88,NETBANKING,KOTAK,NETWORK_ERROR,2,RETRY_LATER,1
0.3333333333333333,0.55,5356.22,CARD,AXIS,LIMIT_EXCEEDED,6,RETRY_LATER,0
0.900990099009901,0.6,8571.92,CARD,AXIS,AUTHENTICATION_FAILED,0,NO_ACTION,0
0.8333333333333334,0.25,8992.42,WALLET,ICICI,BANK_TIMEOUT,20,SEND_REMINDER,0
0.6875,0.1,1120.57,UPI,KOTAK,CARD_EXPIRED,11,SEND_REMINDER,0
0.8125,0.5833333333333334,9766.3,NETBANKING,KOTAK,LIMIT_EXCEEDED,8,NO_ACTION,0
0.7872340425531915,0.55,2156.53,UPI,AXIS,NETWORK_ERROR,17,RETRY_NOW,0
1.0,0.0,6764.98,CARD,SBI,INSUFFICIENT_FUNDS,13,SEND_REMINDER,0
1.0,0.0,8116.45,CARD,ICICI,CARD_EXPIRED,7,NO_ACTION,0
0.6779661016949152,0.8421052631578947,8790.28,UPI,SBI,NETWORK_ERROR,2,RETRY_NOW,0
0.975609756097561,0.5,4748.72,WALLET,HDFC,LIMIT_EXCEEDED,11,NO_ACTION,0
0.6363636363636364,0.0,343.18,CARD,YESBANK,BANK_TIMEOUT,1,RETRY_LATER,0
0.8888888888888888,0.25,5437.06,CARD,ICICI,CARD_EXPIRED,11,RETRY_NOW,0
0.8823529411764706,0.0,6578.59,NETBANKING,SBI,INSUFFICIENT_FUNDS,9,RETRY_NOW,0
0.7666666666666667,0.9285714285714286,7719.67,WALLET,AXIS,LIMIT_EXCEEDED,14,RETRY_NOW,1
0.5652173913043478,0.6,9497.65,NETBANKING,YESBANK,NETWORK_ERROR,0,SEND_REMINDER,1
0.6538461538461539,0.7777777777777778,5252.69,CARD,HDFC,CARD_EXPIRED,7,RETRY_NOW,0
0.7142857142857143,0.5,5813.12,UPI,AXIS,AUTHENTICATION_FAILED,9,SEND_REMINDER,1
0.7297297297297297,0.6,1950.59,NETBANKING,ICICI,LIMIT_EXCEEDED,5,RETRY_LATER,0
0.7837837837837838,0.625,7020.98,CARD,ICICI,BANK_TIMEOUT,15,RETRY_LATER,0
0.7741935483870968,0.35714285714285715,9043.58,UPI,AXIS,CARD_EXPIRED,4,RETRY_LATER,0
0.625,0.0,8098.13,CARD,HDFC,INSUFFICIENT_FUNDS,16,RETRY_LATER,0
0.2916666666666667,0.0,3010.78,WALLET,AXIS,BANK_TIMEOUT,2,RETRY_LATER,1
0.5681818181818182,0.3157894736842105,7807.97,UPI,ICICI,NETWORK_ERROR,15,SEND_REMINDER,1
0.391304347826087,0.9285714285714286,3150.13,NETBANKING,SBI,CARD_EXPIRED,15,RETRY_NOW,1
0.25925925925925924,0.1,225.88,NETBANKING,HDFC,AUTHENTICATION_FAILED,16,RETRY_NOW,0
0.8461538461538461,0.8333333333333334,8540.25,CARD,HDFC,CARD_EXPIRED,16,NO_ACTION,0
0.8131868131868132,0.29411764705882354,2153.82,UPI,SBI,BANK_TIMEOUT,6,RETRY_LATER,0
0.96,1.0,2016.13,CARD,YESBANK,NETWORK_ERROR,15,RETRY_LATER,1
1.0,0.0,5335.09,CARD,AXIS,CARD_EXPIRED,12,SEND_REMINDER,0
0.47058823529411764,0.7777777777777778,7919.52,CARD,HDFC,INSUFFICIENT_FUNDS,4,SEND_REMINDER,0
0.99,1.0,1193.8,NETBANKING,SBI,AUTHENTICATION_FAILED,14,RETRY_NOW,1
0.8981481481481481,0.5454545454545454,478.87,CARD,AXIS,NETWORK_ERROR,1,RETRY_NOW,0
0.391304347826087,0.9285714285714286,4584.26,UPI,YESBANK,LIMIT_EXCEEDED,8,RETRY_NOW,0
0.9661016949152542,1.0,6737.03,CARD,AXIS,INSUFFICIENT_FUNDS,7,SEND_REMINDER,1
0.2916666666666667,0.0,4855.42,NETBANKING,YESBANK,NETWORK_ERROR,5,NO_ACTION,0
0.9029126213592233,0.9,678.33,UPI,SBI,NETWORK_ERROR,6,SEND_REMINDER,0
0.8,0.17647058823529413,3244.77,CARD,AXIS,LIMIT_EXCEEDED,23,RETRY_LATER,0
0.7671232876712328,0.5882352941176471,5233.92,NETBANKING,SBI,BANK_TIMEOUT,17,RETRY_NOW,1
0.42857142857142855,0.125,6409.99,WALLET,SBI,CARD_EXPIRED,22,RETRY_NOW,0
0.8725490196078431,0.38461538461538464,5009.03,UPI,AXIS,BANK_TIMEOUT,0,SEND_REMINDER,0
0.6744186046511628,0.14285714285714285,6270.95,CARD,YESBANK,NETWORK_ERROR,6,RETRY_LATER,0
0.7291666666666666,0.3076923076923077,6573.29,CARD,KOTAK,LIMIT_EXCEEDED,23,RETRY_LATER,0
0.927710843373494,0.8333333333333334,5776.25,CARD,KOTAK,CARD_EXPIRED,18,RETRY_LATER,0
0.5909090909090909,0.6666666666666666,7774.7,NETBANKING,HDFC,AUTHENTICATION_FAILED,18,NO_ACTION,0
0.5681818181818182,0.3157894736842105,5665.06,WALLET,HDFC,CARD_EXPIRED,11,NO_ACTION,0
0.9583333333333334,1.0,384.01,WALLET,AXIS,BANK_TIMEOUT,5,RETRY_NOW,0
0.972972972972973,0.0,3858.52,CARD,KOTAK,NETWORK_ERROR,5,SEND_REMINDER,0
0.5,0.6363636363636364,2261.62,NETBANKING,ICICI,NETWORK_ERROR,10,RETRY_NOW,1
0.75,0.6,4359.32,CARD,YESBANK,NETWORK_ERROR,2,RETRY_NOW,1
0.8095238095238095,0.5,8371.98,NETBANKING,HDFC,INSUFFICIENT_FUNDS,14,SEND_REMINDER,1
0.7402597402597403,0.35,3065.99,CARD,AXIS,AUTHENTICATION_FAILED,7,RETRY_NOW,0
0.8613861386138614,0.5,2036.32,CARD,HDFC,CARD_EXPIRED,17,NO_ACTION,0
0.8666666666666667,1.0,6200.7,CARD,YESBANK,CARD_EXPIRED,2,SEND_REMINDER,1
0.3793103448275862,0.3888888888888889,220.6,CARD,YESBANK,NETWORK_ERROR,13,RETRY_NOW,0
0.6153846153846154,0.8,4054.41,UPI,HDFC,AUTHENTICATION_FAILED,21,NO_ACTION,0
0.8809523809523809,0.2,9166.95,NETBANKING,YESBANK,INSUFFICIENT_FUNDS,6,RETRY_NOW,1
0.8558558558558559,0.1875,6807.25,WALLET,YESBANK,NETWORK_ERROR,18,NO_ACTION,0
0.8653846153846154,0.0,2626.11,NETBANKING,ICICI,INSUFFICIENT_FUNDS,11,RETRY_LATER,0
0.4594594594594595,0.65,7144.52,NETBANKING,HDFC,LIMIT_EXCEEDED,13,NO_ACTION,0
0.7931034482758621,0.0,4687.65,UPI,ICICI,AUTHENTICATION_FAILED,8,RETRY_LATER,0
0.9479166666666666,0.6,8767.55,NETBANKING,YESBANK,AUTHENTICATION_FAILED,14,NO_ACTION,0
0.8636363636363636,0.7777777777777778,6678.71,NETBANKING,KOTAK,NETWORK_ERROR,8,RETRY_LATER,1
0.9230769230769231,0.6,5438.03,UPI,AXIS,CARD_EXPIRED,8,RETRY_NOW,0
0.696969696969697,0.6,2781.82,WALLET,AXIS,INSUFFICIENT_FUNDS,20,RETRY_LATER,0
0.8936170212765957,0.0,7396.21,UPI,KOTAK,BANK_TIMEOUT,0,NO_ACTION,0
0.574468085106383,0.2,1925.89,CARD,YESBANK,CARD_EXPIRED,11,SEND_REMINDER,0
0.8981481481481481,0.5454545454545454,1413.9,NETBANKING,ICICI,CARD_EXPIRED,11,NO_ACTION,0
0.7285714285714285,0.7894736842105263,9169.06,WALLET,ICICI,LIMIT_EXCEEDED,9,RETRY_LATER,1
0.7,0.13333333333333333,1454.96,NETBANKING,ICICI,INSUFFICIENT_FUNDS,21,RETRY_NOW,1
0.7608695652173914,0.2727272727272727,6892.65,CARD,AXIS,NETWORK_ERROR,16,NO_ACTION,0
0.5909090909090909,0.6666666666666666,1284.07,UPI,ICICI,LIMIT_EXCEEDED,19,RETRY_NOW,1
0.8247422680412371,1.0,6997.53,CARD,HDFC,NETWORK_ERROR,14,RETRY_LATER,1
0.927710843373494,0.8333333333333334,5945.7,NETBANKING,SBI,CARD_EXPIRED,12,SEND_REMINDER,1
0.8235294117647058,0.0,5949.36,CARD,SBI,CARD_EXPIRED,6,RETRY_LATER,0
0.9029126213592233,0.9,3309.43,NETBANKING,ICICI,NETWORK_ERROR,6,SEND_REMINDER,0
0.9818181818181818,1.0,1678.56,NETBANKING,YESBANK,CARD_EXPIRED,12,RETRY_NOW,0
0.8769230769230769,0.125,8702.52,NETBANKING,YESBANK,INSUFFICIENT_FUNDS,18,RETRY_LATER,0
0.8666666666666667,0.42857142857142855,4795.79,UPI,YESBANK,AUTHENTICATION_FAILED,9,RETRY_LATER,0
0.703125,0.0,5179.7,CARD,AXIS,CARD_EXPIRED,14,SEND_REMINDER,0
0.98989898989899,1.0,2086.78,NETBANKING,YESBANK,CARD_EXPIRED,17,NO_ACTION,0
0.6785714285714286,0.7777777777777778,5052.84,UPI,ICICI,BANK_TIMEOUT,14,RETRY_NOW,0
0.975609756097561,0.0,5097.01,NETBANKING,SBI,INSUFFICIENT_FUNDS,13,RETRY_NOW,0
0.5365853658536586,0.21052631578947367,7577.95,CARD,AXIS,NETWORK_ERROR,20,SEND_REMINDER,0
0.7796610169491526,0.3076923076923077,3477.03,NETBANKING,HDFC,BANK_TIMEOUT,15,NO_ACTION,0
0.7021276595744681,0.0,8645.03,UPI,HDFC,LIMIT_EXCEEDED,19,NO_ACTION,0
0.8266666666666667,0.6923076923076923,3859.03,NETBANKING,YESBANK,CARD_EXPIRED,1,SEND_REMINDER,0
0.8247422680412371,1.0,7662.23,WALLET,YESBANK,AUTHENTICATION_FAILED,14,SEND_REMINDER,1
0.46153846153846156,0.42857142857142855,1781.68,UPI,AXIS,INSUFFICIENT_FUNDS,9,RETRY_LATER,0
0.47619047619047616,0.09090909090909091,4277.89,CARD,AXIS,NETWORK_ERROR,16,SEND_REMINDER,1
0.972972972972973,0.0,5656.8,CARD,YESBANK,BANK_TIMEOUT,16,RETRY_LATER,1
0.9428571428571428,1.0,1133.99,CARD,SBI,AUTHENTICATION_FAILED,0,NO_ACTION,0
0.8303571428571429,0.3684210526315789,8441.5,WALLET,HDFC,AUTHENTICATION_FAILED,11,RETRY_NOW,1
0.9761904761904762,0.5,2627.46,WALLET,HDFC,AUTHENTICATION_FAILED,21,NO_ACTION,0
0.9850746268656716,0.0,3146.39,CARD,SBI,CARD_EXPIRED,6,SEND_REMINDER,0
0.5714285714285714,0.0,7173.24,WALLET,YESBANK,BANK_TIMEOUT,16,NO_ACTION,0
0.5121951219512195,0.45,5249.38,CARD,HDFC,AUTHENTICATION_FAILED,16,RETRY_LATER,0
0.9,0.0,3189.62,UPI,KOTAK,CARD_EXPIRED,18,NO_ACTION,0
0.8080808080808081,0.7894736842105263,4250.96,WALLET,YESBANK,INSUFFICIENT_FUNDS,8,RETRY_NOW,0
0.8152173913043478,0.8823529411764706,3949.57,NETBANKING,HDFC,AUTHENTICATION_FAILED,5,RETRY_NOW,1
0.8247422680412371,1.0,6997.53,CARD,HDFC,NETWORK_ERROR,14,SEND_REMINDER,1
0.6851851851851852,0.7058823529411765,4264.49,CARD,SBI,NETWORK_ERROR,3,NO_ACTION,0
0.8769230769230769,0.125,8702.52,NETBANKING,YESBANK,INSUFFICIENT_FUNDS,18,RETRY_NOW,0
0.84,0.25,3675.57,UPI,KOTAK,CARD_EXPIRED,14,RETRY_LATER,0
0.8924731182795699,0.4,2944.65,WALLET,AXIS,LIMIT_EXCEEDED,13,NO_ACTION,0
0.6875,0.1,9421.0,UPI,KOTAK,CARD_EXPIRED,22,RETRY_NOW,1
0.9326923076923077,0.7142857142857143,8142.47,WALLET,KOTAK,BANK_TIMEOUT,2,RETRY_NOW,1
0.631578947368421,0.14285714285714285,1948.93,NETBANKING,HDFC,LIMIT_EXCEEDED,3,NO_ACTION,0
1.0,0.0,3858.06,NETBANKING,HDFC,NETWORK_ERROR,7,RETRY_LATER,0
0.9444444444444444,0.2,5069.41,NETBANKING,HDFC,BANK_TIMEOUT,4,RETRY_LATER,1
0.88,0.6666666666666666,5158.06,CARD,HDFC,NETWORK_ERROR,9,NO_ACTION,0
0.8571428571428571,0.0,6656.45,UPI,AXIS,BANK_TIMEOUT,22,SEND_REMINDER,0
0.96,1.0,6840.37,WALLET,KOTAK,LIMIT_EXCEEDED,5,SEND_REMINDER,1
0.7169811320754716,0.06666666666666667,6334.94,WALLET,AXIS,CARD_EXPIRED,13,SEND_REMINDER,1
0.7530864197530864,0.5,4366.33,UPI,SBI,CARD_EXPIRED,21,SEND_REMINDER,1
0.9310344827586207,0.8333333333333334,9586.65,NETBANKING,HDFC,AUTHENTICATION_FAILED,17,RETRY_LATER,0
0.8333333333333334,0.9,5199.6,WALLET,ICICI,AUTHENTICATION_FAILED,10,SEND_REMINDER,1
0.7796610169491526,0.3076923076923077,3261.21,CARD,HDFC,INSUFFICIENT_FUNDS,21,SEND_REMINDER,0
0.5909090909090909,0.6666666666666666,2019.55,WALLET,ICICI,INSUFFICIENT_FUNDS,20,RETRY_LATER,0
0.8653846153846154,0.5714285714285714,2538.33,NETBANKING,SBI,NETWORK_ERROR,4,RETRY_NOW,0
0.927710843373494,0.8333333333333334,7108.46,NETBANKING,ICICI,LIMIT_EXCEEDED,12,NO_ACTION,0
0.7875,0.5294117647058824,1333.3,UPI,KOTAK,CARD_EXPIRED,16,RETRY_NOW,1
0.4444444444444444,0.55,4300.81,UPI,AXIS,CARD_EXPIRED,1,RETRY_NOW,1
0.6779661016949152,1.0,8433.33,WALLET,KOTAK,CARD_EXPIRED,9,SEND_REMINDER,0
0.9830508474576272,1.0,7775.15,UPI,SBI,BANK_TIMEOUT,22,RETRY_LATER,1
0.7872340425531915,0.55,893.53,WALLET,SBI,AUTHENTICATION_FAILED,7,RETRY_NOW,0
0.9629629629629629,0.6666666666666666,4590.94,WALLET,AXIS,NETWORK_ERROR,8,SEND_REMINDER,1
0.5294117647058824,0.75,9062.92,UPI,SBI,BANK_TIMEOUT,22,SEND_REMINDER,0
0.91,0.2222222222222222,9180.11,UPI,ICICI,INSUFFICIENT_FUNDS,1,NO_ACTION,0
0.8282828282828283,0.23529411764705882,8584.09,NETBANKING,ICICI,INSUFFICIENT_FUNDS,11,NO_ACTION,0
0.9801980198019802,0.0,6430.52,NETBANKING,SBI,NETWORK_ERROR,11,NO_ACTION,0
0.6904761904761905,0.6153846153846154,2510.81,UPI,ICICI,INSUFFICIENT_FUNDS,14,RETRY_NOW,0
0.8738738738738738,0.5714285714285714,5388.62,WALLET,KOTAK,AUTHENTICATION_FAILED,23,RETRY_LATER,0
0.8674698795180723,0.9090909090909091,7325.34,CARD,YESBANK,CARD_EXPIRED,4,SEND_REMINDER,1
0.875,0.8,915.2,UPI,ICICI,BANK_TIMEOUT,12,RETRY_NOW,0
0.9873417721518988,0.0,5080.02,WALLET,SBI,AUTHENTICATION_FAILED,1,NO_ACTION,0
0.98989898989899,1.0,8450.63,WALLET,HDFC,INSUFFICIENT_FUNDS,21,NO_ACTION,0
0.7704918032786885,0.7142857142857143,8080.79,CARD,YESBANK,BANK_TIMEOUT,7,RETRY_NOW,1
0.9885057471264368,1.0,8150.42,UPI,AXIS,NETWORK_ERROR,16,SEND_REMINDER,0
0.8876404494382022,0.9,5211.8,WALLET,YESBANK,BANK_TIMEOUT,7,NO_ACTION,0
0.9354838709677419,1.0,5247.85,CARD,ICICI,NETWORK_ERROR,10,RETRY_NOW,0
0.9607843137254902,0.5,5295.38,UPI,KOTAK,INSUFFICIENT_FUNDS,8,RETRY_NOW,0
0.5652173913043478,0.6,9497.65,NETBANKING,YESBANK,NETWORK_ERROR,0,RETRY_LATER,1
0.8205128205128205,0.42857142857142855,9173.06,CARD,SBI,LIMIT_EXCEEDED,16,RETRY_NOW,0
0.375,0.0,1847.81,NETBANKING,SBI,BANK_TIMEOUT,1,NO_ACTION,0
0.8526315789473684,0.2857142857142857,759.92,UPI,ICICI,INSUFFICIENT_FUNDS,19,RETRY_LATER,0
1.0,0.0,578.9,WALLET,YESBANK,CARD_EXPIRED,0,RETRY_NOW,0
0.631578947368421,0.14285714285714285,563.71,NETBANKING,KOTAK,AUTHENTICATION_FAILED,20,RETRY_LATER,0
0.6904761904761905,0.6153846153846154,2510.81,UPI,ICICI,INSUFFICIENT_FUNDS,14,NO_ACTION,0
0.8526315789473684,0.2857142857142857,3638.98,NETBANKING,AXIS,LIMIT_EXCEEDED,21,NO_ACTION,0
0.8809523809523809,1.0,9120.85,UPI,ICICI,BANK_TIMEOUT,9,RETRY_NOW,0
0.4482758620689655,0.4375,1015.03,CARD,ICICI,BANK_TIMEOUT,22,SEND_REMINDER,0
0.9506172839506173,1.0,467.62,UPI,KOTAK,INSUFFICIENT_FUNDS,1,RETRY_NOW,1
0.9896907216494846,1.0,5026.96,WALLET,AXIS,LIMIT_EXCEEDED,6,RETRY_LATER,0
0.8095238095238095,0.16666666666666666,4328.26,CARD,YESBANK,INSUFFICIENT_FUNDS,5,RETRY_LATER,0
0.48,0.38461538461538464,1013.28,UPI,ICICI,BANK_TIMEOUT,17,SEND_REMINDER,0
0.625,0.0,9233.05,NETBANKING,AXIS,AUTHENTICATION_FAILED,23,RETRY_NOW,0
0.94,0.16666666666666666,2888.47,CARD,KOTAK,BANK_TIMEOUT,9,NO_ACTION,0
0.43333333333333335,0.5294117647058824,8688.49,CARD,AXIS,AUTHENTICATION_FAILED,6,SEND_REMINDER,0
0.9310344827586207,0.3333333333333333,1738.56,NETBANKING,YESBANK,NETWORK_ERROR,2,SEND_REMINDER,0
0.8135593220338984,0.0,4105.89,UPI,HDFC,AUTHENTICATION_FAILED,3,RETRY_NOW,1
0.7931034482758621,0.8333333333333334,1915.14,NETBANKING,KOTAK,LIMIT_EXCEEDED,2,NO_ACTION,0
0.8484848484848485,0.8,7728.17,WALLET,AXIS,BANK_TIMEOUT,6,NO_ACTION,0
0.6904761904761905,0.07692307692307693,5968.01,WALLET,KOTAK,BANK_TIMEOUT,20,RETRY_NOW,0
0.8947368421052632,1.0,142.78,UPI,AXIS,INSUFFICIENT_FUNDS,3,NO_ACTION,0
0.7592592592592593,1.0,5405.92,NETBANKING,YESBANK,NETWORK_ERROR,23,NO_ACTION,0
0.883495145631068,0.75,6537.15,CARD,ICICI,AUTHENTICATION_FAILED,2,SEND_REMINDER,1
0.8660714285714286,0.8,844.92,NETBANKING,KOTAK,LIMIT_EXCEEDED,17,NO_ACTION,0
0.65,0.7857142857142857,3793.39,CARD,HDFC,NETWORK_ERROR,5,NO_ACTION,0
0.9210526315789473,0.3333333333333333,5618.69,CARD,SBI,NETWORK_ERROR,6,RETRY_LATER,1
0.625,0.0,5738.2,UPI,ICICI,INSUFFICIENT_FUNDS,14,RETRY_LATER,0
0.8387096774193549,0.7333333333333333,7504.42,NETBANKING,AXIS,AUTHENTICATION_FAILED,21,RETRY_NOW,1
0.8165137614678899,0.4,6856.2,CARD,ICICI,LIMIT_EXCEEDED,6,NO_ACTION,0
0.8571428571428571,0.0,7786.17,NETBANKING,AXIS,INSUFFICIENT_FUNDS,13,SEND_REMINDER,1
0.9615384615384616,0.5,2164.72,WALLET,AXIS,NETWORK_ERROR,5,NO_ACTION,0
0.8285714285714286,0.25,461.34,NETBANKING,HDFC,LIMIT_EXCEEDED,9,RETRY_LATER,0
0.38461538461538464,1.0,1271.17,UPI,KOTAK,LIMIT_EXCEEDED,11,RETRY_NOW,0
0.94,0.16666666666666666,8293.9,UPI,ICICI,CARD_EXPIRED,21,RETRY_LATER,0
0.9038461538461539,0.7,3800.35,CARD,AXIS,INSUFFICIENT_FUNDS,21,NO_ACTION,0
0.5,0.6666666666666666,5842.2,UPI,AXIS,LIMIT_EXCEEDED,12,NO_ACTION,0
0.7272727272727273,0.4166666666666667,2995.12,WALLET,HDFC,CARD_EXPIRED,4,RETRY_NOW,0
0.8064516129032258,0.6666666666666666,604.39,CARD,YESBANK,LIMIT_EXCEEDED,10,RETRY_NOW,0
0.4375,0.2777777777777778,6041.38,UPI,AXIS,LIMIT_EXCEEDED,0,SEND_REMINDER,1
0.85,0.5555555555555556,6172.29,UPI,YESBANK,INSUFFICIENT_FUNDS,10,NO_ACTION,0
0.5384615384615384,0.4444444444444444,895.3,CARD,KOTAK,CARD_EXPIRED,22,NO_ACTION,0
0.7857142857142857,0.9166666666666666,5871.8,WALLET,HDFC,BANK_TIMEOUT,21,RETRY_LATER,0
0.8428571428571429,0.8181818181818182,1916.01,WALLET,AXIS,INSUFFICIENT_FUNDS,5,SEND_REMINDER,0
0.6875,0.0,3175.92,CARD,SBI,LIMIT_EXCEEDED,0,RETRY_NOW,0
0.9072164948453608,0.4444444444444444,8371.98,UPI,HDFC,CARD_EXPIRED,20,RETRY_NOW,0
0.9885057471264368,1.0,7325.2,NETBANKING,SBI,BANK_TIMEOUT,12,RETRY_LATER,1
0.7605633802816901,0.0,4533.12,UPI,HDFC,NETWORK_ERROR,13,NO_ACTION,0
0.6875,0.0,5131.85,UPI,ICICI,AUTHENTICATION_FAILED,5,NO_ACTION,0
0.8421052631578947,0.6666666666666666,1823.38,NETBANKING,KOTAK,BANK_TIMEOUT,4,NO_ACTION,0
0.8947368421052632,1.0,3708.29,WALLET,KOTAK,CARD_EXPIRED,20,RETRY_LATER,1
0.7638888888888888,0.17647058823529413,1859.65,CARD,HDFC,AUTHENTICATION_FAILED,3,RETRY_LATER,0
0.375,0.0,9925.33,WALLET,SBI,BANK_TIMEOUT,6,RETRY_NOW,1
0.9696969696969697,0.0,5008.4,UPI,SBI,NETWORK_ERROR,5,NO_ACTION,0
0.6041666666666666,0.10526315789473684,1326.08,CARD,ICICI,NETWORK_ERROR,9,NO_ACTION,0
0.7837837837837838,0.625,5155.33,WALLET,SBI,AUTHENTICATION_FAILED,17,RETRY_LATER,0
0.45454545454545453,0.5,1554.43,UPI,YESBANK,INSUFFICIENT_FUNDS,22,NO_ACTION,0
0.9166666666666666,0.8,9959.28,WALLET,KOTAK,CARD_EXPIRED,4,SEND_REMINDER,1
0.6274509803921569,0.5263157894736842,3291.84,WALLET,KOTAK,AUTHENTICATION_FAILED,21,RETRY_NOW,0
0.6764705882352942,0.18181818181818182,2044.29,UPI,YESBANK,AUTHENTICATION_FAILED,20,SEND_REMINDER,1
0.8979591836734694,0.3,5659.92,NETBANKING,YESBANK,NETWORK_ERROR,20,NO_ACTION,0
0.8928571428571429,0.6666666666666666,2288.84,WALLET,AXIS,NETWORK_ERROR,18,RETRY_LATER,1
0.7115384615384616,0.8,7297.35,NETBANKING,ICICI,NETWORK_ERROR,4,RETRY_LATER,1
0.9113924050632911,0.7142857142857143,749.77,NETBANKING,YESBANK,LIMIT_EXCEEDED,18,RETRY_NOW,1
0.75,0.16666666666666666,749.6,NETBANKING,KOTAK,NETWORK_ERROR,23,SEND_REMINDER,0
0.8481012658227848,0.3333333333333333,2279.72,WALLET,SBI,INSUFFICIENT_FUNDS,10,NO_ACTION,0
0.9696969696969697,0.3333333333333333,9870.61,NETBANKING,HDFC,BANK_TIMEOUT,11,RETRY_LATER,1
0.8282828282828283,0.7647058823529411,3377.26,WALLET,YESBANK,BANK_TIMEOUT,4,SEND_REMINDER,1
0.6779661016949152,0.8421052631578947,9004.69,NETBANKING,KOTAK,INSUFFICIENT_FUNDS,13,SEND_REMINDER,0
0.8070175438596491,0.36363636363636365,2273.49,NETBANKING,AXIS,CARD_EXPIRED,23,RETRY_LATER,1
0.8229166666666666,0.7647058823529411,3526.17,UPI,AXIS,CARD_EXPIRED,8,NO_ACTION,0
0.6410256410256411,0.14285714285714285,3288.98,NETBANKING,SBI,NETWORK_ERROR,21,SEND_REMINDER,1
0.979381443298969,0.5,8386.42,WALLET,SBI,INSUFFICIENT_FUNDS,13,NO_ACTION,0
0.8208955223880597,0.5833333333333334,7299.39,WALLET,SBI,LIMIT_EXCEEDED,4,RETRY_LATER,0
0.6785714285714286,0.7777777777777778,5052.84,UPI,ICICI,BANK_TIMEOUT,14,NO_ACTION,0
1.0,0.0,7922.25,WALLET,YESBANK,NETWORK_ERROR,14,RETRY_LATER,1
0.8488372093023255,0.5384615384615384,9727.01,CARD,YESBANK,CARD_EXPIRED,0,SEND_REMINDER,0
0.8777777777777778,0.8181818181818182,6896.08,NETBANKING,ICICI,AUTHENTICATION_FAILED,6,SEND_REMINDER,1
0.8947368421052632,0.6666666666666666,6063.9,WALLET,SBI,NETWORK_ERROR,13,SEND_REMINDER,1
0.8080808080808081,0.7894736842105263,1482.03,WALLET,AXIS,LIMIT_EXCEEDED,17,RETRY_NOW,1
0.9210526315789473,1.0,2242.21,UPI,ICICI,INSUFFICIENT_FUNDS,4,RETRY_LATER,1
0.9333333333333333,0.5,472.1,WALLET,AXIS,NETWORK_ERROR,17,RETRY_LATER,1
0.8490566037735849,0.9375,170.28,NETBANKING,ICICI,AUTHENTICATION_FAILED,1,RETRY_NOW,0
0.8888888888888888,0.875,9653.15,WALLET,SBI,INSUFFICIENT_FUNDS,16,SEND_REMINDER,0
0.2631578947368421,0.9285714285714286,3791.2,NETBANKING,ICICI,BANK_TIMEOUT,2,SEND_REMINDER,1
0.7872340425531915,0.55,4973.39,UPI,YESBANK,CARD_EXPIRED,21,RETRY_NOW,0
0.5,0.6666666666666666,5842.2,UPI,AXIS,LIMIT_EXCEEDED,12,SEND_REMINDER,0
0.7837837837837838,0.5,9955.33,WALLET,KOTAK,LIMIT_EXCEEDED,21,NO_ACTION,0
0.8333333333333334,0.9,8446.72,UPI,AXIS,CARD_EXPIRED,3,RETRY_LATER,1
0.7931034482758621,0.0,4687.65,UPI,ICICI,AUTHENTICATION_FAILED,8,RETRY_NOW,0
0.8873239436619719,0.5,369.28,NETBANKING,HDFC,INSUFFICIENT_FUNDS,14,RETRY_NOW,0
0.7291666666666666,0.3076923076923077,6573.29,CARD,KOTAK,LIMIT_EXCEEDED,23,RETRY_NOW,0
0.978021978021978,0.0,4939.53,CARD,ICICI,BANK_TIMEOUT,14,NO_ACTION,0
0.42857142857142855,0.16666666666666666,6669.59,NETBANKING,AXIS,AUTHENTICATION_FAILED,9,RETRY_LATER,0
0.6363636363636364,1.0,1167.68,WALLET,SBI,NETWORK_ERROR,22,RETRY_NOW,1
0.8764044943820225,0.18181818181818182,7665.24,NETBANKING,AXIS,INSUFFICIENT_FUNDS,3,SEND_REMINDER,0
1.0,0.0,9766.16,NETBANKING,HDFC,INSUFFICIENT_FUNDS,15,RETRY_NOW,0
0.912621359223301,1.0,1990.89,NETBANKING,SBI,BANK_TIMEOUT,0,RETRY_LATER,1
0.9827586206896551,0.0,9798.86,NETBANKING,YESBANK,INSUFFICIENT_FUNDS,23,SEND_REMINDER,0
0.7,0.5555555555555556,6157.0,UPI,SBI,INSUFFICIENT_FUNDS,11,NO_ACTION,0
0.8672566371681416,0.6,1985.55,CARD,ICICI,LIMIT_EXCEEDED,22,NO_ACTION,0
0.7397260273972602,0.47368421052631576,1080.07,UPI,YESBANK,NETWORK_ERROR,11,RETRY_LATER,0
0.8555555555555555,1.0,6933.34,WALLET,AXIS,LIMIT_EXCEEDED,6,RETRY_LATER,0
0.8165137614678899,0.4,6856.2,CARD,ICICI,LIMIT_EXCEEDED,6,RETRY_LATER,1
0.25,0.3333333333333333,6609.7,WALLET,AXIS,INSUFFICIENT_FUNDS,12,RETRY_NOW,0
0.9,0.875,939.13,WALLET,YESBANK,AUTHENTICATION_FAILED,4,SEND_REMINDER,1
0.6153846153846154,0.8,1810.05,WALLET,ICICI,AUTHENTICATION_FAILED,12,SEND_REMINDER,0
0.7432432432432432,0.8947368421052632,7064.51,NETBANKING,HDFC,CARD_EXPIRED,15,RETRY_NOW,0
0.6666666666666666,0.0,941.49,WALLET,HDFC,NETWORK_ERROR,0,NO_ACTION,0
0.9259259259259259,0.5,3507.85,CARD,YESBANK,CARD_EXPIRED,21,RETRY_LATER,1
0.8787878787878788,0.25,1358.81,WALLET,AXIS,NETWORK_ERROR,4,SEND_REMINDER,1
0.9696969696969697,0.0,5008.4,UPI,SBI,NETWORK_ERROR,5,RETRY_NOW,0
0.9411764705882353,0.5,501.5,WALLET,SBI,NETWORK_ERROR,16,SEND_REMINDER,1
0.9523809523809523,1.0,2153.73,NETBANKING,YESBANK,INSUFFICIENT_FUNDS,3,NO_ACTION,0
0.8526315789473684,0.2857142857142857,3638.98,NETBANKING,AXIS,LIMIT_EXCEEDED,21,SEND_REMINDER,1
0.9583333333333334,0.0,9332.24,WALLET,ICICI,CARD_EXPIRED,4,RETRY_LATER,0
0.6226415094339622,0.85,2934.82,WALLET,AXIS,AUTHENTICATION_FAILED,6,RETRY_NOW,1
0.7142857142857143,0.0,2521.22,WALLET,HDFC,AUTHENTICATION_FAILED,5,NO_ACTION,0
1.0,0.0,2090.69,NETBANKING,AXIS,CARD_EXPIRED,10,RETRY_LATER,1
0.9680851063829787,0.6666666666666666,2182.23,UPI,AXIS,INSUFFICIENT_FUNDS,5,RETRY_NOW,0
0.7590361445783133,0.1,6760.29,CARD,AXIS,CARD_EXPIRED,6,NO_ACTION,0
0.8260869565217391,0.75,5117.18,NETBANKING,HDFC,AUTHENTICATION_FAILED,7,NO_ACTION,0
0.6111111111111112,1.0,5602.84,CARD,HDFC,NETWORK_ERROR,1,RETRY_NOW,0
0.7741935483870968,0.35714285714285715,4981.42,CARD,AXIS,NETWORK_ERROR,16,SEND_REMINDER,0
0.4594594594594595,0.65,508.19,NETBANKING,HDFC,CARD_EXPIRED,4,SEND_REMINDER,1
0.9146341463414634,0.0,8154.16,CARD,KOTAK,NETWORK_ERROR,18,RETRY_NOW,0
0.6153846153846154,0.6,1920.92,NETBANKING,ICICI,LIMIT_EXCEEDED,19,RETRY_LATER,1
0.8484848484848485,0.8,1372.99,WALLET,YESBANK,NETWORK_ERROR,9,RETRY_NOW,1
0.7083333333333334,0.5714285714285714,6515.39,CARD,KOTAK,BANK_TIMEOUT,10,SEND_REMINDER,1
0.82,1.0,7970.95,NETBANKING,ICICI,BANK_TIMEOUT,13,RETRY_NOW,1
0.7419354838709677,0.3125,280.19,UPI,ICICI,CARD_EXPIRED,21,RETRY_NOW,0
0.927710843373494,0.8333333333333334,7108.46,NETBANKING,ICICI,LIMIT_EXCEEDED,12,SEND_REMINDER,1
0.9056603773584906,0.6,8113.11,WALLET,HDFC,LIMIT_EXCEEDED,4,SEND_REMINDER,1
0.94,0.16666666666666666,8085.57,CARD,ICICI,CARD_EXPIRED,15,RETRY_NOW,0
0.7956989247311828,0.7894736842105263,9754.09,CARD,AXIS,INSUFFICIENT_FUNDS,10,RETRY_NOW,1
0.8,0.15384615384615385,7053.38,CARD,HDFC,LIMIT_EXCEEDED,4,RETRY_LATER,0
0.6363636363636364,0.0,343.18,CARD,YESBANK,BANK_TIMEOUT,1,SEND_REMINDER,1
0.890625,0.42857142857142855,8462.68,UPI,HDFC,NETWORK_ERROR,7,NO_ACTION,0
0.8571428571428571,0.0,333.89,UPI,HDFC,CARD_EXPIRED,10,NO_ACTION,0
0.85,0.5555555555555556,3111.77,WALLET,YESBANK,LIMIT_EXCEEDED,10,SEND_REMINDER,0
0.8571428571428571,0.8571428571428571,3778.02,WALLET,KOTAK,BANK_TIMEOUT,0,RETRY_LATER,1
0.8928571428571429,0.6666666666666666,2702.66,NETBANKING,HDFC,INSUFFICIENT_FUNDS,23,RETRY_LATER,1
0.5384615384615384,0.8333333333333334,3446.05,WALLET,ICICI,INSUFFICIENT_FUNDS,11,RETRY_LATER,0
0.851063829787234,0.8571428571428571,6431.23,UPI,KOTAK,LIMIT_EXCEEDED,21,SEND_REMINDER,1
0.3,0.5714285714285714,866.17,UPI,HDFC,INSUFFICIENT_FUNDS,22,NO_ACTION,0
0.8571428571428571,0.2,8582.36,WALLET,KOTAK,CARD_EXPIRED,16,RETRY_LATER,0
0.7428571428571429,0.8888888888888888,7054.13,CARD,HDFC,AUTHENTICATION_FAILED,17,SEND_REMINDER,1
0.8625,0.18181818181818182,7032.25,NETBANKING,HDFC,CARD_EXPIRED,16,RETRY_NOW,1
0.9166666666666666,1.0,3170.69,CARD,AXIS,NETWORK_ERROR,20,RETRY_LATER,1
0.8571428571428571,0.4,7613.57,UPI,SBI,LIMIT_EXCEEDED,2,SEND_REMINDER,1
0.6779661016949152,1.0,2426.56,NETBANKING,AXIS,NETWORK_ERROR,7,RETRY_NOW,1
0.7590361445783133,0.1,3779.99,NETBANKING,YESBANK,AUTHENTICATION_FAILED,9,SEND_REMINDER,1
0.5714285714285714,0.0,7173.24,WALLET,YESBANK,BANK_TIMEOUT,16,RETRY_NOW,1
0.9104477611940298,0.0,822.83,CARD,ICICI,INSUFFICIENT_FUNDS,2,SEND_REMINDER,1
0.7916666666666666,0.05,1158.02,NETBANKING,AXIS,NETWORK_ERROR,14,RETRY_NOW,0
0.9056603773584906,0.6,8113.11,WALLET,HDFC,LIMIT_EXCEEDED,4,RETRY_LATER,0
0.8333333333333334,0.9,8166.65,UPI,YESBANK,AUTHENTICATION_FAILED,20,NO_ACTION,0
0.5833333333333334,0.2,3681.9,WALLET,AXIS,NETWORK_ERROR,21,NO_ACTION,0
0.8928571428571429,0.6666666666666666,2638.35,CARD,YESBANK,AUTHENTICATION_FAILED,13,RETRY_NOW,1
0.8591549295774648,0.3,6377.8,UPI,HDFC,INSUFFICIENT_FUNDS,18,SEND_REMINDER,0
0.7333333333333333,0.625,8394.17,CARD,KOTAK,INSUFFICIENT_FUNDS,21,NO_ACTION,0
0.6779661016949152,1.0,2426.56,NETBANKING,AXIS,NETWORK_ERROR,7,RETRY_LATER,1
0.6904761904761905,0.6153846153846154,7124.48,UPI,SBI,BANK_TIMEOUT,23,RETRY_NOW,1
0.7671232876712328,0.5882352941176471,5233.92,NETBANKING,SBI,BANK_TIMEOUT,17,SEND_REMINDER,1
0.6756756756756757,0.6666666666666666,4459.65,WALLET,ICICI,NETWORK_ERROR,19,RETRY_NOW,0
0.9411764705882353,0.5,9060.92,WALLET,YESBANK,AUTHENTICATION_FAILED,16,NO_ACTION,0
1.0,0.0,3640.97,CARD,HDFC,AUTHENTICATION_FAILED,20,NO_ACTION,0
0.922077922077922,0.16666666666666666,1430.45,CARD,AXIS,CARD_EXPIRED,11,SEND_REMINDER,1
1.0,0.0,5322.12,CARD,AXIS,LIMIT_EXCEEDED,16,NO_ACTION,0
0.6444444444444445,0.625,9270.87,NETBANKING,HDFC,CARD_EXPIRED,0,SEND_REMINDER,1
0.975609756097561,0.0,4852.51,WALLET,YESBANK,INSUFFICIENT_FUNDS,11,SEND_REMINDER,0
0.875,0.9090909090909091,8633.37,NETBANKING,AXIS,LIMIT_EXCEEDED,18,RETRY_LATER,1
0.88,0.6666666666666666,1585.51,NETBANKING,AXIS,NETWORK_ERROR,11,RETRY_LATER,0
0.96875,0.6666666666666666,9523.74,NETBANKING,AXIS,CARD_EXPIRED,20,RETRY_LATER,0
0.7142857142857143,0.0,9277.53,CARD,AXIS,AUTHENTICATION_FAILED,11,NO_ACTION,0
0.9583333333333334,1.0,3422.04,UPI,YESBANK,CARD_EXPIRED,15,NO_ACTION,0
0.8135593220338984,0.0,4105.89,UPI,HDFC,AUTHENTICATION_FAILED,3,RETRY_LATER,0
0.7346938775510204,0.23076923076923078,5015.35,NETBANKING,YESBANK,CARD_EXPIRED,15,NO_ACTION,0
0.8876404494382022,0.9,6545.43,WALLET,YESBANK,NETWORK_ERROR,22,SEND_REMINDER,0
0.875,0.8,4176.86,WALLET,KOTAK,INSUFFICIENT_FUNDS,12,RETRY_LATER,0
0.7590361445783133,0.1,6561.19,CARD,YESBANK,BANK_TIMEOUT,4,NO_ACTION,0
0.975609756097561,0.0,996.34,NETBANKING,HDFC,AUTHENTICATION_FAILED,2,RETRY_LATER,0
0.8125,0.5833333333333334,6258.67,CARD,YESBANK,LIMIT_EXCEEDED,15,SEND_REMINDER,0
0.6382978723404256,0.058823529411764705,1667.02,WALLET,AXIS,CARD_EXPIRED,23,RETRY_NOW,0
0.9803921568627451,0.0,6121.95,UPI,AXIS,INSUFFICIENT_FUNDS,4,RETRY_NOW,0
0.6410256410256411,0.14285714285714285,6009.5,CARD,KOTAK,AUTHENTICATION_FAILED,18,RETRY_LATER,0
0.5263157894736842,1.0,5371.83,NETBANKING,SBI,AUTHENTICATION_FAILED,17,RETRY_NOW,1
0.8488372093023255,0.5384615384615384,9727.01,CARD,YESBANK,CARD_EXPIRED,0,RETRY_NOW,0
0.8333333333333334,0.25,7371.39,WALLET,ICICI,INSUFFICIENT_FUNDS,0,RETRY_LATER,0
0.8947368421052632,0.125,5701.36,CARD,SBI,AUTHENTICATION_FAILED,23,NO_ACTION,0
0.6904761904761905,0.07692307692307693,6799.42,UPI,KOTAK,BANK_TIMEOUT,12,SEND_REMINDER,0
0.8028169014084507,0.5,658.66,NETBANKING,SBI,CARD_EXPIRED,20,RETRY_LATER,0
0.9615384615384616,1.0,6243.64,WALLET,KOTAK,CARD_EXPIRED,7,RETRY_LATER,0
0.7704918032786885,0.7142857142857143,6576.15,CARD,HDFC,AUTHENTICATION_FAILED,7,NO_ACTION,0
0.825,0.0,7776.33,CARD,HDFC,AUTHENTICATION_FAILED,12,RETRY_LATER,0
0.8620689655172413,0.0625,5329.37,CARD,SBI,CARD_EXPIRED,12,RETRY_LATER,0
0.8494623655913979,0.35714285714285715,1295.83,CARD,ICICI,INSUFFICIENT_FUNDS,14,RETRY_NOW,0
0.9104477611940298,0.0,1501.25,WALLET,AXIS,AUTHENTICATION_FAILED,2,NO_ACTION,0
0.8172043010752689,0.23529411764705882,6796.32,CARD,AXIS,NETWORK_ERROR,22,NO_ACTION,0
0.6444444444444445,0.625,7448.35,UPI,AXIS,INSUFFICIENT_FUNDS,9,SEND_REMINDER,1
0.7432432432432432,0.8947368421052632,9507.65,NETBANKING,AXIS,BANK_TIMEOUT,10,RETRY_LATER,1
0.9594594594594594,0.0,6995.03,CARD,SBI,LIMIT_EXCEEDED,6,RETRY_NOW,0
0.5609756097560976,0.7777777777777778,213.8,CARD,SBI,INSUFFICIENT_FUNDS,19,RETRY_LATER,1
0.8765432098765432,0.5,9518.99,WALLET,ICICI,LIMIT_EXCEEDED,4,RETRY_NOW,1
0.9010989010989011,0.8888888888888888,5713.85,WALLET,ICICI,INSUFFICIENT_FUNDS,1,SEND_REMINDER,1
0.6909090909090909,0.23529411764705882,7034.65,WALLET,SBI,LIMIT_EXCEEDED,15,SEND_REMINDER,1
0.9090909090909091,0.25,4800.05,CARD,AXIS,INSUFFICIENT_FUNDS,0,RETRY_NOW,1
0.8392857142857143,0.2222222222222222,9395.81,NETBANKING,ICICI,LIMIT_EXCEEDED,8,SEND_REMINDER,0
0.9,0.2,8465.17,UPI,ICICI,NETWORK_ERROR,9,SEND_REMINDER,1
0.8230088495575221,0.75,8877.69,UPI,YESBANK,INSUFFICIENT_FUNDS,12,RETRY_NOW,0
0.8625,0.18181818181818182,7032.25,NETBANKING,HDFC,CARD_EXPIRED,16,SEND_REMINDER,1
0.7333333333333333,0.625,2557.62,UPI,HDFC,NETWORK_ERROR,5,SEND_REMINDER,0
0.71875,0.1111111111111111,9896.54,WALLET,AXIS,LIMIT_EXCEEDED,4,RETRY_NOW,0
0.8152173913043478,0.8823529411764706,1963.41,WALLET,SBI,LIMIT_EXCEEDED,21,RETRY_NOW,0
0.972972972972973,0.0,5558.11,UPI,SBI,INSUFFICIENT_FUNDS,23,SEND_REMINDER,0
0.5384615384615384,0.2777777777777778,4635.51,UPI,SBI,NETWORK_ERROR,19,RETRY_LATER,0
0.9523809523809523,0.0,7155.3,CARD,KOTAK,INSUFFICIENT_FUNDS,12,RETRY_LATER,0
0.42857142857142855,0.16666666666666666,2383.12,CARD,AXIS,BANK_TIMEOUT,17,RETRY_NOW,0
0.9111111111111111,0.25,9513.26,UPI,SBI,BANK_TIMEOUT,14,SEND_REMINDER,0
0.9540229885057471,0.5,698.52,CARD,KOTAK,BANK_TIMEOUT,11,SEND_REMINDER,0
0.9787234042553191,0.0,9217.81,NETBANKING,HDFC,BANK_TIMEOUT,6,RETRY_LATER,0
0.2857142857142857,0.5,7573.55,NETBANKING,ICICI,BANK_TIMEOUT,0,RETRY_NOW,1
0.726027397260274,0.25,2142.75,WALLET,KOTAK,NETWORK_ERROR,6,RETRY_NOW,1
0.8787878787878788,0.25,251.94,NETBANKING,AXIS,CARD_EXPIRED,15,NO_ACTION,0
0.9661016949152542,1.0,6638.04,CARD,SBI,BANK_TIMEOUT,21,RETRY_LATER,1
0.8764044943820225,0.18181818181818182,6120.45,WALLET,AXIS,AUTHENTICATION_FAILED,17,RETRY_NOW,0
0.8615384615384616,0.8888888888888888,3268.69,WALLET,ICICI,CARD_EXPIRED,16,NO_ACTION,0
0.7272727272727273,0.4166666666666667,2995.12,WALLET,HDFC,CARD_EXPIRED,4,RETRY_LATER,0
0.3,0.9285714285714286,5547.0,NETBANKING,HDFC,AUTHENTICATION_FAILED,3,NO_ACTION,0
0.8902439024390244,1.0,9132.07,UPI,SBI,AUTHENTICATION_FAILED,1,NO_ACTION,0
0.5833333333333334,0.2,3681.9,WALLET,AXIS,NETWORK_ERROR,21,SEND_REMINDER,0
0.8909090909090909,0.3333333333333333,606.64,UPI,KOTAK,AUTHENTICATION_FAILED,17,RETRY_NOW,1
0.8921568627450981,0.0,1807.75,CARD,KOTAK,LIMIT_EXCEEDED,5,SEND_REMINDER,0
0.8823529411764706,0.0,8780.17,UPI,YESBANK,CARD_EXPIRED,1,SEND_REMINDER,1
0.8484848484848485,0.8,4724.73,WALLET,KOTAK,INSUFFICIENT_FUNDS,0,RETRY_NOW,0
0.7534246575342466,0.4444444444444444,3630.33,UPI,HDFC,BANK_TIMEOUT,18,RETRY_LATER,1
0.6875,0.0,5131.85,UPI,ICICI,AUTHENTICATION_FAILED,5,RETRY_NOW,0
0.9811320754716981,1.0,5503.55,CARD,SBI,LIMIT_EXCEEDED,12,SEND_REMINDER,1
0.8387096774193549,0.7333333333333333,9747.38,CARD,ICICI,BANK_TIMEOUT,3,RETRY_LATER,1
0.88,0.0,2328.45,CARD,YESBANK,AUTHENTICATION_FAILED,14,RETRY_NOW,1
0.8130841121495327,0.55,2097.12,WALLET,YESBANK,NETWORK_ERROR,14,NO_ACTION,0
0.875,0.8333333333333334,5803.61,NETBANKING,KOTAK,CARD_EXPIRED,10,SEND_REMINDER,0
0.32142857142857145,0.9473684210526315,2187.82,NETBANKING,KOTAK,CARD_EXPIRED,10,NO_ACTION,0
0.8571428571428571,0.14285714285714285,7091.45,UPI,AXIS,BANK_TIMEOUT,5,NO_ACTION,0
0.8777777777777778,0.8181818181818182,1712.2,WALLET,AXIS,NETWORK_ERROR,0,SEND_REMINDER,1
0.8407079646017699,0.8888888888888888,9884.77,CARD,ICICI,INSUFFICIENT_FUNDS,0,RETRY_LATER,1
0.8227848101265823,0.0,307.44,NETBANKING,ICICI,INSUFFICIENT_FUNDS,20,RETRY_NOW,1
0.7727272727272727,0.3,3847.73,UPI,AXIS,CARD_EXPIRED,16,RETRY_LATER,1
0.7407407407407407,0.7142857142857143,2335.08,NETBANKING,YESBANK,AUTHENTICATION_FAILED,0,RETRY_NOW,1
0.96875,0.5,5168.5,NETBANKING,SBI,AUTHENTICATION_FAILED,0,SEND_REMINDER,0
0.7532467532467533,0.3684210526315789,467.66,CARD,ICICI,CARD_EXPIRED,18,RETRY_NOW,0
0.984375,1.0,3396.69,CARD,ICICI,AUTHENTICATION_FAILED,22,RETRY_NOW,0
0.7222222222222222,0.26666666666666666,9771.05,CARD,SBI,NETWORK_ERROR,9,RETRY_NOW,1
0.7916666666666666,0.05,8900.09,WALLET,SBI,BANK_TIMEOUT,22,RETRY_NOW,0
0.6595744680851063,0.1875,6439.43,NETBANKING,AXIS,INSUFFICIENT_FUNDS,2,RETRY_LATER,0
0.8125,0.5833333333333334,9812.4,CARD,YESBANK,CARD_EXPIRED,4,SEND_REMINDER,1
0.5,0.3888888888888889,3077.85,WALLET,KOTAK,BANK_TIMEOUT,2,RETRY_LATER,1
0.7428571428571429,0.8888888888888888,7519.95,WALLET,AXIS,AUTHENTICATION_FAILED,11,SEND_REMINDER,0
0.8653846153846154,0.0,3515.74,WALLET,AXIS,AUTHENTICATION_FAILED,5,RETRY_NOW,1
0.6274509803921569,0.5263157894736842,7227.94,WALLET,HDFC,BANK_TIMEOUT,2,RETRY_LATER,0
0.979381443298969,0.5,5236.68,UPI,ICICI,CARD_EXPIRED,22,RETRY_NOW,1
0.8205128205128205,0.42857142857142855,1196.2,UPI,SBI,NETWORK_ERROR,1,RETRY_LATER,0
0.7142857142857143,0.0,8699.5,CARD,KOTAK,BANK_TIMEOUT,3,RETRY_LATER,1
0.8571428571428571,1.0,1507.5,NETBANKING,ICICI,LIMIT_EXCEEDED,16,NO_ACTION,0
0.47058823529411764,0.7777777777777778,6710.23,NETBANKING,HDFC,LIMIT_EXCEEDED,21,RETRY_LATER,1
0.9759036144578314,0.0,3565.37,NETBANKING,KOTAK,BANK_TIMEOUT,5,SEND_REMINDER,0
0.8809523809523809,0.4,5067.59,CARD,ICICI,INSUFFICIENT_FUNDS,1,NO_ACTION,0
0.8555555555555555,1.0,208.37,CARD,AXIS,BANK_TIMEOUT,9,RETRY_NOW,1
0.9552238805970149,0.0,2893.98,NETBANKING,ICICI,BANK_TIMEOUT,9,RETRY_NOW,0
0.851063829787234,0.8571428571428571,8178.51,UPI,YESBANK,BANK_TIMEOUT,22,NO_ACTION,0
0.5833333333333334,0.2,2560.3,CARD,HDFC,NETWORK_ERROR,11,RETRY_LATER,1
0.8571428571428571,0.4,9833.35,CARD,HDFC,INSUFFICIENT_FUNDS,16,RETRY_NOW,1
1.0,0.0,9946.2,WALLET,KOTAK,LIMIT_EXCEEDED,12,RETRY_LATER,1
0.8152173913043478,0.9411764705882353,4492.07,CARD,HDFC,AUTHENTICATION_FAILED,13,RETRY_LATER,1
0.7857142857142857,0.9166666666666666,6237.94,NETBANKING,HDFC,BANK_TIMEOUT,16,NO_ACTION,0
0.9555555555555556,0.0,9383.95,UPI,KOTAK,CARD_EXPIRED,17,SEND_REMINDER,0
0.9743589743589743,0.0,1754.22,CARD,HDFC,LIMIT_EXCEEDED,5,NO_ACTION,0
0.9016393442622951,0.0,3983.29,CARD,HDFC,NETWORK_ERROR,8,NO_ACTION,0
0.9090909090909091,0.0,185.46,UPI,YESBANK,NETWORK_ERROR,5,SEND_REMINDER,1
0.85,0.5555555555555556,6172.29,UPI,YESBANK,INSUFFICIENT_FUNDS,10,SEND_REMINDER,1
0.822429906542056,0.47368421052631576,1203.57,NETBANKING,YESBANK,AUTHENTICATION_FAILED,10,RETRY_NOW,0
0.8910891089108911,0.0,2328.3,UPI,AXIS,CARD_EXPIRED,4,SEND_REMINDER,0
0.7258064516129032,0.6470588235294118,4152.81,UPI,YESBANK,NETWORK_ERROR,22,RETRY_NOW,0
0.6904761904761905,0.6153846153846154,2510.81,UPI,ICICI,INSUFFICIENT_FUNDS,14,SEND_REMINDER,1
0.3,0.8571428571428571,135.53,WALLET,HDFC,NETWORK_ERROR,10,SEND_REMINDER,0
0.6825396825396826,1.0,7306.51,CARD,HDFC,CARD_EXPIRED,16,NO_ACTION,0
0.8070175438596491,0.36363636363636365,159.3,CARD,YESBANK,LIMIT_EXCEEDED,22,SEND_REMINDER,1
0.8783783783783784,0.0,7558.7,NETBANKING,YESBANK,LIMIT_EXCEEDED,10,SEND_REMINDER,0
0.8205128205128205,0.42857142857142855,1196.2,UPI,SBI,NETWORK_ERROR,1,NO_ACTION,0
0.9090909090909091,0.25,3631.68,UPI,HDFC,AUTHENTICATION_FAILED,0,RETRY_LATER,1
0.94,0.16666666666666666,8449.16,CARD,KOTAK,INSUFFICIENT_FUNDS,11,NO_ACTION,0
0.7049180327868853,0.5555555555555556,6335.28,UPI,AXIS,BANK_TIMEOUT,14,NO_ACTION,0
0.8333333333333334,0.0,5805.01,NETBANKING,SBI,BANK_TIMEOUT,21,RETRY_LATER,1
0.9,1.0,1137.33,NETBANKING,SBI,CARD_EXPIRED,21,RETRY_NOW,1
0.6909090909090909,0.23529411764705882,5580.42,NETBANKING,AXIS,BANK_TIMEOUT,20,RETRY_LATER,1
0.99,1.0,3783.06,WALLET,SBI,NETWORK_ERROR,23,NO_ACTION,0
0.6904761904761905,0.6153846153846154,5920.58,WALLET,YESBANK,INSUFFICIENT_FUNDS,10,RETRY_LATER,0
0.78125,0.7142857142857143,6600.96,NETBANKING,YESBANK,LIMIT_EXCEEDED,12,SEND_REMINDER,1
0.3333333333333333,0.0,126.76,CARD,SBI,BANK_TIMEOUT,5,RETRY_NOW,0
0.625,0.0,2864.43,UPI,AXIS,CARD_EXPIRED,2,NO_ACTION,0
0.9555555555555556,0.0,4540.43,UPI,AXIS,CARD_EXPIRED,7,NO_ACTION,0
0.8076923076923077,1.0,3093.77,UPI,AXIS,LIMIT_EXCEEDED,17,NO_ACTION,0
0.8365384615384616,0.7058823529411765,7993.59,NETBANKING,ICICI,AUTHENTICATION_FAILED,3,SEND_REMINDER,1
0.7142857142857143,0.5,3595.42,NETBANKING,KOTAK,AUTHENTICATION_FAILED,21,RETRY_NOW,1
0.2631578947368421,0.21428571428571427,9614.41,CARD,YESBANK,LIMIT_EXCEEDED,17,NO_ACTION,0
0.8823529411764706,0.75,3385.97,NETBANKING,KOTAK,LIMIT_EXCEEDED,19,RETRY_NOW,1
0.8764044943820225,0.18181818181818182,4120.84,NETBANKING,KOTAK,NETWORK_ERROR,19,SEND_REMINDER,0
0.7671232876712328,0.5882352941176471,5233.92,NETBANKING,SBI,BANK_TIMEOUT,17,NO_ACTION,0
0.9210526315789473,1.0,9873.57,WALLET,HDFC,AUTHENTICATION_FAILED,16,SEND_REMINDER,1
0.5,0.4,1887.47,CARD,AXIS,BANK_TIMEOUT,4,NO_ACTION,0
0.975609756097561,0.0,4852.51,WALLET,YESBANK,INSUFFICIENT_FUNDS,11,RETRY_LATER,0
0.7875,0.5294117647058824,1333.3,UPI,KOTAK,CARD_EXPIRED,16,SEND_REMINDER,1
0.8691588785046729,0.7857142857142857,7578.88,NETBANKING,SBI,BANK_TIMEOUT,3,RETRY_NOW,0
0.9113924050632911,0.7142857142857143,749.77,NETBANKING,YESBANK,LIMIT_EXCEEDED,18,RETRY_LATER,1
0.75,0.4,1932.71,NETBANKING,SBI,BANK_TIMEOUT,11,RETRY_NOW,0
0.9326923076923077,0.7142857142857143,3543.76,NETBANKING,SBI,CARD_EXPIRED,16,RETRY_NOW,1
0.8425925925925926,0.47058823529411764,2497.86,WALLET,AXIS,INSUFFICIENT_FUNDS,11,NO_ACTION,0
0.5833333333333334,0.2,7905.89,UPI,AXIS,NETWORK_ERROR,8,RETRY_LATER,1
0.9615384615384616,0.5,3858.24,UPI,HDFC,NETWORK_ERROR,23,SEND_REMINDER,1
0.96,1.0,9049.39,NETBANKING,AXIS,INSUFFICIENT_FUNDS,22,NO_ACTION,0
0.782608695652174,0.4666666666666667,9297.06,NETBANKING,ICICI,AUTHENTICATION_FAILED,14,SEND_REMINDER,0
0.9625,0.0,8798.48,WALLET,SBI,AUTHENTICATION_FAILED,20,NO_ACTION,0
0.8985507246376812,1.0,2545.75,CARD,AXIS,INSUFFICIENT_FUNDS,18,NO_ACTION,0
0.7530864197530864,0.5,5862.92,NETBANKING,AXIS,INSUFFICIENT_FUNDS,8,RETRY_NOW,1
0.8181818181818182,0.0,5628.35,WALLET,YESBANK,BANK_TIMEOUT,18,RETRY_NOW,1
0.7619047619047619,0.35,1464.02,UPI,HDFC,CARD_EXPIRED,1,NO_ACTION,0
0.9411764705882353,0.0,3679.01,NETBANKING,AXIS,LIMIT_EXCEEDED,17,NO_ACTION,0
0.88,0.0,4314.22,UPI,SBI,BANK_TIMEOUT,0,RETRY_NOW,1
0.8571428571428571,0.4,6829.69,UPI,AXIS,LIMIT_EXCEEDED,6,RETRY_LATER,0
0.85,0.5555555555555556,3111.77,WALLET,YESBANK,LIMIT_EXCEEDED,10,RETRY_NOW,0
0.28,0.5,6372.14,NETBANKING,ICICI,CARD_EXPIRED,0,RETRY_LATER,0
0.8947368421052632,0.125,4495.51,WALLET,ICICI,LIMIT_EXCEEDED,23,SEND_REMINDER,0
0.8518518518518519,0.0,5137.28,CARD,AXIS,AUTHENTICATION_FAILED,2,NO_ACTION,0
0.84,0.6875,3670.12,CARD,KOTAK,BANK_TIMEOUT,21,SEND_REMINDER,1
0.9204545454545454,0.14285714285714285,5497.41,NETBANKING,YESBANK,BANK_TIMEOUT,0,SEND_REMINDER,1
0.625,0.0,9233.05,NETBANKING,AXIS,AUTHENTICATION_FAILED,23,SEND_REMINDER,0
0.6153846153846154,0.6,1920.92,NETBANKING,ICICI,LIMIT_EXCEEDED,19,SEND_REMINDER,0
0.883495145631068,0.75,6537.15,CARD,ICICI,AUTHENTICATION_FAILED,2,NO_ACTION,0
0.717391304347826,0.07692307692307693,1573.15,WALLET,AXIS,AUTHENTICATION_FAILED,4,RETRY_LATER,0
0.8620689655172413,0.0625,426.94,UPI,HDFC,AUTHENTICATION_FAILED,4,SEND_REMINDER,0
0.9655172413793104,0.5,3351.39,CARD,AXIS,INSUFFICIENT_FUNDS,18,SEND_REMINDER,1
0.9384615384615385,0.25,1218.22,WALLET,SBI,LIMIT_EXCEEDED,2,RETRY_NOW,0
0.8876404494382022,0.8,9582.19,CARD,KOTAK,NETWORK_ERROR,23,NO_ACTION,0
0.8591549295774648,0.3,2782.22,NETBANKING,YESBANK,INSUFFICIENT_FUNDS,21,RETRY_NOW,0
0.8163265306122449,0.05555555555555555,3015.01,NETBANKING,KOTAK,LIMIT_EXCEEDED,23,RETRY_NOW,0
0.8947368421052632,0.6666666666666666,6444.99,CARD,ICICI,AUTHENTICATION_FAILED,7,RETRY_LATER,1
0.91,0.2222222222222222,9180.11,UPI,ICICI,INSUFFICIENT_FUNDS,1,RETRY_NOW,0
0.8947368421052632,0.6666666666666666,9183.07,NETBANKING,ICICI,LIMIT_EXCEEDED,13,NO_ACTION,0
0.822429906542056,0.47368421052631576,8100.23,UPI,AXIS,NETWORK_ERROR,20,RETRY_NOW,0
0.9885057471264368,1.0,9070.55,WALLET,SBI,LIMIT_EXCEEDED,8,NO_ACTION,0
0.9516129032258065,0.3333333333333333,589.78,UPI,ICICI,CARD_EXPIRED,21,NO_ACTION,0
0.5384615384615384,0.8333333333333334,1272.31,NETBANKING,SBI,CARD_EXPIRED,2,SEND_REMINDER,0
0.7530864197530864,0.5,4366.33,UPI,SBI,CARD_EXPIRED,21,RETRY_NOW,0
0.5681818181818182,0.3157894736842105,7807.97,UPI,ICICI,NETWORK_ERROR,15,NO_ACTION,0
0.927710843373494,0.8333333333333334,3603.25,NETBANKING,YESBANK,CARD_EXPIRED,13,RETRY_NOW,0
0.8541666666666666,0.42857142857142855,9381.12,NETBANKING,ICICI,AUTHENTICATION_FAILED,7,SEND_REMINDER,1
0.797752808988764,0.5,7553.2,WALLET,HDFC,BANK_TIMEOUT,17,RETRY_NOW,1
0.8133333333333334,0.9285714285714286,5294.72,WALLET,HDFC,AUTHENTICATION_FAILED,0,RETRY_NOW,0
0.9016393442622951,0.0,7349.1,WALLET,HDFC,AUTHENTICATION_FAILED,2,RETRY_NOW,0
0.7727272727272727,0.3,438.17,NETBANKING,SBI,BANK_TIMEOUT,6,RETRY_LATER,0
0.8301886792452831,0.3333333333333333,4228.01,UPI,YESBANK,BANK_TIMEOUT,0,NO_ACTION,0
0.8461538461538461,1.0,9643.86,UPI,SBI,INSUFFICIENT_FUNDS,22,NO_ACTION,0
0.6724137931034483,0.10526315789473684,8783.8,UPI,AXIS,CARD_EXPIRED,14,RETRY_NOW,0
0.9325842696629213,0.0,209.78,CARD,ICICI,BANK_TIMEOUT,13,SEND_REMINDER,0
0.9245283018867925,0.75,8884.1,CARD,KOTAK,LIMIT_EXCEEDED,15,NO_ACTION,0
0.6764705882352942,0.18181818181818182,7249.91,WALLET,KOTAK,LIMIT_EXCEEDED,5,RETRY_NOW,0
0.8526315789473684,0.2857142857142857,6410.94,CARD,SBI,NETWORK_ERROR,9,RETRY_LATER,1
0.8867924528301887,0.8333333333333334,557.95,UPI,HDFC,AUTHENTICATION_FAILED,17,NO_ACTION,0
0.8095238095238095,0.5,8371.98,NETBANKING,HDFC,INSUFFICIENT_FUNDS,14,NO_ACTION,0
0.4594594594594595,0.65,508.19,NETBANKING,HDFC,CARD_EXPIRED,4,NO_ACTION,0
0.5,0.8333333333333334,7727.55,WALLET,YESBANK,CARD_EXPIRED,11,NO_ACTION,0
0.7567567567567568,0.6666666666666666,9382.58,UPI,ICICI,CARD_EXPIRED,9,NO_ACTION,0
0.7272727272727273,0.4166666666666667,9669.45,WALLET,ICICI,BANK_TIMEOUT,17,RETRY_NOW,0
0.7590361445783133,0.1,949.09,NETBANKING,ICICI,INSUFFICIENT_FUNDS,12,RETRY_LATER,0
0.6458333333333334,0.6470588235294118,6563.81,UPI,YESBANK,BANK_TIMEOUT,12,RETRY_LATER,1
0.95,0.2,8052.22,UPI,HDFC,BANK_TIMEOUT,3,SEND_REMINDER,0
0.896551724137931,0.8888888888888888,9652.02,NETBANKING,KOTAK,NETWORK_ERROR,7,SEND_REMINDER,1
0.9540229885057471,0.5,9943.7,WALLET,KOTAK,LIMIT_EXCEEDED,20,RETRY_NOW,0
0.8181818181818182,0.0,4441.26,NETBANKING,KOTAK,CARD_EXPIRED,8,SEND_REMINDER,1
0.8488372093023255,0.5384615384615384,5493.69,NETBANKING,SBI,LIMIT_EXCEEDED,6,SEND_REMINDER,1
0.5384615384615384,0.6666666666666666,2458.47,WALLET,ICICI,BANK_TIMEOUT,19,RETRY_LATER,1
0.8785046728971962,0.15384615384615385,8660.01,WALLET,HDFC,CARD_EXPIRED,22,NO_ACTION,0
0.8095238095238095,0.25,3242.34,CARD,KOTAK,NETWORK_ERROR,13,NO_ACTION,0
0.7333333333333333,1.0,927.71,WALLET,YESBANK,INSUFFICIENT_FUNDS,22,NO_ACTION,0
0.7222222222222222,0.2,6799.22,UPI,KOTAK,NETWORK_ERROR,11,RETRY_NOW,0
0.8482142857142857,0.17647058823529413,8208.44,NETBANKING,AXIS,NETWORK_ERROR,13,RETRY_LATER,1
0.8333333333333334,1.0,3221.14,UPI,YESBANK,INSUFFICIENT_FUNDS,23,RETRY_LATER,0
0.891566265060241,0.4444444444444444,9083.49,WALLET,ICICI,LIMIT_EXCEEDED,3,RETRY_LATER,1
0.726027397260274,0.05,6664.39,WALLET,ICICI,NETWORK_ERROR,12,SEND_REMINDER,1
0.6785714285714286,0.7777777777777778,5362.21,NETBANKING,YESBANK,CARD_EXPIRED,5,RETRY_NOW,0
0.5384615384615384,0.25,3790.83,WALLET,ICICI,AUTHENTICATION_FAILED,0,RETRY_NOW,1
1.0,0.0,1203.58,WALLET,HDFC,LIMIT_EXCEEDED,8,RETRY_NOW,0
0.7333333333333333,1.0,9705.87,CARD,SBI,LIMIT_EXCEEDED,21,NO_ACTION,0
0.9113924050632911,0.7142857142857143,1259.03,UPI,HDFC,NETWORK_ERROR,3,RETRY_LATER,1
0.7346938775510204,0.07692307692307693,9884.46,WALLET,KOTAK,LIMIT_EXCEEDED,12,RETRY_NOW,0
0.6590909090909091,0.3333333333333333,348.44,UPI,ICICI,INSUFFICIENT_FUNDS,9,RETRY_NOW,0
0.8444444444444444,0.14285714285714285,2175.54,UPI,SBI,NETWORK_ERROR,11,RETRY_LATER,1
0.9801980198019802,0.0,816.87,NETBANKING,HDFC,INSUFFICIENT_FUNDS,12,RETRY_LATER,0
1.0,0.0,5335.09,CARD,AXIS,CARD_EXPIRED,12,NO_ACTION,0
0.725,0.5454545454545454,168.35,UPI,AXIS,AUTHENTICATION_FAILED,14,RETRY_LATER,1
0.8823529411764706,0.0,5922.59,NETBANKING,KOTAK,AUTHENTICATION_FAILED,8,SEND_REMINDER,1
0.8454545454545455,0.11764705882352941,7835.6,WALLET,AXIS,NETWORK_ERROR,15,RETRY_NOW,0
0.9655172413793104,0.5,491.65,WALLET,HDFC,NETWORK_ERROR,14,SEND_REMINDER,1
0.8571428571428571,0.0,7706.01,UPI,ICICI,LIMIT_EXCEEDED,23,RETRY_NOW,1
0.797752808988764,0.5,4166.47,UPI,ICICI,INSUFFICIENT_FUNDS,1,NO_ACTION,0
0.8,0.9,4783.28,UPI,HDFC,AUTHENTICATION_FAILED,16,RETRY_NOW,1
0.7605633802816901,0.0,4533.12,UPI,HDFC,NETWORK_ERROR,13,SEND_REMINDER,0
0.9230769230769231,1.0,4725.71,UPI,KOTAK,LIMIT_EXCEEDED,7,SEND_REMINDER,1
0.84,0.5,6638.97,WALLET,HDFC,AUTHENTICATION_FAILED,22,RETRY_NOW,0
0.8508771929824561,0.8823529411764706,9102.32,CARD,KOTAK,NETWORK_ERROR,0,RETRY_LATER,1
0.8981481481481481,0.5454545454545454,5796.57,NETBANKING,SBI,INSUFFICIENT_FUNDS,11,RETRY_NOW,0
0.6538461538461539,0.7777777777777778,6817.56,NETBANKING,SBI,BANK_TIMEOUT,2,NO_ACTION,0
0.82,1.0,2356.78,WALLET,YESBANK,AUTHENTICATION_FAILED,1,SEND_REMINDER,0
0.4444444444444444,0.55,3856.11,NETBANKING,AXIS,BANK_TIMEOUT,7,RETRY_LATER,0
0.8415841584158416,0.6875,379.24,CARD,HDFC,NETWORK_ERROR,16,RETRY_NOW,1
0.85,0.5555555555555556,1779.6,NETBANKING,AXIS,AUTHENTICATION_FAILED,2,RETRY_LATER,0
0.3,0.8571428571428571,9536.68,UPI,SBI,CARD_EXPIRED,5,RETRY_LATER,0
0.5909090909090909,0.3333333333333333,1534.9,WALLET,KOTAK,CARD_EXPIRED,13,RETRY_LATER,0
0.8648648648648649,0.3333333333333333,9977.64,UPI,KOTAK,NETWORK_ERROR,19,NO_ACTION,0
0.8085106382978723,0.5,7890.92,CARD,YESBANK,INSUFFICIENT_FUNDS,12,SEND_REMINDER,1
0.9886363636363636,1.0,5077.45,WALLET,SBI,INSUFFICIENT_FUNDS,4,RETRY_NOW,0
1.0,0.0,3858.06,NETBANKING,HDFC,NETWORK_ERROR,7,SEND_REMINDER,0
0.7796610169491526,0.3076923076923077,3477.03,NETBANKING,HDFC,BANK_TIMEOUT,15,RETRY_LATER,1
0.9333333333333333,0.5,5558.0,CARD,YESBANK,INSUFFICIENT_FUNDS,7,RETRY_NOW,0
0.65,1.0,8406.25,WALLET,HDFC,CARD_EXPIRED,21,RETRY_NOW,0
0.8676470588235294,0.8888888888888888,8917.95,NETBANKING,KOTAK,INSUFFICIENT_FUNDS,20,RETRY_LATER,0
0.6444444444444445,0.625,9912.93,CARD,AXIS,AUTHENTICATION_FAILED,19,RETRY_LATER,1
0.896551724137931,0.3333333333333333,6813.71,CARD,HDFC,CARD_EXPIRED,5,SEND_REMINDER,0
0.5641025641025641,0.0,4363.59,CARD,HDFC,INSUFFICIENT_FUNDS,11,SEND_REMINDER,1
0.7419354838709677,0.3125,2999.81,UPI,AXIS,NETWORK_ERROR,16,SEND_REMINDER,0
0.6764705882352942,0.2727272727272727,3667.43,UPI,SBI,LIMIT_EXCEEDED,10,SEND_REMINDER,0
0.9508196721311475,0.0,2027.15,CARD,HDFC,LIMIT_EXCEEDED,4,NO_ACTION,0
0.9148936170212766,0.625,4536.8,WALLET,KOTAK,BANK_TIMEOUT,8,NO_ACTION,0
0.7567567567567568,0.6666666666666666,3313.36,WALLET,HDFC,LIMIT_EXCEEDED,6,RETRY_NOW,0
0.984375,1.0,2944.25,CARD,HDFC,BANK_TIMEOUT,21,SEND_REMINDER,1
0.7534246575342466,0.4444444444444444,8591.08,UPI,KOTAK,AUTHENTICATION_FAILED,7,RETRY_NOW,1
0.75,1.0,6877.72,NETBANKING,YESBANK,INSUFFICIENT_FUNDS,15,NO_ACTION,0
0.8923076923076924,0.2857142857142857,2936.49,UPI,AXIS,INSUFFICIENT_FUNDS,6,NO_ACTION,0
0.5333333333333333,0.2857142857142857,4832.3,CARD,AXIS,CARD_EXPIRED,18,SEND_REMINDER,0
0.6923076923076923,0.75,1318.98,CARD,ICICI,NETWORK_ERROR,20,RETRY_LATER,1
0.7297297297297297,0.6,8538.33,CARD,ICICI,LIMIT_EXCEEDED,20,NO_ACTION,0
0.88,0.0,4678.62,WALLET,KOTAK,INSUFFICIENT_FUNDS,4,SEND_REMINDER,1
0.75,0.29411764705882354,9589.4,WALLET,ICICI,AUTHENTICATION_FAILED,22,NO_ACTION,0
0.782608695652174,0.2,6653.76,NETBANKING,YESBANK,NETWORK_ERROR,7,RETRY_NOW,1
0.8484848484848485,0.6,6393.18,CARD,HDFC,CARD_EXPIRED,10,RETRY_LATER,0
0.9344262295081968,0.0,8798.44,UPI,KOTAK,LIMIT_EXCEEDED,4,SEND_REMINDER,0
0.8482142857142857,0.17647058823529413,2181.44,NETBANKING,YESBANK,NETWORK_ERROR,6,RETRY_LATER,0
0.9090909090909091,0.5,6141.74,CARD,ICICI,NETWORK_ERROR,15,RETRY_LATER,1
0.8703703703703703,0.8571428571428571,5532.4,CARD,HDFC,LIMIT_EXCEEDED,1,RETRY_LATER,0
0.6444444444444445,0.625,5793.07,UPI,YESBANK,AUTHENTICATION_FAILED,15,RETRY_LATER,0
0.7169811320754716,0.06666666666666667,7822.03,WALLET,HDFC,CARD_EXPIRED,14,RETRY_LATER,0
0.8591549295774648,0.4,5964.05,CARD,SBI,NETWORK_ERROR,18,NO_ACTION,0
0.7647058823529411,0.55,2045.29,NETBANKING,YESBANK,LIMIT_EXCEEDED,7,RETRY_NOW,1
0.875,0.8333333333333334,9123.79,NETBANKING,KOTAK,INSUFFICIENT_FUNDS,6,NO_ACTION,0
0.8615384615384616,0.8888888888888888,3268.69,WALLET,ICICI,CARD_EXPIRED,16,RETRY_LATER,1
0.2,0.95,4286.34,UPI,HDFC,LIMIT_EXCEEDED,10,NO_ACTION,0
1.0,0.0,1831.43,CARD,HDFC,INSUFFICIENT_FUNDS,7,NO_ACTION,0
0.9166666666666666,1.0,7320.11,CARD,ICICI,BANK_TIMEOUT,10,RETRY_NOW,0
0.9344262295081968,0.0,8798.44,UPI,KOTAK,LIMIT_EXCEEDED,4,NO_ACTION,0
0.921875,1.0,8227.49,WALLET,ICICI,BANK_TIMEOUT,19,SEND_REMINDER,1
0.34615384615384615,0.5882352941176471,4371.6,UPI,KOTAK,LIMIT_EXCEEDED,13,SEND_REMINDER,0
0.3,0.9285714285714286,7319.02,UPI,YESBANK,AUTHENTICATION_FAILED,19,SEND_REMINDER,0
0.75,1.0,6877.72,NETBANKING,YESBANK,INSUFFICIENT_FUNDS,15,RETRY_LATER,1
0.5641025641025641,0.0,1708.69,UPI,KOTAK,NETWORK_ERROR,8,RETRY_NOW,1
0.6724137931034483,0.6842105263157895,5464.88,WALLET,ICICI,CARD_EXPIRED,14,NO_ACTION,0
0.43333333333333335,0.5294117647058824,8325.95,CARD,YESBANK,LIMIT_EXCEEDED,6,SEND_REMINDER,0
0.7837837837837838,0.625,5318.35,WALLET,ICICI,BANK_TIMEOUT,1,RETRY_LATER,1
0.6956521739130435,0.2857142857142857,6285.61,NETBANKING,ICICI,BANK_TIMEOUT,9,SEND_REMINDER,1
0.9534883720930233,1.0,8812.25,NETBANKING,HDFC,CARD_EXPIRED,9,RETRY_LATER,1
0.9333333333333333,0.6666666666666666,9697.44,NETBANKING,ICICI,BANK_TIMEOUT,17,RETRY_LATER,1
0.9565217391304348,0.0,5337.35,WALLET,ICICI,CARD_EXPIRED,16,RETRY_NOW,0
0.9565217391304348,0.0,5337.35,WALLET,ICICI,CARD_EXPIRED,16,SEND_REMINDER,1
0.8070175438596491,0.36363636363636365,3594.3,UPI,ICICI,LIMIT_EXCEEDED,15,RETRY_NOW,0
0.7037037037037037,0.5625,7409.81,NETBANKING,KOTAK,CARD_EXPIRED,5,RETRY_LATER,1
0.7291666666666666,0.3076923076923077,7801.51,UPI,KOTAK,AUTHENTICATION_FAILED,16,SEND_REMINDER,1
0.42857142857142855,0.5625,5674.41,CARD,AXIS,CARD_EXPIRED,12,NO_ACTION,0
0.9696969696969697,0.0,4654.28,WALLET,YESBANK,AUTHENTICATION_FAILED,20,NO_ACTION,0
1.0,0.0,7239.45,NETBANKING,SBI,AUTHENTICATION_FAILED,19,RETRY_LATER,0
0.8222222222222222,0.875,7481.1,NETBANKING,HDFC,LIMIT_EXCEEDED,15,RETRY_LATER,0
0.8247422680412371,1.0,1229.88,UPI,AXIS,CARD_EXPIRED,4,SEND_REMINDER,1
0.6904761904761905,0.07692307692307693,4273.72,WALLET,YESBANK,LIMIT_EXCEEDED,1,NO_ACTION,0
0.5,0.6363636363636364,2261.62,NETBANKING,ICICI,NETWORK_ERROR,10,RETRY_LATER,1
0.48,0.23076923076923078,3926.17,NETBANKING,KOTAK,BANK_TIMEOUT,3,RETRY_NOW,0
0.96875,0.6666666666666666,9523.74,NETBANKING,AXIS,CARD_EXPIRED,20,RETRY_NOW,0
0.9340659340659341,0.3333333333333333,8157.48,NETBANKING,AXIS,CARD_EXPIRED,7,RETRY_LATER,0
0.8333333333333334,0.0,8662.33,WALLET,ICICI,LIMIT_EXCEEDED,4,SEND_REMINDER,0
0.8260869565217391,0.4,6346.94,UPI,AXIS,LIMIT_EXCEEDED,14,RETRY_NOW,1
0.7592592592592593,1.0,5405.92,NETBANKING,YESBANK,NETWORK_ERROR,23,RETRY_LATER,0
0.84,0.6875,561.53,NETBANKING,SBI,NETWORK_ERROR,19,NO_ACTION,0
0.8292682926829268,0.14285714285714285,276.73,NETBANKING,SBI,INSUFFICIENT_FUNDS,23,NO_ACTION,0
0.8615384615384616,0.8888888888888888,5686.35,WALLET,KOTAK,INSUFFICIENT_FUNDS,21,RETRY_LATER,1
0.8163265306122449,0.05555555555555555,6920.9,CARD,AXIS,LIMIT_EXCEEDED,15,SEND_REMINDER,1
0.9,0.375,8817.59,UPI,ICICI,BANK_TIMEOUT,14,NO_ACTION,0
0.8765432098765432,0.5,7404.7,NETBANKING,KOTAK,CARD_EXPIRED,2,RETRY_LATER,0
0.5833333333333334,0.5333333333333333,3620.45,CARD,KOTAK,AUTHENTICATION_FAILED,9,RETRY_NOW,0
0.5813953488372093,0.7777777777777778,4338.99,WALLET,AXIS,NETWORK_ERROR,21,NO_ACTION,0
0.8526315789473684,0.2857142857142857,3638.98,NETBANKING,AXIS,LIMIT_EXCEEDED,21,RETRY_LATER,1
0.8620689655172413,0.0625,2578.7,WALLET,HDFC,NETWORK_ERROR,7,SEND_REMINDER,0
0.9113924050632911,0.7142857142857143,2619.1,UPI,KOTAK,AUTHENTICATION_FAILED,17,SEND_REMINDER,0
0.7931034482758621,0.0,4667.09,NETBANKING,YESBANK,CARD_EXPIRED,16,RETRY_NOW,0
0.703125,0.47368421052631576,7135.73,NETBANKING,HDFC,LIMIT_EXCEEDED,23,SEND_REMINDER,0
0.8043478260869565,0.1111111111111111,8866.87,UPI,YESBANK,BANK_TIMEOUT,21,SEND_REMINDER,0
0.6153846153846154,0.8,1810.05,WALLET,ICICI,AUTHENTICATION_FAILED,12,NO_ACTION,0
0.9381443298969072,1.0,4514.71,UPI,YESBANK,LIMIT_EXCEEDED,0,RETRY_LATER,1
0.9166666666666666,1.0,7972.89,WALLET,KOTAK,NETWORK_ERROR,14,NO_ACTION,0
0.7727272727272727,0.3,4350.58,NETBANKING,SBI,CARD_EXPIRED,5,RETRY_LATER,0
0.9827586206896551,0.0,4680.53,CARD,KOTAK,LIMIT_EXCEEDED,18,SEND_REMINDER,1
0.98989898989899,1.0,8450.63,WALLET,HDFC,INSUFFICIENT_FUNDS,21,RETRY_LATER,1
0.9803921568627451,0.0,6996.63,CARD,YESBANK,LIMIT_EXCEEDED,15,NO_ACTION,0
0.8507462686567164,0.7,3656.14,WALLET,AXIS,INSUFFICIENT_FUNDS,8,RETRY_LATER,0
0.7241379310344828,0.625,6746.7,UPI,YESBANK,BANK_TIMEOUT,7,SEND_REMINDER,0
0.8783783783783784,0.0,5916.01,CARD,SBI,INSUFFICIENT_FUNDS,23,NO_ACTION,0
0.5263157894736842,1.0,5283.68,WALLET,AXIS,CARD_EXPIRED,18,RETRY_NOW,0
0.5,0.05,5231.91,CARD,YESBANK,NETWORK_ERROR,17,RETRY_LATER,1
0.8260869565217391,0.4,9933.9,NETBANKING,AXIS,NETWORK_ERROR,21,NO_ACTION,0
0.78125,0.14285714285714285,8104.32,CARD,AXIS,BANK_TIMEOUT,16,RETRY_LATER,1
0.7872340425531915,0.0,4289.72,WALLET,YESBANK,CARD_EXPIRED,16,RETRY_NOW,0
0.3793103448275862,0.3888888888888889,4119.41,WALLET,KOTAK,NETWORK_ERROR,12,RETRY_LATER,1
0.7115384615384616,0.8,9512.72,CARD,ICICI,CARD_EXPIRED,0,RETRY_NOW,1
0.6976744186046512,0.07692307692307693,9645.42,UPI,ICICI,INSUFFICIENT_FUNDS,3,RETRY_NOW,0
0.8170731707317073,1.0,2091.8,NETBANKING,AXIS,BANK_TIMEOUT,4,NO_ACTION,0
0.8288288288288288,0.0,3148.99,NETBANKING,AXIS,LIMIT_EXCEEDED,3,NO_ACTION,0
0.8490566037735849,0.9375,1839.89,NETBANKING,YESBANK,INSUFFICIENT_FUNDS,6,RETRY_NOW,0
0.4444444444444444,0.6,3953.61,NETBANKING,ICICI,INSUFFICIENT_FUNDS,17,SEND_REMINDER,1
0.7666666666666667,0.5714285714285714,2089.2,UPI,ICICI,CARD_EXPIRED,1,SEND_REMINDER,1
0.41935483870967744,0.8333333333333334,9117.46,WALLET,AXIS,BANK_TIMEOUT,5,RETRY_NOW,0
0.8811881188118812,0.16666666666666666,8932.0,WALLET,HDFC,AUTHENTICATION_FAILED,23,SEND_REMINDER,0
0.7297297297297297,0.6,8538.33,CARD,ICICI,LIMIT_EXCEEDED,20,RETRY_LATER,1
0.8285714285714286,0.5,903.19,CARD,KOTAK,CARD_EXPIRED,15,RETRY_NOW,0
0.65,0.7857142857142857,7837.24,UPI,YESBANK,INSUFFICIENT_FUNDS,22,RETRY_LATER,0
0.927710843373494,0.0,2967.32,UPI,AXIS,LIMIT_EXCEEDED,19,NO_ACTION,0
0.94,0.16666666666666666,1092.24,UPI,KOTAK,CARD_EXPIRED,5,RETRY_LATER,0
0.9384615384615385,0.25,5899.23,NETBANKING,AXIS,CARD_EXPIRED,19,NO_ACTION,0
0.78125,0.14285714285714285,6939.73,NETBANKING,AXIS,NETWORK_ERROR,6,SEND_REMINDER,0
0.71875,0.3333333333333333,5582.7,CARD,YESBANK,CARD_EXPIRED,16,RETRY_LATER,0
0.9259259259259259,0.5,9628.9,UPI,AXIS,LIMIT_EXCEEDED,17,SEND_REMINDER,0
0.970873786407767,1.0,5196.2,WALLET,KOTAK,CARD_EXPIRED,0,RETRY_LATER,0
0.8,1.0,3250.91,NETBANKING,KOTAK,NETWORK_ERROR,19,RETRY_LATER,0
0.8260869565217391,0.4,6346.94,UPI,AXIS,LIMIT_EXCEEDED,14,SEND_REMINDER,0
0.9310344827586207,0.75,5221.38,CARD,SBI,CARD_EXPIRED,21,SEND_REMINDER,1
0.7567567567567568,0.6666666666666666,9382.58,UPI,ICICI,CARD_EXPIRED,9,RETRY_LATER,0
0.3793103448275862,0.3888888888888889,1359.8,NETBANKING,HDFC,INSUFFICIENT_FUNDS,7,NO_ACTION,0
0.3333333333333333,0.55,5356.22,CARD,AXIS,LIMIT_EXCEEDED,6,RETRY_NOW,0
0.8809523809523809,0.4,5067.59,CARD,ICICI,INSUFFICIENT_FUNDS,1,SEND_REMINDER,0
0.6595744680851063,0.1875,3721.89,UPI,AXIS,LIMIT_EXCEEDED,18,RETRY_LATER,1
0.6122448979591837,0.5263157894736842,5056.09,WALLET,YESBANK,INSUFFICIENT_FUNDS,18,SEND_REMINDER,0
1.0,0.0,1203.58,WALLET,HDFC,LIMIT_EXCEEDED,8,SEND_REMINDER,0
0.8461538461538461,1.0,6195.69,CARD,KOTAK,BANK_TIMEOUT,20,SEND_REMINDER,1
1.0,0.0,1203.58,WALLET,HDFC,LIMIT_EXCEEDED,8,RETRY_LATER,0
0.8235294117647058,0.0,666.28,UPI,KOTAK,LIMIT_EXCEEDED,10,RETRY_NOW,0
0.828125,1.0,2257.86,NETBANKING,SBI,NETWORK_ERROR,5,RETRY_NOW,1
0.45454545454545453,0.9166666666666666,3605.48,WALLET,YESBANK,AUTHENTICATION_FAILED,12,RETRY_NOW,0
0.8586956521739131,0.5384615384615384,5837.83,CARD,SBI,INSUFFICIENT_FUNDS,14,NO_ACTION,0
0.9838709677419355,0.0,1060.51,NETBANKING,SBI,LIMIT_EXCEEDED,8,RETRY_LATER,1
0.6274509803921569,0.5263157894736842,7227.94,WALLET,HDFC,BANK_TIMEOUT,2,NO_ACTION,0
0.8513513513513513,0.0,176.77,UPI,ICICI,INSUFFICIENT_FUNDS,13,RETRY_LATER,1
0.96,1.0,2219.99,WALLET,ICICI,CARD_EXPIRED,3,NO_ACTION,0
0.5957446808510638,0.05263157894736842,5252.4,WALLET,HDFC,INSUFFICIENT_FUNDS,18,RETRY_LATER,0
0.8444444444444444,0.14285714285714285,3054.37,CARD,AXIS,NETWORK_ERROR,21,SEND_REMINDER,0
0.9523809523809523,0.2,6711.9,NETBANKING,AXIS,LIMIT_EXCEEDED,21,RETRY_LATER,1
0.7916666666666666,0.05,8900.09,WALLET,SBI,BANK_TIMEOUT,22,SEND_REMINDER,0
0.7916666666666666,0.05,4935.3,UPI,HDFC,INSUFFICIENT_FUNDS,7,RETRY_LATER,0
0.5384615384615384,0.25,4891.7,UPI,HDFC,AUTHENTICATION_FAILED,22,RETRY_LATER,0
0.9230769230769231,0.5,2840.47,UPI,SBI,INSUFFICIENT_FUNDS,20,NO_ACTION,0
0.8691588785046729,0.7857142857142857,7578.88,NETBANKING,SBI,BANK_TIMEOUT,3,NO_ACTION,0
0.8387096774193549,0.7333333333333333,9747.38,CARD,ICICI,BANK_TIMEOUT,3,SEND_REMINDER,1
0.5,0.09090909090909091,3452.36,WALLET,SBI,CARD_EXPIRED,17,SEND_REMINDER,0
0.8307692307692308,0.5454545454545454,6239.46,NETBANKING,AXIS,BANK_TIMEOUT,9,RETRY_NOW,0
0.8282828282828283,0.7647058823529411,3699.85,NETBANKING,ICICI,CARD_EXPIRED,5,RETRY_NOW,0
0.7692307692307693,0.3333333333333333,4759.99,CARD,HDFC,AUTHENTICATION_FAILED,8,RETRY_LATER,0
0.8695652173913043,0.75,4146.02,WALLET,SBI,NETWORK_ERROR,22,SEND_REMINDER,0
1.0,0.0,7922.25,WALLET,YESBANK,NETWORK_ERROR,14,NO_ACTION,0
0.8571428571428571,0.4,4636.8,NETBANKING,AXIS,LIMIT_EXCEEDED,3,SEND_REMINDER,0
0.8983050847457628,1.0,160.8,UPI,KOTAK,BANK_TIMEOUT,7,NO_ACTION,0
0.7671232876712328,0.5882352941176471,9827.48,WALLET,ICICI,BANK_TIMEOUT,1,NO_ACTION,0
0.8028169014084507,0.5,9053.08,UPI,KOTAK,NETWORK_ERROR,17,RETRY_NOW,1
0.8928571428571429,0.6666666666666666,1628.81,CARD,AXIS,LIMIT_EXCEEDED,20,NO_ACTION,0
0.5263157894736842,1.0,5283.68,WALLET,AXIS,CARD_EXPIRED,18,RETRY_LATER,0
0.8823529411764706,1.0,4552.09,UPI,ICICI,INSUFFICIENT_FUNDS,23,SEND_REMINDER,0
0.6,0.6666666666666666,7953.95,WALLET,HDFC,INSUFFICIENT_FUNDS,21,NO_ACTION,0
0.7727272727272727,0.3,3847.73,UPI,AXIS,CARD_EXPIRED,16,NO_ACTION,0
0.8222222222222222,0.875,9356.62,UPI,ICICI,LIMIT_EXCEEDED,17,RETRY_NOW,0
0.5925925925925926,0.6363636363636364,7096.96,NETBANKING,AXIS,CARD_EXPIRED,0,NO_ACTION,0
0.9473684210526315,0.0,6267.88,WALLET,AXIS,BANK_TIMEOUT,0,SEND_REMINDER,0
0.8181818181818182,0.16666666666666666,328.04,CARD,KOTAK,BANK_TIMEOUT,7,NO_ACTION,0
0.6779661016949152,1.0,3901.61,CARD,KOTAK,AUTHENTICATION_FAILED,5,NO_ACTION,0
0.9340659340659341,0.3333333333333333,9974.22,WALLET,SBI,NETWORK_ERROR,22,RETRY_LATER,1
0.6590909090909091,0.3333333333333333,1986.51,CARD,KOTAK,INSUFFICIENT_FUNDS,7,SEND_REMINDER,0
0.42857142857142855,0.16666666666666666,8558.42,NETBANKING,SBI,BANK_TIMEOUT,8,RETRY_LATER,1
0.5384615384615384,0.4444444444444444,4593.23,NETBANKING,YESBANK,BANK_TIMEOUT,16,RETRY_NOW,1
0.9523809523809523,0.2,4783.76,UPI,HDFC,BANK_TIMEOUT,11,NO_ACTION,0
0.9411764705882353,0.0,3679.01,NETBANKING,AXIS,LIMIT_EXCEEDED,17,RETRY_LATER,0
0.8636363636363636,0.3333333333333333,2591.11,CARD,SBI,AUTHENTICATION_FAILED,4,NO_ACTION,0
0.7796610169491526,0.3076923076923077,458.32,WALLET,KOTAK,CARD_EXPIRED,16,RETRY_NOW,1
0.8433734939759037,0.6923076923076923,4188.2,UPI,AXIS,LIMIT_EXCEEDED,21,RETRY_NOW,0
0.8909090909090909,0.25,5391.02,WALLET,KOTAK,BANK_TIMEOUT,14,NO_ACTION,0
0.6216216216216216,1.0,7475.36,UPI,HDFC,NETWORK_ERROR,16,RETRY_LATER,1
0.7849462365591398,0.85,8868.38,WALLET,AXIS,INSUFFICIENT_FUNDS,9,RETRY_NOW,0
0.3333333333333333,0.55,9285.57,NETBANKING,AXIS,NETWORK_ERROR,17,RETRY_LATER,1
0.88,0.6666666666666666,5923.95,UPI,YESBANK,LIMIT_EXCEEDED,19,SEND_REMINDER,1
0.78125,0.14285714285714285,4381.2,CARD,ICICI,BANK_TIMEOUT,7,NO_ACTION,0
0.9104477611940298,0.0,1501.25,WALLET,AXIS,AUTHENTICATION_FAILED,2,SEND_REMINDER,0
0.9583333333333334,1.0,1619.72,CARD,HDFC,AUTHENTICATION_FAILED,7,RETRY_NOW,1
0.8617021276595744,0.3076923076923077,8406.15,UPI,ICICI,INSUFFICIENT_FUNDS,8,RETRY_LATER,0
0.8421052631578947,0.0,7145.06,WALLET,ICICI,INSUFFICIENT_FUNDS,12,RETRY_NOW,0
0.8585858585858586,1.0,8233.1,NETBANKING,AXIS,NETWORK_ERROR,10,RETRY_NOW,1
0.825,0.0,8201.62,NETBANKING,HDFC,LIMIT_EXCEEDED,9,NO_ACTION,0
0.7142857142857143,0.5,8828.72,UPI,AXIS,LIMIT_EXCEEDED,17,NO_ACTION,0
0.967741935483871,1.0,1977.5,CARD,YESBANK,INSUFFICIENT_FUNDS,5,RETRY_LATER,1
0.96,1.0,6840.37,WALLET,KOTAK,LIMIT_EXCEEDED,5,RETRY_LATER,0
0.5652173913043478,0.6,9497.65,NETBANKING,YESBANK,NETWORK_ERROR,0,NO_ACTION,0
0.7945205479452054,0.7333333333333333,9857.86,UPI,YESBANK,AUTHENTICATION_FAILED,12,SEND_REMINDER,1
0.8333333333333334,1.0,3221.14,UPI,YESBANK,INSUFFICIENT_FUNDS,23,SEND_REMINDER,1
0.5277777777777778,0.6470588235294118,4853.9,NETBANKING,KOTAK,NETWORK_ERROR,4,RETRY_NOW,0
0.875,0.8333333333333334,861.25,WALLET,ICICI,LIMIT_EXCEEDED,17,SEND_REMINDER,1
0.921875,1.0,9252.92,NETBANKING,AXIS,AUTHENTICATION_FAILED,22,SEND_REMINDER,0
0.9866666666666667,0.0,4748.03,NETBANKING,YESBANK,AUTHENTICATION_FAILED,13,RETRY_LATER,0
0.625,0.0,9233.05,NETBANKING,AXIS,AUTHENTICATION_FAILED,23,NO_ACTION,0
0.927710843373494,0.8333333333333334,7108.46,NETBANKING,ICICI,LIMIT_EXCEEDED,12,RETRY_LATER,0
0.5238095238095238,0.55,1998.15,WALLET,ICICI,LIMIT_EXCEEDED,9,RETRY_NOW,1
0.42857142857142855,0.5625,5674.41,CARD,AXIS,CARD_EXPIRED,12,SEND_REMINDER,1
0.8181818181818182,0.4166666666666667,7633.28,UPI,YESBANK,BANK_TIMEOUT,19,RETRY_LATER,1
0.9433962264150944,0.0,6022.09,UPI,HDFC,CARD_EXPIRED,2,RETRY_NOW,0
0.8902439024390244,1.0,1595.15,CARD,YESBANK,INSUFFICIENT_FUNDS,1,RETRY_LATER,1
0.96,1.0,2016.13,CARD,YESBANK,NETWORK_ERROR,15,NO_ACTION,0
0.6764705882352942,0.18181818181818182,2044.29,UPI,YESBANK,AUTHENTICATION_FAILED,20,RETRY_LATER,0
0.717948717948718,0.18181818181818182,6092.38,WALLET,YESBANK,LIMIT_EXCEEDED,11,RETRY_LATER,1
0.5384615384615384,0.0,7550.77,CARD,AXIS,LIMIT_EXCEEDED,15,NO_ACTION,0
0.8482142857142857,0.7647058823529411,9908.26,NETBANKING,HDFC,AUTHENTICATION_FAILED,17,RETRY_NOW,1
0.890625,0.8571428571428571,9928.87,NETBANKING,AXIS,INSUFFICIENT_FUNDS,5,RETRY_NOW,1
0.9090909090909091,0.5,1602.95,CARD,SBI,BANK_TIMEOUT,15,NO_ACTION,0
0.8653846153846154,0.5714285714285714,9434.08,NETBANKING,AXIS,AUTHENTICATION_FAILED,11,SEND_REMINDER,0
0.7428571428571429,0.2222222222222222,6936.87,CARD,HDFC,INSUFFICIENT_FUNDS,13,RETRY_LATER,0
0.6875,0.1,4985.22,NETBANKING,SBI,CARD_EXPIRED,7,RETRY_LATER,1
0.8837209302325582,0.2,2417.59,NETBANKING,SBI,LIMIT_EXCEEDED,2,NO_ACTION,0
0.9090909090909091,0.5,9439.07,WALLET,KOTAK,CARD_EXPIRED,15,RETRY_NOW,1
0.8222222222222222,0.1875,2088.2,UPI,KOTAK,INSUFFICIENT_FUNDS,0,NO_ACTION,0
0.9696969696969697,0.3333333333333333,9870.61,NETBANKING,HDFC,BANK_TIMEOUT,11,RETRY_NOW,0
0.7021276595744681,0.0,2254.19,CARD,YESBANK,BANK_TIMEOUT,1,NO_ACTION,0
0.6774193548387096,0.4,4462.09,UPI,HDFC,CARD_EXPIRED,17,RETRY_LATER,0
0.75,0.29411764705882354,7682.76,NETBANKING,AXIS,AUTHENTICATION_FAILED,4,RETRY_NOW,0
0.9178082191780822,0.0,3289.72,WALLET,AXIS,BANK_TIMEOUT,15,RETRY_LATER,0
0.9444444444444444,0.2,1440.73,CARD,HDFC,CARD_EXPIRED,21,SEND_REMINDER,1
0.7169811320754716,0.06666666666666667,5031.98,WALLET,YESBANK,INSUFFICIENT_FUNDS,21,RETRY_NOW,0
0.8428571428571429,0.8181818181818182,1068.71,CARD,YESBANK,CARD_EXPIRED,4,SEND_REMINDER,1
0.8787878787878788,0.625,2790.8,WALLET,HDFC,AUTHENTICATION_FAILED,17,SEND_REMINDER,0
0.9655172413793104,0.5,2560.29,NETBANKING,YESBANK,BANK_TIMEOUT,18,RETRY_NOW,0
0.6,0.7222222222222222,5442.37,NETBANKING,ICICI,BANK_TIMEOUT,8,NO_ACTION,0
0.896551724137931,0.8888888888888888,5091.83,NETBANKING,ICICI,INSUFFICIENT_FUNDS,22,RETRY_LATER,0
0.8508771929824561,0.058823529411764705,6794.5,WALLET,ICICI,AUTHENTICATION_FAILED,12,NO_ACTION,0
0.75,0.2857142857142857,6434.94,CARD,YESBANK,CARD_EXPIRED,14,NO_ACTION,0
0.8952380952380953,0.18181818181818182,7788.97,NETBANKING,SBI,BANK_TIMEOUT,16,NO_ACTION,0
0.6756756756756757,0.6666666666666666,4035.54,WALLET,KOTAK,BANK_TIMEOUT,4,SEND_REMINDER,1
0.9692307692307692,0.5,7543.74,CARD,ICICI,INSUFFICIENT_FUNDS,23,SEND_REMINDER,1
0.3793103448275862,0.3888888888888889,5703.91,NETBANKING,ICICI,CARD_EXPIRED,7,RETRY_NOW,0
0.8461538461538461,0.8333333333333334,6487.77,CARD,ICICI,BANK_TIMEOUT,16,RETRY_NOW,0
0.8260869565217391,0.4,9933.9,NETBANKING,AXIS,NETWORK_ERROR,21,RETRY_LATER,0
0.8725490196078431,0.38461538461538464,8080.67,WALLET,SBI,CARD_EXPIRED,8,NO_ACTION,0
0.9166666666666666,0.5555555555555556,2924.49,WALLET,YESBANK,CARD_EXPIRED,16,RETRY_LATER,0
0.927710843373494,0.8333333333333334,8860.75,CARD,KOTAK,CARD_EXPIRED,6,SEND_REMINDER,1
0.45454545454545453,0.9166666666666666,4114.41,CARD,SBI,AUTHENTICATION_FAILED,9,NO_ACTION,0
0.6226415094339622,0.15,6192.81,CARD,AXIS,NETWORK_ERROR,9,RETRY_NOW,0
0.7837837837837838,0.5,2751.97,UPI,AXIS,CARD_EXPIRED,6,SEND_REMINDER,1
0.9113924050632911,0.7142857142857143,1259.03,UPI,HDFC,NETWORK_ERROR,3,SEND_REMINDER,1
0.5333333333333333,0.2857142857142857,4832.3,CARD,AXIS,CARD_EXPIRED,18,NO_ACTION,0
0.9655172413793104,0.5,491.65,WALLET,HDFC,NETWORK_ERROR,14,RETRY_LATER,1
1.0,0.0,7813.17,WALLET,SBI,INSUFFICIENT_FUNDS,19,NO_ACTION,0
0.7183098591549296,0.3,5603.68,WALLET,KOTAK,CARD_EXPIRED,7,RETRY_NOW,0
0.8773584905660378,1.0,4862.73,CARD,YESBANK,CARD_EXPIRED,7,RETRY_LATER,1
0.8589743589743589,0.45454545454545453,600.05,WALLET,HDFC,CARD_EXPIRED,13,NO_ACTION,0
0.9516129032258065,0.3333333333333333,5186.18,CARD,KOTAK,NETWORK_ERROR,19,NO_ACTION,0
0.8307692307692308,0.5454545454545454,2320.45,NETBANKING,HDFC,LIMIT_EXCEEDED,2,RETRY_NOW,0
0.8983050847457628,1.0,160.8,UPI,KOTAK,BANK_TIMEOUT,7,RETRY_LATER,1
0.9848484848484849,0.0,1104.13,NETBANKING,YESBANK,BANK_TIMEOUT,21,RETRY_NOW,1
0.875,0.8,9370.77,CARD,KOTAK,AUTHENTICATION_FAILED,13,SEND_REMINDER,0
0.7666666666666667,0.9285714285714286,7231.55,NETBANKING,HDFC,BANK_TIMEOUT,14,SEND_REMINDER,0
0.8333333333333334,0.25,5760.33,UPI,KOTAK,NETWORK_ERROR,11,RETRY_LATER,0
1.0,0.0,9931.26,NETBANKING,AXIS,BANK_TIMEOUT,1,SEND_REMINDER,0
0.5121951219512195,0.45,4144.37,NETBANKING,HDFC,BANK_TIMEOUT,23,RETRY_LATER,1
0.8636363636363636,0.7777777777777778,6678.71,NETBANKING,KOTAK,NETWORK_ERROR,8,SEND_REMINDER,1
0.75,1.0,4827.76,NETBANKING,AXIS,BANK_TIMEOUT,4,RETRY_NOW,1
0.98989898989899,1.0,1201.02,UPI,AXIS,BANK_TIMEOUT,19,RETRY_LATER,1
0.96875,0.3333333333333333,8356.53,CARD,SBI,LIMIT_EXCEEDED,21,SEND_REMINDER,0
0.4090909090909091,0.5384615384615384,9739.44,WALLET,SBI,AUTHENTICATION_FAILED,21,NO_ACTION,0
0.8850574712643678,0.2,2960.95,WALLET,SBI,INSUFFICIENT_FUNDS,16,RETRY_NOW,0
0.7916666666666666,0.2,5601.83,NETBANKING,AXIS,NETWORK_ERROR,20,RETRY_LATER,0
0.8764044943820225,0.18181818181818182,8307.34,CARD,ICICI,NETWORK_ERROR,19,SEND_REMINDER,0
0.9583333333333334,1.0,1343.94,NETBANKING,AXIS,BANK_TIMEOUT,21,RETRY_NOW,1
0.9038461538461539,0.6,7784.87,WALLET,KOTAK,INSUFFICIENT_FUNDS,0,RETRY_LATER,0
0.375,0.0,9925.33,WALLET,SBI,BANK_TIMEOUT,6,NO_ACTION,0
0.8736842105263158,0.8333333333333334,945.62,UPI,YESBANK,AUTHENTICATION_FAILED,7,NO_ACTION,0
0.8482142857142857,0.7647058823529411,5678.48,UPI,ICICI,NETWORK_ERROR,7,SEND_REMINDER,0
0.8260869565217391,0.75,3248.87,UPI,SBI,CARD_EXPIRED,22,NO_ACTION,0
0.6785714285714286,0.7777777777777778,5052.84,UPI,ICICI,BANK_TIMEOUT,14,SEND_REMINDER,0
0.927710843373494,0.8333333333333334,5945.7,NETBANKING,SBI,CARD_EXPIRED,12,NO_ACTION,0
0.3333333333333333,0.55,9940.32,NETBANKING,SBI,NETWORK_ERROR,5,SEND_REMINDER,0
0.8910891089108911,0.0,9735.33,NETBANKING,YESBANK,CARD_EXPIRED,21,RETRY_NOW,0
0.8125,0.4444444444444444,9449.15,WALLET,ICICI,LIMIT_EXCEEDED,12,RETRY_NOW,0
0.9523809523809523,1.0,6543.02,NETBANKING,KOTAK,LIMIT_EXCEEDED,12,SEND_REMINDER,0
0.7701149425287356,0.05,5895.33,CARD,HDFC,INSUFFICIENT_FUNDS,6,SEND_REMINDER,1
0.8490566037735849,0.9375,8062.62,NETBANKING,ICICI,NETWORK_ERROR,17,RETRY_NOW,1
0.9210526315789473,1.0,7544.14,WALLET,KOTAK,AUTHENTICATION_FAILED,23,NO_ACTION,0
0.9166666666666666,0.8,960.09,UPI,SBI,AUTHENTICATION_FAILED,7,NO_ACTION,0
0.9,0.0,313.65,NETBANKING,SBI,CARD_EXPIRED,1,RETRY_NOW,0
0.8769230769230769,0.125,8514.18,NETBANKING,YESBANK,BANK_TIMEOUT,2,RETRY_LATER,0
0.8070175438596491,0.36363636363636365,3594.3,UPI,ICICI,LIMIT_EXCEEDED,15,NO_ACTION,0
0.9204545454545454,0.14285714285714285,6601.3,UPI,KOTAK,AUTHENTICATION_FAILED,13,SEND_REMINDER,0
0.8596491228070176,1.0,977.24,CARD,AXIS,AUTHENTICATION_FAILED,21,RETRY_LATER,0
0.9629629629629629,0.6666666666666666,5880.89,CARD,SBI,LIMIT_EXCEEDED,9,SEND_REMINDER,0
0.6779661016949152,1.0,2426.56,NETBANKING,AXIS,NETWORK_ERROR,7,NO_ACTION,0
0.717391304347826,0.07692307692307693,1573.15,WALLET,AXIS,AUTHENTICATION_FAILED,4,RETRY_NOW,1
0.8461538461538461,0.5,1933.85,UPI,ICICI,BANK_TIMEOUT,3,SEND_REMINDER,0
0.6216216216216216,1.0,7917.85,CARD,YESBANK,INSUFFICIENT_FUNDS,18,SEND_REMINDER,1
0.726027397260274,0.25,3576.47,UPI,AXIS,LIMIT_EXCEEDED,3,SEND_REMINDER,0
0.8347826086956521,0.7368421052631579,3495.15,UPI,ICICI,CARD_EXPIRED,10,RETRY_LATER,0
0.7619047619047619,0.35,3196.97,WALLET,SBI,LIMIT_EXCEEDED,5,RETRY_NOW,1
0.74,0.5384615384615384,3011.86,WALLET,AXIS,LIMIT_EXCEEDED,5,RETRY_NOW,0
0.7727272727272727,0.3,8866.82,CARD,SBI,LIMIT_EXCEEDED,21,RETRY_LATER,0
0.9245283018867925,0.75,8864.27,CARD,HDFC,INSUFFICIENT_FUNDS,10,NO_ACTION,0
0.8222222222222222,0.1875,9325.86,UPI,ICICI,CARD_EXPIRED,13,SEND_REMINDER,0
0.7619047619047619,0.35,1464.02,UPI,HDFC,CARD_EXPIRED,1,RETRY_NOW,0
0.99,1.0,3366.73,NETBANKING,AXIS,LIMIT_EXCEEDED,16,NO_ACTION,0
0.8656716417910447,0.4444444444444444,7563.36,NETBANKING,HDFC,BANK_TIMEOUT,5,SEND_REMINDER,1
0.8431372549019608,0.0,8018.21,UPI,AXIS,LIMIT_EXCEEDED,22,RETRY_NOW,1
0.8691588785046729,0.7857142857142857,5034.85,UPI,ICICI,CARD_EXPIRED,16,RETRY_LATER,1
0.8571428571428571,0.2,8045.33,UPI,SBI,NETWORK_ERROR,2,RETRY_LATER,1
0.72,0.5714285714285714,7393.08,NETBANKING,SBI,LIMIT_EXCEEDED,22,RETRY_NOW,0
0.5263157894736842,1.0,1846.35,UPI,SBI,AUTHENTICATION_FAILED,10,NO_ACTION,0
0.8591549295774648,0.3,2782.22,NETBANKING,YESBANK,INSUFFICIENT_FUNDS,21,RETRY_LATER,0
0.8095238095238095,0.5,8371.98,NETBANKING,HDFC,INSUFFICIENT_FUNDS,14,RETRY_NOW,0
0.631578947368421,0.14285714285714285,5503.46,CARD,KOTAK,AUTHENTICATION_FAILED,1,NO_ACTION,0
0.9850746268656716,0.0,3376.08,UPI,YESBANK,AUTHENTICATION_FAILED,9,SEND_REMINDER,1
0.7846153846153846,0.7857142857142857,9299.96,NETBANKING,SBI,NETWORK_ERROR,7,SEND_REMINDER,1
0.6153846153846154,0.8,2829.0,NETBANKING,HDFC,AUTHENTICATION_FAILED,22,RETRY_LATER,0
0.9759036144578314,0.0,594.08,NETBANKING,HDFC,LIMIT_EXCEEDED,17,RETRY_NOW,0
0.5277777777777778,0.6470588235294118,6250.07,UPI,KOTAK,NETWORK_ERROR,3,RETRY_NOW,1
0.8428571428571429,0.8181818181818182,1068.71,CARD,YESBANK,CARD_EXPIRED,4,RETRY_LATER,1
0.8227848101265823,0.14285714285714285,5205.15,WALLET,YESBANK,AUTHENTICATION_FAILED,14,SEND_REMINDER,1
0.7115384615384616,0.8,9512.72,CARD,ICICI,CARD_EXPIRED,0,SEND_REMINDER,1
0.8539325842696629,0.23076923076923078,4429.79,UPI,ICICI,AUTHENTICATION_FAILED,18,RETRY_NOW,0
0.9038461538461539,0.7,6578.04,CARD,YESBANK,NETWORK_ERROR,16,RETRY_NOW,1
0.5,0.8333333333333334,8807.83,CARD,ICICI,CARD_EXPIRED,6,RETRY_LATER,1
0.8936170212765957,0.1,3352.99,UPI,YESBANK,NETWORK_ERROR,16,NO_ACTION,0
0.8,0.17647058823529413,2398.39,UPI,KOTAK,LIMIT_EXCEEDED,17,RETRY_LATER,1
0.845360824742268,0.3333333333333333,2673.6,CARD,KOTAK,CARD_EXPIRED,12,NO_ACTION,0
0.9113924050632911,0.7142857142857143,8085.55,UPI,KOTAK,BANK_TIMEOUT,14,NO_ACTION,0
0.5294117647058824,0.75,8784.29,UPI,SBI,BANK_TIMEOUT,18,RETRY_NOW,0
0.74,0.5384615384615384,7491.69,WALLET,YESBANK,NETWORK_ERROR,11,RETRY_LATER,1
0.8928571428571429,0.6666666666666666,8333.45,CARD,ICICI,CARD_EXPIRED,10,RETRY_NOW,0
1.0,0.0,2069.96,CARD,SBI,CARD_EXPIRED,2,RETRY_LATER,0
0.9117647058823529,0.0,2103.58,NETBANKING,ICICI,CARD_EXPIRED,2,RETRY_LATER,0
0.92,0.16666666666666666,7158.5,UPI,YESBANK,NETWORK_ERROR,8,SEND_REMINDER,1
0.8585858585858586,1.0,8233.1,NETBANKING,AXIS,NETWORK_ERROR,10,NO_ACTION,0
0.9534883720930233,0.5,3011.17,NETBANKING,YESBANK,CARD_EXPIRED,10,SEND_REMINDER,0
0.7419354838709677,0.3125,9520.72,UPI,SBI,NETWORK_ERROR,1,RETRY_NOW,0
0.9340659340659341,0.3333333333333333,4350.19,UPI,SBI,CARD_EXPIRED,14,RETRY_LATER,1
0.9629629629629629,0.6666666666666666,2754.32,UPI,YESBANK,INSUFFICIENT_FUNDS,18,NO_ACTION,0
0.7169811320754716,0.06666666666666667,5031.98,WALLET,YESBANK,INSUFFICIENT_FUNDS,21,NO_ACTION,0
0.8764044943820225,0.18181818181818182,8307.34,CARD,ICICI,NETWORK_ERROR,19,RETRY_NOW,0
0.782608695652174,0.15,5758.31,UPI,HDFC,AUTHENTICATION_FAILED,0,RETRY_NOW,0
0.48,0.23076923076923078,3926.17,NETBANKING,KOTAK,BANK_TIMEOUT,3,NO_ACTION,0
0.36666666666666664,0.631578947368421,1871.46,UPI,KOTAK,BANK_TIMEOUT,21,RETRY_NOW,0
0.8153846153846154,0.08333333333333333,1869.12,UPI,KOTAK,AUTHENTICATION_FAILED,15,RETRY_NOW,0
0.46153846153846156,0.21428571428571427,3199.57,WALLET,YESBANK,NETWORK_ERROR,5,NO_ACTION,0
0.5294117647058824,0.75,8784.29,UPI,SBI,BANK_TIMEOUT,18,RETRY_LATER,1
0.828125,1.0,3782.48,UPI,YESBANK,BANK_TIMEOUT,21,RETRY_NOW,1
0.25925925925925924,0.1,225.88,NETBANKING,HDFC,AUTHENTICATION_FAILED,16,RETRY_LATER,0
0.75,0.29411764705882354,384.88,CARD,YESBANK,LIMIT_EXCEEDED,19,RETRY_NOW,0
0.9523809523809523,1.0,6466.42,UPI,HDFC,NETWORK_ERROR,17,RETRY_LATER,1
0.5,0.8333333333333334,3453.78,UPI,ICICI,NETWORK_ERROR,9,RETRY_NOW,1
1.0,0.0,1515.51,UPI,KOTAK,CARD_EXPIRED,2,RETRY_LATER,0
0.98989898989899,1.0,3574.32,UPI,ICICI,CARD_EXPIRED,2,RETRY_LATER,1
0.9090909090909091,0.5,6744.64,WALLET,ICICI,BANK_TIMEOUT,1,NO_ACTION,0
0.9801980198019802,0.0,246.8,WALLET,ICICI,CARD_EXPIRED,1,SEND_REMINDER,0
0.9310344827586207,0.8333333333333334,9586.65,NETBANKING,HDFC,AUTHENTICATION_FAILED,17,RETRY_NOW,1
0.9873417721518988,0.0,6169.01,UPI,ICICI,INSUFFICIENT_FUNDS,21,NO_ACTION,0
0.5384615384615384,0.8333333333333334,5546.05,WALLET,YESBANK,NETWORK_ERROR,7,RETRY_NOW,1
0.875,0.8333333333333334,861.25,WALLET,ICICI,LIMIT_EXCEEDED,17,RETRY_NOW,0
0.7916666666666666,0.05,4133.95,CARD,AXIS,CARD_EXPIRED,19,SEND_REMINDER,1
0.5,0.8333333333333334,8788.15,WALLET,AXIS,INSUFFICIENT_FUNDS,10,RETRY_LATER,1
0.9183673469387755,0.75,8172.73,UPI,HDFC,NETWORK_ERROR,21,RETRY_LATER,1
0.9886363636363636,1.0,5077.45,WALLET,SBI,INSUFFICIENT_FUNDS,4,RETRY_LATER,1
0.6382978723404256,0.058823529411764705,1667.02,WALLET,AXIS,CARD_EXPIRED,23,NO_ACTION,0
0.8888888888888888,0.2857142857142857,9207.86,CARD,ICICI,INSUFFICIENT_FUNDS,19,NO_ACTION,0
0.9702970297029703,0.3333333333333333,3290.42,CARD,ICICI,INSUFFICIENT_FUNDS,10,RETRY_LATER,0
0.7671232876712328,0.5882352941176471,7741.57,UPI,YESBANK,CARD_EXPIRED,13,NO_ACTION,0
0.94,1.0,3985.4,WALLET,AXIS,NETWORK_ERROR,23,SEND_REMINDER,0
0.9636363636363636,0.0,4870.97,UPI,HDFC,LIMIT_EXCEEDED,18,RETRY_LATER,0
0.6444444444444445,0.625,5148.76,NETBANKING,ICICI,BANK_TIMEOUT,2,RETRY_NOW,1
0.3,0.8571428571428571,9449.51,CARD,HDFC,CARD_EXPIRED,14,RETRY_NOW,0
0.7428571428571429,0.2222222222222222,4369.16,WALLET,ICICI,INSUFFICIENT_FUNDS,20,RETRY_LATER,0
0.3333333333333333,0.55,8911.8,NETBANKING,SBI,NETWORK_ERROR,18,SEND_REMINDER,0
0.78125,0.2857142857142857,6585.47,NETBANKING,AXIS,INSUFFICIENT_FUNDS,15,SEND_REMINDER,0
0.8170731707317073,1.0,1116.2,CARD,ICICI,CARD_EXPIRED,10,SEND_REMINDER,1
0.8421052631578947,0.0,9392.33,CARD,SBI,NETWORK_ERROR,1,SEND_REMINDER,1
0.896551724137931,0.8888888888888888,1822.0,NETBANKING,HDFC,NETWORK_ERROR,3,RETRY_LATER,1
0.75,0.4,1932.71,NETBANKING,SBI,BANK_TIMEOUT,11,RETRY_LATER,0
0.9318181818181818,0.0,4446.87,UPI,ICICI,INSUFFICIENT_FUNDS,3,RETRY_LATER,1
0.6666666666666666,0.5714285714285714,6296.93,NETBANKING,HDFC,INSUFFICIENT_FUNDS,12,RETRY_LATER,1
0.9655172413793104,0.5,3351.39,CARD,AXIS,INSUFFICIENT_FUNDS,18,RETRY_LATER,0
0.391304347826087,0.9285714285714286,3468.17,NETBANKING,ICICI,LIMIT_EXCEEDED,16,RETRY_LATER,0
0.4090909090909091,0.5384615384615384,7520.49,NETBANKING,KOTAK,CARD_EXPIRED,11,RETRY_LATER,0
0.9345794392523364,0.2857142857142857,7048.3,CARD,YESBANK,BANK_TIMEOUT,18,RETRY_LATER,0
0.8392857142857143,0.2222222222222222,9862.7,NETBANKING,YESBANK,CARD_EXPIRED,14,SEND_REMINDER,0
0.9873417721518988,0.0,5080.02,WALLET,SBI,AUTHENTICATION_FAILED,1,SEND_REMINDER,0
0.8773584905660378,1.0,8567.41,UPI,KOTAK,INSUFFICIENT_FUNDS,8,SEND_REMINDER,1
0.8222222222222222,0.1875,9325.86,UPI,ICICI,CARD_EXPIRED,13,NO_ACTION,0
0.9795918367346939,0.5,888.37,NETBANKING,ICICI,BANK_TIMEOUT,18,RETRY_NOW,0
0.8725490196078431,0.38461538461538464,7633.03,NETBANKING,HDFC,CARD_EXPIRED,18,RETRY_LATER,1
0.75,1.0,4827.76,NETBANKING,AXIS,BANK_TIMEOUT,4,NO_ACTION,0
0.8773584905660378,1.0,142.9,CARD,ICICI,CARD_EXPIRED,2,NO_ACTION,0
0.6363636363636364,0.25,6736.99,UPI,AXIS,INSUFFICIENT_FUNDS,12,SEND_REMINDER,1
0.8541666666666666,0.42857142857142855,2151.9,UPI,HDFC,BANK_TIMEOUT,4,RETRY_LATER,1
0.782608695652174,0.15,7663.19,NETBANKING,ICICI,BANK_TIMEOUT,23,SEND_REMINDER,0
0.9803921568627451,0.0,4958.01,CARD,HDFC,BANK_TIMEOUT,22,NO_ACTION,0
0.6410256410256411,0.14285714285714285,2295.71,UPI,KOTAK,BANK_TIMEOUT,22,SEND_REMINDER,0
0.9615384615384616,0.5,8613.97,UPI,KOTAK,CARD_EXPIRED,2,NO_ACTION,0
0.7397260273972602,0.47368421052631576,1080.07,UPI,YESBANK,NETWORK_ERROR,11,SEND_REMINDER,0
0.8235294117647058,0.0,5949.36,CARD,SBI,CARD_EXPIRED,6,RETRY_NOW,0
0.8983050847457628,0.8333333333333334,1283.26,CARD,HDFC,BANK_TIMEOUT,2,RETRY_LATER,1
0.8130841121495327,0.55,6874.97,NETBANKING,YESBANK,BANK_TIMEOUT,3,RETRY_LATER,0
0.9863013698630136,1.0,5559.68,NETBANKING,AXIS,CARD_EXPIRED,3,NO_ACTION,0
0.8571428571428571,0.2,2899.18,CARD,SBI,CARD_EXPIRED,23,SEND_REMINDER,0
0.7764705882352941,0.3684210526315789,2029.63,NETBANKING,KOTAK,AUTHENTICATION_FAILED,12,RETRY_NOW,0
0.8181818181818182,0.16666666666666666,5780.53,NETBANKING,AXIS,NETWORK_ERROR,5,NO_ACTION,0
0.9,0.0,313.65,NETBANKING,SBI,CARD_EXPIRED,1,NO_ACTION,0
0.8586956521739131,0.0,8584.36,WALLET,AXIS,CARD_EXPIRED,15,SEND_REMINDER,1
0.9540229885057471,0.5,4719.82,CARD,HDFC,AUTHENTICATION_FAILED,8,RETRY_LATER,0
0.6052631578947368,0.2,6101.3,WALLET,KOTAK,AUTHENTICATION_FAILED,10,RETRY_LATER,0
0.8555555555555555,1.0,6933.34,WALLET,AXIS,LIMIT_EXCEEDED,6,SEND_REMINDER,1
0.8478260869565217,0.0,6847.02,WALLET,YESBANK,INSUFFICIENT_FUNDS,20,RETRY_NOW,0
0.7285714285714285,0.7894736842105263,7493.51,CARD,SBI,AUTHENTICATION_FAILED,16,NO_ACTION,0
0.8526315789473684,0.2857142857142857,759.92,UPI,ICICI,INSUFFICIENT_FUNDS,19,SEND_REMINDER,0
0.8571428571428571,0.8571428571428571,2488.05,UPI,SBI,NETWORK_ERROR,6,RETRY_LATER,1
0.9032258064516129,1.0,4389.53,CARD,ICICI,INSUFFICIENT_FUNDS,4,RETRY_LATER,0
0.896551724137931,0.8888888888888888,2798.73,CARD,YESBANK,INSUFFICIENT_FUNDS,17,NO_ACTION,0
0.7222222222222222,0.2,6799.22,UPI,KOTAK,NETWORK_ERROR,11,SEND_REMINDER,1
0.8615384615384616,0.8888888888888888,5203.28,NETBANKING,SBI,NETWORK_ERROR,19,NO_ACTION,0
0.8974358974358975,0.25,8925.08,WALLET,AXIS,CARD_EXPIRED,2,RETRY_NOW,0
0.8,0.9,4783.28,UPI,HDFC,AUTHENTICATION_FAILED,16,NO_ACTION,0
0.9210526315789473,1.0,426.28,NETBANKING,HDFC,AUTHENTICATION_FAILED,10,SEND_REMINDER,1
0.828125,1.0,3782.48,UPI,YESBANK,BANK_TIMEOUT,21,RETRY_LATER,1
0.9666666666666667,1.0,9197.45,UPI,AXIS,LIMIT_EXCEEDED,15,RETRY_LATER,0
0.6744186046511628,0.14285714285714285,3423.36,WALLET,AXIS,AUTHENTICATION_FAILED,17,RETRY_LATER,1
0.8738738738738738,0.5714285714285714,5388.62,WALLET,KOTAK,AUTHENTICATION_FAILED,23,SEND_REMINDER,1
0.8235294117647058,1.0,2007.22,CARD,YESBANK,BANK_TIMEOUT,17,RETRY_NOW,1
0.8043478260869565,0.1111111111111111,8866.87,UPI,YESBANK,BANK_TIMEOUT,21,RETRY_LATER,1
0.8478260869565217,0.21428571428571427,702.63,CARD,KOTAK,AUTHENTICATION_FAILED,23,RETRY_LATER,0
0.7530864197530864,0.5,4366.33,UPI,SBI,CARD_EXPIRED,21,NO_ACTION,0
0.9375,0.0,2215.81,NETBANKING,YESBANK,AUTHENTICATION_FAILED,23,RETRY_NOW,0
0.6779661016949152,0.8421052631578947,9894.08,UPI,HDFC,NETWORK_ERROR,10,RETRY_LATER,1
0.38461538461538464,1.0,9451.85,NETBANKING,KOTAK,INSUFFICIENT_FUNDS,19,RETRY_LATER,1
0.8777777777777778,0.6363636363636364,6008.26,CARD,ICICI,NETWORK_ERROR,18,RETRY_NOW,0
0.7402597402597403,0.35,8660.89,CARD,ICICI,AUTHENTICATION_FAILED,18,RETRY_LATER,0
0.96875,0.3333333333333333,5174.23,WALLET,SBI,LIMIT_EXCEEDED,14,RETRY_LATER,1
0.6774193548387096,0.4,3263.49,UPI,AXIS,AUTHENTICATION_FAILED,10,SEND_REMINDER,0
0.8095238095238095,0.25,5022.43,UPI,SBI,INSUFFICIENT_FUNDS,12,RETRY_LATER,1
0.8260869565217391,0.4,6535.61,UPI,YESBANK,AUTHENTICATION_FAILED,8,RETRY_NOW,0
0.9016393442622951,0.0,3983.29,CARD,HDFC,NETWORK_ERROR,8,RETRY_LATER,0
0.75,1.0,7087.64,UPI,AXIS,LIMIT_EXCEEDED,20,RETRY_LATER,1
0.8777777777777778,0.6363636363636364,2219.93,NETBANKING,KOTAK,NETWORK_ERROR,23,RETRY_NOW,1
0.6666666666666666,0.0,1808.09,WALLET,SBI,LIMIT_EXCEEDED,11,NO_ACTION,0
0.7397260273972602,0.47368421052631576,1456.78,UPI,YESBANK,AUTHENTICATION_FAILED,1,NO_ACTION,0
0.8518518518518519,0.0,1839.34,CARD,ICICI,INSUFFICIENT_FUNDS,5,RETRY_NOW,0
0.822429906542056,0.47368421052631576,1203.57,NETBANKING,YESBANK,AUTHENTICATION_FAILED,10,RETRY_LATER,0
0.8672566371681416,0.6,1985.55,CARD,ICICI,LIMIT_EXCEEDED,22,SEND_REMINDER,0
0.34615384615384615,0.7647058823529411,4961.5,WALLET,ICICI,NETWORK_ERROR,10,SEND_REMINDER,1
0.8571428571428571,0.7777777777777778,5318.44,UPI,HDFC,LIMIT_EXCEEDED,22,NO_ACTION,0
0.8064516129032258,0.6666666666666666,7945.64,WALLET,HDFC,INSUFFICIENT_FUNDS,21,SEND_REMINDER,1
0.47058823529411764,0.7777777777777778,2470.05,CARD,HDFC,AUTHENTICATION_FAILED,22,RETRY_NOW,1
0.8350515463917526,0.8125,9651.22,UPI,HDFC,CARD_EXPIRED,5,RETRY_NOW,0
0.8,0.15384615384615385,7053.38,CARD,HDFC,LIMIT_EXCEEDED,4,SEND_REMINDER,0
0.9479166666666666,0.6,8767.55,NETBANKING,YESBANK,AUTHENTICATION_FAILED,14,RETRY_LATER,0
0.9886363636363636,1.0,7572.65,UPI,YESBANK,BANK_TIMEOUT,23,NO_ACTION,0
0.9183673469387755,0.75,5270.19,CARD,KOTAK,BANK_TIMEOUT,16,NO_ACTION,0
0.8481012658227848,0.0,9099.64,NETBANKING,AXIS,LIMIT_EXCEEDED,11,SEND_REMINDER,0
0.8823529411764706,0.75,4556.07,WALLET,AXIS,CARD_EXPIRED,16,RETRY_LATER,0
0.8125,0.4166666666666667,6733.82,UPI,HDFC,LIMIT_EXCEEDED,15,NO_ACTION,0
0.8461538461538461,0.5,3712.25,UPI,HDFC,BANK_TIMEOUT,22,RETRY_NOW,0
0.9038461538461539,0.7,6578.04,CARD,YESBANK,NETWORK_ERROR,16,SEND_REMINDER,0
0.9117647058823529,0.3333333333333333,9833.48,NETBANKING,YESBANK,NETWORK_ERROR,1,RETRY_NOW,0
0.8981481481481481,0.5454545454545454,5796.57,NETBANKING,SBI,INSUFFICIENT_FUNDS,11,SEND_REMINDER,0
0.8125,0.5833333333333334,9432.86,NETBANKING,ICICI,LIMIT_EXCEEDED,20,RETRY_NOW,0
0.7625,0.3157894736842105,9010.37,NETBANKING,AXIS,NETWORK_ERROR,3,RETRY_NOW,0
0.6785714285714286,0.7777777777777778,5823.18,UPI,HDFC,CARD_EXPIRED,2,SEND_REMINDER,1
0.8282828282828283,0.23529411764705882,5305.85,WALLET,ICICI,CARD_EXPIRED,15,RETRY_NOW,0
0.9714285714285714,1.0,7712.87,NETBANKING,YESBANK,CARD_EXPIRED,19,NO_ACTION,0
0.9333333333333333,0.6666666666666666,9567.93,WALLET,SBI,BANK_TIMEOUT,21,NO_ACTION,0
1.0,0.0,5322.12,CARD,AXIS,LIMIT_EXCEEDED,16,SEND_REMINDER,1
0.375,0.0,8404.4,WALLET,ICICI,NETWORK_ERROR,14,SEND_REMINDER,1
0.8372093023255814,0.21428571428571427,4723.66,UPI,SBI,INSUFFICIENT_FUNDS,0,SEND_REMINDER,1
0.5641025641025641,0.0,635.68,UPI,ICICI,LIMIT_EXCEEDED,2,RETRY_NOW,0
0.7849462365591398,0.85,8868.38,WALLET,AXIS,INSUFFICIENT_FUNDS,9,SEND_REMINDER,0
0.875,0.8,4811.33,NETBANKING,KOTAK,CARD_EXPIRED,0,RETRY_NOW,0
0.7857142857142857,0.9166666666666666,2990.39,NETBANKING,AXIS,NETWORK_ERROR,6,RETRY_NOW,1
0.7346938775510204,0.23076923076923078,1808.46,CARD,HDFC,CARD_EXPIRED,19,NO_ACTION,0
0.6590909090909091,0.3333333333333333,8821.59,NETBANKING,YESBANK,LIMIT_EXCEEDED,0,RETRY_LATER,1
0.8947368421052632,0.625,3411.28,NETBANKING,KOTAK,LIMIT_EXCEEDED,16,RETRY_NOW,1
0.9473684210526315,0.25,8117.84,UPI,KOTAK,LIMIT_EXCEEDED,8,RETRY_NOW,1
0.7183098591549296,1.0,8050.67,WALLET,SBI,NETWORK_ERROR,12,RETRY_LATER,1
0.5641025641025641,0.0,1708.69,UPI,KOTAK,NETWORK_ERROR,8,NO_ACTION,0
0.9310344827586207,0.8333333333333334,2559.22,CARD,KOTAK,LIMIT_EXCEEDED,6,RETRY_NOW,1
0.7666666666666667,0.9285714285714286,7231.55,NETBANKING,HDFC,BANK_TIMEOUT,14,RETRY_LATER,0
0.88,0.6666666666666666,1551.55,CARD,ICICI,AUTHENTICATION_FAILED,0,RETRY_LATER,0
0.6756756756756757,0.6666666666666666,4459.65,WALLET,ICICI,NETWORK_ERROR,19,RETRY_LATER,1
0.8,0.25,9405.17,UPI,SBI,AUTHENTICATION_FAILED,9,SEND_REMINDER,0
0.9263157894736842,0.42857142857142855,5632.48,NETBANKING,YESBANK,CARD_EXPIRED,21,SEND_REMINDER,1
0.9318181818181818,0.0,4446.87,UPI,ICICI,INSUFFICIENT_FUNDS,3,NO_ACTION,0
0.8282828282828283,0.7647058823529411,3377.26,WALLET,YESBANK,BANK_TIMEOUT,4,NO_ACTION,0
0.875,0.8333333333333334,5803.61,NETBANKING,KOTAK,CARD_EXPIRED,10,RETRY_NOW,1
0.9705882352941176,1.0,9921.87,WALLET,ICICI,NETWORK_ERROR,2,SEND_REMINDER,0
0.921875,1.0,8227.49,WALLET,ICICI,BANK_TIMEOUT,19,RETRY_LATER,1
0.6216216216216216,1.0,2447.3,UPI,KOTAK,LIMIT_EXCEEDED,16,SEND_REMINDER,0
0.6938775510204082,0.8666666666666667,6503.93,UPI,AXIS,AUTHENTICATION_FAILED,5,SEND_REMINDER,1
0.7802197802197802,0.75,8635.37,UPI,ICICI,NETWORK_ERROR,2,NO_ACTION,0
0.7701149425287356,0.05,6392.23,NETBANKING,AXIS,BANK_TIMEOUT,12,RETRY_NOW,0
0.88,0.6666666666666666,3818.63,CARD,SBI,CARD_EXPIRED,18,RETRY_NOW,1
0.6363636363636364,0.0,343.18,CARD,YESBANK,BANK_TIMEOUT,1,RETRY_NOW,1
0.47619047619047616,0.09090909090909091,4277.89,CARD,AXIS,NETWORK_ERROR,16,NO_ACTION,0
0.4090909090909091,0.5384615384615384,1086.41,CARD,SBI,AUTHENTICATION_FAILED,9,SEND_REMINDER,0
0.2631578947368421,0.21428571428571427,9312.67,WALLET,KOTAK,BANK_TIMEOUT,12,NO_ACTION,0
0.42857142857142855,0.5625,5674.41,CARD,AXIS,CARD_EXPIRED,12,RETRY_NOW,0
0.7333333333333333,0.625,1307.86,CARD,YESBANK,LIMIT_EXCEEDED,7,SEND_REMINDER,0
0.7397260273972602,1.0,2957.46,UPI,AXIS,NETWORK_ERROR,0,RETRY_NOW,0
0.984375,1.0,934.82,WALLET,KOTAK,INSUFFICIENT_FUNDS,5,RETRY_LATER,1
0.8,0.17647058823529413,3960.26,CARD,KOTAK,AUTHENTICATION_FAILED,1,RETRY_LATER,0
0.9178082191780822,0.0,8500.75,WALLET,SBI,AUTHENTICATION_FAILED,17,SEND_REMINDER,1
0.9821428571428571,0.0,3792.3,UPI,ICICI,NETWORK_ERROR,0,SEND_REMINDER,0
0.6666666666666666,0.125,7370.94,CARD,HDFC,LIMIT_EXCEEDED,1,SEND_REMINDER,0
0.9117647058823529,0.3333333333333333,9833.48,NETBANKING,YESBANK,NETWORK_ERROR,1,SEND_REMINDER,0
0.45454545454545453,0.9166666666666666,4114.41,CARD,SBI,AUTHENTICATION_FAILED,9,SEND_REMINDER,1
0.6976744186046512,0.07692307692307693,7511.87,UPI,ICICI,NETWORK_ERROR,0,RETRY_LATER,1
0.8133333333333334,0.9285714285714286,4007.73,WALLET,KOTAK,AUTHENTICATION_FAILED,10,SEND_REMINDER,1
0.6666666666666666,0.5714285714285714,3587.45,CARD,KOTAK,BANK_TIMEOUT,19,SEND_REMINDER,1
0.7764705882352941,0.3684210526315789,1560.74,UPI,HDFC,BANK_TIMEOUT,20,RETRY_NOW,0
0.9213483146067416,1.0,8408.15,CARD,HDFC,AUTHENTICATION_FAILED,18,NO_ACTION,0
0.6818181818181818,0.8571428571428571,5280.5,NETBANKING,ICICI,BANK_TIMEOUT,9,NO_ACTION,0
0.8617021276595744,0.3076923076923077,8406.15,UPI,ICICI,INSUFFICIENT_FUNDS,8,RETRY_NOW,0
0.7971014492753623,0.7857142857142857,481.81,NETBANKING,HDFC,AUTHENTICATION_FAILED,21,RETRY_LATER,1
0.8170731707317073,1.0,4967.1,UPI,HDFC,CARD_EXPIRED,22,NO_ACTION,0
0.7402597402597403,0.35,7435.02,CARD,SBI,AUTHENTICATION_FAILED,2,SEND_REMINDER,1
0.7142857142857143,0.5,8828.72,UPI,AXIS,LIMIT_EXCEEDED,17,SEND_REMINDER,0
0.8627450980392157,1.0,4223.55,CARD,AXIS,CARD_EXPIRED,22,NO_ACTION,0
0.8571428571428571,1.0,7952.45,CARD,YESBANK,CARD_EXPIRED,1,SEND_REMINDER,1
0.8586956521739131,0.0,8323.2,UPI,YESBANK,BANK_TIMEOUT,15,NO_ACTION,0
0.717948717948718,0.45454545454545453,8427.31,WALLET,ICICI,NETWORK_ERROR,0,NO_ACTION,0
0.45454545454545453,0.9166666666666666,6193.97,CARD,SBI,NETWORK_ERROR,13,NO_ACTION,0
0.9310344827586207,0.75,5221.38,CARD,SBI,CARD_EXPIRED,21,RETRY_NOW,1
0.8571428571428571,0.4,9833.35,CARD,HDFC,INSUFFICIENT_FUNDS,16,SEND_REMINDER,1
0.9607843137254902,0.5,8857.79,CARD,SBI,AUTHENTICATION_FAILED,14,NO_ACTION,0
0.7654320987654321,0.7368421052631579,6543.41,UPI,SBI,NETWORK_ERROR,2,SEND_REMINDER,0
0.7941176470588235,0.5714285714285714,6526.79,CARD,KOTAK,CARD_EXPIRED,2,SEND_REMINDER,1
0.926829268292683,0.6666666666666666,5523.29,WALLET,ICICI,LIMIT_EXCEEDED,1,NO_ACTION,0
0.8837209302325582,0.2,2417.59,NETBANKING,SBI,LIMIT_EXCEEDED,2,RETRY_LATER,0
0.9680851063829787,0.6666666666666666,2182.23,UPI,AXIS,INSUFFICIENT_FUNDS,5,SEND_REMINDER,1
0.7333333333333333,0.625,2878.56,WALLET,KOTAK,NETWORK_ERROR,7,RETRY_NOW,1
0.5384615384615384,0.08333333333333333,1200.2,UPI,AXIS,LIMIT_EXCEEDED,17,NO_ACTION,0
0.8205128205128205,0.42857142857142855,5624.29,WALLET,YESBANK,AUTHENTICATION_FAILED,19,SEND_REMINDER,0
0.6595744680851063,0.0,8991.83,CARD,ICICI,INSUFFICIENT_FUNDS,17,RETRY_LATER,0
0.8955223880597015,0.0,6358.89,WALLET,HDFC,NETWORK_ERROR,20,SEND_REMINDER,0
0.65,1.0,1246.86,NETBANKING,KOTAK,INSUFFICIENT_FUNDS,8,RETRY_NOW,0
0.3333333333333333,0.55,2789.44,CARD,YESBANK,CARD_EXPIRED,3,SEND_REMINDER,0
0.9117647058823529,0.3333333333333333,9833.48,NETBANKING,YESBANK,NETWORK_ERROR,1,NO_ACTION,0
0.8586956521739131,0.5384615384615384,5837.83,CARD,SBI,INSUFFICIENT_FUNDS,14,RETRY_LATER,0
0.6938775510204082,0.06666666666666667,1140.95,CARD,AXIS,AUTHENTICATION_FAILED,8,RETRY_NOW,1
0.8615384615384616,0.8888888888888888,5686.35,WALLET,KOTAK,INSUFFICIENT_FUNDS,21,SEND_REMINDER,0
1.0,0.0,2226.24,NETBANKING,AXIS,NETWORK_ERROR,4,SEND_REMINDER,0
0.8507462686567164,0.7,3656.14,WALLET,AXIS,INSUFFICIENT_FUNDS,8,SEND_REMINDER,1
0.8421052631578947,0.6666666666666666,9572.33,NETBANKING,ICICI,INSUFFICIENT_FUNDS,12,NO_ACTION,0
0.8365384615384616,0.7058823529411765,1638.94,WALLET,ICICI,INSUFFICIENT_FUNDS,1,RETRY_LATER,1
0.43333333333333335,0.5294117647058824,8688.49,CARD,AXIS,AUTHENTICATION_FAILED,6,NO_ACTION,0
0.9625,0.0,6284.81,NETBANKING,YESBANK,BANK_TIMEOUT,20,SEND_REMINDER,1
0.822429906542056,0.47368421052631576,9577.63,NETBANKING,SBI,BANK_TIMEOUT,17,NO_ACTION,0
1.0,0.0,3640.97,CARD,HDFC,AUTHENTICATION_FAILED,20,RETRY_NOW,0
0.9714285714285714,1.0,6195.02,NETBANKING,AXIS,INSUFFICIENT_FUNDS,20,RETRY_LATER,0
0.9714285714285714,0.0,1275.39,UPI,HDFC,LIMIT_EXCEEDED,4,SEND_REMINDER,0
0.8235294117647058,0.2777777777777778,5116.69,WALLET,YESBANK,AUTHENTICATION_FAILED,2,NO_ACTION,0
0.972972972972973,0.0,3858.52,CARD,KOTAK,NETWORK_ERROR,5,RETRY_LATER,1
1.0,0.0,6182.72,CARD,AXIS,AUTHENTICATION_FAILED,2,SEND_REMINDER,0
0.6052631578947368,0.4,8979.76,WALLET,KOTAK,LIMIT_EXCEEDED,13,NO_ACTION,0
0.6071428571428571,0.5454545454545454,5044.76,UPI,HDFC,INSUFFICIENT_FUNDS,7,SEND_REMINDER,0
0.6909090909090909,0.23529411764705882,920.35,NETBANKING,AXIS,INSUFFICIENT_FUNDS,11,SEND_REMINDER,1
1.0,0.0,4559.6,WALLET,AXIS,LIMIT_EXCEEDED,23,NO_ACTION,0
0.9523809523809523,0.2,6711.9,NETBANKING,AXIS,LIMIT_EXCEEDED,21,NO_ACTION,0
0.9761904761904762,0.5,3694.87,WALLET,ICICI,LIMIT_EXCEEDED,4,NO_ACTION,0
0.8709677419354839,0.625,6842.11,UPI,KOTAK,AUTHENTICATION_FAILED,19,SEND_REMINDER,0
0.875,0.7142857142857143,6817.36,NETBANKING,YESBANK,BANK_TIMEOUT,20,SEND_REMINDER,0
0.717948717948718,0.18181818181818182,6112.47,UPI,SBI,CARD_EXPIRED,11,SEND_REMINDER,1
0.40625,0.21052631578947367,3071.58,NETBANKING,ICICI,AUTHENTICATION_FAILED,7,SEND_REMINDER,0
0.8407079646017699,0.8888888888888888,9884.77,CARD,ICICI,INSUFFICIENT_FUNDS,0,SEND_REMINDER,0
0.7291666666666666,0.3076923076923077,1971.28,NETBANKING,AXIS,CARD_EXPIRED,21,RETRY_LATER,0
0.8888888888888888,0.25,5437.06,CARD,ICICI,CARD_EXPIRED,11,SEND_REMINDER,1
0.9104477611940298,0.0,3639.67,WALLET,AXIS,LIMIT_EXCEEDED,4,NO_ACTION,0
0.8285714285714286,0.5,9784.85,UPI,KOTAK,LIMIT_EXCEEDED,20,RETRY_NOW,0
1.0,0.0,831.88,WALLET,KOTAK,BANK_TIMEOUT,8,SEND_REMINDER,0
0.8571428571428571,0.6875,3241.09,WALLET,KOTAK,NETWORK_ERROR,23,RETRY_LATER,1
0.88,0.0,3887.63,WALLET,AXIS,BANK_TIMEOUT,9,RETRY_NOW,0
1.0,0.0,2090.69,NETBANKING,AXIS,CARD_EXPIRED,10,RETRY_NOW,0
0.6551724137931034,0.75,4587.18,CARD,SBI,BANK_TIMEOUT,21,RETRY_NOW,1
0.9583333333333334,1.0,3629.3,CARD,KOTAK,AUTHENTICATION_FAILED,5,SEND_REMINDER,1
0.99,1.0,1193.8,NETBANKING,SBI,AUTHENTICATION_FAILED,14,NO_ACTION,0
0.8307692307692308,0.5454545454545454,3561.77,NETBANKING,KOTAK,BANK_TIMEOUT,9,SEND_REMINDER,0
0.7397260273972602,1.0,365.95,CARD,SBI,INSUFFICIENT_FUNDS,7,RETRY_LATER,0
0.8208955223880597,0.5833333333333334,9750.01,NETBANKING,KOTAK,CARD_EXPIRED,18,RETRY_LATER,0
0.8380952380952381,0.29411764705882354,2249.55,CARD,SBI,AUTHENTICATION_FAILED,20,NO_ACTION,0
0.5,0.6428571428571429,7739.83,NETBANKING,SBI,INSUFFICIENT_FUNDS,8,RETRY_NOW,0
0.9178082191780822,0.8333333333333334,6136.49,UPI,YESBANK,NETWORK_ERROR,1,NO_ACTION,0
0.8431372549019608,0.0,9939.74,CARD,ICICI,INSUFFICIENT_FUNDS,18,NO_ACTION,0
0.85,0.5555555555555556,6172.29,UPI,YESBANK,INSUFFICIENT_FUNDS,10,RETRY_NOW,0
0.7666666666666667,0.9285714285714286,8036.82,WALLET,HDFC,LIMIT_EXCEEDED,19,SEND_REMINDER,0
0.972972972972973,0.0,5558.11,UPI,SBI,INSUFFICIENT_FUNDS,23,RETRY_NOW,0
0.7192982456140351,0.3125,3287.98,NETBANKING,ICICI,AUTHENTICATION_FAILED,18,NO_ACTION,0
0.5945945945945946,0.9333333333333333,2021.19,UPI,AXIS,AUTHENTICATION_FAILED,7,RETRY_NOW,1
0.8695652173913043,0.75,9861.67,UPI,SBI,INSUFFICIENT_FUNDS,19,RETRY_LATER,0
0.95,0.0,1917.54,UPI,HDFC,NETWORK_ERROR,17,RETRY_LATER,1
0.7671232876712328,0.5882352941176471,6670.16,CARD,HDFC,BANK_TIMEOUT,19,RETRY_LATER,1
0.8571428571428571,0.8571428571428571,6969.06,WALLET,AXIS,NETWORK_ERROR,19,RETRY_NOW,0
0.8,0.17647058823529413,1652.16,UPI,AXIS,CARD_EXPIRED,15,RETRY_LATER,0
0.9195402298850575,0.2857142857142857,538.32,UPI,KOTAK,AUTHENTICATION_FAILED,12,RETRY_NOW,0
0.45454545454545453,0.5,277.47,WALLET,AXIS,BANK_TIMEOUT,6,RETRY_LATER,1
0.99,1.0,1193.8,NETBANKING,SBI,AUTHENTICATION_FAILED,14,RETRY_LATER,1
0.7971014492753623,0.7857142857142857,9229.75,CARD,AXIS,CARD_EXPIRED,4,RETRY_LATER,1
0.6923076923076923,0.5,3718.13,UPI,ICICI,CARD_EXPIRED,2,RETRY_NOW,0
0.8222222222222222,0.875,2779.22,UPI,HDFC,NETWORK_ERROR,9,NO_ACTION,0
0.5348837209302325,0.4,460.48,UPI,KOTAK,INSUFFICIENT_FUNDS,7,RETRY_NOW,0
0.9846153846153847,1.0,8079.55,CARD,SBI,NETWORK_ERROR,9,RETRY_LATER,1
0.7837837837837838,0.5,4584.8,NETBANKING,ICICI,LIMIT_EXCEEDED,10,NO_ACTION,0
0.717948717948718,0.18181818181818182,2195.09,CARD,YESBANK,LIMIT_EXCEEDED,3,RETRY_NOW,1
0.7647058823529411,0.16666666666666666,7333.73,NETBANKING,ICICI,NETWORK_ERROR,12,RETRY_NOW,0
0.8376068376068376,0.6842105263157895,691.68,UPI,ICICI,NETWORK_ERROR,22,SEND_REMINDER,0
0.726027397260274,0.25,3576.47,UPI,AXIS,LIMIT_EXCEEDED,3,NO_ACTION,0
0.8431372549019608,0.0,4511.43,WALLET,ICICI,AUTHENTICATION_FAILED,6,SEND_REMINDER,1
1.0,0.0,2069.96,CARD,SBI,CARD_EXPIRED,2,SEND_REMINDER,1
0.8409090909090909,1.0,1312.87,WALLET,ICICI,LIMIT_EXCEEDED,16,NO_ACTION,0
0.9230769230769231,0.6,8581.92,CARD,SBI,NETWORK_ERROR,4,NO_ACTION,0
0.5681818181818182,0.3157894736842105,7237.94,WALLET,SBI,AUTHENTICATION_FAILED,16,SEND_REMINDER,1
0.88,0.0,2273.83,UPI,AXIS,LIMIT_EXCEEDED,9,SEND_REMINDER,1
0.7402597402597403,1.0,1024.8,NETBANKING,KOTAK,INSUFFICIENT_FUNDS,3,RETRY_LATER,0
0.88,0.3333333333333333,3110.42,NETBANKING,AXIS,AUTHENTICATION_FAILED,16,RETRY_LATER,0
0.78125,0.2857142857142857,6585.47,NETBANKING,AXIS,INSUFFICIENT_FUNDS,15,RETRY_NOW,0
0.8125,0.5833333333333334,6258.67,CARD,YESBANK,LIMIT_EXCEEDED,15,RETRY_NOW,1
0.7397260273972602,0.47368421052631576,1052.53,UPI,AXIS,AUTHENTICATION_FAILED,5,RETRY_NOW,1
0.7764705882352941,0.3684210526315789,5906.57,UPI,SBI,AUTHENTICATION_FAILED,4,NO_ACTION,0
0.28,0.5,8751.68,UPI,YESBANK,INSUFFICIENT_FUNDS,18,RETRY_LATER,0
0.875,0.8,4176.86,WALLET,KOTAK,INSUFFICIENT_FUNDS,12,SEND_REMINDER,1
0.85,0.5555555555555556,1779.6,NETBANKING,AXIS,AUTHENTICATION_FAILED,2,RETRY_NOW,1
0.8425925925925926,0.47058823529411764,4612.04,NETBANKING,YESBANK,LIMIT_EXCEEDED,16,SEND_REMINDER,1
0.9565217391304348,1.0,6480.11,WALLET,SBI,BANK_TIMEOUT,9,RETRY_NOW,0
0.7875,0.5294117647058824,7798.74,NETBANKING,SBI,NETWORK_ERROR,8,RETRY_NOW,1
0.7849462365591398,0.85,8868.38,WALLET,AXIS,INSUFFICIENT_FUNDS,9,NO_ACTION,0
0.6666666666666666,0.8,6889.82,UPI,YESBANK,NETWORK_ERROR,10,RETRY_NOW,1
0.34782608695652173,0.4,7650.84,WALLET,SBI,CARD_EXPIRED,19,RETRY_NOW,0
0.8640776699029126,0.0,2052.97,CARD,AXIS,CARD_EXPIRED,17,SEND_REMINDER,0
0.8307692307692308,0.5454545454545454,4152.62,NETBANKING,SBI,AUTHENTICATION_FAILED,12,RETRY_NOW,0
0.975609756097561,0.0,5097.01,NETBANKING,SBI,INSUFFICIENT_FUNDS,13,RETRY_LATER,0
0.4375,0.2777777777777778,1357.57,NETBANKING,SBI,AUTHENTICATION_FAILED,0,NO_ACTION,0
0.7183098591549296,0.45,4281.79,CARD,AXIS,INSUFFICIENT_FUNDS,20,RETRY_LATER,0
0.78125,0.14285714285714285,8104.32,CARD,AXIS,BANK_TIMEOUT,16,RETRY_NOW,0
0.8571428571428571,0.4,1150.6,WALLET,SBI,AUTHENTICATION_FAILED,17,SEND_REMINDER,1
0.8507462686567164,0.7,9937.44,CARD,YESBANK,BANK_TIMEOUT,9,SEND_REMINDER,0
0.42857142857142855,0.5625,7886.32,WALLET,KOTAK,CARD_EXPIRED,3,RETRY_NOW,1
0.8928571428571429,0.6666666666666666,2340.0,UPI,ICICI,INSUFFICIENT_FUNDS,2,SEND_REMINDER,1
0.9310344827586207,0.8333333333333334,2559.22,CARD,KOTAK,LIMIT_EXCEEDED,6,RETRY_LATER,0
0.7846153846153846,0.7857142857142857,3237.2,WALLET,SBI,NETWORK_ERROR,15,NO_ACTION,0
0.8508771929824561,0.8823529411764706,4840.28,WALLET,HDFC,AUTHENTICATION_FAILED,6,SEND_REMINDER,1
0.9787234042553191,0.0,726.85,WALLET,ICICI,NETWORK_ERROR,8,SEND_REMINDER,0
0.9142857142857143,1.0,4878.85,UPI,AXIS,BANK_TIMEOUT,21,NO_ACTION,0
0.5238095238095238,0.7,9525.87,WALLET,ICICI,CARD_EXPIRED,5,SEND_REMINDER,0
0.7704918032786885,0.7142857142857143,6576.15,CARD,HDFC,AUTHENTICATION_FAILED,7,RETRY_LATER,1
0.8850574712643678,0.2,2960.95,WALLET,SBI,INSUFFICIENT_FUNDS,16,NO_ACTION,0
0.8125,0.3333333333333333,9263.78,WALLET,ICICI,LIMIT_EXCEEDED,20,NO_ACTION,0
0.9523809523809523,0.0,7155.3,CARD,KOTAK,INSUFFICIENT_FUNDS,12,RETRY_NOW,0
0.8303571428571429,0.3684210526315789,2968.35,CARD,SBI,NETWORK_ERROR,17,NO_ACTION,0
0.9827586206896551,0.0,4964.33,WALLET,SBI,AUTHENTICATION_FAILED,2,NO_ACTION,0
0.71875,0.1111111111111111,4047.51,WALLET,SBI,INSUFFICIENT_FUNDS,21,SEND_REMINDER,0
0.84,0.5,2362.54,NETBANKING,YESBANK,CARD_EXPIRED,6,RETRY_LATER,0
0.9325842696629213,0.0,209.78,CARD,ICICI,BANK_TIMEOUT,13,RETRY_NOW,1
0.7291666666666666,0.3076923076923077,6529.56,CARD,YESBANK,INSUFFICIENT_FUNDS,18,SEND_REMINDER,1
0.2857142857142857,0.5,6462.97,UPI,ICICI,INSUFFICIENT_FUNDS,11,NO_ACTION,0
0.7258064516129032,0.6470588235294118,198.02,UPI,SBI,LIMIT_EXCEEDED,10,NO_ACTION,0
0.5384615384615384,0.2777777777777778,4635.51,UPI,SBI,NETWORK_ERROR,19,RETRY_NOW,1
0.7692307692307693,1.0,3439.26,WALLET,KOTAK,BANK_TIMEOUT,11,RETRY_LATER,1
0.9178082191780822,0.0,9797.85,NETBANKING,KOTAK,CARD_EXPIRED,22,RETRY_NOW,0
0.975609756097561,0.0,875.91,UPI,KOTAK,INSUFFICIENT_FUNDS,21,RETRY_LATER,0
0.8,0.17647058823529413,9043.95,NETBANKING,YESBANK,CARD_EXPIRED,3,RETRY_NOW,0
0.8902439024390244,1.0,2438.02,WALLET,HDFC,BANK_TIMEOUT,6,NO_ACTION,0
0.8923076923076924,0.2857142857142857,9342.41,WALLET,KOTAK,INSUFFICIENT_FUNDS,18,RETRY_NOW,0
0.96,1.0,2219.99,WALLET,ICICI,CARD_EXPIRED,3,RETRY_LATER,1
0.9607843137254902,0.25,3044.73,UPI,KOTAK,AUTHENTICATION_FAILED,18,RETRY_LATER,0
1.0,0.0,7483.13,NETBANKING,AXIS,NETWORK_ERROR,10,NO_ACTION,0
0.9433962264150944,0.0,1533.31,UPI,HDFC,NETWORK_ERROR,2,SEND_REMINDER,0
0.8415841584158416,0.6875,379.24,CARD,HDFC,NETWORK_ERROR,16,NO_ACTION,0
0.9841269841269841,1.0,6605.05,UPI,HDFC,AUTHENTICATION_FAILED,14,RETRY_NOW,1
0.5384615384615384,0.2777777777777778,698.51,CARD,ICICI,CARD_EXPIRED,22,RETRY_LATER,0
0.43333333333333335,0.5294117647058824,8325.95,CARD,YESBANK,LIMIT_EXCEEDED,6,RETRY_LATER,0
0.8157894736842105,0.0,7875.27,NETBANKING,HDFC,BANK_TIMEOUT,23,SEND_REMINDER,0
0.6444444444444445,0.625,7448.35,UPI,AXIS,INSUFFICIENT_FUNDS,9,RETRY_LATER,1
0.8173076923076923,0.3684210526315789,2011.64,UPI,AXIS,BANK_TIMEOUT,17,NO_ACTION,0
0.984375,1.0,3396.69,CARD,ICICI,AUTHENTICATION_FAILED,22,SEND_REMINDER,1
0.7727272727272727,0.2,8946.64,CARD,SBI,NETWORK_ERROR,5,RETRY_NOW,0
0.4375,0.9444444444444444,3409.02,NETBANKING,ICICI,INSUFFICIENT_FUNDS,10,NO_ACTION,0
0.9113924050632911,0.7142857142857143,8862.56,CARD,HDFC,BANK_TIMEOUT,12,RETRY_LATER,1
0.9032258064516129,0.6666666666666666,5340.67,NETBANKING,KOTAK,NETWORK_ERROR,19,RETRY_NOW,0
0.9259259259259259,0.5,1177.6,CARD,ICICI,BANK_TIMEOUT,3,RETRY_LATER,1
0.48,0.6923076923076923,4777.05,UPI,HDFC,INSUFFICIENT_FUNDS,0,SEND_REMINDER,0
0.8541666666666666,0.42857142857142855,4898.03,UPI,ICICI,CARD_EXPIRED,10,SEND_REMINDER,1
1.0,0.0,9302.71,CARD,ICICI,CARD_EXPIRED,12,RETRY_LATER,0
0.8222222222222222,0.875,7481.1,NETBANKING,HDFC,LIMIT_EXCEEDED,15,NO_ACTION,0
0.7297297297297297,0.6,2356.86,WALLET,ICICI,AUTHENTICATION_FAILED,5,NO_ACTION,0
0.6,0.0,9536.83,UPI,KOTAK,NETWORK_ERROR,3,RETRY_NOW,1
0.972972972972973,0.0,9142.88,WALLET,ICICI,BANK_TIMEOUT,8,NO_ACTION,0
0.8433734939759037,0.6923076923076923,3714.71,CARD,SBI,LIMIT_EXCEEDED,22,RETRY_NOW,1
0.8679245283018868,0.2857142857142857,9250.72,WALLET,ICICI,NETWORK_ERROR,6,RETRY_LATER,0
0.8923076923076924,0.2857142857142857,8471.27,WALLET,ICICI,INSUFFICIENT_FUNDS,18,RETRY_NOW,0
0.8173076923076923,0.3684210526315789,7364.81,UPI,AXIS,LIMIT_EXCEEDED,8,RETRY_NOW,1
0.8434782608695652,0.5,6972.45,CARD,AXIS,LIMIT_EXCEEDED,20,NO_ACTION,0
1.0,0.0,1515.51,UPI,KOTAK,CARD_EXPIRED,2,SEND_REMINDER,0
0.8,0.65,9589.31,CARD,KOTAK,NETWORK_ERROR,23,NO_ACTION,0
0.7878787878787878,0.6428571428571429,6912.06,WALLET,HDFC,INSUFFICIENT_FUNDS,15,RETRY_NOW,0
0.7875,0.5294117647058824,472.97,WALLET,KOTAK,AUTHENTICATION_FAILED,11,SEND_REMINDER,1
0.5384615384615384,0.08333333333333333,1200.2,UPI,AXIS,LIMIT_EXCEEDED,17,RETRY_LATER,1
0.5348837209302325,0.4,6715.2,UPI,ICICI,AUTHENTICATION_FAILED,14,NO_ACTION,0
0.7802197802197802,0.3,2841.49,CARD,HDFC,AUTHENTICATION_FAILED,18,NO_ACTION,0
0.7671232876712328,0.5882352941176471,9827.48,WALLET,ICICI,BANK_TIMEOUT,1,RETRY_LATER,0
0.8478260869565217,0.0,3960.92,UPI,SBI,INSUFFICIENT_FUNDS,11,RETRY_LATER,0
0.7802197802197802,0.75,3585.58,CARD,ICICI,NETWORK_ERROR,1,RETRY_LATER,0
0.6938775510204082,0.06666666666666667,1140.95,CARD,AXIS,AUTHENTICATION_FAILED,8,SEND_REMINDER,0
0.7605633802816901,0.0,4166.94,NETBANKING,YESBANK,LIMIT_EXCEEDED,0,NO_ACTION,0
0.3333333333333333,0.55,9285.57,NETBANKING,AXIS,NETWORK_ERROR,17,SEND_REMINDER,1
0.9333333333333333,0.0,7837.08,UPI,KOTAK,BANK_TIMEOUT,5,NO_ACTION,0
0.8421052631578947,0.0,5919.79,WALLET,HDFC,CARD_EXPIRED,11,RETRY_NOW,0
0.9866666666666667,0.0,2605.63,CARD,SBI,CARD_EXPIRED,6,SEND_REMINDER,0
0.9666666666666667,1.0,9197.45,UPI,AXIS,LIMIT_EXCEEDED,15,RETRY_NOW,0
0.39285714285714285,0.5294117647058824,3234.07,CARD,ICICI,CARD_EXPIRED,16,SEND_REMINDER,0
0.9230769230769231,0.5,2840.47,UPI,SBI,INSUFFICIENT_FUNDS,20,RETRY_LATER,1
0.8269230769230769,0.6111111111111112,9896.19,CARD,KOTAK,CARD_EXPIRED,7,SEND_REMINDER,0
0.7721518987341772,0.3333333333333333,3087.71,WALLET,AXIS,BANK_TIMEOUT,20,RETRY_NOW,0
0.6727272727272727,0.7222222222222222,9556.41,UPI,ICICI,CARD_EXPIRED,22,SEND_REMINDER,1
0.8152173913043478,0.8823529411764706,8307.73,CARD,ICICI,AUTHENTICATION_FAILED,1,RETRY_NOW,0
0.6774193548387096,0.4,4462.09,UPI,HDFC,CARD_EXPIRED,17,RETRY_NOW,0
0.7564102564102564,0.3157894736842105,5431.54,UPI,KOTAK,CARD_EXPIRED,16,RETRY_NOW,1
0.9886363636363636,1.0,4387.82,UPI,HDFC,NETWORK_ERROR,14,NO_ACTION,0
0.525,0.631578947368421,9737.92,NETBANKING,HDFC,LIMIT_EXCEEDED,12,RETRY_LATER,0
0.9010989010989011,0.8888888888888888,2059.64,NETBANKING,YESBANK,LIMIT_EXCEEDED,23,RETRY_NOW,1
0.9607843137254902,0.5,7677.77,UPI,YESBANK,BANK_TIMEOUT,15,SEND_REMINDER,0
0.6862745098039216,0.125,2700.21,UPI,SBI,NETWORK_ERROR,1,NO_ACTION,0
0.4090909090909091,0.5384615384615384,7608.75,WALLET,HDFC,BANK_TIMEOUT,17,RETRY_LATER,0
0.9333333333333333,0.4,7407.17,UPI,KOTAK,LIMIT_EXCEEDED,4,RETRY_LATER,1
0.9253731343283582,0.6,4350.44,UPI,YESBANK,LIMIT_EXCEEDED,4,NO_ACTION,0
0.9113924050632911,0.7142857142857143,749.77,NETBANKING,YESBANK,LIMIT_EXCEEDED,18,SEND_REMINDER,1
0.8902439024390244,1.0,1595.15,CARD,YESBANK,INSUFFICIENT_FUNDS,1,RETRY_NOW,0
0.8208955223880597,0.5,8484.61,CARD,YESBANK,INSUFFICIENT_FUNDS,10,NO_ACTION,0
0.5333333333333333,0.35714285714285715,6204.51,UPI,HDFC,AUTHENTICATION_FAILED,6,RETRY_LATER,1
0.78125,0.14285714285714285,6939.73,NETBANKING,AXIS,NETWORK_ERROR,6,RETRY_NOW,1
0.896551724137931,0.3333333333333333,4951.53,CARD,AXIS,INSUFFICIENT_FUNDS,18,SEND_REMINDER,1
0.8981481481481481,0.5454545454545454,8426.24,WALLET,ICICI,INSUFFICIENT_FUNDS,15,RETRY_NOW,1
0.978021978021978,0.0,4939.53,CARD,ICICI,BANK_TIMEOUT,14,RETRY_NOW,1
0.95,0.0,136.51,NETBANKING,KOTAK,INSUFFICIENT_FUNDS,17,RETRY_LATER,0
0.9811320754716981,1.0,7730.1,WALLET,SBI,BANK_TIMEOUT,3,RETRY_LATER,1
0.8230088495575221,0.75,3748.99,WALLET,KOTAK,CARD_EXPIRED,10,RETRY_NOW,0
0.8434782608695652,0.5,8305.33,WALLET,AXIS,AUTHENTICATION_FAILED,22,SEND_REMINDER,0
0.5652173913043478,0.6,3273.69,UPI,YESBANK,NETWORK_ERROR,13,RETRY_NOW,1
0.7346938775510204,0.23076923076923078,8818.29,NETBANKING,YESBANK,LIMIT_EXCEEDED,13,NO_ACTION,0
0.9433962264150944,0.0,1990.78,CARD,KOTAK,BANK_TIMEOUT,10,SEND_REMINDER,0
0.6938775510204082,0.8666666666666667,6503.93,UPI,AXIS,AUTHENTICATION_FAILED,5,RETRY_LATER,0
0.9534883720930233,0.5,1750.18,UPI,YESBANK,CARD_EXPIRED,18,SEND_REMINDER,1
0.8482142857142857,0.17647058823529413,7096.42,WALLET,HDFC,LIMIT_EXCEEDED,0,RETRY_LATER,0
0.8780487804878049,0.6,8505.52,WALLET,SBI,BANK_TIMEOUT,4,NO_ACTION,0
0.9340659340659341,0.3333333333333333,1223.35,NETBANKING,YESBANK,LIMIT_EXCEEDED,12,SEND_REMINDER,1
0.5,0.8333333333333334,8788.15,WALLET,AXIS,INSUFFICIENT_FUNDS,10,SEND_REMINDER,1
0.8482142857142857,0.17647058823529413,2181.44,NETBANKING,YESBANK,NETWORK_ERROR,6,RETRY_NOW,0
0.9382716049382716,0.8,1789.9,UPI,YESBANK,CARD_EXPIRED,5,RETRY_LATER,0
0.8260869565217391,0.75,3248.87,UPI,SBI,CARD_EXPIRED,22,SEND_REMINDER,0
0.8333333333333334,0.09090909090909091,8709.96,CARD,KOTAK,CARD_EXPIRED,13,SEND_REMINDER,0
0.7692307692307693,1.0,618.14,UPI,SBI,INSUFFICIENT_FUNDS,13,RETRY_LATER,0
0.8823529411764706,0.0,4325.72,CARD,YESBANK,NETWORK_ERROR,0,SEND_REMINDER,0
0.8148148148148148,0.06666666666666667,3797.29,UPI,KOTAK,INSUFFICIENT_FUNDS,8,SEND_REMINDER,1
0.8303571428571429,0.3684210526315789,6449.67,WALLET,SBI,CARD_EXPIRED,16,RETRY_LATER,0
0.8347826086956521,0.7368421052631579,9520.38,NETBANKING,SBI,LIMIT_EXCEEDED,3,NO_ACTION,0
0.9565217391304348,0.0,5337.35,WALLET,ICICI,CARD_EXPIRED,16,RETRY_LATER,1
0.84,0.6875,8465.06,WALLET,AXIS,CARD_EXPIRED,11,NO_ACTION,0
0.8508771929824561,0.8823529411764706,3932.79,CARD,ICICI,BANK_TIMEOUT,9,SEND_REMINDER,1
0.8482142857142857,0.17647058823529413,8208.44,NETBANKING,AXIS,NETWORK_ERROR,13,NO_ACTION,0
0.9340659340659341,0.3333333333333333,8157.48,NETBANKING,AXIS,CARD_EXPIRED,7,RETRY_NOW,0
0.8837209302325582,0.2,2417.59,NETBANKING,SBI,LIMIT_EXCEEDED,2,RETRY_NOW,0
0.8125,0.5833333333333334,6690.95,CARD,YESBANK,LIMIT_EXCEEDED,0,RETRY_NOW,1
0.9333333333333333,0.5,472.1,WALLET,AXIS,NETWORK_ERROR,17,SEND_REMINDER,1
0.8133333333333334,0.9285714285714286,4007.73,WALLET,KOTAK,AUTHENTICATION_FAILED,10,RETRY_LATER,1
0.726027397260274,0.05,6664.39,WALLET,ICICI,NETWORK_ERROR,12,RETRY_NOW,1
0.7605633802816901,0.0,2446.08,WALLET,SBI,NETWORK_ERROR,18,SEND_REMINDER,0
0.8288288288288288,0.0,6099.65,NETBANKING,KOTAK,BANK_TIMEOUT,4,NO_ACTION,0
0.8434782608695652,0.5,5852.6,CARD,YESBANK,NETWORK_ERROR,15,RETRY_NOW,1
0.4090909090909091,0.5384615384615384,870.56,NETBANKING,ICICI,LIMIT_EXCEEDED,8,RETRY_NOW,1
0.9090909090909091,0.0,9045.8,NETBANKING,KOTAK,BANK_TIMEOUT,10,NO_ACTION,0
0.8695652173913043,0.8888888888888888,2918.83,NETBANKING,HDFC,CARD_EXPIRED,0,SEND_REMINDER,0
0.25,0.3333333333333333,4075.81,NETBANKING,HDFC,BANK_TIMEOUT,1,NO_ACTION,0
0.92,0.0,8183.63,CARD,YESBANK,AUTHENTICATION_FAILED,9,SEND_REMINDER,1
0.7837837837837838,0.625,5155.33,WALLET,SBI,AUTHENTICATION_FAILED,17,NO_ACTION,0
0.6875,0.1,5964.29,WALLET,KOTAK,CARD_EXPIRED,13,RETRY_LATER,0
0.875,0.7142857142857143,3602.52,WALLET,SBI,LIMIT_EXCEEDED,13,RETRY_NOW,1
0.6938775510204082,0.8666666666666667,1868.22,WALLET,AXIS,LIMIT_EXCEEDED,13,RETRY_NOW,0
0.8823529411764706,0.75,3385.97,NETBANKING,KOTAK,LIMIT_EXCEEDED,19,RETRY_LATER,1
0.9210526315789473,1.0,2242.21,UPI,ICICI,INSUFFICIENT_FUNDS,4,NO_ACTION,0
0.5384615384615384,0.6666666666666666,1169.53,CARD,AXIS,INSUFFICIENT_FUNDS,7,RETRY_LATER,0
0.42857142857142855,0.5625,6577.3,CARD,YESBANK,LIMIT_EXCEEDED,0,NO_ACTION,0
0.8653846153846154,0.0,359.41,CARD,KOTAK,LIMIT_EXCEEDED,9,RETRY_LATER,1
0.9090909090909091,0.5,6774.99,UPI,SBI,LIMIT_EXCEEDED,17,SEND_REMINDER,1
0.8867924528301887,0.8333333333333334,8378.5,WALLET,YESBANK,AUTHENTICATION_FAILED,5,SEND_REMINDER,1
0.4444444444444444,0.9,2295.69,NETBANKING,SBI,CARD_EXPIRED,15,NO_ACTION,0
0.42857142857142855,0.125,3934.67,CARD,KOTAK,BANK_TIMEOUT,11,RETRY_NOW,0
0.8947368421052632,0.0,8668.91,WALLET,ICICI,AUTHENTICATION_FAILED,23,RETRY_NOW,0
0.34615384615384615,0.7647058823529411,5125.0,NETBANKING,AXIS,INSUFFICIENT_FUNDS,10,SEND_REMINDER,0
0.9508196721311475,0.0,2027.15,CARD,HDFC,LIMIT_EXCEEDED,4,SEND_REMINDER,0
0.6,0.7222222222222222,5442.37,NETBANKING,ICICI,BANK_TIMEOUT,8,RETRY_NOW,0
0.9339622641509434,0.5714285714285714,5080.38,UPI,AXIS,CARD_EXPIRED,1,RETRY_NOW,0
0.8787878787878788,0.625,8817.48,WALLET,AXIS,LIMIT_EXCEEDED,5,RETRY_NOW,0
0.8765432098765432,0.5,841.34,NETBANKING,AXIS,LIMIT_EXCEEDED,20,SEND_REMINDER,1
1.0,0.0,9766.16,NETBANKING,HDFC,INSUFFICIENT_FUNDS,15,SEND_REMINDER,1
0.9148936170212766,0.625,4536.8,WALLET,KOTAK,BANK_TIMEOUT,8,RETRY_NOW,0
0.47058823529411764,1.0,1432.86,WALLET,ICICI,NETWORK_ERROR,9,RETRY_NOW,1
0.7432432432432432,0.8947368421052632,9507.65,NETBANKING,AXIS,BANK_TIMEOUT,10,SEND_REMINDER,0
0.5714285714285714,1.0,5029.26,NETBANKING,AXIS,AUTHENTICATION_FAILED,11,NO_ACTION,0
0.9326923076923077,0.14285714285714285,8665.16,WALLET,YESBANK,NETWORK_ERROR,2,RETRY_NOW,1
0.9210526315789473,1.0,6794.21,NETBANKING,AXIS,CARD_EXPIRED,8,SEND_REMINDER,0
0.8235294117647058,0.0,917.42,UPI,YESBANK,BANK_TIMEOUT,21,RETRY_LATER,0
0.9876543209876543,1.0,5427.52,CARD,AXIS,INSUFFICIENT_FUNDS,1,SEND_REMINDER,1
1.0,0.0,4348.65,UPI,AXIS,CARD_EXPIRED,1,RETRY_LATER,0
0.5348837209302325,0.4,1453.54,CARD,SBI,NETWORK_ERROR,18,SEND_REMINDER,0
0.7142857142857143,0.0,8825.84,CARD,YESBANK,LIMIT_EXCEEDED,0,SEND_REMINDER,1
0.8787878787878788,0.25,7960.96,UPI,SBI,CARD_EXPIRED,7,NO_ACTION,0
0.8229166666666666,0.7647058823529411,481.75,CARD,KOTAK,INSUFFICIENT_FUNDS,20,RETRY_NOW,1
0.9801980198019802,0.0,816.87,NETBANKING,HDFC,INSUFFICIENT_FUNDS,12,NO_ACTION,0
0.8365384615384616,0.7058823529411765,1556.35,UPI,HDFC,CARD_EXPIRED,22,NO_ACTION,0
0.8636363636363636,0.3333333333333333,3953.44,WALLET,KOTAK,CARD_EXPIRED,10,RETRY_NOW,0
0.25925925925925924,0.8,6599.58,WALLET,HDFC,CARD_EXPIRED,10,SEND_REMINDER,0
0.96875,0.3333333333333333,3480.16,CARD,KOTAK,CARD_EXPIRED,23,NO_ACTION,0
0.4375,0.9444444444444444,766.95,UPI,HDFC,NETWORK_ERROR,5,SEND_REMINDER,0
0.7638888888888888,0.17647058823529413,9191.66,NETBANKING,SBI,BANK_TIMEOUT,17,RETRY_LATER,1
0.8809523809523809,1.0,3875.02,WALLET,HDFC,CARD_EXPIRED,19,SEND_REMINDER,0
0.974025974025974,1.0,2846.91,CARD,ICICI,INSUFFICIENT_FUNDS,14,NO_ACTION,0
0.5384615384615384,0.8333333333333334,7524.89,WALLET,HDFC,INSUFFICIENT_FUNDS,5,RETRY_LATER,0
0.8867924528301887,0.8333333333333334,3484.12,WALLET,SBI,AUTHENTICATION_FAILED,9,SEND_REMINDER,0
0.8876404494382022,0.2,1958.96,UPI,ICICI,AUTHENTICATION_FAILED,15,RETRY_LATER,1
0.9347826086956522,1.0,4697.48,WALLET,KOTAK,BANK_TIMEOUT,5,NO_ACTION,0
0.896551724137931,0.3333333333333333,3866.29,CARD,KOTAK,NETWORK_ERROR,20,NO_ACTION,0
0.8888888888888888,0.875,2837.33,NETBANKING,KOTAK,INSUFFICIENT_FUNDS,21,SEND_REMINDER,0
0.8227848101265823,0.14285714285714285,418.34,UPI,AXIS,CARD_EXPIRED,20,RETRY_LATER,1
0.9473684210526315,0.25,7968.48,NETBANKING,ICICI,AUTHENTICATION_FAILED,13,RETRY_NOW,0
0.6727272727272727,0.0,2912.35,UPI,SBI,NETWORK_ERROR,11,RETRY_LATER,1
0.9384615384615385,0.25,5899.23,NETBANKING,AXIS,CARD_EXPIRED,19,SEND_REMINDER,1
0.8303571428571429,0.3684210526315789,3376.38,WALLET,YESBANK,NETWORK_ERROR,0,NO_ACTION,0
0.5294117647058824,0.75,5360.88,CARD,ICICI,AUTHENTICATION_FAILED,15,RETRY_LATER,1
0.8902439024390244,1.0,1144.85,CARD,ICICI,INSUFFICIENT_FUNDS,1,RETRY_NOW,0
0.9811320754716981,1.0,7730.1,WALLET,SBI,BANK_TIMEOUT,3,RETRY_NOW,1
0.8783783783783784,0.0,7558.7,NETBANKING,YESBANK,LIMIT_EXCEEDED,10,RETRY_LATER,1
0.8484848484848485,0.8,1372.99,WALLET,YESBANK,NETWORK_ERROR,9,SEND_REMINDER,0
0.8909090909090909,0.25,7871.87,CARD,KOTAK,NETWORK_ERROR,10,SEND_REMINDER,1
0.8958333333333334,0.0,4679.83,WALLET,KOTAK,CARD_EXPIRED,0,RETRY_LATER,0
0.896551724137931,0.3333333333333333,3866.29,CARD,KOTAK,NETWORK_ERROR,20,RETRY_NOW,0
0.8676470588235294,0.8888888888888888,8917.95,NETBANKING,KOTAK,INSUFFICIENT_FUNDS,20,RETRY_NOW,0
0.8902439024390244,1.0,5200.35,CARD,KOTAK,INSUFFICIENT_FUNDS,20,SEND_REMINDER,0
0.8811881188118812,0.16666666666666666,8932.0,WALLET,HDFC,AUTHENTICATION_FAILED,23,RETRY_NOW,0
0.6904761904761905,0.6153846153846154,2510.81,UPI,ICICI,INSUFFICIENT_FUNDS,14,RETRY_LATER,0
0.6808510638297872,0.3333333333333333,7143.87,WALLET,ICICI,LIMIT_EXCEEDED,6,SEND_REMINDER,1
0.9253731343283582,0.6,2574.07,WALLET,HDFC,INSUFFICIENT_FUNDS,16,SEND_REMINDER,1
0.7875,0.5294117647058824,458.72,WALLET,KOTAK,BANK_TIMEOUT,18,RETRY_LATER,1
0.8653846153846154,0.5714285714285714,5710.54,UPI,YESBANK,BANK_TIMEOUT,19,NO_ACTION,0
0.726027397260274,0.25,2142.75,WALLET,KOTAK,NETWORK_ERROR,6,RETRY_LATER,1
0.9603960396039604,0.0,5469.96,CARD,KOTAK,NETWORK_ERROR,4,RETRY_LATER,1
0.7647058823529411,0.125,407.65,CARD,SBI,INSUFFICIENT_FUNDS,5,NO_ACTION,0
0.8478260869565217,0.0,6325.32,CARD,AXIS,LIMIT_EXCEEDED,3,RETRY_NOW,1
0.9090909090909091,0.0,6214.04,UPI,KOTAK,BANK_TIMEOUT,2,SEND_REMINDER,0
0.8508771929824561,0.058823529411764705,6794.5,WALLET,ICICI,AUTHENTICATION_FAILED,12,RETRY_LATER,0
1.0,0.0,7239.45,NETBANKING,SBI,AUTHENTICATION_FAILED,19,SEND_REMINDER,0
0.7361111111111112,0.631578947368421,1954.08,NETBANKING,KOTAK,LIMIT_EXCEEDED,8,NO_ACTION,0
0.5,0.8333333333333334,8788.15,WALLET,AXIS,INSUFFICIENT_FUNDS,10,RETRY_NOW,1
0.71875,0.1111111111111111,8501.65,UPI,ICICI,NETWORK_ERROR,1,SEND_REMINDER,0
0.5714285714285714,0.0,7633.64,CARD,SBI,LIMIT_EXCEEDED,9,RETRY_NOW,0
0.7590361445783133,0.1,6760.29,CARD,AXIS,CARD_EXPIRED,6,SEND_REMINDER,1
0.5909090909090909,0.6666666666666666,7774.7,NETBANKING,HDFC,AUTHENTICATION_FAILED,18,RETRY_LATER,0
0.6744186046511628,0.14285714285714285,3110.77,NETBANKING,KOTAK,BANK_TIMEOUT,1,NO_ACTION,0
0.7285714285714285,0.7894736842105263,7493.51,CARD,SBI,AUTHENTICATION_FAILED,16,RETRY_LATER,0
0.34615384615384615,0.7647058823529411,5125.0,NETBANKING,AXIS,INSUFFICIENT_FUNDS,10,RETRY_LATER,0
0.8709677419354839,0.5,2734.24,WALLET,ICICI,NETWORK_ERROR,17,RETRY_NOW,0
0.90625,0.0,1444.01,WALLET,HDFC,AUTHENTICATION_FAILED,15,RETRY_LATER,1
0.8571428571428571,0.7142857142857143,9948.97,WALLET,SBI,BANK_TIMEOUT,10,NO_ACTION,0
0.7241379310344828,0.625,1295.35,UPI,AXIS,AUTHENTICATION_FAILED,0,SEND_REMINDER,1
1.0,0.0,7293.33,NETBANKING,YESBANK,AUTHENTICATION_FAILED,13,NO_ACTION,0
0.9382716049382716,0.8,1789.9,UPI,YESBANK,CARD_EXPIRED,5,NO_ACTION,0
0.7333333333333333,1.0,9739.91,UPI,KOTAK,CARD_EXPIRED,6,RETRY_LATER,0
0.8928571428571429,0.6666666666666666,5289.15,NETBANKING,YESBANK,CARD_EXPIRED,15,NO_ACTION,0
0.8928571428571429,0.6666666666666666,2340.0,UPI,ICICI,INSUFFICIENT_FUNDS,2,RETRY_NOW,0
0.8028169014084507,0.5,4168.2,NETBANKING,HDFC,BANK_TIMEOUT,19,SEND_REMINDER,0
0.7704918032786885,0.7142857142857143,5900.63,WALLET,SBI,CARD_EXPIRED,23,RETRY_NOW,0
0.8148148148148148,0.2,5897.11,UPI,AXIS,AUTHENTICATION_FAILED,15,RETRY_LATER,0
0.7297297297297297,0.6,2356.86,WALLET,ICICI,AUTHENTICATION_FAILED,5,RETRY_NOW,1
0.7872340425531915,0.55,1544.82,CARD,AXIS,NETWORK_ERROR,12,RETRY_LATER,1
0.9117647058823529,0.0,4224.11,UPI,HDFC,BANK_TIMEOUT,19,RETRY_LATER,1
0.8235294117647058,0.0,666.28,UPI,KOTAK,LIMIT_EXCEEDED,10,SEND_REMINDER,0
0.9210526315789473,0.3333333333333333,1003.17,CARD,YESBANK,AUTHENTICATION_FAILED,22,SEND_REMINDER,1
0.9866666666666667,0.0,7147.25,UPI,YESBANK,INSUFFICIENT_FUNDS,20,NO_ACTION,0
0.9326923076923077,0.14285714285714285,8138.94,NETBANKING,KOTAK,NETWORK_ERROR,1,RETRY_NOW,1
0.8518518518518519,0.0,5729.5,UPI,HDFC,CARD_EXPIRED,21,RETRY_NOW,0
0.2631578947368421,0.21428571428571427,9614.41,CARD,YESBANK,LIMIT_EXCEEDED,17,SEND_REMINDER,0
0.98989898989899,1.0,8450.63,WALLET,HDFC,INSUFFICIENT_FUNDS,21,RETRY_NOW,1
0.5609756097560976,0.7777777777777778,3128.3,NETBANKING,ICICI,LIMIT_EXCEEDED,19,SEND_REMINDER,0
0.8064516129032258,0.6666666666666666,626.57,UPI,SBI,CARD_EXPIRED,19,RETRY_LATER,1
0.7402597402597403,0.95,8257.89,CARD,SBI,CARD_EXPIRED,2,RETRY_LATER,0
0.38461538461538464,1.0,7669.01,UPI,KOTAK,AUTHENTICATION_FAILED,10,SEND_REMINDER,1
0.6,0.0,9536.83,UPI,KOTAK,NETWORK_ERROR,3,NO_ACTION,0
0.8596491228070176,1.0,8329.81,UPI,HDFC,BANK_TIMEOUT,12,RETRY_NOW,1
0.9081632653061225,0.5555555555555556,2257.75,WALLET,AXIS,BANK_TIMEOUT,4,NO_ACTION,0
0.6779661016949152,1.0,6538.99,WALLET,HDFC,CARD_EXPIRED,20,RETRY_NOW,0
0.92,0.0,7852.9,WALLET,ICICI,CARD_EXPIRED,23,NO_ACTION,0
0.9811320754716981,1.0,4010.51,CARD,KOTAK,INSUFFICIENT_FUNDS,7,RETRY_LATER,0
0.5,0.6428571428571429,5393.0,NETBANKING,HDFC,BANK_TIMEOUT,20,SEND_REMINDER,1
0.975609756097561,0.0,875.91,UPI,KOTAK,INSUFFICIENT_FUNDS,21,NO_ACTION,0
0.8375,0.3076923076923077,9472.75,WALLET,KOTAK,AUTHENTICATION_FAILED,4,SEND_REMINDER,1
0.8556701030927835,0.9285714285714286,8797.02,WALLET,KOTAK,LIMIT_EXCEEDED,14,RETRY_NOW,1
0.9565217391304348,0.0,2818.9,WALLET,ICICI,CARD_EXPIRED,11,SEND_REMINDER,0
0.717948717948718,0.18181818181818182,2195.09,CARD,YESBANK,LIMIT_EXCEEDED,3,SEND_REMINDER,1
0.8526315789473684,0.2857142857142857,6410.94,CARD,SBI,NETWORK_ERROR,9,SEND_REMINDER,1
0.9523809523809523,0.2,3044.67,NETBANKING,SBI,NETWORK_ERROR,12,RETRY_NOW,0
0.8703703703703703,0.8571428571428571,4676.32,CARD,HDFC,CARD_EXPIRED,10,NO_ACTION,0
0.8876404494382022,0.2,613.99,WALLET,KOTAK,NETWORK_ERROR,1,RETRY_LATER,1
0.922077922077922,0.16666666666666666,1430.45,CARD,AXIS,CARD_EXPIRED,11,NO_ACTION,0
0.5151515151515151,0.5625,7309.94,WALLET,YESBANK,BANK_TIMEOUT,14,SEND_REMINDER,1
0.45454545454545453,0.9166666666666666,5024.01,UPI,YESBANK,INSUFFICIENT_FUNDS,18,RETRY_LATER,0
0.9714285714285714,1.0,4617.88,NETBANKING,SBI,CARD_EXPIRED,20,SEND_REMINDER,0
0.7868852459016393,0.46153846153846156,5852.36,CARD,SBI,AUTHENTICATION_FAILED,21,RETRY_LATER,1
0.9636363636363636,0.0,961.22,NETBANKING,YESBANK,INSUFFICIENT_FUNDS,2,RETRY_LATER,0
0.696969696969697,0.6,2781.82,WALLET,AXIS,INSUFFICIENT_FUNDS,20,SEND_REMINDER,1
0.8064516129032258,0.6666666666666666,8514.49,WALLET,SBI,CARD_EXPIRED,0,NO_ACTION,0
0.9113924050632911,0.7142857142857143,1259.03,UPI,HDFC,NETWORK_ERROR,3,RETRY_NOW,0
0.8333333333333334,0.25,5760.33,UPI,KOTAK,NETWORK_ERROR,11,SEND_REMINDER,0
0.8769230769230769,0.125,7071.75,CARD,HDFC,CARD_EXPIRED,7,SEND_REMINDER,1
0.975609756097561,0.0,2503.36,NETBANKING,YESBANK,NETWORK_ERROR,19,SEND_REMINDER,0
0.851063829787234,0.8571428571428571,6431.23,UPI,KOTAK,LIMIT_EXCEEDED,21,NO_ACTION,0
0.9761904761904762,1.0,9456.89,WALLET,AXIS,LIMIT_EXCEEDED,2,RETRY_NOW,1
0.6595744680851063,0.1875,3721.89,UPI,AXIS,LIMIT_EXCEEDED,18,RETRY_NOW,0
0.9743589743589743,1.0,8601.13,UPI,YESBANK,AUTHENTICATION_FAILED,13,NO_ACTION,0
0.7297297297297297,0.6,5851.06,WALLET,HDFC,AUTHENTICATION_FAILED,15,SEND_REMINDER,1
0.8969072164948454,0.2,4899.08,WALLET,HDFC,CARD_EXPIRED,3,SEND_REMINDER,0
0.7638888888888888,0.17647058823529413,9603.6,WALLET,SBI,INSUFFICIENT_FUNDS,9,RETRY_LATER,1
0.7755102040816326,0.6363636363636364,6115.09,NETBANKING,KOTAK,INSUFFICIENT_FUNDS,1,NO_ACTION,0
0.48,0.6923076923076923,1700.49,WALLET,YESBANK,INSUFFICIENT_FUNDS,2,SEND_REMINDER,1
0.9210526315789473,1.0,7894.73,WALLET,KOTAK,LIMIT_EXCEEDED,17,SEND_REMINDER,0
0.8829787234042553,0.18181818181818182,9294.2,CARD,SBI,AUTHENTICATION_FAILED,15,RETRY_NOW,0
0.8765432098765432,0.5,9518.99,WALLET,ICICI,LIMIT_EXCEEDED,4,SEND_REMINDER,1
0.95,0.2,8052.22,UPI,HDFC,BANK_TIMEOUT,3,RETRY_LATER,1
0.8620689655172413,0.75,2213.28,UPI,KOTAK,LIMIT_EXCEEDED,2,SEND_REMINDER,1
0.6779661016949152,1.0,452.98,CARD,AXIS,AUTHENTICATION_FAILED,8,RETRY_NOW,1
0.8947368421052632,0.0,3915.44,WALLET,ICICI,AUTHENTICATION_FAILED,5,RETRY_LATER,0
0.9886363636363636,1.0,5077.45,WALLET,SBI,INSUFFICIENT_FUNDS,4,SEND_REMINDER,1
0.6,0.6666666666666666,7953.95,WALLET,HDFC,INSUFFICIENT_FUNDS,21,RETRY_LATER,0
0.8837209302325582,0.2,6199.96,WALLET,AXIS,BANK_TIMEOUT,19,NO_ACTION,0
0.9603960396039604,0.0,8076.89,NETBANKING,SBI,LIMIT_EXCEEDED,19,NO_ACTION,0
0.717948717948718,0.18181818181818182,6092.38,WALLET,YESBANK,LIMIT_EXCEEDED,11,NO_ACTION,0
0.34615384615384615,0.5882352941176471,7574.12,UPI,KOTAK,INSUFFICIENT_FUNDS,2,NO_ACTION,0
0.7142857142857143,0.0,9462.17,CARD,ICICI,CARD_EXPIRED,11,NO_ACTION,0
0.90625,0.0,3492.97,NETBANKING,KOTAK,INSUFFICIENT_FUNDS,9,RETRY_LATER,0
0.95,0.0,1917.54,UPI,HDFC,NETWORK_ERROR,17,SEND_REMINDER,0
0.9029126213592233,0.9,1811.09,NETBANKING,YESBANK,AUTHENTICATION_FAILED,19,NO_ACTION,0
0.7638888888888888,0.17647058823529413,5213.37,WALLET,YESBANK,LIMIT_EXCEEDED,6,NO_ACTION,0
0.6862745098039216,0.125,7318.9,WALLET,KOTAK,BANK_TIMEOUT,20,SEND_REMINDER,0
0.6756756756756757,0.6666666666666666,4035.54,WALLET,KOTAK,BANK_TIMEOUT,4,NO_ACTION,0
0.94,0.16666666666666666,1092.24,UPI,KOTAK,CARD_EXPIRED,5,NO_ACTION,0
0.9787234042553191,0.0,7805.76,UPI,YESBANK,LIMIT_EXCEEDED,13,RETRY_LATER,1
0.7796610169491526,0.3076923076923077,6738.3,WALLET,YESBANK,INSUFFICIENT_FUNDS,5,RETRY_NOW,1
0.5714285714285714,0.0,2436.7,UPI,YESBANK,NETWORK_ERROR,18,RETRY_NOW,0
0.9888888888888889,1.0,4780.25,NETBANKING,HDFC,LIMIT_EXCEEDED,22,NO_ACTION,0
1.0,0.0,6182.72,CARD,AXIS,AUTHENTICATION_FAILED,2,NO_ACTION,0
0.9625,0.0,7248.03,CARD,AXIS,INSUFFICIENT_FUNDS,18,NO_ACTION,0
0.34615384615384615,0.7647058823529411,4961.5,WALLET,ICICI,NETWORK_ERROR,10,RETRY_NOW,0
0.8392857142857143,0.0,4502.37,UPI,SBI,INSUFFICIENT_FUNDS,22,SEND_REMINDER,0
0.9607843137254902,0.5,1725.65,UPI,SBI,CARD_EXPIRED,3,RETRY_LATER,0
0.34615384615384615,0.5882352941176471,5726.67,UPI,HDFC,LIMIT_EXCEEDED,5,RETRY_NOW,1
0.9583333333333334,1.0,3629.3,CARD,KOTAK,AUTHENTICATION_FAILED,5,NO_ACTION,0
0.7945205479452054,0.7333333333333333,5979.53,WALLET,AXIS,CARD_EXPIRED,7,NO_ACTION,0
0.7671232876712328,0.5882352941176471,7741.57,UPI,YESBANK,CARD_EXPIRED,13,RETRY_NOW,0
0.7638888888888888,0.17647058823529413,8909.17,NETBANKING,HDFC,BANK_TIMEOUT,13,NO_ACTION,0
0.8676470588235294,0.8888888888888888,4007.08,WALLET,KOTAK,LIMIT_EXCEEDED,15,RETRY_NOW,1
0.8376068376068376,0.6842105263157895,691.68,UPI,ICICI,NETWORK_ERROR,22,RETRY_LATER,0
0.6851851851851852,0.7058823529411765,3969.48,WALLET,KOTAK,NETWORK_ERROR,16,NO_ACTION,0
0.8666666666666667,1.0,6200.7,CARD,YESBANK,CARD_EXPIRED,2,RETRY_NOW,1
0.8347826086956521,0.7368421052631579,9520.38,NETBANKING,SBI,LIMIT_EXCEEDED,3,SEND_REMINDER,1
0.40625,0.21052631578947367,7298.34,NETBANKING,ICICI,INSUFFICIENT_FUNDS,13,SEND_REMINDER,1
0.782608695652174,0.15,5740.3,UPI,HDFC,NETWORK_ERROR,11,RETRY_NOW,1
0.8591549295774648,0.4,4804.87,WALLET,HDFC,INSUFFICIENT_FUNDS,15,NO_ACTION,0
0.9117647058823529,0.3333333333333333,818.5,NETBANKING,ICICI,NETWORK_ERROR,3,SEND_REMINDER,1
0.8163265306122449,0.05555555555555555,9286.71,CARD,YESBANK,LIMIT_EXCEEDED,18,NO_ACTION,0
0.9523809523809523,0.2,1083.75,CARD,YESBANK,LIMIT_EXCEEDED,5,SEND_REMINDER,0
0.8947368421052632,1.0,3708.29,WALLET,KOTAK,CARD_EXPIRED,20,NO_ACTION,0
0.8625,0.18181818181818182,2771.32,NETBANKING,HDFC,INSUFFICIENT_FUNDS,14,RETRY_NOW,1
0.9833333333333333,1.0,4276.42,WALLET,KOTAK,LIMIT_EXCEEDED,14,RETRY_LATER,1
0.8854166666666666,0.6363636363636364,284.59,WALLET,AXIS,NETWORK_ERROR,19,RETRY_NOW,1
0.9603960396039604,0.0,8076.89,NETBANKING,SBI,LIMIT_EXCEEDED,19,RETRY_LATER,0
0.8482142857142857,0.7647058823529411,5678.48,UPI,ICICI,NETWORK_ERROR,7,NO_ACTION,0
0.855072463768116,0.5,4509.15,UPI,SBI,NETWORK_ERROR,23,RETRY_NOW,1
0.9117647058823529,0.3333333333333333,6100.6,WALLET,YESBANK,AUTHENTICATION_FAILED,19,RETRY_NOW,0
0.5384615384615384,0.6111111111111112,3362.77,NETBANKING,YESBANK,INSUFFICIENT_FUNDS,14,SEND_REMINDER,0
0.9545454545454546,1.0,6217.52,WALLET,AXIS,NETWORK_ERROR,21,RETRY_LATER,1
0.9523809523809523,0.2,6711.9,NETBANKING,AXIS,LIMIT_EXCEEDED,21,RETRY_NOW,1
0.9444444444444444,0.2,1440.73,CARD,HDFC,CARD_EXPIRED,21,RETRY_NOW,0
0.8205128205128205,0.42857142857142855,3007.1,NETBANKING,ICICI,BANK_TIMEOUT,5,RETRY_LATER,0
0.8627450980392157,1.0,8217.35,WALLET,HDFC,AUTHENTICATION_FAILED,11,SEND_REMINDER,1
0.9210526315789473,1.0,6794.21,NETBANKING,AXIS,CARD_EXPIRED,8,RETRY_LATER,1
1.0,0.0,2400.83,CARD,ICICI,INSUFFICIENT_FUNDS,1,SEND_REMINDER,0
0.45454545454545453,0.8333333333333334,8997.05,NETBANKING,AXIS,INSUFFICIENT_FUNDS,23,RETRY_NOW,1
0.8085106382978723,0.5,7937.14,WALLET,AXIS,BANK_TIMEOUT,8,RETRY_LATER,0
0.8955223880597015,0.0,8116.96,NETBANKING,YESBANK,CARD_EXPIRED,22,NO_ACTION,0
0.34615384615384615,0.5882352941176471,3339.38,WALLET,ICICI,NETWORK_ERROR,20,RETRY_NOW,0
0.9090909090909091,0.5,1602.95,CARD,SBI,BANK_TIMEOUT,15,SEND_REMINDER,0
0.9534883720930233,1.0,1529.13,WALLET,ICICI,BANK_TIMEOUT,18,RETRY_LATER,1
0.7727272727272727,0.3,8866.82,CARD,SBI,LIMIT_EXCEEDED,21,NO_ACTION,0
0.9818181818181818,1.0,5016.0,CARD,ICICI,NETWORK_ERROR,2,RETRY_NOW,1
0.8761904761904762,0.3076923076923077,7572.74,NETBANKING,AXIS,INSUFFICIENT_FUNDS,6,NO_ACTION,0
0.8539325842696629,0.23076923076923078,4429.79,UPI,ICICI,AUTHENTICATION_FAILED,18,NO_ACTION,0
0.525,0.631578947368421,9755.59,WALLET,SBI,CARD_EXPIRED,16,RETRY_LATER,0
0.9636363636363636,0.0,4631.62,UPI,KOTAK,LIMIT_EXCEEDED,19,RETRY_NOW,0
0.8155339805825242,0.42105263157894735,6239.54,CARD,AXIS,LIMIT_EXCEEDED,17,RETRY_NOW,0
0.96875,0.5,5399.79,WALLET,AXIS,AUTHENTICATION_FAILED,22,RETRY_LATER,0
0.6153846153846154,0.6,3908.87,NETBANKING,AXIS,CARD_EXPIRED,12,NO_ACTION,0
0.8947368421052632,0.125,4495.51,WALLET,ICICI,LIMIT_EXCEEDED,23,NO_ACTION,0
0.8558558558558559,0.1875,4517.12,NETBANKING,ICICI,CARD_EXPIRED,3,RETRY_NOW,0
0.8831168831168831,0.6666666666666666,3801.99,WALLET,SBI,LIMIT_EXCEEDED,19,SEND_REMINDER,1
0.782608695652174,0.15,3647.72,UPI,AXIS,BANK_TIMEOUT,4,RETRY_NOW,1
0.8958333333333334,0.0,4679.83,WALLET,KOTAK,CARD_EXPIRED,0,RETRY_NOW,0
0.8208955223880597,0.5,8935.9,UPI,ICICI,LIMIT_EXCEEDED,21,RETRY_NOW,0
0.7402597402597403,1.0,1024.8,NETBANKING,KOTAK,INSUFFICIENT_FUNDS,3,NO_ACTION,0
0.6842105263157895,0.7777777777777778,2802.93,NETBANKING,KOTAK,INSUFFICIENT_FUNDS,15,NO_ACTION,0
0.8421052631578947,0.6666666666666666,479.02,CARD,YESBANK,INSUFFICIENT_FUNDS,8,NO_ACTION,0
0.8247422680412371,1.0,1229.88,UPI,AXIS,CARD_EXPIRED,4,NO_ACTION,0
0.7402597402597403,0.35,7997.29,UPI,YESBANK,LIMIT_EXCEEDED,1,SEND_REMINDER,1
1.0,0.0,3204.01,CARD,YESBANK,NETWORK_ERROR,8,NO_ACTION,0
0.7796610169491526,0.3076923076923077,6738.3,WALLET,YESBANK,INSUFFICIENT_FUNDS,5,RETRY_LATER,0
0.9390243902439024,1.0,4998.3,NETBANKING,YESBANK,NETWORK_ERROR,14,NO_ACTION,0
0.45454545454545453,0.5,2600.71,UPI,YESBANK,AUTHENTICATION_FAILED,5,NO_ACTION,0
0.45454545454545453,0.5,277.47,WALLET,AXIS,BANK_TIMEOUT,6,NO_ACTION,0
0.803921568627451,1.0,1059.41,UPI,AXIS,INSUFFICIENT_FUNDS,0,SEND_REMINDER,1
0.9636363636363636,0.0,4631.62,UPI,KOTAK,LIMIT_EXCEEDED,19,SEND_REMINDER,0
0.98989898989899,1.0,2086.78,NETBANKING,YESBANK,CARD_EXPIRED,17,RETRY_NOW,1
0.8571428571428571,0.7142857142857143,7077.58,CARD,YESBANK,NETWORK_ERROR,21,RETRY_LATER,1
0.9615384615384616,0.5,1445.62,UPI,AXIS,NETWORK_ERROR,4,SEND_REMINDER,0
0.8235294117647058,0.0,5949.36,CARD,SBI,CARD_EXPIRED,6,SEND_REMINDER,1
0.9807692307692307,1.0,4715.68,NETBANKING,SBI,NETWORK_ERROR,7,RETRY_LATER,1
0.8846153846153846,1.0,579.09,NETBANKING,ICICI,NETWORK_ERROR,22,SEND_REMINDER,1
0.8125,0.2,6938.19,WALLET,AXIS,BANK_TIMEOUT,15,SEND_REMINDER,0
0.703125,0.47368421052631576,3324.96,NETBANKING,AXIS,CARD_EXPIRED,19,RETRY_NOW,0
0.9038461538461539,0.7,3800.35,CARD,AXIS,INSUFFICIENT_FUNDS,21,RETRY_LATER,1
0.9263157894736842,0.42857142857142855,2106.77,CARD,YESBANK,CARD_EXPIRED,8,NO_ACTION,0
0.8769230769230769,0.125,7071.75,CARD,HDFC,CARD_EXPIRED,7,NO_ACTION,0
0.7530864197530864,0.5,5862.92,NETBANKING,AXIS,INSUFFICIENT_FUNDS,8,NO_ACTION,0
1.0,0.0,3059.09,NETBANKING,KOTAK,BANK_TIMEOUT,10,RETRY_NOW,0
0.9326923076923077,0.7142857142857143,4225.04,WALLET,HDFC,AUTHENTICATION_FAILED,7,RETRY_NOW,0
0.8571428571428571,0.2,447.34,UPI,AXIS,INSUFFICIENT_FUNDS,19,RETRY_NOW,0
0.8902439024390244,1.0,2243.01,WALLET,KOTAK,INSUFFICIENT_FUNDS,1,SEND_REMINDER,1
0.65,1.0,2053.75,WALLET,AXIS,BANK_TIMEOUT,20,RETRY_NOW,1
0.8288288288288288,0.8421052631578947,2598.53,CARD,KOTAK,CARD_EXPIRED,4,NO_ACTION,0
0.8620689655172413,0.75,9125.1,NETBANKING,SBI,LIMIT_EXCEEDED,1,NO_ACTION,0
0.8941176470588236,0.2222222222222222,512.52,CARD,YESBANK,AUTHENTICATION_FAILED,17,SEND_REMINDER,0
0.7397260273972602,1.0,798.47,CARD,SBI,LIMIT_EXCEEDED,8,RETRY_LATER,0
0.9479166666666666,0.6,1074.59,UPI,YESBANK,NETWORK_ERROR,22,NO_ACTION,0
0.8947368421052632,0.125,3304.56,CARD,YESBANK,CARD_EXPIRED,20,NO_ACTION,0
0.9506172839506173,1.0,467.62,UPI,KOTAK,INSUFFICIENT_FUNDS,1,SEND_REMINDER,1
0.4375,0.2777777777777778,6436.95,CARD,KOTAK,INSUFFICIENT_FUNDS,13,RETRY_LATER,0
0.8888888888888888,0.25,6976.38,CARD,HDFC,NETWORK_ERROR,18,NO_ACTION,0
0.8990825688073395,0.2727272727272727,7095.25,CARD,SBI,CARD_EXPIRED,17,RETRY_NOW,0
0.6666666666666666,0.125,3693.65,CARD,AXIS,LIMIT_EXCEEDED,16,SEND_REMINDER,0
0.6666666666666666,0.5714285714285714,6296.93,NETBANKING,HDFC,INSUFFICIENT_FUNDS,12,NO_ACTION,0
0.6938775510204082,0.06666666666666667,8984.41,WALLET,AXIS,INSUFFICIENT_FUNDS,10,NO_ACTION,0
0.6923076923076923,0.5,3718.13,UPI,ICICI,CARD_EXPIRED,2,SEND_REMINDER,1
0.5384615384615384,0.0,9644.95,WALLET,YESBANK,INSUFFICIENT_FUNDS,5,RETRY_NOW,0
0.8222222222222222,0.875,7481.1,NETBANKING,HDFC,LIMIT_EXCEEDED,15,RETRY_NOW,1
0.8596491228070176,0.5625,3074.23,CARD,ICICI,BANK_TIMEOUT,2,RETRY_NOW,1
0.8596491228070176,0.5625,201.91,UPI,AXIS,AUTHENTICATION_FAILED,14,RETRY_NOW,0
0.726027397260274,0.25,2142.75,WALLET,KOTAK,NETWORK_ERROR,6,NO_ACTION,0
0.726027397260274,0.05,5324.46,CARD,AXIS,AUTHENTICATION_FAILED,9,NO_ACTION,0
0.6904761904761905,0.07692307692307693,4288.32,CARD,KOTAK,INSUFFICIENT_FUNDS,12,RETRY_LATER,1
0.6666666666666666,0.0,5448.78,NETBANKING,SBI,AUTHENTICATION_FAILED,6,RETRY_NOW,1
0.8761904761904762,0.3076923076923077,546.32,CARD,HDFC,INSUFFICIENT_FUNDS,6,SEND_REMINDER,1
0.975609756097561,0.0,6241.9,NETBANKING,AXIS,AUTHENTICATION_FAILED,6,NO_ACTION,0
0.7428571428571429,0.2222222222222222,6936.87,CARD,HDFC,INSUFFICIENT_FUNDS,13,RETRY_NOW,0
0.7671232876712328,0.5882352941176471,2080.14,CARD,KOTAK,LIMIT_EXCEEDED,9,SEND_REMINDER,0
0.5,0.8333333333333334,1367.72,CARD,ICICI,INSUFFICIENT_FUNDS,15,RETRY_NOW,1
0.3,0.5714285714285714,5347.63,CARD,YESBANK,AUTHENTICATION_FAILED,9,RETRY_NOW,1
0.5384615384615384,0.6666666666666666,1169.53,CARD,AXIS,INSUFFICIENT_FUNDS,7,NO_ACTION,0
0.75,1.0,4072.27,WALLET,HDFC,INSUFFICIENT_FUNDS,14,RETRY_LATER,1
0.574468085106383,0.2,3523.96,CARD,SBI,BANK_TIMEOUT,15,NO_ACTION,0
0.9540229885057471,0.5,4719.82,CARD,HDFC,AUTHENTICATION_FAILED,8,RETRY_NOW,0
0.8591549295774648,0.4,7103.34,NETBANKING,YESBANK,CARD_EXPIRED,13,RETRY_NOW,0
0.6052631578947368,0.2,4634.92,WALLET,SBI,INSUFFICIENT_FUNDS,21,NO_ACTION,0
0.8918918918918919,0.5,6302.05,NETBANKING,SBI,INSUFFICIENT_FUNDS,5,RETRY_LATER,0
0.8701298701298701,0.9,4869.29,UPI,SBI,CARD_EXPIRED,6,NO_ACTION,0
0.8125,0.3333333333333333,1456.99,WALLET,ICICI,NETWORK_ERROR,2,SEND_REMINDER,1
0.8365384615384616,0.7058823529411765,7993.59,NETBANKING,ICICI,AUTHENTICATION_FAILED,3,RETRY_NOW,0
0.72,0.5714285714285714,3318.71,WALLET,AXIS,CARD_EXPIRED,15,RETRY_NOW,0
0.8028169014084507,0.5,658.66,NETBANKING,SBI,CARD_EXPIRED,20,SEND_REMINDER,0
0.7407407407407407,0.35714285714285715,6963.87,NETBANKING,ICICI,NETWORK_ERROR,23,SEND_REMINDER,0
0.9230769230769231,1.0,4725.71,UPI,KOTAK,LIMIT_EXCEEDED,7,RETRY_LATER,0
0.8923076923076924,0.2857142857142857,1375.42,WALLET,SBI,AUTHENTICATION_FAILED,7,NO_ACTION,0
0.96875,0.5,2256.58,NETBANKING,AXIS,LIMIT_EXCEEDED,14,NO_ACTION,0
0.2727272727272727,0.375,4736.53,UPI,SBI,LIMIT_EXCEEDED,21,NO_ACTION,0
0.896551724137931,0.8888888888888888,9652.02,NETBANKING,KOTAK,NETWORK_ERROR,7,RETRY_NOW,0
0.9230769230769231,0.6,8581.92,CARD,SBI,NETWORK_ERROR,4,RETRY_LATER,1
0.9795918367346939,0.5,888.37,NETBANKING,ICICI,BANK_TIMEOUT,18,RETRY_LATER,1
0.7073170731707317,0.25,9252.07,UPI,YESBANK,CARD_EXPIRED,9,RETRY_LATER,0
0.7647058823529411,0.125,3046.88,CARD,KOTAK,NETWORK_ERROR,18,SEND_REMINDER,1
0.9615384615384616,0.5,5059.79,WALLET,HDFC,INSUFFICIENT_FUNDS,5,RETRY_NOW,0
0.7916666666666666,0.2,1420.32,CARD,AXIS,INSUFFICIENT_FUNDS,11,RETRY_NOW,0
0.7681159420289855,0.4375,5532.36,WALLET,ICICI,CARD_EXPIRED,14,RETRY_LATER,0
0.7746478873239436,0.5625,1836.07,CARD,HDFC,INSUFFICIENT_FUNDS,12,RETRY_LATER,1
0.8494623655913979,0.35714285714285715,2241.53,WALLET,AXIS,NETWORK_ERROR,3,RETRY_NOW,0
0.8095238095238095,1.0,2675.66,WALLET,HDFC,LIMIT_EXCEEDED,4,RETRY_NOW,1
0.8837209302325582,0.2,3272.51,CARD,ICICI,LIMIT_EXCEEDED,8,NO_ACTION,0
0.8762886597938144,0.0,7427.13,UPI,YESBANK,LIMIT_EXCEEDED,17,SEND_REMINDER,0
0.7608695652173914,0.2727272727272727,8224.03,UPI,YESBANK,NETWORK_ERROR,16,NO_ACTION,0
0.9625,0.0,8798.48,WALLET,SBI,AUTHENTICATION_FAILED,20,RETRY_LATER,0
0.7083333333333334,0.14285714285714285,2760.59,UPI,ICICI,LIMIT_EXCEEDED,7,RETRY_NOW,1
0.78125,0.7142857142857143,6600.96,NETBANKING,YESBANK,LIMIT_EXCEEDED,12,NO_ACTION,0
0.7285714285714285,0.7894736842105263,4853.83,WALLET,ICICI,AUTHENTICATION_FAILED,20,RETRY_LATER,0
0.927710843373494,0.8333333333333334,9787.55,NETBANKING,ICICI,BANK_TIMEOUT,21,SEND_REMINDER,1
0.8148148148148148,0.2,4767.88,NETBANKING,YESBANK,LIMIT_EXCEEDED,17,RETRY_NOW,0
0.8253968253968254,1.0,7120.63,NETBANKING,YESBANK,AUTHENTICATION_FAILED,13,RETRY_LATER,1
0.8809523809523809,1.0,3875.02,WALLET,HDFC,CARD_EXPIRED,19,NO_ACTION,0
0.78125,0.7142857142857143,3299.13,NETBANKING,KOTAK,LIMIT_EXCEEDED,1,SEND_REMINDER,1
0.9807692307692307,1.0,8727.0,NETBANKING,KOTAK,NETWORK_ERROR,15,NO_ACTION,0
0.7619047619047619,0.35,5894.52,UPI,KOTAK,BANK_TIMEOUT,0,RETRY_LATER,1
0.8909090909090909,0.25,3686.11,WALLET,ICICI,NETWORK_ERROR,2,SEND_REMINDER,1
0.9230769230769231,1.0,983.36,CARD,ICICI,AUTHENTICATION_FAILED,11,RETRY_LATER,1
0.32142857142857145,0.9473684210526315,1532.8,CARD,HDFC,LIMIT_EXCEEDED,18,SEND_REMINDER,1
0.7361111111111112,0.631578947368421,1954.08,NETBANKING,KOTAK,LIMIT_EXCEEDED,8,SEND_REMINDER,0
0.6382978723404256,0.058823529411764705,3509.62,UPI,SBI,NETWORK_ERROR,8,RETRY_NOW,0
0.9473684210526315,0.0,6267.88,WALLET,AXIS,BANK_TIMEOUT,0,RETRY_LATER,1
0.8761904761904762,0.3076923076923077,7572.74,NETBANKING,AXIS,INSUFFICIENT_FUNDS,6,RETRY_LATER,1
0.8947368421052632,1.0,1694.47,CARD,ICICI,LIMIT_EXCEEDED,2,RETRY_NOW,0
0.7746478873239436,0.5625,2175.82,UPI,SBI,INSUFFICIENT_FUNDS,12,SEND_REMINDER,1
0.7,0.5,6376.97,CARD,KOTAK,AUTHENTICATION_FAILED,16,NO_ACTION,0
0.574468085106383,0.2,3523.96,CARD,SBI,BANK_TIMEOUT,15,RETRY_NOW,0
0.8157894736842105,0.0,3547.63,CARD,ICICI,NETWORK_ERROR,9,RETRY_NOW,1
0.5384615384615384,0.25,4433.23,CARD,ICICI,CARD_EXPIRED,10,NO_ACTION,0
0.7671232876712328,0.5882352941176471,7741.57,UPI,YESBANK,CARD_EXPIRED,13,RETRY_LATER,1
0.8918918918918919,0.5,6302.05,NETBANKING,SBI,INSUFFICIENT_FUNDS,5,NO_ACTION,0
0.9523809523809523,1.0,8931.97,UPI,ICICI,INSUFFICIENT_FUNDS,0,SEND_REMINDER,1
0.7111111111111111,0.9230769230769231,1567.79,UPI,HDFC,BANK_TIMEOUT,18,RETRY_NOW,1
1.0,0.0,6367.14,UPI,SBI,INSUFFICIENT_FUNDS,12,RETRY_NOW,0
0.5714285714285714,0.0,5274.32,CARD,YESBANK,LIMIT_EXCEEDED,22,RETRY_LATER,1
0.883495145631068,0.75,9714.13,WALLET,ICICI,INSUFFICIENT_FUNDS,3,SEND_REMINDER,0
0.851063829787234,0.8571428571428571,8178.51,UPI,YESBANK,BANK_TIMEOUT,22,SEND_REMINDER,1
1.0,0.0,4813.55,UPI,KOTAK,INSUFFICIENT_FUNDS,20,RETRY_LATER,0
0.5833333333333334,0.2,276.62,CARD,HDFC,AUTHENTICATION_FAILED,14,RETRY_NOW,1
0.7638888888888888,0.17647058823529413,5213.37,WALLET,YESBANK,LIMIT_EXCEEDED,6,RETRY_LATER,0
0.7666666666666667,0.9285714285714286,7719.67,WALLET,AXIS,LIMIT_EXCEEDED,14,SEND_REMINDER,1
0.696969696969697,0.7,9584.09,CARD,KOTAK,BANK_TIMEOUT,10,SEND_REMINDER,0
0.9787234042553191,0.0,4618.55,UPI,KOTAK,BANK_TIMEOUT,16,NO_ACTION,0
0.8831168831168831,0.7777777777777778,1221.03,NETBANKING,ICICI,CARD_EXPIRED,5,RETRY_LATER,0
0.8691588785046729,0.7857142857142857,7578.88,NETBANKING,SBI,BANK_TIMEOUT,3,SEND_REMINDER,1
0.8,0.17647058823529413,1652.16,UPI,AXIS,CARD_EXPIRED,15,NO_ACTION,0
0.8431372549019608,0.0,2820.51,CARD,YESBANK,NETWORK_ERROR,19,NO_ACTION,0
0.8135593220338984,0.0,1589.07,CARD,SBI,NETWORK_ERROR,4,RETRY_LATER,0
0.5,0.09090909090909091,7159.72,CARD,SBI,INSUFFICIENT_FUNDS,13,SEND_REMINDER,1
0.4090909090909091,0.5384615384615384,7608.75,WALLET,HDFC,BANK_TIMEOUT,17,RETRY_NOW,1
0.9245283018867925,0.75,8884.1,CARD,KOTAK,LIMIT_EXCEEDED,15,RETRY_NOW,0
0.9016393442622951,0.0,3983.29,CARD,HDFC,NETWORK_ERROR,8,SEND_REMINDER,1
0.5294117647058824,0.75,5696.68,NETBANKING,KOTAK,BANK_TIMEOUT,8,SEND_REMINDER,1
0.8222222222222222,0.875,7481.1,NETBANKING,HDFC,LIMIT_EXCEEDED,15,SEND_REMINDER,1
0.9210526315789473,1.0,1238.91,UPI,ICICI,BANK_TIMEOUT,12,RETRY_NOW,0
0.8392857142857143,0.0,4502.37,UPI,SBI,INSUFFICIENT_FUNDS,22,RETRY_LATER,0
0.5,0.6428571428571429,2680.59,UPI,YESBANK,NETWORK_ERROR,17,RETRY_LATER,0
0.6744186046511628,0.14285714285714285,6382.59,UPI,ICICI,INSUFFICIENT_FUNDS,23,RETRY_LATER,0
0.7,0.5555555555555556,6766.1,WALLET,HDFC,CARD_EXPIRED,20,NO_ACTION,0
0.8876404494382022,0.8,9582.19,CARD,KOTAK,NETWORK_ERROR,23,SEND_REMINDER,0
0.2962962962962963,0.15789473684210525,5421.13,CARD,SBI,INSUFFICIENT_FUNDS,8,NO_ACTION,0
0.8130841121495327,0.4,4214.77,UPI,SBI,INSUFFICIENT_FUNDS,12,NO_ACTION,0
0.9340659340659341,0.3333333333333333,9974.22,WALLET,SBI,NETWORK_ERROR,22,NO_ACTION,0
0.5384615384615384,0.08333333333333333,4920.03,UPI,HDFC,BANK_TIMEOUT,23,SEND_REMINDER,0
0.7741935483870968,0.35714285714285715,7269.62,NETBANKING,ICICI,INSUFFICIENT_FUNDS,21,NO_ACTION,0
0.9411764705882353,0.0,227.61,WALLET,KOTAK,BANK_TIMEOUT,8,RETRY_LATER,0
0.4444444444444444,0.6,5473.2,WALLET,KOTAK,BANK_TIMEOUT,5,NO_ACTION,0
0.8924731182795699,0.4,2652.85,WALLET,SBI,CARD_EXPIRED,19,NO_ACTION,0
0.5,0.8333333333333334,3453.78,UPI,ICICI,NETWORK_ERROR,9,NO_ACTION,0
0.8947368421052632,0.625,3411.28,NETBANKING,KOTAK,LIMIT_EXCEEDED,16,NO_ACTION,0
0.7419354838709677,0.3125,2999.81,UPI,AXIS,NETWORK_ERROR,16,NO_ACTION,0
0.9213483146067416,1.0,5140.95,NETBANKING,ICICI,LIMIT_EXCEEDED,10,RETRY_LATER,1
0.8208955223880597,0.5833333333333334,9334.51,UPI,YESBANK,BANK_TIMEOUT,3,NO_ACTION,0
0.7291666666666666,0.3076923076923077,6529.56,CARD,YESBANK,INSUFFICIENT_FUNDS,18,NO_ACTION,0
0.7333333333333333,0.625,3355.02,UPI,ICICI,NETWORK_ERROR,13,NO_ACTION,0
0.8725490196078431,0.38461538461538464,8080.67,WALLET,SBI,CARD_EXPIRED,8,RETRY_NOW,0
0.7115384615384616,0.8,6768.49,NETBANKING,ICICI,NETWORK_ERROR,20,SEND_REMINDER,1
0.797752808988764,0.5,1129.41,UPI,ICICI,AUTHENTICATION_FAILED,10,NO_ACTION,0
0.88,0.3333333333333333,3787.15,WALLET,YESBANK,BANK_TIMEOUT,5,RETRY_LATER,0
0.8585858585858586,1.0,4539.37,NETBANKING,SBI,CARD_EXPIRED,16,SEND_REMINDER,1
0.72,0.5714285714285714,8967.86,UPI,HDFC,AUTHENTICATION_FAILED,20,RETRY_LATER,0
0.9827586206896551,0.0,9132.34,NETBANKING,AXIS,BANK_TIMEOUT,7,SEND_REMINDER,0
0.46153846153846156,0.42857142857142855,2976.51,CARD,AXIS,CARD_EXPIRED,22,SEND_REMINDER,1
0.88,0.3333333333333333,6956.15,UPI,ICICI,NETWORK_ERROR,12,RETRY_NOW,0
0.7681159420289855,0.4375,6786.59,WALLET,ICICI,INSUFFICIENT_FUNDS,5,RETRY_LATER,1
0.8235294117647058,0.0,917.42,UPI,YESBANK,BANK_TIMEOUT,21,SEND_REMINDER,0
0.7647058823529411,0.125,9794.97,UPI,ICICI,BANK_TIMEOUT,3,RETRY_NOW,1
0.825,0.0,5650.74,CARD,AXIS,INSUFFICIENT_FUNDS,11,RETRY_NOW,0
0.7721518987341772,0.3333333333333333,9403.09,NETBANKING,YESBANK,AUTHENTICATION_FAILED,11,SEND_REMINDER,1
0.6666666666666666,0.125,1030.78,CARD,AXIS,LIMIT_EXCEEDED,4,RETRY_LATER,1
0.9186046511627907,0.2857142857142857,6576.55,CARD,YESBANK,BANK_TIMEOUT,12,NO_ACTION,0
0.8947368421052632,0.125,2063.19,WALLET,AXIS,AUTHENTICATION_FAILED,11,NO_ACTION,0
0.797752808988764,0.5,7553.2,WALLET,HDFC,BANK_TIMEOUT,17,NO_ACTION,0
0.6136363636363636,0.058823529411764705,5101.78,UPI,ICICI,LIMIT_EXCEEDED,14,NO_ACTION,0
0.9761904761904762,1.0,5767.96,CARD,AXIS,LIMIT_EXCEEDED,16,SEND_REMINDER,1
0.8392857142857143,0.0,4502.37,UPI,SBI,INSUFFICIENT_FUNDS,22,NO_ACTION,0
0.9117647058823529,0.3333333333333333,818.5,NETBANKING,ICICI,NETWORK_ERROR,3,RETRY_NOW,0
0.8064516129032258,0.6666666666666666,7945.64,WALLET,HDFC,INSUFFICIENT_FUNDS,21,RETRY_LATER,0
0.7,0.5555555555555556,6157.0,UPI,SBI,INSUFFICIENT_FUNDS,11,RETRY_LATER,1
0.5,0.8333333333333334,8807.83,CARD,ICICI,CARD_EXPIRED,6,SEND_REMINDER,1
0.9523809523809523,0.6,3973.32,NETBANKING,KOTAK,AUTHENTICATION_FAILED,14,RETRY_NOW,1
0.8131868131868132,0.29411764705882354,4532.99,WALLET,ICICI,LIMIT_EXCEEDED,7,RETRY_LATER,0
0.803921568627451,1.0,1059.41,UPI,AXIS,INSUFFICIENT_FUNDS,0,NO_ACTION,0
0.8888888888888888,0.5,4212.1,WALLET,HDFC,NETWORK_ERROR,17,NO_ACTION,0
0.9340659340659341,0.3333333333333333,7063.41,WALLET,ICICI,BANK_TIMEOUT,18,RETRY_NOW,1
0.8181818181818182,0.2777777777777778,6173.84,UPI,HDFC,LIMIT_EXCEEDED,23,SEND_REMINDER,1
0.8478260869565217,0.0,6325.32,CARD,AXIS,LIMIT_EXCEEDED,3,NO_ACTION,0
0.974025974025974,1.0,2846.91,CARD,ICICI,INSUFFICIENT_FUNDS,14,SEND_REMINDER,0
0.7272727272727273,0.4166666666666667,2354.96,NETBANKING,ICICI,AUTHENTICATION_FAILED,16,SEND_REMINDER,0
0.9787234042553191,0.5,2211.63,CARD,KOTAK,NETWORK_ERROR,8,SEND_REMINDER,0
0.8494623655913979,0.35714285714285715,3796.43,WALLET,AXIS,INSUFFICIENT_FUNDS,18,SEND_REMINDER,1
0.979381443298969,0.5,9588.49,NETBANKING,KOTAK,INSUFFICIENT_FUNDS,8,NO_ACTION,0
0.8095238095238095,0.25,3242.34,CARD,KOTAK,NETWORK_ERROR,13,RETRY_LATER,1
0.6938775510204082,0.8666666666666667,7736.47,CARD,HDFC,BANK_TIMEOUT,1,SEND_REMINDER,1
0.8275862068965517,0.3333333333333333,556.8,UPI,ICICI,NETWORK_ERROR,21,RETRY_NOW,0
0.8222222222222222,0.0,4554.02,CARD,AXIS,LIMIT_EXCEEDED,4,SEND_REMINDER,0
0.6779661016949152,1.0,6538.99,WALLET,HDFC,CARD_EXPIRED,20,RETRY_LATER,1
0.8983050847457628,0.8333333333333334,1283.26,CARD,HDFC,BANK_TIMEOUT,2,NO_ACTION,0
0.375,0.0,8404.4,WALLET,ICICI,NETWORK_ERROR,14,RETRY_LATER,1
0.8103448275862069,0.7272727272727273,8145.51,UPI,YESBANK,LIMIT_EXCEEDED,13,RETRY_LATER,1
0.84,0.25,3675.57,UPI,KOTAK,CARD_EXPIRED,14,RETRY_NOW,1
0.9801980198019802,0.0,7795.37,UPI,HDFC,INSUFFICIENT_FUNDS,18,NO_ACTION,0
0.726027397260274,0.05,6664.39,WALLET,ICICI,NETWORK_ERROR,12,NO_ACTION,0
0.8709677419354839,0.5,7342.0,UPI,KOTAK,LIMIT_EXCEEDED,9,NO_ACTION,0
0.8777777777777778,0.8181818181818182,6896.08,NETBANKING,ICICI,AUTHENTICATION_FAILED,6,NO_ACTION,0
0.8508771929824561,0.8823529411764706,5672.48,CARD,KOTAK,INSUFFICIENT_FUNDS,10,RETRY_NOW,0
0.6727272727272727,0.7222222222222222,2854.82,UPI,HDFC,LIMIT_EXCEEDED,7,RETRY_NOW,1
0.703125,0.47368421052631576,3324.96,NETBANKING,AXIS,CARD_EXPIRED,19,NO_ACTION,0
0.48,0.38461538461538464,7632.42,WALLET,SBI,LIMIT_EXCEEDED,6,NO_ACTION,0
0.9830508474576272,1.0,7775.15,UPI,SBI,BANK_TIMEOUT,22,NO_ACTION,0
0.7872340425531915,0.55,893.53,WALLET,SBI,AUTHENTICATION_FAILED,7,RETRY_LATER,1
0.7564102564102564,0.3157894736842105,2174.48,NETBANKING,KOTAK,LIMIT_EXCEEDED,15,SEND_REMINDER,1
0.7021276595744681,0.0,8645.03,UPI,HDFC,LIMIT_EXCEEDED,19,RETRY_NOW,0
0.8941176470588236,0.2222222222222222,2047.05,UPI,ICICI,AUTHENTICATION_FAILED,5,RETRY_NOW,0
0.9090909090909091,0.5,1602.95,CARD,SBI,BANK_TIMEOUT,15,RETRY_NOW,1
0.7291666666666666,0.3076923076923077,6529.56,CARD,YESBANK,INSUFFICIENT_FUNDS,18,RETRY_LATER,0
0.84,0.6875,666.76,CARD,SBI,AUTHENTICATION_FAILED,1,RETRY_NOW,0
0.8380952380952381,0.29411764705882354,5560.07,UPI,SBI,AUTHENTICATION_FAILED,10,NO_ACTION,0
0.7142857142857143,0.0,6813.2,WALLET,AXIS,NETWORK_ERROR,19,RETRY_NOW,0
0.8153846153846154,0.08333333333333333,5258.12,UPI,ICICI,LIMIT_EXCEEDED,9,RETRY_NOW,0
0.8431372549019608,0.0,4511.43,WALLET,ICICI,AUTHENTICATION_FAILED,6,RETRY_LATER,0
0.8347826086956521,0.7368421052631579,4685.02,NETBANKING,SBI,NETWORK_ERROR,9,RETRY_LATER,1
0.48,0.38461538461538464,7632.42,WALLET,SBI,LIMIT_EXCEEDED,6,RETRY_NOW,0
0.9661016949152542,1.0,3995.68,UPI,ICICI,BANK_TIMEOUT,8,RETRY_LATER,1
0.8947368421052632,0.6666666666666666,9183.07,NETBANKING,ICICI,LIMIT_EXCEEDED,13,RETRY_NOW,0
0.96,1.0,7041.08,WALLET,KOTAK,AUTHENTICATION_FAILED,2,SEND_REMINDER,1
0.8556701030927835,0.9285714285714286,2230.42,WALLET,HDFC,BANK_TIMEOUT,0,SEND_REMINDER,0
0.75,0.6428571428571429,7224.84,CARD,SBI,LIMIT_EXCEEDED,11,SEND_REMINDER,1
0.8490566037735849,0.9375,2973.06,NETBANKING,KOTAK,INSUFFICIENT_FUNDS,14,RETRY_NOW,1
0.5348837209302325,0.4,4364.63,UPI,SBI,INSUFFICIENT_FUNDS,15,RETRY_LATER,0
0.8461538461538461,1.0,4371.98,WALLET,HDFC,INSUFFICIENT_FUNDS,22,RETRY_NOW,0
0.8666666666666667,0.42857142857142855,1323.9,CARD,HDFC,INSUFFICIENT_FUNDS,21,RETRY_LATER,1
0.7258064516129032,0.6470588235294118,198.02,UPI,SBI,LIMIT_EXCEEDED,10,RETRY_NOW,0
0.8829787234042553,0.18181818181818182,5091.37,WALLET,YESBANK,AUTHENTICATION_FAILED,2,RETRY_LATER,0
0.7142857142857143,0.0,7842.86,NETBANKING,AXIS,LIMIT_EXCEEDED,2,RETRY_LATER,1
0.8229166666666666,0.7647058823529411,3526.17,UPI,AXIS,CARD_EXPIRED,8,RETRY_NOW,1
1.0,0.0,4262.24,NETBANKING,SBI,INSUFFICIENT_FUNDS,21,SEND_REMINDER,1
0.8222222222222222,0.1875,4771.63,UPI,YESBANK,AUTHENTICATION_FAILED,21,SEND_REMINDER,1
0.5555555555555556,0.5,8873.25,CARD,YESBANK,NETWORK_ERROR,20,RETRY_LATER,0
0.8347826086956521,0.7368421052631579,4025.38,UPI,AXIS,INSUFFICIENT_FUNDS,18,RETRY_NOW,0
0.8596491228070176,1.0,618.03,UPI,KOTAK,LIMIT_EXCEEDED,10,NO_ACTION,0
0.8148148148148148,0.2,5897.11,UPI,AXIS,AUTHENTICATION_FAILED,15,RETRY_NOW,1
0.926829268292683,0.6666666666666666,5523.29,WALLET,ICICI,LIMIT_EXCEEDED,1,RETRY_LATER,1
0.8888888888888888,0.875,7357.54,UPI,YESBANK,AUTHENTICATION_FAILED,10,NO_ACTION,0
0.8235294117647058,0.2777777777777778,5116.69,WALLET,YESBANK,AUTHENTICATION_FAILED,2,SEND_REMINDER,0
0.8591549295774648,0.4,7103.34,NETBANKING,YESBANK,CARD_EXPIRED,13,NO_ACTION,0
0.9444444444444444,0.2,3735.34,CARD,HDFC,BANK_TIMEOUT,1,SEND_REMINDER,0
0.7115384615384616,0.8,7297.35,NETBANKING,ICICI,NETWORK_ERROR,4,RETRY_NOW,0
0.90625,0.0,8776.22,NETBANKING,YESBANK,INSUFFICIENT_FUNDS,23,RETRY_LATER,1
0.7868852459016393,0.46153846153846156,5542.05,UPI,SBI,AUTHENTICATION_FAILED,5,SEND_REMINDER,0
0.9134615384615384,0.7777777777777778,5370.23,CARD,HDFC,NETWORK_ERROR,5,NO_ACTION,0
0.6909090909090909,0.23529411764705882,3772.38,WALLET,HDFC,AUTHENTICATION_FAILED,14,NO_ACTION,0
0.9178082191780822,0.8333333333333334,110.64,NETBANKING,AXIS,NETWORK_ERROR,22,SEND_REMINDER,1
0.7291666666666666,0.3076923076923077,6573.29,CARD,KOTAK,LIMIT_EXCEEDED,23,SEND_REMINDER,0
0.45454545454545453,0.9166666666666666,6193.97,CARD,SBI,NETWORK_ERROR,13,RETRY_NOW,1
0.8243243243243243,0.9230769230769231,3692.84,CARD,YESBANK,CARD_EXPIRED,19,NO_ACTION,0
0.8648648648648649,0.3333333333333333,9977.64,UPI,KOTAK,NETWORK_ERROR,19,RETRY_LATER,1
0.5,0.6666666666666666,5842.2,UPI,AXIS,LIMIT_EXCEEDED,12,RETRY_LATER,0
0.5652173913043478,0.6,8341.54,UPI,SBI,AUTHENTICATION_FAILED,7,SEND_REMINDER,1
0.8375,0.3076923076923077,9472.75,WALLET,KOTAK,AUTHENTICATION_FAILED,4,RETRY_NOW,1
0.8243243243243243,0.9230769230769231,9887.75,UPI,HDFC,NETWORK_ERROR,23,RETRY_NOW,0
0.5294117647058824,0.75,9062.92,UPI,SBI,BANK_TIMEOUT,22,RETRY_NOW,1
0.96875,0.5,518.35,CARD,YESBANK,CARD_EXPIRED,11,RETRY_NOW,0
0.5263157894736842,1.0,5283.68,WALLET,AXIS,CARD_EXPIRED,18,SEND_REMINDER,0
0.6,0.6666666666666666,7953.95,WALLET,HDFC,INSUFFICIENT_FUNDS,21,RETRY_NOW,0
0.8301886792452831,0.3333333333333333,1731.71,UPI,ICICI,NETWORK_ERROR,5,SEND_REMINDER,0
0.8303571428571429,0.3684210526315789,8441.5,WALLET,HDFC,AUTHENTICATION_FAILED,11,RETRY_LATER,1
0.88,0.3333333333333333,3110.42,NETBANKING,AXIS,AUTHENTICATION_FAILED,16,NO_ACTION,0
0.7837837837837838,0.5,9955.33,WALLET,KOTAK,LIMIT_EXCEEDED,21,RETRY_LATER,1
0.7931034482758621,0.8333333333333334,1915.14,NETBANKING,KOTAK,LIMIT_EXCEEDED,2,RETRY_LATER,1
0.7727272727272727,0.3,8316.14,NETBANKING,ICICI,LIMIT_EXCEEDED,0,RETRY_LATER,1
0.8490566037735849,0.9375,6966.19,NETBANKING,SBI,BANK_TIMEOUT,8,RETRY_LATER,1
0.2631578947368421,0.9285714285714286,6912.67,NETBANKING,ICICI,INSUFFICIENT_FUNDS,23,NO_ACTION,0
0.7402597402597403,0.95,9134.33,NETBANKING,HDFC,NETWORK_ERROR,19,RETRY_LATER,1
0.855072463768116,0.5,4509.15,UPI,SBI,NETWORK_ERROR,23,NO_ACTION,0
0.6825396825396826,1.0,4384.01,WALLET,AXIS,BANK_TIMEOUT,16,RETRY_NOW,1
0.9886363636363636,1.0,7572.65,UPI,YESBANK,BANK_TIMEOUT,23,SEND_REMINDER,0
0.8936170212765957,0.1,6065.16,CARD,ICICI,NETWORK_ERROR,6,SEND_REMINDER,1
0.926829268292683,0.6666666666666666,9107.25,WALLET,YESBANK,INSUFFICIENT_FUNDS,23,RETRY_NOW,0
0.723404255319149,0.3076923076923077,5243.64,WALLET,SBI,BANK_TIMEOUT,18,NO_ACTION,0
0.7297297297297297,0.6,1950.59,NETBANKING,ICICI,LIMIT_EXCEEDED,5,RETRY_NOW,0
0.890625,0.42857142857142855,8026.76,CARD,YESBANK,BANK_TIMEOUT,21,RETRY_LATER,1
0.8541666666666666,0.42857142857142855,8986.99,WALLET,SBI,INSUFFICIENT_FUNDS,0,RETRY_LATER,0
0.3333333333333333,0.55,2789.44,CARD,YESBANK,CARD_EXPIRED,3,RETRY_NOW,0
0.7763157894736842,0.29411764705882354,2626.36,CARD,KOTAK,BANK_TIMEOUT,12,NO_ACTION,0
0.822429906542056,0.47368421052631576,4263.25,CARD,KOTAK,CARD_EXPIRED,15,RETRY_NOW,1
0.8876404494382022,0.2,4663.74,WALLET,KOTAK,AUTHENTICATION_FAILED,10,NO_ACTION,0
0.7272727272727273,0.4166666666666667,1190.54,WALLET,YESBANK,NETWORK_ERROR,4,RETRY_NOW,0
0.8952380952380953,0.18181818181818182,7788.97,NETBANKING,SBI,BANK_TIMEOUT,16,SEND_REMINDER,0
0.9230769230769231,1.0,4725.71,UPI,KOTAK,LIMIT_EXCEEDED,7,RETRY_NOW,1
0.7671232876712328,0.5882352941176471,2263.02,WALLET,ICICI,INSUFFICIENT_FUNDS,7,NO_ACTION,0
0.8135593220338984,0.0,4105.89,UPI,HDFC,AUTHENTICATION_FAILED,3,SEND_REMINDER,0
1.0,0.0,5947.13,WALLET,AXIS,INSUFFICIENT_FUNDS,13,RETRY_LATER,0
0.99,1.0,8651.95,CARD,ICICI,CARD_EXPIRED,12,RETRY_NOW,0
0.7619047619047619,0.35,4253.82,CARD,AXIS,BANK_TIMEOUT,20,RETRY_NOW,1
0.8507462686567164,0.7,9937.44,CARD,YESBANK,BANK_TIMEOUT,9,RETRY_NOW,0
0.900990099009901,0.6,9777.26,CARD,ICICI,LIMIT_EXCEEDED,9,RETRY_LATER,1
0.9625,0.0,8848.35,NETBANKING,KOTAK,LIMIT_EXCEEDED,1,RETRY_NOW,0
0.7,0.08333333333333333,4168.99,CARD,KOTAK,CARD_EXPIRED,11,RETRY_NOW,0
0.8936170212765957,0.1,1611.21,UPI,KOTAK,NETWORK_ERROR,7,RETRY_NOW,0
0.9680851063829787,0.6666666666666666,2905.14,NETBANKING,HDFC,CARD_EXPIRED,0,SEND_REMINDER,0
0.8064516129032258,0.6666666666666666,5252.48,NETBANKING,SBI,NETWORK_ERROR,17,RETRY_LATER,1
0.883495145631068,0.75,5126.78,NETBANKING,KOTAK,INSUFFICIENT_FUNDS,9,RETRY_LATER,1
0.8585858585858586,1.0,4471.13,NETBANKING,ICICI,CARD_EXPIRED,1,RETRY_NOW,0
0.8152173913043478,0.8823529411764706,8307.73,CARD,ICICI,AUTHENTICATION_FAILED,1,NO_ACTION,0
0.717948717948718,0.45454545454545453,7958.83,UPI,AXIS,NETWORK_ERROR,10,NO_ACTION,0
0.94,1.0,3985.4,WALLET,AXIS,NETWORK_ERROR,23,RETRY_NOW,1
0.6956521739130435,0.2857142857142857,6285.61,NETBANKING,ICICI,BANK_TIMEOUT,9,RETRY_NOW,1
0.8969072164948454,0.2,4899.08,WALLET,HDFC,CARD_EXPIRED,3,RETRY_LATER,1
0.9056603773584906,0.6,6855.22,CARD,AXIS,NETWORK_ERROR,7,SEND_REMINDER,0
0.8387096774193549,0.7333333333333333,8803.27,CARD,HDFC,LIMIT_EXCEEDED,9,RETRY_NOW,1
0.984375,1.0,3396.69,CARD,ICICI,AUTHENTICATION_FAILED,22,NO_ACTION,0
0.926829268292683,0.6666666666666666,5944.97,CARD,KOTAK,BANK_TIMEOUT,14,NO_ACTION,0
0.6052631578947368,0.2,9130.5,WALLET,KOTAK,LIMIT_EXCEEDED,3,NO_ACTION,0
0.8876404494382022,0.8,4112.47,WALLET,HDFC,NETWORK_ERROR,14,RETRY_LATER,1
0.8433734939759037,0.6923076923076923,3725.35,UPI,KOTAK,LIMIT_EXCEEDED,0,RETRY_NOW,0
0.8454545454545455,0.11764705882352941,9148.08,CARD,YESBANK,BANK_TIMEOUT,4,SEND_REMINDER,1
0.7,0.5,4668.59,UPI,AXIS,AUTHENTICATION_FAILED,2,RETRY_LATER,1
0.8695652173913043,0.75,9861.67,UPI,SBI,INSUFFICIENT_FUNDS,19,NO_ACTION,0
0.9195402298850575,0.2857142857142857,7910.23,CARD,ICICI,CARD_EXPIRED,14,SEND_REMINDER,0
0.7727272727272727,0.3,8599.88,UPI,YESBANK,CARD_EXPIRED,8,SEND_REMINDER,1
0.7432432432432432,0.8947368421052632,5751.72,UPI,ICICI,LIMIT_EXCEEDED,9,NO_ACTION,0
0.8095238095238095,0.16666666666666666,1318.19,CARD,AXIS,INSUFFICIENT_FUNDS,19,RETRY_LATER,0
0.5909090909090909,0.6666666666666666,2146.67,UPI,KOTAK,LIMIT_EXCEEDED,10,SEND_REMINDER,0
0.9848484848484849,0.0,9300.66,WALLET,AXIS,INSUFFICIENT_FUNDS,11,RETRY_LATER,0
0.9375,0.5,497.58,NETBANKING,HDFC,LIMIT_EXCEEDED,10,RETRY_NOW,1
0.8823529411764706,1.0,4552.09,UPI,ICICI,INSUFFICIENT_FUNDS,23,RETRY_LATER,0
0.9655172413793104,0.5,491.65,WALLET,HDFC,NETWORK_ERROR,14,RETRY_NOW,1
0.8365384615384616,0.7058823529411765,1638.94,WALLET,ICICI,INSUFFICIENT_FUNDS,1,RETRY_NOW,1
0.7894736842105263,0.375,8704.17,CARD,ICICI,CARD_EXPIRED,0,RETRY_LATER,1
0.6666666666666666,0.6428571428571429,9132.03,WALLET,AXIS,BANK_TIMEOUT,17,SEND_REMINDER,1
0.8613861386138614,0.5,8984.42,CARD,ICICI,NETWORK_ERROR,18,RETRY_NOW,1
0.34782608695652173,0.4,8917.6,UPI,KOTAK,CARD_EXPIRED,5,NO_ACTION,0
0.9,0.2,4609.48,NETBANKING,KOTAK,CARD_EXPIRED,11,RETRY_NOW,0
0.7,0.5,6376.97,CARD,KOTAK,AUTHENTICATION_FAILED,16,RETRY_NOW,1
0.8571428571428571,0.6875,1522.84,UPI,ICICI,AUTHENTICATION_FAILED,17,RETRY_LATER,1
0.5,0.6666666666666666,9504.17,WALLET,HDFC,LIMIT_EXCEEDED,19,RETRY_LATER,0
0.7746478873239436,0.5625,2115.75,NETBANKING,HDFC,BANK_TIMEOUT,19,RETRY_NOW,1
0.726027397260274,0.05,9296.53,WALLET,KOTAK,BANK_TIMEOUT,9,RETRY_NOW,0
0.7872340425531915,0.55,7039.54,CARD,YESBANK,LIMIT_EXCEEDED,11,RETRY_NOW,0
1.0,0.0,5522.99,CARD,KOTAK,INSUFFICIENT_FUNDS,0,RETRY_NOW,0
0.4090909090909091,0.5384615384615384,6117.33,NETBANKING,HDFC,LIMIT_EXCEEDED,23,RETRY_LATER,0
0.6875,1.0,6683.62,CARD,KOTAK,AUTHENTICATION_FAILED,13,NO_ACTION,0
0.6744186046511628,0.14285714285714285,6382.59,UPI,ICICI,INSUFFICIENT_FUNDS,23,NO_ACTION,0
0.7857142857142857,0.9166666666666666,9150.03,CARD,YESBANK,BANK_TIMEOUT,8,RETRY_NOW,0
0.9428571428571428,0.0,2683.55,WALLET,YESBANK,LIMIT_EXCEEDED,4,SEND_REMINDER,0
0.8222222222222222,0.875,9356.62,UPI,ICICI,LIMIT_EXCEEDED,17,NO_ACTION,0
0.7945205479452054,0.7333333333333333,9857.86,UPI,YESBANK,AUTHENTICATION_FAILED,12,RETRY_NOW,1
0.5,0.6428571428571429,5393.0,NETBANKING,HDFC,BANK_TIMEOUT,20,RETRY_NOW,0
0.7285714285714285,0.7894736842105263,9169.06,WALLET,ICICI,LIMIT_EXCEEDED,9,RETRY_NOW,1
0.8333333333333334,0.9,5199.6,WALLET,ICICI,AUTHENTICATION_FAILED,10,NO_ACTION,0
0.972972972972973,0.0,9142.88,WALLET,ICICI,BANK_TIMEOUT,8,SEND_REMINDER,1
1.0,0.0,7293.33,NETBANKING,YESBANK,AUTHENTICATION_FAILED,13,RETRY_LATER,1
0.9375,0.5,497.58,NETBANKING,HDFC,LIMIT_EXCEEDED,10,NO_ACTION,0
0.90625,0.0,6302.65,UPI,YESBANK,INSUFFICIENT_FUNDS,15,SEND_REMINDER,0
0.92,0.0,9104.05,CARD,KOTAK,AUTHENTICATION_FAILED,1,RETRY_NOW,0
0.84,0.5,6074.82,CARD,ICICI,AUTHENTICATION_FAILED,19,RETRY_NOW,1
0.8135593220338984,0.0,1589.07,CARD,SBI,NETWORK_ERROR,4,NO_ACTION,0
0.9310344827586207,0.75,2245.2,CARD,AXIS,BANK_TIMEOUT,2,SEND_REMINDER,1
0.6808510638297872,0.8666666666666667,136.96,WALLET,KOTAK,LIMIT_EXCEEDED,23,SEND_REMINDER,0
0.7837837837837838,0.5,4584.8,NETBANKING,ICICI,LIMIT_EXCEEDED,10,RETRY_LATER,1
0.9545454545454546,1.0,7614.23,CARD,SBI,CARD_EXPIRED,21,RETRY_LATER,0
0.9072164948453608,0.4444444444444444,8482.31,UPI,ICICI,INSUFFICIENT_FUNDS,18,NO_ACTION,0
0.6904761904761905,0.07692307692307693,4288.32,CARD,KOTAK,INSUFFICIENT_FUNDS,12,SEND_REMINDER,0
0.7872340425531915,0.0,5393.89,CARD,KOTAK,NETWORK_ERROR,17,RETRY_NOW,0
0.5294117647058824,0.75,5360.88,CARD,ICICI,AUTHENTICATION_FAILED,15,NO_ACTION,0
0.900990099009901,0.6,2397.17,NETBANKING,KOTAK,LIMIT_EXCEEDED,3,NO_ACTION,0
0.45454545454545453,0.9166666666666666,6193.97,CARD,SBI,NETWORK_ERROR,13,SEND_REMINDER,1
0.5925925925925926,0.6363636363636364,7096.96,NETBANKING,AXIS,CARD_EXPIRED,0,RETRY_NOW,0
0.978021978021978,0.0,2983.5,CARD,AXIS,CARD_EXPIRED,6,SEND_REMINDER,1
0.42857142857142855,0.16666666666666666,6159.38,WALLET,YESBANK,CARD_EXPIRED,8,RETRY_LATER,0
0.88,0.6666666666666666,6711.93,NETBANKING,YESBANK,NETWORK_ERROR,8,SEND_REMINDER,0
0.8461538461538461,1.0,6195.69,CARD,KOTAK,BANK_TIMEOUT,20,NO_ACTION,0
0.8285714285714286,0.5,903.19,CARD,KOTAK,CARD_EXPIRED,15,NO_ACTION,0
0.9072164948453608,0.4444444444444444,3288.65,WALLET,HDFC,LIMIT_EXCEEDED,9,NO_ACTION,0
1.0,0.0,2226.24,NETBANKING,AXIS,NETWORK_ERROR,4,NO_ACTION,0
0.9178082191780822,0.0,8500.75,WALLET,SBI,AUTHENTICATION_FAILED,17,NO_ACTION,0
1.0,0.0,1831.43,CARD,HDFC,INSUFFICIENT_FUNDS,7,RETRY_LATER,0
0.9325842696629213,0.0,209.78,CARD,ICICI,BANK_TIMEOUT,13,RETRY_LATER,0
0.8482142857142857,0.7647058823529411,9908.26,NETBANKING,HDFC,AUTHENTICATION_FAILED,17,NO_ACTION,0
0.8095238095238095,0.16666666666666666,1318.19,CARD,AXIS,INSUFFICIENT_FUNDS,19,NO_ACTION,0
0.7727272727272727,0.6,8674.55,CARD,AXIS,LIMIT_EXCEEDED,21,RETRY_LATER,0
0.9384615384615385,0.25,8972.67,NETBANKING,KOTAK,CARD_EXPIRED,5,RETRY_LATER,0
0.9827586206896551,0.0,9132.34,NETBANKING,AXIS,BANK_TIMEOUT,7,NO_ACTION,0
0.8260869565217391,0.4,761.49,CARD,SBI,BANK_TIMEOUT,8,SEND_REMINDER,1
0.9696969696969697,0.3333333333333333,3372.91,WALLET,SBI,AUTHENTICATION_FAILED,15,NO_ACTION,0
0.9487179487179487,0.0,1329.85,WALLET,AXIS,AUTHENTICATION_FAILED,8,RETRY_NOW,0
0.8490566037735849,0.9375,170.28,NETBANKING,ICICI,AUTHENTICATION_FAILED,1,NO_ACTION,0
0.8974358974358975,0.25,8925.08,WALLET,AXIS,CARD_EXPIRED,2,SEND_REMINDER,1
0.896551724137931,0.3333333333333333,4951.53,CARD,AXIS,INSUFFICIENT_FUNDS,18,RETRY_NOW,1
0.5,0.8333333333333334,7344.4,NETBANKING,HDFC,NETWORK_ERROR,7,RETRY_NOW,0
0.9113924050632911,0.7142857142857143,1259.03,UPI,HDFC,NETWORK_ERROR,3,NO_ACTION,0
0.7846153846153846,0.7857142857142857,3237.2,WALLET,SBI,NETWORK_ERROR,15,RETRY_NOW,1
0.7666666666666667,0.5714285714285714,2089.2,UPI,ICICI,CARD_EXPIRED,1,NO_ACTION,0
0.6976744186046512,0.07692307692307693,9645.42,UPI,ICICI,INSUFFICIENT_FUNDS,3,RETRY_LATER,0
0.6274509803921569,0.5263157894736842,6981.56,NETBANKING,ICICI,CARD_EXPIRED,11,RETRY_LATER,0
0.82,1.0,3321.3,NETBANKING,HDFC,INSUFFICIENT_FUNDS,12,NO_ACTION,0
0.5833333333333334,0.2,3681.9,WALLET,AXIS,NETWORK_ERROR,21,RETRY_NOW,1
0.7764705882352941,0.3684210526315789,5423.0,CARD,SBI,INSUFFICIENT_FUNDS,10,SEND_REMINDER,1
0.9655172413793104,0.5,292.41,UPI,ICICI,AUTHENTICATION_FAILED,0,NO_ACTION,0
0.5384615384615384,0.6111111111111112,2297.52,NETBANKING,SBI,BANK_TIMEOUT,19,SEND_REMINDER,1
0.660377358490566,0.0,5888.88,UPI,AXIS,BANK_TIMEOUT,20,NO_ACTION,0
0.9888888888888889,1.0,4780.25,NETBANKING,HDFC,LIMIT_EXCEEDED,22,SEND_REMINDER,0
0.900990099009901,0.6,9777.26,CARD,ICICI,LIMIT_EXCEEDED,9,RETRY_NOW,0
0.896551724137931,0.8888888888888888,9652.02,NETBANKING,KOTAK,NETWORK_ERROR,7,RETRY_LATER,1
0.75,1.0,4072.27,WALLET,HDFC,INSUFFICIENT_FUNDS,14,RETRY_NOW,0
0.5833333333333334,0.2,276.62,CARD,HDFC,AUTHENTICATION_FAILED,14,SEND_REMINDER,0
0.6862745098039216,0.125,7318.9,WALLET,KOTAK,BANK_TIMEOUT,20,RETRY_NOW,0
0.9032258064516129,1.0,8232.69,WALLET,KOTAK,LIMIT_EXCEEDED,22,SEND_REMINDER,1
0.6428571428571429,0.55,8603.92,WALLET,KOTAK,AUTHENTICATION_FAILED,16,NO_ACTION,0
0.8433734939759037,0.6923076923076923,4186.27,UPI,KOTAK,BANK_TIMEOUT,2,SEND_REMINDER,1
0.8222222222222222,0.0,8426.91,WALLET,ICICI,INSUFFICIENT_FUNDS,11,SEND_REMINDER,0
0.82,1.0,2356.78,WALLET,YESBANK,AUTHENTICATION_FAILED,1,NO_ACTION,0
0.797752808988764,0.1111111111111111,4305.93,UPI,AXIS,NETWORK_ERROR,17,RETRY_LATER,0
0.7333333333333333,0.625,2878.56,WALLET,KOTAK,NETWORK_ERROR,7,NO_ACTION,0
0.8484848484848485,0.6,6393.18,CARD,HDFC,CARD_EXPIRED,10,SEND_REMINDER,0
0.9178082191780822,0.0,9797.85,NETBANKING,KOTAK,CARD_EXPIRED,22,NO_ACTION,0
0.782608695652174,0.15,5740.3,UPI,HDFC,NETWORK_ERROR,11,NO_ACTION,0
0.7402597402597403,0.95,9959.58,WALLET,KOTAK,LIMIT_EXCEEDED,17,SEND_REMINDER,1
0.883495145631068,0.75,8582.41,UPI,AXIS,INSUFFICIENT_FUNDS,7,SEND_REMINDER,1
0.8421052631578947,0.6666666666666666,258.78,UPI,YESBANK,BANK_TIMEOUT,21,NO_ACTION,0
0.9166666666666666,0.0,3506.92,CARD,HDFC,BANK_TIMEOUT,0,NO_ACTION,0
0.34782608695652173,0.4,8875.2,CARD,ICICI,BANK_TIMEOUT,10,RETRY_NOW,0
0.72,0.5714285714285714,3318.71,WALLET,AXIS,CARD_EXPIRED,15,SEND_REMINDER,0
0.8876404494382022,0.9,6545.43,WALLET,YESBANK,NETWORK_ERROR,22,RETRY_NOW,0
0.8,1.0,8057.18,NETBANKING,ICICI,AUTHENTICATION_FAILED,15,RETRY_LATER,0
0.9607843137254902,0.5,331.55,WALLET,ICICI,NETWORK_ERROR,12,RETRY_NOW,0
0.8679245283018868,0.2857142857142857,8154.37,UPI,ICICI,CARD_EXPIRED,13,RETRY_NOW,0
0.48,0.6923076923076923,1700.49,WALLET,YESBANK,INSUFFICIENT_FUNDS,2,RETRY_LATER,1
0.8365384615384616,0.7058823529411765,1638.94,WALLET,ICICI,INSUFFICIENT_FUNDS,1,NO_ACTION,0
0.8227848101265823,0.0,307.44,NETBANKING,ICICI,INSUFFICIENT_FUNDS,20,SEND_REMINDER,1
0.8854166666666666,0.6363636363636364,8715.8,UPI,SBI,AUTHENTICATION_FAILED,9,NO_ACTION,0
0.9310344827586207,0.3333333333333333,1738.56,NETBANKING,YESBANK,NETWORK_ERROR,2,RETRY_LATER,1
0.8773584905660378,1.0,4862.73,CARD,YESBANK,CARD_EXPIRED,7,SEND_REMINDER,1
0.8043478260869565,0.1111111111111111,8866.87,UPI,YESBANK,BANK_TIMEOUT,21,NO_ACTION,0
0.9838709677419355,0.0,6059.85,UPI,HDFC,BANK_TIMEOUT,1,RETRY_LATER,1
0.8990825688073395,0.2727272727272727,3430.21,WALLET,YESBANK,NETWORK_ERROR,12,RETRY_NOW,1
0.8421052631578947,0.6666666666666666,258.78,UPI,YESBANK,BANK_TIMEOUT,21,SEND_REMINDER,1
0.8947368421052632,0.125,3304.56,CARD,YESBANK,CARD_EXPIRED,20,RETRY_NOW,0
0.9072164948453608,0.4444444444444444,2209.71,NETBANKING,YESBANK,NETWORK_ERROR,4,RETRY_LATER,0
0.6382978723404256,0.058823529411764705,1309.0,CARD,HDFC,INSUFFICIENT_FUNDS,17,SEND_REMINDER,1
0.8208955223880597,0.5,4963.68,CARD,KOTAK,NETWORK_ERROR,14,SEND_REMINDER,0
0.8888888888888888,0.5,4212.1,WALLET,HDFC,NETWORK_ERROR,17,RETRY_LATER,1
0.7115384615384616,0.8,7933.85,NETBANKING,AXIS,CARD_EXPIRED,5,NO_ACTION,0
0.5,0.6428571428571429,2581.03,CARD,KOTAK,CARD_EXPIRED,16,RETRY_LATER,0
0.7875,0.5294117647058824,472.97,WALLET,KOTAK,AUTHENTICATION_FAILED,11,RETRY_NOW,0
0.9038461538461539,0.6,7727.63,WALLET,KOTAK,NETWORK_ERROR,16,RETRY_LATER,1
0.8028169014084507,0.5,4404.78,UPI,HDFC,BANK_TIMEOUT,1,RETRY_NOW,1
0.927710843373494,0.8333333333333334,9787.55,NETBANKING,ICICI,BANK_TIMEOUT,21,RETRY_NOW,0
0.9210526315789473,1.0,7894.73,WALLET,KOTAK,LIMIT_EXCEEDED,17,RETRY_LATER,1
0.9830508474576272,1.0,5714.74,NETBANKING,ICICI,CARD_EXPIRED,11,SEND_REMINDER,0
0.2916666666666667,0.0,1225.96,WALLET,ICICI,INSUFFICIENT_FUNDS,4,RETRY_LATER,0
0.47058823529411764,0.7777777777777778,5943.65,CARD,KOTAK,INSUFFICIENT_FUNDS,19,SEND_REMINDER,0
0.9333333333333333,0.75,2238.23,WALLET,ICICI,NETWORK_ERROR,5,NO_ACTION,0
0.574468085106383,0.2,1925.89,CARD,YESBANK,CARD_EXPIRED,11,RETRY_LATER,0
0.6410256410256411,0.14285714285714285,6009.5,CARD,KOTAK,AUTHENTICATION_FAILED,18,NO_ACTION,0
0.2727272727272727,0.375,3359.15,CARD,YESBANK,NETWORK_ERROR,0,SEND_REMINDER,0
1.0,0.0,352.65,NETBANKING,YESBANK,LIMIT_EXCEEDED,6,RETRY_NOW,0
0.8928571428571429,0.6666666666666666,9730.08,CARD,SBI,LIMIT_EXCEEDED,21,RETRY_NOW,0
0.8235294117647058,0.0,5949.36,CARD,SBI,CARD_EXPIRED,6,NO_ACTION,0
0.6875,0.0,3174.37,NETBANKING,HDFC,NETWORK_ERROR,23,RETRY_NOW,1
0.9714285714285714,1.0,6195.02,NETBANKING,AXIS,INSUFFICIENT_FUNDS,20,RETRY_NOW,1
0.7647058823529411,0.125,7107.51,NETBANKING,ICICI,INSUFFICIENT_FUNDS,5,RETRY_LATER,0
0.875,0.8,915.2,UPI,ICICI,BANK_TIMEOUT,12,RETRY_LATER,1
0.9888888888888889,1.0,6786.39,UPI,YESBANK,LIMIT_EXCEEDED,6,RETRY_LATER,0
0.8181818181818182,0.4166666666666667,9012.72,UPI,YESBANK,BANK_TIMEOUT,17,RETRY_NOW,1
0.42857142857142855,0.125,9282.35,CARD,ICICI,NETWORK_ERROR,20,NO_ACTION,0
0.8333333333333334,0.25,8992.42,WALLET,ICICI,BANK_TIMEOUT,20,RETRY_LATER,1
0.797752808988764,0.5,5268.82,WALLET,AXIS,AUTHENTICATION_FAILED,21,RETRY_LATER,1
0.7764705882352941,0.3684210526315789,112.3,UPI,YESBANK,BANK_TIMEOUT,19,RETRY_LATER,1
0.4444444444444444,0.6,5473.2,WALLET,KOTAK,BANK_TIMEOUT,5,RETRY_LATER,0
1.0,0.0,3204.01,CARD,YESBANK,NETWORK_ERROR,8,SEND_REMINDER,0
0.9148936170212766,0.625,5493.56,WALLET,SBI,AUTHENTICATION_FAILED,13,RETRY_NOW,1
0.7402597402597403,0.95,9959.58,WALLET,KOTAK,LIMIT_EXCEEDED,17,RETRY_LATER,1
0.9,0.875,9212.88,CARD,KOTAK,LIMIT_EXCEEDED,10,RETRY_LATER,0
0.75,0.4,1932.71,NETBANKING,SBI,BANK_TIMEOUT,11,SEND_REMINDER,0
0.9411764705882353,0.5,6979.7,CARD,SBI,NETWORK_ERROR,19,NO_ACTION,0
0.8765432098765432,0.5,7683.45,UPI,SBI,BANK_TIMEOUT,12,RETRY_NOW,0
0.883495145631068,0.75,9714.13,WALLET,ICICI,INSUFFICIENT_FUNDS,3,RETRY_NOW,1
0.631578947368421,0.14285714285714285,5503.46,CARD,KOTAK,AUTHENTICATION_FAILED,1,RETRY_NOW,1
0.5384615384615384,0.6666666666666666,7208.96,NETBANKING,KOTAK,BANK_TIMEOUT,7,SEND_REMINDER,0
0.8771929824561403,0.7857142857142857,3629.92,WALLET,HDFC,AUTHENTICATION_FAILED,9,RETRY_LATER,1
0.45454545454545453,0.8333333333333334,7502.93,NETBANKING,ICICI,NETWORK_ERROR,19,RETRY_LATER,1
0.6923076923076923,0.5,1779.7,WALLET,HDFC,CARD_EXPIRED,2,SEND_REMINDER,0
0.8648648648648649,0.3333333333333333,3631.66,CARD,AXIS,INSUFFICIENT_FUNDS,20,SEND_REMINDER,1
0.65,0.7857142857142857,7837.24,UPI,YESBANK,INSUFFICIENT_FUNDS,22,SEND_REMINDER,1
0.9333333333333333,0.25,8134.06,WALLET,AXIS,NETWORK_ERROR,7,NO_ACTION,0
0.6785714285714286,0.7777777777777778,5823.18,UPI,HDFC,CARD_EXPIRED,2,NO_ACTION,0
0.8282828282828283,0.23529411764705882,8584.09,NETBANKING,ICICI,INSUFFICIENT_FUNDS,11,SEND_REMINDER,1
0.8028169014084507,0.5,1838.8,UPI,HDFC,CARD_EXPIRED,13,SEND_REMINDER,1
0.9506172839506173,1.0,561.1,UPI,ICICI,LIMIT_EXCEEDED,3,SEND_REMINDER,1
0.6808510638297872,0.3333333333333333,2279.37,CARD,ICICI,INSUFFICIENT_FUNDS,17,SEND_REMINDER,0
0.8163265306122449,0.05555555555555555,9286.71,CARD,YESBANK,LIMIT_EXCEEDED,18,SEND_REMINDER,0
0.75,0.29411764705882354,9589.4,WALLET,ICICI,AUTHENTICATION_FAILED,22,RETRY_NOW,0
0.34782608695652173,0.4,8875.2,CARD,ICICI,BANK_TIMEOUT,10,RETRY_LATER,0
0.8,0.8181818181818182,3069.3,CARD,HDFC,AUTHENTICATION_FAILED,5,NO_ACTION,0
0.6724137931034483,0.6842105263157895,2157.36,NETBANKING,AXIS,LIMIT_EXCEEDED,16,RETRY_LATER,1
0.890625,0.8571428571428571,4680.19,NETBANKING,HDFC,NETWORK_ERROR,2,NO_ACTION,0
0.6363636363636364,0.25,4652.72,CARD,HDFC,NETWORK_ERROR,7,RETRY_NOW,1
0.5652173913043478,0.6,3273.69,UPI,YESBANK,NETWORK_ERROR,13,RETRY_LATER,1
0.9042553191489362,0.8888888888888888,1447.22,WALLET,HDFC,AUTHENTICATION_FAILED,19,SEND_REMINDER,1
0.7971014492753623,0.7857142857142857,9229.75,CARD,AXIS,CARD_EXPIRED,4,SEND_REMINDER,1
0.8307692307692308,0.5454545454545454,6239.46,NETBANKING,AXIS,BANK_TIMEOUT,9,SEND_REMINDER,1
0.9117647058823529,0.3333333333333333,6100.6,WALLET,YESBANK,AUTHENTICATION_FAILED,19,RETRY_LATER,1
0.8873239436619719,0.5,4500.29,WALLET,ICICI,BANK_TIMEOUT,5,RETRY_NOW,1
0.7837837837837838,0.625,359.19,CARD,ICICI,CARD_EXPIRED,3,SEND_REMINDER,1
0.5348837209302325,0.4,126.88,UPI,YESBANK,BANK_TIMEOUT,13,NO_ACTION,0
0.9636363636363636,0.0,2249.62,NETBANKING,ICICI,NETWORK_ERROR,5,RETRY_LATER,1
0.5277777777777778,0.6470588235294118,4853.9,NETBANKING,KOTAK,NETWORK_ERROR,4,RETRY_LATER,1
0.8941176470588236,0.2222222222222222,2047.05,UPI,ICICI,AUTHENTICATION_FAILED,5,RETRY_LATER,1
0.921875,1.0,3578.85,WALLET,KOTAK,NETWORK_ERROR,17,RETRY_NOW,0
0.7142857142857143,0.0,8699.5,CARD,KOTAK,BANK_TIMEOUT,3,SEND_REMINDER,1
0.9354838709677419,1.0,5247.85,CARD,ICICI,NETWORK_ERROR,10,RETRY_LATER,1
0.75,0.6428571428571429,1773.49,CARD,HDFC,BANK_TIMEOUT,11,NO_ACTION,0
0.7222222222222222,0.26666666666666666,9771.05,CARD,SBI,NETWORK_ERROR,9,NO_ACTION,0
0.9680851063829787,0.6666666666666666,2182.23,UPI,AXIS,INSUFFICIENT_FUNDS,5,RETRY_LATER,0
1.0,0.0,2993.73,UPI,KOTAK,AUTHENTICATION_FAILED,6,SEND_REMINDER,0
0.8484848484848485,0.6,6393.18,CARD,HDFC,CARD_EXPIRED,10,RETRY_NOW,1
0.5,0.6428571428571429,5393.0,NETBANKING,HDFC,BANK_TIMEOUT,20,NO_ACTION,0
0.7346938775510204,0.07692307692307693,238.03,NETBANKING,YESBANK,NETWORK_ERROR,15,RETRY_NOW,1
0.782608695652174,0.2,6653.76,NETBANKING,YESBANK,NETWORK_ERROR,7,NO_ACTION,0
0.7714285714285715,0.25,1298.92,UPI,YESBANK,CARD_EXPIRED,19,RETRY_NOW,0
0.9263157894736842,0.2857142857142857,2488.74,WALLET,YESBANK,NETWORK_ERROR,3,RETRY_NOW,0
0.7115384615384616,0.8,6768.49,NETBANKING,ICICI,NETWORK_ERROR,20,RETRY_NOW,1
0.8,0.65,4109.02,UPI,ICICI,AUTHENTICATION_FAILED,4,RETRY_LATER,0
0.7407407407407407,0.7142857142857143,6516.74,CARD,AXIS,NETWORK_ERROR,16,RETRY_NOW,1
0.5681818181818182,0.3157894736842105,2800.24,CARD,YESBANK,AUTHENTICATION_FAILED,9,SEND_REMINDER,1
0.7402597402597403,1.0,1024.8,NETBANKING,KOTAK,INSUFFICIENT_FUNDS,3,RETRY_NOW,0
0.4666666666666667,0.125,4931.31,CARD,ICICI,BANK_TIMEOUT,20,NO_ACTION,0
0.7763157894736842,0.29411764705882354,6483.82,CARD,SBI,LIMIT_EXCEEDED,9,RETRY_LATER,1
0.8691588785046729,0.7857142857142857,5034.85,UPI,ICICI,CARD_EXPIRED,16,RETRY_NOW,1
0.7027027027027027,0.5454545454545454,177.19,WALLET,KOTAK,LIMIT_EXCEEDED,17,RETRY_NOW,0
0.7857142857142857,0.3333333333333333,8444.93,CARD,YESBANK,INSUFFICIENT_FUNDS,18,RETRY_LATER,0
0.8571428571428571,1.0,698.47,WALLET,KOTAK,INSUFFICIENT_FUNDS,3,NO_ACTION,0
0.7285714285714285,0.7894736842105263,4366.29,NETBANKING,AXIS,LIMIT_EXCEEDED,17,RETRY_LATER,1
0.9801980198019802,0.0,816.87,NETBANKING,HDFC,INSUFFICIENT_FUNDS,12,SEND_REMINDER,0
0.8076923076923077,0.8,5852.08,UPI,HDFC,AUTHENTICATION_FAILED,18,NO_ACTION,0
0.797752808988764,0.5,4166.47,UPI,ICICI,INSUFFICIENT_FUNDS,1,SEND_REMINDER,1
0.7721518987341772,0.3333333333333333,5134.5,NETBANKING,SBI,LIMIT_EXCEEDED,2,RETRY_NOW,0
0.5909090909090909,0.6666666666666666,2019.55,WALLET,ICICI,INSUFFICIENT_FUNDS,20,NO_ACTION,0
1.0,0.0,9624.81,UPI,AXIS,LIMIT_EXCEEDED,19,SEND_REMINDER,1
0.3333333333333333,0.55,2789.44,CARD,YESBANK,CARD_EXPIRED,3,RETRY_LATER,0
0.8461538461538461,1.0,5703.25,WALLET,AXIS,AUTHENTICATION_FAILED,1,NO_ACTION,0
0.7142857142857143,0.0,9462.17,CARD,ICICI,CARD_EXPIRED,11,SEND_REMINDER,0
0.8222222222222222,0.0,7899.23,WALLET,YESBANK,LIMIT_EXCEEDED,18,NO_ACTION,0
0.375,0.0,1443.26,WALLET,KOTAK,CARD_EXPIRED,17,SEND_REMINDER,0
0.9,0.375,8817.59,UPI,ICICI,BANK_TIMEOUT,14,SEND_REMINDER,0
0.8725490196078431,0.38461538461538464,5009.03,UPI,AXIS,BANK_TIMEOUT,0,RETRY_NOW,0
0.9565217391304348,1.0,6480.11,WALLET,SBI,BANK_TIMEOUT,9,NO_ACTION,0
0.9848484848484849,0.0,9952.87,WALLET,AXIS,LIMIT_EXCEEDED,2,SEND_REMINDER,1
0.8431372549019608,0.0,4711.33,UPI,YESBANK,INSUFFICIENT_FUNDS,2,NO_ACTION,0
0.9078947368421053,1.0,2678.5,WALLET,AXIS,NETWORK_ERROR,13,SEND_REMINDER,1
0.7049180327868853,0.5555555555555556,1790.04,WALLET,HDFC,INSUFFICIENT_FUNDS,20,SEND_REMINDER,0
0.6724137931034483,0.6842105263157895,2157.36,NETBANKING,AXIS,LIMIT_EXCEEDED,16,NO_ACTION,0
0.8571428571428571,0.4,1150.6,WALLET,SBI,AUTHENTICATION_FAILED,17,NO_ACTION,0
0.8764044943820225,0.18181818181818182,6120.45,WALLET,AXIS,AUTHENTICATION_FAILED,17,NO_ACTION,0
0.9705882352941176,1.0,516.0,UPI,HDFC,AUTHENTICATION_FAILED,7,SEND_REMINDER,0
0.8484848484848485,0.6,6393.18,CARD,HDFC,CARD_EXPIRED,10,NO_ACTION,0
0.926829268292683,0.6666666666666666,9107.25,WALLET,YESBANK,INSUFFICIENT_FUNDS,23,NO_ACTION,0
0.5833333333333334,0.2,7295.98,UPI,KOTAK,AUTHENTICATION_FAILED,0,SEND_REMINDER,0
0.8333333333333334,0.25,5760.33,UPI,KOTAK,NETWORK_ERROR,11,NO_ACTION,0
0.4375,0.2777777777777778,6436.95,CARD,KOTAK,INSUFFICIENT_FUNDS,13,SEND_REMINDER,1
0.8085106382978723,0.5555555555555556,7619.38,NETBANKING,SBI,LIMIT_EXCEEDED,15,RETRY_NOW,0
0.7297297297297297,0.6,1950.59,NETBANKING,ICICI,LIMIT_EXCEEDED,5,NO_ACTION,0
0.7361111111111112,0.631578947368421,4138.42,NETBANKING,KOTAK,INSUFFICIENT_FUNDS,0,SEND_REMINDER,1
0.9655172413793104,0.5,4606.27,CARD,AXIS,AUTHENTICATION_FAILED,17,NO_ACTION,0
0.6363636363636364,0.25,6736.99,UPI,AXIS,INSUFFICIENT_FUNDS,12,RETRY_NOW,0
0.8928571428571429,0.6666666666666666,7905.11,NETBANKING,ICICI,NETWORK_ERROR,17,RETRY_LATER,0
0.4444444444444444,0.55,7158.65,WALLET,YESBANK,INSUFFICIENT_FUNDS,11,RETRY_NOW,0
0.9333333333333333,0.0,8949.96,UPI,AXIS,CARD_EXPIRED,18,NO_ACTION,0
0.7619047619047619,0.35,1464.02,UPI,HDFC,CARD_EXPIRED,1,RETRY_LATER,1
0.9761904761904762,0.5,810.75,NETBANKING,AXIS,CARD_EXPIRED,5,RETRY_NOW,1
0.7764705882352941,0.3684210526315789,1135.39,WALLET,HDFC,NETWORK_ERROR,17,RETRY_LATER,1
0.84,0.5,7853.68,UPI,AXIS,CARD_EXPIRED,9,RETRY_NOW,0
0.9204545454545454,0.14285714285714285,9523.29,WALLET,HDFC,CARD_EXPIRED,9,SEND_REMINDER,1
0.8837209302325582,0.2,1693.93,CARD,KOTAK,LIMIT_EXCEEDED,12,NO_ACTION,0
0.8208955223880597,0.5,8484.61,CARD,YESBANK,INSUFFICIENT_FUNDS,10,RETRY_NOW,0
0.845360824742268,0.3333333333333333,2506.96,UPI,KOTAK,AUTHENTICATION_FAILED,10,RETRY_LATER,0
0.7647058823529411,0.16666666666666666,9579.88,NETBANKING,SBI,AUTHENTICATION_FAILED,10,RETRY_NOW,1
0.9245283018867925,0.75,4199.76,CARD,AXIS,CARD_EXPIRED,22,RETRY_NOW,1
0.9146341463414634,0.0,7237.02,UPI,AXIS,INSUFFICIENT_FUNDS,7,SEND_REMINDER,1
0.7802197802197802,0.3,7255.5,WALLET,YESBANK,LIMIT_EXCEEDED,3,NO_ACTION,0
0.7142857142857143,0.0,2436.11,UPI,ICICI,LIMIT_EXCEEDED,6,NO_ACTION,0
0.9787234042553191,0.0,633.48,WALLET,ICICI,NETWORK_ERROR,9,NO_ACTION,0
1.0,0.0,4885.9,CARD,KOTAK,NETWORK_ERROR,13,RETRY_NOW,0
0.8387096774193549,0.7333333333333333,4727.7,NETBANKING,ICICI,NETWORK_ERROR,18,RETRY_LATER,1
0.9702970297029703,0.3333333333333333,7171.94,NETBANKING,YESBANK,INSUFFICIENT_FUNDS,9,RETRY_LATER,1
0.8243243243243243,0.9230769230769231,284.14,UPI,YESBANK,AUTHENTICATION_FAILED,14,SEND_REMINDER,0
0.8725490196078431,0.38461538461538464,7633.03,NETBANKING,HDFC,CARD_EXPIRED,18,NO_ACTION,0
0.8076923076923077,1.0,2930.73,WALLET,KOTAK,BANK_TIMEOUT,1,SEND_REMINDER,0
1.0,0.0,7795.49,NETBANKING,AXIS,BANK_TIMEOUT,23,RETRY_LATER,1
0.8823529411764706,0.0,5922.59,NETBANKING,KOTAK,AUTHENTICATION_FAILED,8,NO_ACTION,0
0.6976744186046512,0.07692307692307693,397.89,CARD,YESBANK,BANK_TIMEOUT,6,NO_ACTION,0
0.9473684210526315,0.25,8849.49,UPI,SBI,BANK_TIMEOUT,2,RETRY_NOW,1
0.8490566037735849,0.9375,170.28,NETBANKING,ICICI,AUTHENTICATION_FAILED,1,SEND_REMINDER,1
0.9142857142857143,1.0,4878.85,UPI,AXIS,BANK_TIMEOUT,21,RETRY_LATER,1
0.8070175438596491,0.36363636363636365,159.3,CARD,YESBANK,LIMIT_EXCEEDED,22,NO_ACTION,0
0.5238095238095238,0.7,9525.87,WALLET,ICICI,CARD_EXPIRED,5,NO_ACTION,0
0.8205128205128205,0.42857142857142855,1196.2,UPI,SBI,NETWORK_ERROR,1,SEND_REMINDER,1
0.863013698630137,0.0,8111.14,UPI,KOTAK,CARD_EXPIRED,1,SEND_REMINDER,1
0.8518518518518519,0.0,5041.83,UPI,YESBANK,INSUFFICIENT_FUNDS,19,NO_ACTION,0
0.8222222222222222,0.0,8426.91,WALLET,ICICI,INSUFFICIENT_FUNDS,11,RETRY_NOW,0
0.8482142857142857,0.17647058823529413,7096.42,WALLET,HDFC,LIMIT_EXCEEDED,0,RETRY_NOW,0
0.7857142857142857,0.9166666666666666,2990.39,NETBANKING,AXIS,NETWORK_ERROR,6,NO_ACTION,0
0.9523809523809523,0.6,1911.68,UPI,KOTAK,INSUFFICIENT_FUNDS,4,SEND_REMINDER,1
0.9583333333333334,1.0,384.01,WALLET,AXIS,BANK_TIMEOUT,5,RETRY_LATER,1
0.5909090909090909,0.3333333333333333,1534.9,WALLET,KOTAK,CARD_EXPIRED,13,SEND_REMINDER,1
0.8703703703703703,0.8571428571428571,5532.4,CARD,HDFC,LIMIT_EXCEEDED,1,NO_ACTION,0
0.8461538461538461,0.5,3712.25,UPI,HDFC,BANK_TIMEOUT,22,SEND_REMINDER,0
0.4444444444444444,0.9,9020.71,CARD,SBI,CARD_EXPIRED,2,RETRY_NOW,0
0.8586956521739131,0.0,9406.52,UPI,KOTAK,NETWORK_ERROR,3,RETRY_NOW,1
0.9655172413793104,0.5,292.41,UPI,ICICI,AUTHENTICATION_FAILED,0,RETRY_NOW,1
0.8163265306122449,0.05555555555555555,9286.71,CARD,YESBANK,LIMIT_EXCEEDED,18,RETRY_LATER,1
0.8064516129032258,0.6666666666666666,8514.49,WALLET,SBI,CARD_EXPIRED,0,RETRY_NOW,0
0.8028169014084507,0.5,1875.61,CARD,ICICI,BANK_TIMEOUT,7,RETRY_LATER,1
0.9636363636363636,0.5,5965.83,NETBANKING,YESBANK,CARD_EXPIRED,4,RETRY_NOW,0
0.7,0.5555555555555556,5881.55,CARD,SBI,BANK_TIMEOUT,12,SEND_REMINDER,0
0.9801980198019802,0.0,6430.52,NETBANKING,SBI,NETWORK_ERROR,11,SEND_REMINDER,0
0.6122448979591837,0.5263157894736842,4150.0,NETBANKING,YESBANK,LIMIT_EXCEEDED,10,SEND_REMINDER,1
0.8625,0.18181818181818182,5156.48,WALLET,ICICI,NETWORK_ERROR,13,RETRY_LATER,1
0.6862745098039216,0.125,2700.21,UPI,SBI,NETWORK_ERROR,1,RETRY_LATER,0
0.7948717948717948,0.625,4793.6,WALLET,HDFC,INSUFFICIENT_FUNDS,4,RETRY_NOW,1
0.927710843373494,0.8333333333333334,1478.69,NETBANKING,SBI,INSUFFICIENT_FUNDS,9,NO_ACTION,0
0.9523809523809523,0.6666666666666666,7692.13,CARD,YESBANK,CARD_EXPIRED,3,RETRY_LATER,0
0.7333333333333333,0.625,3739.69,CARD,AXIS,CARD_EXPIRED,8,NO_ACTION,0
0.8372093023255814,0.21428571428571427,4723.66,UPI,SBI,INSUFFICIENT_FUNDS,0,RETRY_LATER,1
0.9134615384615384,0.7777777777777778,1332.0,NETBANKING,HDFC,NETWORK_ERROR,17,RETRY_LATER,1
0.8,0.15384615384615385,4492.73,UPI,SBI,CARD_EXPIRED,2,NO_ACTION,0
0.6666666666666666,0.0,1808.09,WALLET,SBI,LIMIT_EXCEEDED,11,RETRY_LATER,1
0.9879518072289156,0.0,8787.41,NETBANKING,SBI,NETWORK_ERROR,4,SEND_REMINDER,0
0.9629629629629629,0.6666666666666666,9311.21,CARD,HDFC,AUTHENTICATION_FAILED,14,SEND_REMINDER,0
0.86,0.21428571428571427,8793.07,NETBANKING,YESBANK,LIMIT_EXCEEDED,16,RETRY_LATER,1
1.0,0.0,7293.33,NETBANKING,YESBANK,AUTHENTICATION_FAILED,13,SEND_REMINDER,1
0.9565217391304348,1.0,4824.54,CARD,KOTAK,BANK_TIMEOUT,8,SEND_REMINDER,1
0.9072164948453608,0.4444444444444444,8371.98,UPI,HDFC,CARD_EXPIRED,20,RETRY_LATER,0
0.8571428571428571,1.0,7952.45,CARD,YESBANK,CARD_EXPIRED,1,RETRY_NOW,0
0.6363636363636364,0.0,6642.76,UPI,SBI,NETWORK_ERROR,21,SEND_REMINDER,1
0.8902439024390244,1.0,2438.02,WALLET,HDFC,BANK_TIMEOUT,6,SEND_REMINDER,0
0.726027397260274,0.25,3576.47,UPI,AXIS,LIMIT_EXCEEDED,3,RETRY_NOW,0
0.47058823529411764,0.16666666666666666,1833.74,CARD,HDFC,INSUFFICIENT_FUNDS,19,NO_ACTION,0
0.34782608695652173,0.4,6999.32,WALLET,AXIS,INSUFFICIENT_FUNDS,0,NO_ACTION,0
0.8596491228070176,0.5625,2733.84,NETBANKING,AXIS,BANK_TIMEOUT,4,SEND_REMINDER,1
0.9213483146067416,1.0,9751.94,NETBANKING,ICICI,AUTHENTICATION_FAILED,19,NO_ACTION,0
1.0,0.0,5768.36,WALLET,ICICI,CARD_EXPIRED,21,RETRY_NOW,0
0.5365853658536586,0.21052631578947367,7577.95,CARD,AXIS,NETWORK_ERROR,20,NO_ACTION,0
0.8636363636363636,0.3333333333333333,3953.44,WALLET,KOTAK,CARD_EXPIRED,10,NO_ACTION,0
0.8923076923076924,0.2857142857142857,5912.16,CARD,YESBANK,NETWORK_ERROR,14,NO_ACTION,0
0.42857142857142855,0.125,1302.13,UPI,SBI,AUTHENTICATION_FAILED,22,SEND_REMINDER,0
0.7868852459016393,0.46153846153846156,5542.05,UPI,SBI,AUTHENTICATION_FAILED,5,RETRY_LATER,1
0.9555555555555556,0.0,9383.95,UPI,KOTAK,CARD_EXPIRED,17,RETRY_LATER,0
0.5609756097560976,0.7777777777777778,3128.3,NETBANKING,ICICI,LIMIT_EXCEEDED,19,RETRY_LATER,0
0.8571428571428571,0.0,7366.57,CARD,HDFC,AUTHENTICATION_FAILED,8,RETRY_LATER,0
0.8888888888888888,0.875,6236.85,UPI,KOTAK,AUTHENTICATION_FAILED,20,RETRY_NOW,1
0.9259259259259259,0.5,6031.25,WALLET,KOTAK,NETWORK_ERROR,21,NO_ACTION,0
1.0,0.0,9929.66,CARD,AXIS,CARD_EXPIRED,5,RETRY_NOW,0
0.74,0.5384615384615384,3011.86,WALLET,AXIS,LIMIT_EXCEEDED,5,SEND_REMINDER,0
0.863013698630137,0.0,8111.14,UPI,KOTAK,CARD_EXPIRED,1,RETRY_LATER,0
0.9879518072289156,0.0,8787.41,NETBANKING,SBI,NETWORK_ERROR,4,NO_ACTION,0
0.9696969696969697,0.0,8917.57,NETBANKING,YESBANK,AUTHENTICATION_FAILED,0,NO_ACTION,0
0.8762886597938144,0.0,1091.99,UPI,ICICI,LIMIT_EXCEEDED,5,RETRY_LATER,0
0.7258064516129032,0.6470588235294118,4152.81,UPI,YESBANK,NETWORK_ERROR,22,NO_ACTION,0
0.8260869565217391,0.75,3248.87,UPI,SBI,CARD_EXPIRED,22,RETRY_LATER,1
0.8275862068965517,0.3333333333333333,6722.78,CARD,HDFC,NETWORK_ERROR,16,SEND_REMINDER,1
0.7875,0.5294117647058824,5149.33,WALLET,ICICI,CARD_EXPIRED,12,RETRY_LATER,1
0.7941176470588235,0.5714285714285714,7263.7,NETBANKING,AXIS,CARD_EXPIRED,21,NO_ACTION,0
0.6808510638297872,0.8666666666666667,2738.23,CARD,AXIS,AUTHENTICATION_FAILED,1,RETRY_NOW,0
0.8918918918918919,0.5,9850.98,NETBANKING,ICICI,AUTHENTICATION_FAILED,9,NO_ACTION,0
0.9827586206896551,0.0,1944.22,UPI,YESBANK,CARD_EXPIRED,11,SEND_REMINDER,0
0.9090909090909091,0.0,9045.8,NETBANKING,KOTAK,BANK_TIMEOUT,10,SEND_REMINDER,0
0.5238095238095238,0.7,9528.07,UPI,SBI,NETWORK_ERROR,12,RETRY_NOW,0
0.95,0.0,2656.14,WALLET,ICICI,BANK_TIMEOUT,18,RETRY_NOW,0
0.7916666666666666,0.05,8076.09,CARD,KOTAK,INSUFFICIENT_FUNDS,13,RETRY_NOW,1
0.9880952380952381,0.0,9006.37,NETBANKING,ICICI,LIMIT_EXCEEDED,20,SEND_REMINDER,0
0.6428571428571429,0.55,4848.03,CARD,HDFC,INSUFFICIENT_FUNDS,8,RETRY_NOW,1
1.0,0.0,831.88,WALLET,KOTAK,BANK_TIMEOUT,8,RETRY_LATER,1
0.9146341463414634,0.0,7237.02,UPI,AXIS,INSUFFICIENT_FUNDS,7,RETRY_NOW,0
0.8765432098765432,0.5,7683.45,UPI,SBI,BANK_TIMEOUT,12,NO_ACTION,0
0.4090909090909091,0.5384615384615384,870.56,NETBANKING,ICICI,LIMIT_EXCEEDED,8,NO_ACTION,0
0.9767441860465116,0.0,9651.35,CARD,YESBANK,INSUFFICIENT_FUNDS,12,RETRY_NOW,0
0.4594594594594595,0.65,508.19,NETBANKING,HDFC,CARD_EXPIRED,4,RETRY_LATER,0
0.8333333333333334,0.09090909090909091,8709.96,CARD,KOTAK,CARD_EXPIRED,13,RETRY_LATER,0
0.96875,0.5,518.35,CARD,YESBANK,CARD_EXPIRED,11,RETRY_LATER,0
0.8,0.65,9589.31,CARD,KOTAK,NETWORK_ERROR,23,SEND_REMINDER,0
0.84375,0.2,7913.21,WALLET,SBI,NETWORK_ERROR,8,SEND_REMINDER,1
0.42857142857142855,0.5625,7886.32,WALLET,KOTAK,CARD_EXPIRED,3,SEND_REMINDER,1
0.6111111111111112,1.0,3791.88,UPI,ICICI,LIMIT_EXCEEDED,23,RETRY_LATER,0
0.8936170212765957,0.0,4156.32,UPI,AXIS,CARD_EXPIRED,11,RETRY_NOW,0
0.78125,0.7142857142857143,3299.13,NETBANKING,KOTAK,LIMIT_EXCEEDED,1,RETRY_LATER,1
0.9850746268656716,0.0,3146.39,CARD,SBI,CARD_EXPIRED,6,RETRY_LATER,1
0.9523809523809523,0.6666666666666666,3879.83,WALLET,HDFC,AUTHENTICATION_FAILED,20,RETRY_LATER,1
1.0,0.0,7293.33,NETBANKING,YESBANK,AUTHENTICATION_FAILED,13,RETRY_NOW,1
0.7605633802816901,0.0,4166.94,NETBANKING,YESBANK,LIMIT_EXCEEDED,0,RETRY_NOW,0
0.9787234042553191,0.0,7805.76,UPI,YESBANK,LIMIT_EXCEEDED,13,SEND_REMINDER,0
0.9607843137254902,0.25,8808.11,CARD,ICICI,CARD_EXPIRED,20,NO_ACTION,0
0.8902439024390244,1.0,422.19,WALLET,ICICI,INSUFFICIENT_FUNDS,18,RETRY_NOW,1
0.8571428571428571,0.0,6344.39,UPI,AXIS,NETWORK_ERROR,12,SEND_REMINDER,0
0.375,0.0,9925.33,WALLET,SBI,BANK_TIMEOUT,6,RETRY_LATER,1
0.8347826086956521,0.7368421052631579,4025.38,UPI,AXIS,INSUFFICIENT_FUNDS,18,SEND_REMINDER,1
0.8823529411764706,0.0,8780.17,UPI,YESBANK,CARD_EXPIRED,1,NO_ACTION,0
0.40625,0.21052631578947367,7298.34,NETBANKING,ICICI,INSUFFICIENT_FUNDS,13,RETRY_NOW,0
0.8133333333333334,0.9285714285714286,8523.11,NETBANKING,AXIS,AUTHENTICATION_FAILED,21,NO_ACTION,0
0.7878787878787878,0.6428571428571429,7101.16,WALLET,HDFC,NETWORK_ERROR,20,SEND_REMINDER,0
0.9506172839506173,1.0,561.1,UPI,ICICI,LIMIT_EXCEEDED,3,RETRY_LATER,1
0.8888888888888888,0.5,4450.9,NETBANKING,YESBANK,CARD_EXPIRED,18,NO_ACTION,0
0.8125,0.3333333333333333,1519.3,WALLET,HDFC,NETWORK_ERROR,4,RETRY_NOW,1
0.9523809523809523,0.2,6196.4,UPI,AXIS,LIMIT_EXCEEDED,23,NO_ACTION,0
0.71875,0.1111111111111111,8501.65,UPI,ICICI,NETWORK_ERROR,1,RETRY_LATER,0
0.9166666666666666,1.0,9946.67,WALLET,HDFC,LIMIT_EXCEEDED,1,NO_ACTION,0
0.8585858585858586,1.0,4471.13,NETBANKING,ICICI,CARD_EXPIRED,1,RETRY_LATER,0
0.2,0.95,5230.18,UPI,KOTAK,NETWORK_ERROR,17,SEND_REMINDER,1
0.95,0.0,2656.14,WALLET,ICICI,BANK_TIMEOUT,18,NO_ACTION,0
0.8125,0.2,6938.19,WALLET,AXIS,BANK_TIMEOUT,15,RETRY_LATER,1
0.42857142857142855,0.5625,7886.32,WALLET,KOTAK,CARD_EXPIRED,3,RETRY_LATER,0
0.88,0.6666666666666666,1551.55,CARD,ICICI,AUTHENTICATION_FAILED,0,NO_ACTION,0
0.9607843137254902,0.5,7869.99,UPI,SBI,CARD_EXPIRED,6,SEND_REMINDER,1
0.90625,0.0,8232.83,WALLET,ICICI,LIMIT_EXCEEDED,21,SEND_REMINDER,1
0.822429906542056,0.47368421052631576,4675.49,NETBANKING,AXIS,BANK_TIMEOUT,13,RETRY_NOW,1
0.9029126213592233,0.9,3309.43,NETBANKING,ICICI,NETWORK_ERROR,6,NO_ACTION,0
0.6382978723404256,0.058823529411764705,3509.62,UPI,SBI,NETWORK_ERROR,8,NO_ACTION,0
0.8230088495575221,0.75,3748.99,WALLET,KOTAK,CARD_EXPIRED,10,RETRY_LATER,0
0.8282828282828283,0.23529411764705882,1602.04,NETBANKING,HDFC,LIMIT_EXCEEDED,18,SEND_REMINDER,0
0.9347826086956522,1.0,4697.48,WALLET,KOTAK,BANK_TIMEOUT,5,SEND_REMINDER,0
0.8,0.17647058823529413,9043.95,NETBANKING,YESBANK,CARD_EXPIRED,3,RETRY_LATER,1
0.5238095238095238,0.55,1998.15,WALLET,ICICI,LIMIT_EXCEEDED,9,RETRY_LATER,1
0.9846153846153847,1.0,928.39,WALLET,SBI,LIMIT_EXCEEDED,3,SEND_REMINDER,1
0.5121951219512195,0.45,5249.38,CARD,HDFC,AUTHENTICATION_FAILED,16,SEND_REMINDER,1
0.8804347826086957,0.0,3928.4,UPI,KOTAK,LIMIT_EXCEEDED,23,RETRY_LATER,1
0.7878787878787878,0.6428571428571429,9059.6,UPI,AXIS,NETWORK_ERROR,23,NO_ACTION,0
0.2631578947368421,0.9285714285714286,3761.09,NETBANKING,ICICI,NETWORK_ERROR,9,NO_ACTION,0
0.7875,0.5294117647058824,472.97,WALLET,KOTAK,AUTHENTICATION_FAILED,11,RETRY_LATER,1
0.8148148148148148,0.8,5291.12,NETBANKING,KOTAK,CARD_EXPIRED,6,SEND_REMINDER,1
0.9375,0.0,5253.39,NETBANKING,AXIS,AUTHENTICATION_FAILED,3,NO_ACTION,0
0.9886363636363636,1.0,4387.82,UPI,HDFC,NETWORK_ERROR,14,SEND_REMINDER,1
0.9523809523809523,0.2,6196.4,UPI,AXIS,LIMIT_EXCEEDED,23,RETRY_LATER,1
0.8,0.17647058823529413,3244.77,CARD,AXIS,LIMIT_EXCEEDED,23,SEND_REMINDER,1
0.875,0.8333333333333334,3384.4,NETBANKING,YESBANK,LIMIT_EXCEEDED,9,RETRY_NOW,0
0.34615384615384615,0.7647058823529411,4199.28,CARD,HDFC,BANK_TIMEOUT,19,NO_ACTION,0
0.7407407407407407,0.42857142857142855,8952.45,WALLET,SBI,BANK_TIMEOUT,20,RETRY_LATER,1
0.8282828282828283,0.7647058823529411,4382.26,NETBANKING,HDFC,INSUFFICIENT_FUNDS,0,SEND_REMINDER,1
0.7222222222222222,0.2,4092.89,NETBANKING,ICICI,NETWORK_ERROR,20,RETRY_NOW,1
0.8070175438596491,0.36363636363636365,389.57,NETBANKING,YESBANK,NETWORK_ERROR,13,NO_ACTION,0
0.9540229885057471,0.5,8288.1,CARD,KOTAK,BANK_TIMEOUT,7,NO_ACTION,0
0.851063829787234,0.8571428571428571,889.94,UPI,KOTAK,BANK_TIMEOUT,11,RETRY_LATER,1
0.8076923076923077,1.0,2930.73,WALLET,KOTAK,BANK_TIMEOUT,1,NO_ACTION,0
0.7407407407407407,0.7142857142857143,113.24,NETBANKING,KOTAK,BANK_TIMEOUT,3,NO_ACTION,0
0.8910891089108911,0.0,4275.15,CARD,HDFC,AUTHENTICATION_FAILED,1,RETRY_NOW,0
0.96875,0.3333333333333333,8551.79,WALLET,HDFC,BANK_TIMEOUT,20,SEND_REMINDER,0
0.8390804597701149,0.42857142857142855,8636.16,CARD,YESBANK,INSUFFICIENT_FUNDS,21,NO_ACTION,0
0.7875,0.5294117647058824,472.97,WALLET,KOTAK,AUTHENTICATION_FAILED,11,NO_ACTION,0
0.7592592592592593,1.0,5405.92,NETBANKING,YESBANK,NETWORK_ERROR,23,SEND_REMINDER,0
0.8947368421052632,0.625,1436.22,CARD,AXIS,CARD_EXPIRED,5,SEND_REMINDER,1
0.8888888888888888,0.875,6236.85,UPI,KOTAK,AUTHENTICATION_FAILED,20,RETRY_LATER,0
0.8571428571428571,1.0,2143.5,NETBANKING,KOTAK,LIMIT_EXCEEDED,7,NO_ACTION,0
0.5348837209302325,0.4,126.88,UPI,YESBANK,BANK_TIMEOUT,13,RETRY_LATER,1
0.8571428571428571,0.2,2899.18,CARD,SBI,CARD_EXPIRED,23,NO_ACTION,0
0.95,0.5,6233.68,CARD,AXIS,NETWORK_ERROR,11,RETRY_LATER,1
0.9702970297029703,0.3333333333333333,5358.94,NETBANKING,AXIS,BANK_TIMEOUT,15,NO_ACTION,0
0.7638888888888888,0.17647058823529413,5213.37,WALLET,YESBANK,LIMIT_EXCEEDED,6,RETRY_NOW,0
0.803921568627451,1.0,3677.51,NETBANKING,HDFC,NETWORK_ERROR,11,RETRY_NOW,1
0.8656716417910447,0.4444444444444444,7563.36,NETBANKING,HDFC,BANK_TIMEOUT,5,RETRY_NOW,1
0.8181818181818182,0.4166666666666667,7633.28,UPI,YESBANK,BANK_TIMEOUT,19,SEND_REMINDER,0
0.5384615384615384,0.6111111111111112,2297.52,NETBANKING,SBI,BANK_TIMEOUT,19,RETRY_LATER,1
0.9134615384615384,0.7777777777777778,1332.0,NETBANKING,HDFC,NETWORK_ERROR,17,SEND_REMINDER,0
0.75,0.6428571428571429,7224.84,CARD,SBI,LIMIT_EXCEEDED,11,RETRY_NOW,0
0.6363636363636364,0.0,8356.32,CARD,ICICI,AUTHENTICATION_FAILED,1,NO_ACTION,0
0.6923076923076923,0.9375,4754.61,NETBANKING,ICICI,NETWORK_ERROR,3,RETRY_LATER,1
0.9428571428571428,1.0,3339.15,WALLET,AXIS,INSUFFICIENT_FUNDS,20,RETRY_LATER,1
0.9848484848484849,0.0,9300.66,WALLET,AXIS,INSUFFICIENT_FUNDS,11,RETRY_NOW,0
0.88,0.6666666666666666,6701.05,UPI,KOTAK,CARD_EXPIRED,6,RETRY_NOW,0
0.8952380952380953,0.18181818181818182,6948.7,UPI,ICICI,BANK_TIMEOUT,18,SEND_REMINDER,0
0.8571428571428571,0.8571428571428571,3778.02,WALLET,KOTAK,BANK_TIMEOUT,0,NO_ACTION,0
0.875,0.7142857142857143,4017.34,NETBANKING,YESBANK,AUTHENTICATION_FAILED,8,RETRY_LATER,0
0.7837837837837838,0.625,2902.05,NETBANKING,AXIS,LIMIT_EXCEEDED,15,NO_ACTION,0
0.8494623655913979,0.35714285714285715,1659.2,WALLET,HDFC,INSUFFICIENT_FUNDS,10,RETRY_NOW,0
0.900990099009901,0.6,2397.17,NETBANKING,KOTAK,LIMIT_EXCEEDED,3,RETRY_NOW,1
0.6595744680851063,0.1875,719.32,UPI,KOTAK,CARD_EXPIRED,22,SEND_REMINDER,0
0.8,0.65,4109.02,UPI,ICICI,AUTHENTICATION_FAILED,4,SEND_REMINDER,1
0.28,0.5,1781.71,NETBANKING,KOTAK,CARD_EXPIRED,7,RETRY_NOW,1
0.7625,0.3157894736842105,2737.39,NETBANKING,YESBANK,BANK_TIMEOUT,20,NO_ACTION,0
0.7931034482758621,0.8333333333333334,3604.38,UPI,KOTAK,AUTHENTICATION_FAILED,16,NO_ACTION,0
0.8981481481481481,0.5454545454545454,177.36,NETBANKING,HDFC,CARD_EXPIRED,16,NO_ACTION,0
0.8214285714285714,0.8,1656.3,WALLET,SBI,INSUFFICIENT_FUNDS,4,RETRY_NOW,1
0.8230088495575221,0.75,9145.87,CARD,SBI,BANK_TIMEOUT,16,RETRY_LATER,1
0.91,0.2222222222222222,526.44,CARD,SBI,BANK_TIMEOUT,18,NO_ACTION,0
0.8155339805825242,0.42105263157894735,6122.57,WALLET,YESBANK,INSUFFICIENT_FUNDS,13,RETRY_LATER,0
0.8064516129032258,0.6666666666666666,7311.11,NETBANKING,KOTAK,NETWORK_ERROR,10,SEND_REMINDER,1
0.822429906542056,0.47368421052631576,4263.25,CARD,KOTAK,CARD_EXPIRED,15,NO_ACTION,0
0.8625,0.18181818181818182,9414.66,WALLET,AXIS,LIMIT_EXCEEDED,19,RETRY_LATER,0
0.875,0.9090909090909091,8633.37,NETBANKING,AXIS,LIMIT_EXCEEDED,18,NO_ACTION,0
0.8095238095238095,1.0,1810.99,UPI,KOTAK,NETWORK_ERROR,19,SEND_REMINDER,0
0.859375,0.6666666666666666,9194.35,UPI,KOTAK,INSUFFICIENT_FUNDS,6,SEND_REMINDER,0
0.9178082191780822,0.0,8500.75,WALLET,SBI,AUTHENTICATION_FAILED,17,RETRY_LATER,0
0.8969072164948454,0.2,9379.8,UPI,ICICI,INSUFFICIENT_FUNDS,3,NO_ACTION,0
0.975609756097561,0.0,5097.01,NETBANKING,SBI,INSUFFICIENT_FUNDS,13,SEND_REMINDER,1
0.5384615384615384,0.0,7830.2,WALLET,ICICI,LIMIT_EXCEEDED,0,RETRY_NOW,0
0.9325842696629213,1.0,702.69,WALLET,AXIS,INSUFFICIENT_FUNDS,17,RETRY_LATER,0
0.5348837209302325,0.4,7494.52,CARD,AXIS,BANK_TIMEOUT,7,RETRY_NOW,0
0.9090909090909091,0.0,8979.84,CARD,KOTAK,CARD_EXPIRED,22,NO_ACTION,0
0.8181818181818182,0.0,3399.36,UPI,AXIS,BANK_TIMEOUT,18,RETRY_NOW,0
0.625,0.0,5738.2,UPI,ICICI,INSUFFICIENT_FUNDS,14,RETRY_NOW,1
0.7605633802816901,0.0,2446.08,WALLET,SBI,NETWORK_ERROR,18,RETRY_LATER,0
0.46153846153846156,0.21428571428571427,3199.57,WALLET,YESBANK,NETWORK_ERROR,5,RETRY_LATER,0
0.8737864077669902,0.23076923076923078,4879.58,UPI,ICICI,LIMIT_EXCEEDED,18,RETRY_LATER,0
0.7894736842105263,0.375,400.17,CARD,ICICI,AUTHENTICATION_FAILED,4,NO_ACTION,0
0.9090909090909091,0.5,9439.07,WALLET,KOTAK,CARD_EXPIRED,15,NO_ACTION,0
0.5,0.6666666666666666,7574.35,CARD,AXIS,AUTHENTICATION_FAILED,19,RETRY_NOW,0
0.9375,0.0,4885.65,NETBANKING,AXIS,BANK_TIMEOUT,18,SEND_REMINDER,0
0.8421052631578947,0.3333333333333333,4603.83,CARD,SBI,INSUFFICIENT_FUNDS,7,RETRY_LATER,0
0.8596491228070176,0.5625,3074.23,CARD,ICICI,BANK_TIMEOUT,2,RETRY_LATER,1
0.8333333333333334,1.0,7692.53,UPI,SBI,CARD_EXPIRED,22,RETRY_LATER,1
0.8695652173913043,0.08333333333333333,4143.52,UPI,AXIS,LIMIT_EXCEEDED,12,NO_ACTION,0
0.95,0.2,3128.79,UPI,YESBANK,LIMIT_EXCEEDED,1,SEND_REMINDER,1
0.8253968253968254,1.0,7330.06,CARD,HDFC,BANK_TIMEOUT,18,RETRY_NOW,1
0.875,0.8333333333333334,5803.61,NETBANKING,KOTAK,CARD_EXPIRED,10,RETRY_LATER,1
0.875,0.8571428571428571,7955.39,WALLET,ICICI,INSUFFICIENT_FUNDS,19,SEND_REMINDER,1
0.7297297297297297,0.6,4933.09,WALLET,SBI,INSUFFICIENT_FUNDS,13,NO_ACTION,0
0.8148148148148148,0.8,5291.12,NETBANKING,KOTAK,CARD_EXPIRED,6,NO_ACTION,0
0.9803921568627451,0.0,6996.63,CARD,YESBANK,LIMIT_EXCEEDED,15,RETRY_NOW,0
0.9583333333333334,0.0,8101.9,WALLET,SBI,AUTHENTICATION_FAILED,13,RETRY_NOW,0
0.5294117647058824,0.75,9557.59,NETBANKING,SBI,AUTHENTICATION_FAILED,19,RETRY_LATER,0
0.9607843137254902,0.5,7674.11,UPI,ICICI,INSUFFICIENT_FUNDS,2,RETRY_LATER,1
0.9344262295081968,0.0,8798.44,UPI,KOTAK,LIMIT_EXCEEDED,4,RETRY_NOW,0
0.6666666666666666,0.0,5448.78,NETBANKING,SBI,AUTHENTICATION_FAILED,6,RETRY_LATER,1
0.36666666666666664,0.631578947368421,7434.33,WALLET,ICICI,AUTHENTICATION_FAILED,7,RETRY_NOW,0
0.975609756097561,0.0,3918.43,WALLET,ICICI,LIMIT_EXCEEDED,16,RETRY_NOW,1
0.39285714285714285,0.5294117647058824,3234.07,CARD,ICICI,CARD_EXPIRED,16,RETRY_NOW,0
0.7586206896551724,0.5,8958.86,NETBANKING,ICICI,LIMIT_EXCEEDED,19,RETRY_NOW,0
0.9487179487179487,0.0,1329.85,WALLET,AXIS,AUTHENTICATION_FAILED,8,SEND_REMINDER,0
0.7868852459016393,0.46153846153846156,5852.36,CARD,SBI,AUTHENTICATION_FAILED,21,SEND_REMINDER,1
0.6808510638297872,0.3333333333333333,2279.37,CARD,ICICI,INSUFFICIENT_FUNDS,17,NO_ACTION,0
0.8461538461538461,0.3888888888888889,165.98,NETBANKING,YESBANK,INSUFFICIENT_FUNDS,2,NO_ACTION,0
0.8170731707317073,1.0,4967.1,UPI,HDFC,CARD_EXPIRED,22,SEND_REMINDER,1
0.5384615384615384,0.08333333333333333,1200.2,UPI,AXIS,LIMIT_EXCEEDED,17,RETRY_NOW,1
0.8653846153846154,0.5714285714285714,2538.33,NETBANKING,SBI,NETWORK_ERROR,4,RETRY_LATER,1
0.972972972972973,0.0,6211.5,UPI,ICICI,AUTHENTICATION_FAILED,13,RETRY_NOW,0
0.8080808080808081,0.7894736842105263,7844.3,NETBANKING,ICICI,INSUFFICIENT_FUNDS,16,NO_ACTION,0
0.8043478260869565,0.1111111111111111,639.95,UPI,SBI,INSUFFICIENT_FUNDS,1,RETRY_NOW,0
0.7432432432432432,0.8947368421052632,7064.51,NETBANKING,HDFC,CARD_EXPIRED,15,RETRY_LATER,0
0.7397260273972602,1.0,3116.09,WALLET,SBI,INSUFFICIENT_FUNDS,5,RETRY_NOW,0
0.8478260869565217,0.21428571428571427,702.63,CARD,KOTAK,AUTHENTICATION_FAILED,23,SEND_REMINDER,1
0.96875,0.3333333333333333,3480.16,CARD,KOTAK,CARD_EXPIRED,23,SEND_REMINDER,0
0.8260869565217391,0.4,4636.35,WALLET,ICICI,CARD_EXPIRED,0,RETRY_NOW,0
0.8773584905660378,1.0,8567.41,UPI,KOTAK,INSUFFICIENT_FUNDS,8,RETRY_LATER,1
0.8636363636363636,0.7777777777777778,6678.71,NETBANKING,KOTAK,NETWORK_ERROR,8,NO_ACTION,0
0.703125,0.47368421052631576,3324.96,NETBANKING,AXIS,CARD_EXPIRED,19,SEND_REMINDER,1
0.5,0.3888888888888889,8026.5,CARD,ICICI,AUTHENTICATION_FAILED,18,NO_ACTION,0
0.6779661016949152,1.0,8433.33,WALLET,KOTAK,CARD_EXPIRED,9,RETRY_LATER,1
0.36666666666666664,0.631578947368421,1871.46,UPI,KOTAK,BANK_TIMEOUT,21,NO_ACTION,0
0.88,0.0,2328.45,CARD,YESBANK,AUTHENTICATION_FAILED,14,SEND_REMINDER,0
0.8507462686567164,0.7,2371.31,UPI,YESBANK,LIMIT_EXCEEDED,1,RETRY_LATER,1
0.8481012658227848,0.3333333333333333,2596.84,NETBANKING,SBI,NETWORK_ERROR,4,NO_ACTION,0
0.8571428571428571,0.7142857142857143,6159.14,WALLET,SBI,INSUFFICIENT_FUNDS,15,SEND_REMINDER,0
0.9090909090909091,0.0,9045.8,NETBANKING,KOTAK,BANK_TIMEOUT,10,RETRY_LATER,1
0.9629629629629629,0.6666666666666666,5468.53,NETBANKING,SBI,BANK_TIMEOUT,17,RETRY_LATER,1
1.0,0.0,6778.92,CARD,YESBANK,INSUFFICIENT_FUNDS,3,SEND_REMINDER,0
0.5641025641025641,0.0,1708.69,UPI,KOTAK,NETWORK_ERROR,8,SEND_REMINDER,0
0.9333333333333333,0.75,2238.23,WALLET,ICICI,NETWORK_ERROR,5,RETRY_NOW,1
0.8425925925925926,0.47058823529411764,2497.86,WALLET,AXIS,INSUFFICIENT_FUNDS,11,RETRY_LATER,1
0.8508771929824561,0.8823529411764706,5672.48,CARD,KOTAK,INSUFFICIENT_FUNDS,10,NO_ACTION,0
0.9583333333333334,0.0,6237.54,WALLET,SBI,LIMIT_EXCEEDED,16,NO_ACTION,0
0.25,0.3333333333333333,4075.81,NETBANKING,HDFC,BANK_TIMEOUT,1,SEND_REMINDER,0
0.7608695652173914,0.2727272727272727,2145.88,CARD,AXIS,BANK_TIMEOUT,12,RETRY_NOW,1
0.5333333333333333,0.2857142857142857,7318.21,WALLET,ICICI,BANK_TIMEOUT,1,SEND_REMINDER,0
0.9072164948453608,0.4444444444444444,3288.65,WALLET,HDFC,LIMIT_EXCEEDED,9,RETRY_LATER,1
0.9787234042553191,0.5,3388.88,WALLET,YESBANK,CARD_EXPIRED,14,SEND_REMINDER,1
0.9545454545454546,1.0,6433.24,UPI,SBI,AUTHENTICATION_FAILED,23,NO_ACTION,0
0.42857142857142855,0.16666666666666666,6669.59,NETBANKING,AXIS,AUTHENTICATION_FAILED,9,NO_ACTION,0
0.7857142857142857,0.3333333333333333,1972.81,CARD,SBI,CARD_EXPIRED,18,RETRY_LATER,0
0.6727272727272727,0.7222222222222222,699.62,CARD,SBI,NETWORK_ERROR,5,NO_ACTION,0
0.7608695652173914,0.2727272727272727,6892.65,CARD,AXIS,NETWORK_ERROR,16,RETRY_NOW,1
0.9523809523809523,0.0,5941.0,NETBANKING,ICICI,INSUFFICIENT_FUNDS,20,SEND_REMINDER,1
0.7142857142857143,0.5,3595.42,NETBANKING,KOTAK,AUTHENTICATION_FAILED,21,SEND_REMINDER,0
0.8425925925925926,0.47058823529411764,4612.04,NETBANKING,YESBANK,LIMIT_EXCEEDED,16,RETRY_NOW,0
0.75,1.0,6877.72,NETBANKING,YESBANK,INSUFFICIENT_FUNDS,15,RETRY_NOW,0
0.8769230769230769,0.125,5512.0,UPI,HDFC,INSUFFICIENT_FUNDS,15,RETRY_NOW,0
0.6875,0.1,4985.22,NETBANKING,SBI,CARD_EXPIRED,7,RETRY_NOW,0
0.9090909090909091,0.25,4800.05,CARD,AXIS,INSUFFICIENT_FUNDS,0,SEND_REMINDER,1
0.7714285714285715,0.25,8359.44,WALLET,HDFC,CARD_EXPIRED,14,NO_ACTION,0
0.9230769230769231,0.5,7343.07,NETBANKING,AXIS,CARD_EXPIRED,5,RETRY_NOW,0
0.84,0.5,4788.72,NETBANKING,ICICI,BANK_TIMEOUT,8,NO_ACTION,0
0.8,1.0,8057.18,NETBANKING,ICICI,AUTHENTICATION_FAILED,15,RETRY_NOW,1
0.7530864197530864,0.5,5965.23,NETBANKING,HDFC,LIMIT_EXCEEDED,19,NO_ACTION,0
0.6875,0.0,946.29,UPI,KOTAK,BANK_TIMEOUT,0,RETRY_NOW,0
1.0,0.0,2798.44,UPI,AXIS,CARD_EXPIRED,8,RETRY_LATER,0
0.5384615384615384,0.6666666666666666,7208.96,NETBANKING,KOTAK,BANK_TIMEOUT,7,RETRY_NOW,0
0.921875,1.0,3952.17,CARD,KOTAK,AUTHENTICATION_FAILED,9,RETRY_NOW,1
0.8125,0.3333333333333333,6532.32,NETBANKING,HDFC,BANK_TIMEOUT,20,RETRY_NOW,1
0.9636363636363636,0.0,961.22,NETBANKING,YESBANK,INSUFFICIENT_FUNDS,2,SEND_REMINDER,1
0.9523809523809523,0.6,6488.64,NETBANKING,SBI,BANK_TIMEOUT,11,RETRY_LATER,1
0.8695652173913043,0.8888888888888888,2918.83,NETBANKING,HDFC,CARD_EXPIRED,0,RETRY_LATER,1
0.34615384615384615,0.5882352941176471,3339.38,WALLET,ICICI,NETWORK_ERROR,20,NO_ACTION,0
0.9325842696629213,1.0,702.69,WALLET,AXIS,INSUFFICIENT_FUNDS,17,NO_ACTION,0
0.9896907216494846,1.0,5026.96,WALLET,AXIS,LIMIT_EXCEEDED,6,SEND_REMINDER,1
0.9032258064516129,1.0,9744.85,NETBANKING,YESBANK,INSUFFICIENT_FUNDS,9,NO_ACTION,0
0.86,0.21428571428571427,8793.07,NETBANKING,YESBANK,LIMIT_EXCEEDED,16,NO_ACTION,0
0.9292929292929293,0.0,1127.77,UPI,KOTAK,BANK_TIMEOUT,20,SEND_REMINDER,0
0.8064516129032258,0.6666666666666666,5252.48,NETBANKING,SBI,NETWORK_ERROR,17,RETRY_NOW,1
0.8518518518518519,0.0,5137.28,CARD,AXIS,AUTHENTICATION_FAILED,2,SEND_REMINDER,1
0.8571428571428571,1.0,698.47,WALLET,KOTAK,INSUFFICIENT_FUNDS,3,RETRY_NOW,0
0.926829268292683,0.6666666666666666,5523.29,WALLET,ICICI,LIMIT_EXCEEDED,1,SEND_REMINDER,0
0.8165137614678899,0.4,6856.2,CARD,ICICI,LIMIT_EXCEEDED,6,RETRY_NOW,0
0.8,0.8181818181818182,3069.3,CARD,HDFC,AUTHENTICATION_FAILED,5,SEND_REMINDER,1
0.912621359223301,1.0,3939.81,NETBANKING,YESBANK,INSUFFICIENT_FUNDS,17,NO_ACTION,0
0.5384615384615384,0.08333333333333333,4920.03,UPI,HDFC,BANK_TIMEOUT,23,RETRY_NOW,0
0.8260869565217391,0.4,2413.25,CARD,SBI,BANK_TIMEOUT,1,RETRY_LATER,1
0.3076923076923077,0.4444444444444444,6632.01,NETBANKING,SBI,CARD_EXPIRED,16,RETRY_LATER,0
0.48,0.38461538461538464,1013.28,UPI,ICICI,BANK_TIMEOUT,17,NO_ACTION,0
0.8481012658227848,0.3333333333333333,2279.72,WALLET,SBI,INSUFFICIENT_FUNDS,10,SEND_REMINDER,0
0.8387096774193549,0.7333333333333333,4727.7,NETBANKING,ICICI,NETWORK_ERROR,18,RETRY_NOW,0
0.5,0.09090909090909091,2033.46,WALLET,YESBANK,NETWORK_ERROR,11,SEND_REMINDER,0
0.9444444444444444,1.0,5914.39,UPI,YESBANK,BANK_TIMEOUT,22,RETRY_NOW,1
0.9166666666666666,0.8,3202.42,CARD,YESBANK,AUTHENTICATION_FAILED,16,SEND_REMINDER,1
0.4444444444444444,0.6,5473.2,WALLET,KOTAK,BANK_TIMEOUT,5,RETRY_NOW,0
0.8103448275862069,0.7272727272727273,8145.51,UPI,YESBANK,LIMIT_EXCEEDED,13,SEND_REMINDER,1
0.82,1.0,3321.3,NETBANKING,HDFC,INSUFFICIENT_FUNDS,12,SEND_REMINDER,1
0.9195402298850575,0.2857142857142857,928.16,CARD,AXIS,INSUFFICIENT_FUNDS,12,RETRY_NOW,0
0.9607843137254902,0.25,8808.11,CARD,ICICI,CARD_EXPIRED,20,RETRY_LATER,1
0.8979591836734694,0.3,2120.62,UPI,KOTAK,CARD_EXPIRED,6,RETRY_NOW,1
0.9333333333333333,0.0,4782.1,CARD,SBI,CARD_EXPIRED,11,RETRY_LATER,0
0.8823529411764706,1.0,1635.26,CARD,KOTAK,BANK_TIMEOUT,8,SEND_REMINDER,0
0.7,0.5,3622.12,WALLET,HDFC,LIMIT_EXCEEDED,1,NO_ACTION,0
0.25925925925925924,0.1,1239.76,NETBANKING,ICICI,INSUFFICIENT_FUNDS,20,RETRY_LATER,0
0.7619047619047619,0.35,7246.76,UPI,KOTAK,BANK_TIMEOUT,6,RETRY_LATER,0
0.8955223880597015,0.0,4240.43,NETBANKING,AXIS,BANK_TIMEOUT,11,NO_ACTION,0
0.8148148148148148,0.2,3939.59,UPI,SBI,INSUFFICIENT_FUNDS,11,RETRY_LATER,0
0.8764044943820225,0.18181818181818182,4120.84,NETBANKING,KOTAK,NETWORK_ERROR,19,RETRY_NOW,1
0.8347826086956521,0.7368421052631579,4025.38,UPI,AXIS,INSUFFICIENT_FUNDS,18,RETRY_LATER,0
0.9795918367346939,0.5,888.37,NETBANKING,ICICI,BANK_TIMEOUT,18,NO_ACTION,0
0.7764705882352941,0.3684210526315789,1560.74,UPI,HDFC,BANK_TIMEOUT,20,SEND_REMINDER,0
0.6779661016949152,1.0,8433.33,WALLET,KOTAK,CARD_EXPIRED,9,NO_ACTION,0
0.9340659340659341,0.3333333333333333,9517.56,UPI,KOTAK,NETWORK_ERROR,6,RETRY_LATER,1
0.9310344827586207,0.3333333333333333,1738.56,NETBANKING,YESBANK,NETWORK_ERROR,2,NO_ACTION,0
0.7468354430379747,0.95,6353.33,WALLET,ICICI,CARD_EXPIRED,13,NO_ACTION,0
0.5714285714285714,0.0,7633.64,CARD,SBI,LIMIT_EXCEEDED,9,NO_ACTION,0
0.8076923076923077,0.8,841.78,UPI,YESBANK,LIMIT_EXCEEDED,22,SEND_REMINDER,0
0.8518518518518519,0.0,1839.34,CARD,ICICI,INSUFFICIENT_FUNDS,5,NO_ACTION,0
0.8867924528301887,0.8333333333333334,8378.5,WALLET,YESBANK,AUTHENTICATION_FAILED,5,RETRY_LATER,1
0.8586956521739131,0.0,6565.74,WALLET,AXIS,BANK_TIMEOUT,1,RETRY_LATER,0
0.6875,1.0,9804.11,CARD,ICICI,LIMIT_EXCEEDED,23,RETRY_LATER,1
0.6538461538461539,0.7777777777777778,6817.56,NETBANKING,SBI,BANK_TIMEOUT,2,SEND_REMINDER,1
0.88,0.0,2328.45,CARD,YESBANK,AUTHENTICATION_FAILED,14,RETRY_LATER,1
0.7763157894736842,0.29411764705882354,6483.82,CARD,SBI,LIMIT_EXCEEDED,9,RETRY_NOW,0
0.9333333333333333,0.5,7915.12,WALLET,ICICI,INSUFFICIENT_FUNDS,13,NO_ACTION,0
0.2,0.4,4999.86,CARD,ICICI,BANK_TIMEOUT,4,SEND_REMINDER,0
0.979381443298969,0.5,4128.06,WALLET,SBI,NETWORK_ERROR,3,RETRY_LATER,1
0.8434782608695652,0.5,5758.45,CARD,AXIS,NETWORK_ERROR,22,RETRY_LATER,1
0.7346938775510204,0.07692307692307693,238.03,NETBANKING,YESBANK,NETWORK_ERROR,15,RETRY_LATER,1
0.8615384615384616,0.8888888888888888,5203.28,NETBANKING,SBI,NETWORK_ERROR,19,RETRY_NOW,1
0.7285714285714285,0.7894736842105263,4853.83,WALLET,ICICI,AUTHENTICATION_FAILED,20,RETRY_NOW,0
0.6428571428571429,0.8,2425.27,WALLET,ICICI,INSUFFICIENT_FUNDS,4,RETRY_LATER,0
0.9655172413793104,0.5,2560.29,NETBANKING,YESBANK,BANK_TIMEOUT,18,RETRY_LATER,1
0.2962962962962963,0.15789473684210525,1686.22,CARD,HDFC,INSUFFICIENT_FUNDS,12,RETRY_NOW,0
0.5,0.3888888888888889,6035.09,UPI,ICICI,BANK_TIMEOUT,16,RETRY_NOW,1
0.8539325842696629,0.23076923076923078,3626.77,CARD,HDFC,NETWORK_ERROR,2,NO_ACTION,0
1.0,0.0,1515.51,UPI,KOTAK,CARD_EXPIRED,2,NO_ACTION,0
0.9032258064516129,1.0,9744.85,NETBANKING,YESBANK,INSUFFICIENT_FUNDS,9,SEND_REMINDER,1
0.8181818181818182,0.0,4441.26,NETBANKING,KOTAK,CARD_EXPIRED,8,RETRY_NOW,0
0.8974358974358975,0.25,8104.15,CARD,KOTAK,BANK_TIMEOUT,18,NO_ACTION,0
0.8085106382978723,0.5555555555555556,6964.72,NETBANKING,YESBANK,AUTHENTICATION_FAILED,7,SEND_REMINDER,1
0.8421052631578947,0.6666666666666666,1145.76,CARD,AXIS,LIMIT_EXCEEDED,3,SEND_REMINDER,1
0.8514851485148515,0.13333333333333333,4353.9,WALLET,SBI,NETWORK_ERROR,9,RETRY_LATER,1
0.5238095238095238,0.7,2038.53,CARD,AXIS,NETWORK_ERROR,14,RETRY_LATER,1
0.8061224489795918,0.7368421052631579,3818.54,UPI,ICICI,NETWORK_ERROR,1,RETRY_NOW,0
0.8227848101265823,0.14285714285714285,1365.85,UPI,ICICI,NETWORK_ERROR,17,SEND_REMINDER,0
0.8227848101265823,0.0,4451.99,WALLET,KOTAK,CARD_EXPIRED,13,RETRY_NOW,0
0.7741935483870968,0.35714285714285715,4222.24,NETBANKING,HDFC,INSUFFICIENT_FUNDS,18,NO_ACTION,0
0.42857142857142855,0.16666666666666666,6304.41,NETBANKING,SBI,CARD_EXPIRED,6,RETRY_LATER,0
0.9117647058823529,0.0,4224.11,UPI,HDFC,BANK_TIMEOUT,19,RETRY_NOW,0
0.726027397260274,0.05,8321.98,NETBANKING,ICICI,CARD_EXPIRED,9,RETRY_LATER,1
0.8235294117647058,0.2777777777777778,3117.57,NETBANKING,AXIS,INSUFFICIENT_FUNDS,16,RETRY_LATER,1
0.8266666666666667,0.6923076923076923,5018.18,WALLET,ICICI,BANK_TIMEOUT,14,RETRY_NOW,1
0.8725490196078431,0.38461538461538464,8080.67,WALLET,SBI,CARD_EXPIRED,8,RETRY_LATER,1
0.43333333333333335,0.5294117647058824,8325.95,CARD,YESBANK,LIMIT_EXCEEDED,6,NO_ACTION,0
0.8488372093023255,0.5384615384615384,9732.48,UPI,YESBANK,INSUFFICIENT_FUNDS,10,RETRY_LATER,0
0.8787878787878788,0.625,2790.8,WALLET,HDFC,AUTHENTICATION_FAILED,17,NO_ACTION,0
0.7164179104477612,0.7894736842105263,3017.36,UPI,SBI,LIMIT_EXCEEDED,4,RETRY_NOW,1
0.9375,0.5,5045.09,WALLET,KOTAK,AUTHENTICATION_FAILED,6,NO_ACTION,0
0.9629629629629629,0.6666666666666666,8250.07,NETBANKING,SBI,BANK_TIMEOUT,20,RETRY_LATER,1
0.900990099009901,0.6,2397.17,NETBANKING,KOTAK,LIMIT_EXCEEDED,3,RETRY_LATER,0
0.6785714285714286,0.7777777777777778,5546.66,NETBANKING,YESBANK,AUTHENTICATION_FAILED,22,NO_ACTION,0
0.9787234042553191,0.5,2211.63,CARD,KOTAK,NETWORK_ERROR,8,RETRY_LATER,0
0.71875,0.3333333333333333,9085.23,NETBANKING,ICICI,NETWORK_ERROR,14,RETRY_NOW,1
0.845360824742268,0.3333333333333333,2506.96,UPI,KOTAK,AUTHENTICATION_FAILED,10,NO_ACTION,0
0.8958333333333334,0.0,4679.83,WALLET,KOTAK,CARD_EXPIRED,0,NO_ACTION,0
0.8979591836734694,1.0,6431.0,NETBANKING,SBI,LIMIT_EXCEEDED,15,RETRY_LATER,1
0.7361111111111112,0.631578947368421,9722.51,CARD,SBI,INSUFFICIENT_FUNDS,7,RETRY_LATER,1
0.863013698630137,0.0,8311.85,CARD,AXIS,LIMIT_EXCEEDED,12,SEND_REMINDER,1
0.9850746268656716,0.0,3146.39,CARD,SBI,CARD_EXPIRED,6,NO_ACTION,0
0.6808510638297872,0.8666666666666667,136.96,WALLET,KOTAK,LIMIT_EXCEEDED,23,RETRY_NOW,0
0.8130841121495327,0.55,9365.6,CARD,SBI,NETWORK_ERROR,21,RETRY_NOW,1
0.7142857142857143,0.0,2521.22,WALLET,HDFC,AUTHENTICATION_FAILED,5,RETRY_LATER,0
0.8170731707317073,1.0,2091.8,NETBANKING,AXIS,BANK_TIMEOUT,4,SEND_REMINDER,0
0.9846153846153847,1.0,928.39,WALLET,SBI,LIMIT_EXCEEDED,3,RETRY_NOW,1
0.5384615384615384,0.6666666666666666,2458.47,WALLET,ICICI,BANK_TIMEOUT,19,NO_ACTION,0
1.0,0.0,6778.92,CARD,YESBANK,INSUFFICIENT_FUNDS,3,RETRY_NOW,1
0.803921568627451,1.0,3677.51,NETBANKING,HDFC,NETWORK_ERROR,11,NO_ACTION,0
0.7714285714285715,0.25,1298.92,UPI,YESBANK,CARD_EXPIRED,19,RETRY_LATER,0
0.9866666666666667,0.0,7147.25,UPI,YESBANK,INSUFFICIENT_FUNDS,20,SEND_REMINDER,1
0.822429906542056,0.47368421052631576,4675.49,NETBANKING,AXIS,BANK_TIMEOUT,13,RETRY_LATER,1
0.6041666666666666,0.10526315789473684,1954.99,UPI,HDFC,LIMIT_EXCEEDED,10,RETRY_NOW,0
0.9841269841269841,1.0,9396.15,NETBANKING,ICICI,CARD_EXPIRED,15,SEND_REMINDER,1
0.7397260273972602,0.47368421052631576,4501.01,NETBANKING,YESBANK,LIMIT_EXCEEDED,5,RETRY_LATER,1
0.8235294117647058,0.2777777777777778,3698.18,CARD,KOTAK,AUTHENTICATION_FAILED,2,RETRY_NOW,1
0.8028169014084507,0.5,9053.08,UPI,KOTAK,NETWORK_ERROR,17,RETRY_LATER,1
0.7671232876712328,0.5882352941176471,2263.02,WALLET,ICICI,INSUFFICIENT_FUNDS,7,RETRY_LATER,0
0.6666666666666666,0.6428571428571429,9132.03,WALLET,AXIS,BANK_TIMEOUT,17,NO_ACTION,0
0.94,0.16666666666666666,2430.55,WALLET,AXIS,AUTHENTICATION_FAILED,13,SEND_REMINDER,1
0.9333333333333333,0.6666666666666666,332.27,CARD,SBI,AUTHENTICATION_FAILED,23,SEND_REMINDER,1
0.88,0.6666666666666666,4059.76,WALLET,AXIS,NETWORK_ERROR,23,SEND_REMINDER,1
0.9540229885057471,0.5,8288.1,CARD,KOTAK,BANK_TIMEOUT,7,RETRY_NOW,0
0.7878787878787878,0.6428571428571429,9059.6,UPI,AXIS,NETWORK_ERROR,23,SEND_REMINDER,0
0.8095238095238095,0.16666666666666666,9428.3,UPI,YESBANK,CARD_EXPIRED,22,SEND_REMINDER,0
0.8734177215189873,0.4,8841.14,UPI,HDFC,AUTHENTICATION_FAILED,2,SEND_REMINDER,1
0.8282828282828283,0.7647058823529411,3699.85,NETBANKING,ICICI,CARD_EXPIRED,5,NO_ACTION,0
0.6808510638297872,0.8666666666666667,6527.72,UPI,AXIS,CARD_EXPIRED,19,SEND_REMINDER,1
0.4482758620689655,0.4375,6344.2,UPI,YESBANK,CARD_EXPIRED,15,SEND_REMINDER,1
0.9333333333333333,0.0,1751.47,UPI,HDFC,LIMIT_EXCEEDED,5,NO_ACTION,0
0.8952380952380953,0.18181818181818182,6948.7,UPI,ICICI,BANK_TIMEOUT,18,RETRY_LATER,0
0.782608695652174,0.4666666666666667,4545.87,UPI,SBI,NETWORK_ERROR,22,SEND_REMINDER,1
0.8365384615384616,0.7058823529411765,1556.35,UPI,HDFC,CARD_EXPIRED,22,RETRY_NOW,0
0.9195402298850575,0.2857142857142857,7910.23,CARD,ICICI,CARD_EXPIRED,14,NO_ACTION,0
0.9833333333333333,1.0,5596.07,UPI,SBI,LIMIT_EXCEEDED,3,RETRY_LATER,0
0.8928571428571429,0.6666666666666666,1628.81,CARD,AXIS,LIMIT_EXCEEDED,20,RETRY_NOW,1
0.90625,0.0,6302.65,UPI,YESBANK,INSUFFICIENT_FUNDS,15,NO_ACTION,0
0.7428571428571429,0.0,1513.18,NETBANKING,KOTAK,AUTHENTICATION_FAILED,20,RETRY_NOW,0
0.42857142857142855,0.5625,3266.6,CARD,YESBANK,NETWORK_ERROR,14,RETRY_LATER,0
0.8876404494382022,0.2,613.99,WALLET,KOTAK,NETWORK_ERROR,1,NO_ACTION,0
0.8947368421052632,0.625,290.78,UPI,YESBANK,LIMIT_EXCEEDED,23,NO_ACTION,0
0.9873417721518988,0.0,6169.01,UPI,ICICI,INSUFFICIENT_FUNDS,21,RETRY_LATER,0
0.875,0.8333333333333334,861.25,WALLET,ICICI,LIMIT_EXCEEDED,17,RETRY_LATER,1
0.7142857142857143,0.5,5813.12,UPI,AXIS,AUTHENTICATION_FAILED,9,NO_ACTION,0
0.42857142857142855,0.125,3934.67,CARD,KOTAK,BANK_TIMEOUT,11,RETRY_LATER,1
0.927710843373494,0.8333333333333334,7027.59,CARD,YESBANK,BANK_TIMEOUT,9,RETRY_NOW,1
0.7432432432432432,0.8947368421052632,6951.76,CARD,SBI,NETWORK_ERROR,19,RETRY_NOW,0
0.2727272727272727,0.375,3359.15,CARD,YESBANK,NETWORK_ERROR,0,RETRY_NOW,0
0.972972972972973,0.0,6297.24,UPI,HDFC,LIMIT_EXCEEDED,2,SEND_REMINDER,0
0.822429906542056,0.47368421052631576,9171.6,CARD,ICICI,NETWORK_ERROR,14,SEND_REMINDER,1
0.5945945945945946,0.9333333333333333,2645.33,CARD,HDFC,BANK_TIMEOUT,6,RETRY_NOW,0
0.6764705882352942,0.18181818181818182,5183.31,CARD,HDFC,AUTHENTICATION_FAILED,0,NO_ACTION,0
0.5714285714285714,0.0,2436.7,UPI,YESBANK,NETWORK_ERROR,18,SEND_REMINDER,0
0.8734177215189873,0.4,8841.14,UPI,HDFC,AUTHENTICATION_FAILED,2,RETRY_NOW,0
0.9607843137254902,0.5,490.57,NETBANKING,KOTAK,BANK_TIMEOUT,17,RETRY_LATER,1
0.8556701030927835,0.9285714285714286,8797.02,WALLET,KOTAK,LIMIT_EXCEEDED,14,RETRY_LATER,1
1.0,0.0,5947.13,WALLET,AXIS,INSUFFICIENT_FUNDS,13,RETRY_NOW,1
0.9636363636363636,0.0,2249.62,NETBANKING,ICICI,NETWORK_ERROR,5,SEND_REMINDER,0
0.7727272727272727,0.3,2055.5,WALLET,AXIS,INSUFFICIENT_FUNDS,14,RETRY_NOW,1
0.5238095238095238,0.55,1998.15,WALLET,ICICI,LIMIT_EXCEEDED,9,NO_ACTION,0
0.99,1.0,3783.06,WALLET,SBI,NETWORK_ERROR,23,RETRY_NOW,1
0.8085106382978723,0.5,7937.14,WALLET,AXIS,BANK_TIMEOUT,8,SEND_REMINDER,1
0.7702702702702703,0.058823529411764705,457.28,CARD,KOTAK,INSUFFICIENT_FUNDS,21,RETRY_LATER,0
0.6808510638297872,0.3333333333333333,7143.87,WALLET,ICICI,LIMIT_EXCEEDED,6,RETRY_LATER,0
0.47058823529411764,1.0,1432.86,WALLET,ICICI,NETWORK_ERROR,9,RETRY_LATER,1
0.8539325842696629,0.23076923076923078,4429.79,UPI,ICICI,AUTHENTICATION_FAILED,18,SEND_REMINDER,1
0.726027397260274,0.05,6664.39,WALLET,ICICI,NETWORK_ERROR,12,RETRY_LATER,1
0.8205128205128205,0.42857142857142855,3007.1,NETBANKING,ICICI,BANK_TIMEOUT,5,SEND_REMINDER,0
0.979381443298969,0.5,8386.42,WALLET,SBI,INSUFFICIENT_FUNDS,13,SEND_REMINDER,1
0.723404255319149,0.3076923076923077,5131.16,NETBANKING,HDFC,INSUFFICIENT_FUNDS,4,NO_ACTION,0
0.7432432432432432,0.8947368421052632,9507.65,NETBANKING,AXIS,BANK_TIMEOUT,10,NO_ACTION,0
0.9629629629629629,0.6666666666666666,2754.32,UPI,YESBANK,INSUFFICIENT_FUNDS,18,RETRY_NOW,0
0.3333333333333333,0.55,8911.8,NETBANKING,SBI,NETWORK_ERROR,18,NO_ACTION,0
0.6666666666666666,0.8,6403.75,CARD,SBI,NETWORK_ERROR,6,RETRY_NOW,0
0.7115384615384616,0.8,2156.51,NETBANKING,AXIS,LIMIT_EXCEEDED,8,RETRY_LATER,0
0.8867924528301887,0.8333333333333334,557.95,UPI,HDFC,AUTHENTICATION_FAILED,17,RETRY_LATER,1
0.84,0.5,2362.54,NETBANKING,YESBANK,CARD_EXPIRED,6,SEND_REMINDER,0
0.8375,0.3076923076923077,9341.46,NETBANKING,HDFC,LIMIT_EXCEEDED,17,SEND_REMINDER,0
0.803921568627451,1.0,8775.09,NETBANKING,SBI,NETWORK_ERROR,4,RETRY_LATER,1
0.8656716417910447,0.4444444444444444,4825.13,NETBANKING,KOTAK,INSUFFICIENT_FUNDS,4,NO_ACTION,0
0.9880952380952381,0.0,5397.96,WALLET,SBI,AUTHENTICATION_FAILED,11,SEND_REMINDER,1
0.978021978021978,0.0,6022.32,UPI,SBI,BANK_TIMEOUT,2,RETRY_LATER,1
0.9375,0.5,5045.09,WALLET,KOTAK,AUTHENTICATION_FAILED,6,RETRY_LATER,0
0.7681159420289855,0.4375,6671.99,WALLET,KOTAK,BANK_TIMEOUT,20,NO_ACTION,0
0.8947368421052632,0.625,1436.22,CARD,AXIS,CARD_EXPIRED,5,RETRY_NOW,0
0.6041666666666666,0.10526315789473684,1326.08,CARD,ICICI,NETWORK_ERROR,9,RETRY_NOW,0
0.95,0.2,8052.22,UPI,HDFC,BANK_TIMEOUT,3,NO_ACTION,0
0.8350515463917526,0.8125,2526.78,NETBANKING,YESBANK,LIMIT_EXCEEDED,9,NO_ACTION,0
0.8148148148148148,0.06666666666666667,1017.44,WALLET,YESBANK,NETWORK_ERROR,19,RETRY_NOW,0
0.5681818181818182,0.3157894736842105,5665.06,WALLET,HDFC,CARD_EXPIRED,11,RETRY_LATER,0
0.8656716417910447,0.4444444444444444,7563.36,NETBANKING,HDFC,BANK_TIMEOUT,5,NO_ACTION,0
0.9,0.875,9315.92,UPI,SBI,BANK_TIMEOUT,23,RETRY_NOW,1
0.696969696969697,0.7,1835.23,CARD,HDFC,NETWORK_ERROR,11,NO_ACTION,0
0.9787234042553191,0.0,7805.76,UPI,YESBANK,LIMIT_EXCEEDED,13,RETRY_NOW,1
0.9764705882352941,0.0,347.1,CARD,AXIS,INSUFFICIENT_FUNDS,4,NO_ACTION,0
0.8350515463917526,0.8125,7236.51,NETBANKING,KOTAK,LIMIT_EXCEEDED,4,NO_ACTION,0
0.896551724137931,0.8888888888888888,5091.83,NETBANKING,ICICI,INSUFFICIENT_FUNDS,22,SEND_REMINDER,1
0.717948717948718,0.18181818181818182,6112.47,UPI,SBI,CARD_EXPIRED,11,RETRY_LATER,0
0.88,0.6666666666666666,1551.55,CARD,ICICI,AUTHENTICATION_FAILED,0,RETRY_NOW,1
0.9090909090909091,0.5,8854.88,NETBANKING,SBI,CARD_EXPIRED,23,SEND_REMINDER,0
0.45454545454545453,0.9166666666666666,6193.97,CARD,SBI,NETWORK_ERROR,13,RETRY_LATER,1
0.828125,1.0,6055.0,UPI,ICICI,AUTHENTICATION_FAILED,23,RETRY_NOW,0
0.9661016949152542,1.0,6638.04,CARD,SBI,BANK_TIMEOUT,21,RETRY_NOW,1
0.8235294117647058,0.2777777777777778,3698.18,CARD,KOTAK,AUTHENTICATION_FAILED,2,RETRY_LATER,1
0.8877551020408163,1.0,9538.22,WALLET,ICICI,BANK_TIMEOUT,8,NO_ACTION,0
0.927710843373494,0.8333333333333334,4556.6,WALLET,ICICI,AUTHENTICATION_FAILED,7,RETRY_LATER,1
0.8846153846153846,1.0,579.09,NETBANKING,ICICI,NETWORK_ERROR,22,RETRY_LATER,1
0.9838709677419355,0.0,1060.51,NETBANKING,SBI,LIMIT_EXCEEDED,8,RETRY_NOW,0
0.9090909090909091,0.5,6141.74,CARD,ICICI,NETWORK_ERROR,15,RETRY_NOW,1
0.8571428571428571,0.14285714285714285,7091.45,UPI,AXIS,BANK_TIMEOUT,5,RETRY_LATER,0
0.47058823529411764,1.0,6720.13,CARD,ICICI,INSUFFICIENT_FUNDS,23,RETRY_NOW,1
0.48,0.38461538461538464,1013.28,UPI,ICICI,BANK_TIMEOUT,17,RETRY_LATER,1
0.8282828282828283,0.23529411764705882,1602.04,NETBANKING,HDFC,LIMIT_EXCEEDED,18,RETRY_NOW,0
0.7111111111111111,0.9230769230769231,1220.16,NETBANKING,AXIS,BANK_TIMEOUT,8,RETRY_NOW,0
0.8636363636363636,0.3333333333333333,2591.11,CARD,SBI,AUTHENTICATION_FAILED,4,RETRY_NOW,0
0.88,0.0,2328.45,CARD,YESBANK,AUTHENTICATION_FAILED,14,NO_ACTION,0
0.8571428571428571,0.0,7706.01,UPI,ICICI,LIMIT_EXCEEDED,23,SEND_REMINDER,0
0.8876404494382022,0.2,4663.74,WALLET,KOTAK,AUTHENTICATION_FAILED,10,RETRY_LATER,1
0.96,1.0,6840.37,WALLET,KOTAK,LIMIT_EXCEEDED,5,NO_ACTION,0
0.8253968253968254,1.0,7330.06,CARD,HDFC,BANK_TIMEOUT,18,RETRY_LATER,1
0.92,0.16666666666666666,1712.31,NETBANKING,ICICI,INSUFFICIENT_FUNDS,13,NO_ACTION,0
0.8676470588235294,0.8888888888888888,4007.08,WALLET,KOTAK,LIMIT_EXCEEDED,15,NO_ACTION,0
0.8350515463917526,0.8125,9651.22,UPI,HDFC,CARD_EXPIRED,5,RETRY_LATER,0
0.8148148148148148,0.8,9435.77,NETBANKING,HDFC,CARD_EXPIRED,21,SEND_REMINDER,0
0.984375,1.0,9494.04,WALLET,SBI,CARD_EXPIRED,10,RETRY_LATER,0
0.6779661016949152,1.0,452.98,CARD,AXIS,AUTHENTICATION_FAILED,8,RETRY_LATER,1
0.8709677419354839,0.625,4777.57,CARD,KOTAK,CARD_EXPIRED,14,RETRY_LATER,0
0.7468354430379747,0.95,3354.69,UPI,ICICI,BANK_TIMEOUT,18,RETRY_NOW,1
0.8461538461538461,1.0,5703.25,WALLET,AXIS,AUTHENTICATION_FAILED,1,SEND_REMINDER,0
0.8773584905660378,1.0,8567.41,UPI,KOTAK,INSUFFICIENT_FUNDS,8,RETRY_NOW,1
0.8247422680412371,1.0,6997.53,CARD,HDFC,NETWORK_ERROR,14,NO_ACTION,0
0.6595744680851063,0.1875,6439.43,NETBANKING,AXIS,INSUFFICIENT_FUNDS,2,NO_ACTION,0
0.90625,0.0,1444.01,WALLET,HDFC,AUTHENTICATION_FAILED,15,SEND_REMINDER,0
0.8541666666666666,0.42857142857142855,8505.2,WALLET,SBI,LIMIT_EXCEEDED,9,RETRY_NOW,1
0.8979591836734694,1.0,205.54,UPI,HDFC,LIMIT_EXCEEDED,23,RETRY_NOW,0
0.6976744186046512,0.07692307692307693,7736.8,NETBANKING,AXIS,BANK_TIMEOUT,15,RETRY_NOW,1
0.828125,1.0,6940.53,UPI,HDFC,AUTHENTICATION_FAILED,5,SEND_REMINDER,1
0.898989898989899,0.1,8351.1,NETBANKING,HDFC,BANK_TIMEOUT,18,NO_ACTION,0
0.2962962962962963,0.15789473684210525,9925.02,UPI,YESBANK,CARD_EXPIRED,6,SEND_REMINDER,1
0.9204545454545454,0.14285714285714285,1514.89,CARD,KOTAK,LIMIT_EXCEEDED,18,NO_ACTION,0
0.94,0.16666666666666666,6337.92,CARD,HDFC,BANK_TIMEOUT,11,RETRY_LATER,1
0.5813953488372093,0.7777777777777778,4338.99,WALLET,AXIS,NETWORK_ERROR,21,RETRY_NOW,1
0.9705882352941176,1.0,1917.57,UPI,AXIS,NETWORK_ERROR,21,NO_ACTION,0
0.9090909090909091,0.25,3631.68,UPI,HDFC,AUTHENTICATION_FAILED,0,RETRY_NOW,0
0.7741935483870968,0.35714285714285715,4981.42,CARD,AXIS,NETWORK_ERROR,16,NO_ACTION,0
0.94,0.16666666666666666,8085.57,CARD,ICICI,CARD_EXPIRED,15,RETRY_LATER,0
0.8809523809523809,1.0,8458.02,WALLET,HDFC,AUTHENTICATION_FAILED,6,SEND_REMINDER,1
0.5,0.8333333333333334,7433.25,WALLET,ICICI,AUTHENTICATION_FAILED,4,SEND_REMINDER,1
0.7402597402597403,0.95,1537.02,NETBANKING,SBI,CARD_EXPIRED,17,RETRY_LATER,0
0.7532467532467533,0.3684210526315789,7447.69,UPI,SBI,AUTHENTICATION_FAILED,7,RETRY_NOW,1
0.9850746268656716,0.0,3376.08,UPI,YESBANK,AUTHENTICATION_FAILED,9,NO_ACTION,0
0.48,0.38461538461538464,7632.42,WALLET,SBI,LIMIT_EXCEEDED,6,SEND_REMINDER,0
0.8676470588235294,0.8888888888888888,8917.95,NETBANKING,KOTAK,INSUFFICIENT_FUNDS,20,SEND_REMINDER,1
0.8513513513513513,0.0,176.77,UPI,ICICI,INSUFFICIENT_FUNDS,13,NO_ACTION,0
0.7714285714285715,0.25,1298.92,UPI,YESBANK,CARD_EXPIRED,19,SEND_REMINDER,0
0.82,1.0,2292.76,UPI,KOTAK,CARD_EXPIRED,2,RETRY_NOW,0
1.0,0.0,7039.97,UPI,AXIS,AUTHENTICATION_FAILED,23,NO_ACTION,0
0.8125,0.4166666666666667,6733.82,UPI,HDFC,LIMIT_EXCEEDED,15,RETRY_NOW,0
0.75,0.6,8831.43,NETBANKING,SBI,CARD_EXPIRED,6,RETRY_LATER,0
0.5652173913043478,0.6,3273.69,UPI,YESBANK,NETWORK_ERROR,13,SEND_REMINDER,0
0.9880952380952381,0.0,5397.96,WALLET,SBI,AUTHENTICATION_FAILED,11,RETRY_LATER,1
0.8301886792452831,0.3333333333333333,8489.41,WALLET,AXIS,LIMIT_EXCEEDED,10,RETRY_LATER,0
0.7142857142857143,0.5,2494.18,UPI,YESBANK,AUTHENTICATION_FAILED,17,NO_ACTION,0
0.6153846153846154,0.6,1920.92,NETBANKING,ICICI,LIMIT_EXCEEDED,19,NO_ACTION,0
0.9615384615384616,1.0,6243.64,WALLET,KOTAK,CARD_EXPIRED,7,SEND_REMINDER,1
0.7111111111111111,0.9230769230769231,1664.99,NETBANKING,YESBANK,NETWORK_ERROR,20,NO_ACTION,0
0.8947368421052632,0.6666666666666666,8074.72,WALLET,HDFC,LIMIT_EXCEEDED,1,SEND_REMINDER,0
0.6551724137931034,0.75,9641.45,UPI,SBI,BANK_TIMEOUT,14,RETRY_NOW,0
0.9204545454545454,0.14285714285714285,3632.33,UPI,ICICI,CARD_EXPIRED,8,SEND_REMINDER,1
0.8444444444444444,0.14285714285714285,9071.54,WALLET,HDFC,INSUFFICIENT_FUNDS,22,RETRY_LATER,0
0.42857142857142855,0.5625,7886.32,WALLET,KOTAK,CARD_EXPIRED,3,NO_ACTION,0
0.9339622641509434,0.5714285714285714,5080.38,UPI,AXIS,CARD_EXPIRED,1,RETRY_LATER,1
1.0,0.0,831.88,WALLET,KOTAK,BANK_TIMEOUT,8,RETRY_NOW,1
1.0,0.0,9302.71,CARD,ICICI,CARD_EXPIRED,12,RETRY_NOW,0
0.98989898989899,1.0,1201.02,UPI,AXIS,BANK_TIMEOUT,19,NO_ACTION,0
0.7647058823529411,0.55,2045.29,NETBANKING,YESBANK,LIMIT_EXCEEDED,7,NO_ACTION,0
0.8571428571428571,0.6875,1522.84,UPI,ICICI,AUTHENTICATION_FAILED,17,NO_ACTION,0
0.8990825688073395,0.2727272727272727,1865.92,NETBANKING,KOTAK,BANK_TIMEOUT,13,NO_ACTION,0
0.574468085106383,0.2,3523.96,CARD,SBI,BANK_TIMEOUT,15,RETRY_LATER,0
0.5384615384615384,0.4444444444444444,895.3,CARD,KOTAK,CARD_EXPIRED,22,SEND_REMINDER,1
0.8333333333333334,0.09090909090909091,9948.03,UPI,KOTAK,NETWORK_ERROR,7,NO_ACTION,0
0.5909090909090909,0.3333333333333333,1534.9,WALLET,KOTAK,CARD_EXPIRED,13,NO_ACTION,0
0.4375,0.9444444444444444,3409.02,NETBANKING,ICICI,INSUFFICIENT_FUNDS,10,SEND_REMINDER,1
0.9333333333333333,0.5,4038.87,WALLET,KOTAK,CARD_EXPIRED,1,RETRY_LATER,1
1.0,0.0,8619.02,NETBANKING,HDFC,NETWORK_ERROR,10,SEND_REMINDER,1
0.8695652173913043,0.75,5244.84,CARD,HDFC,LIMIT_EXCEEDED,21,NO_ACTION,0
0.8181818181818182,0.16666666666666666,6060.56,CARD,AXIS,LIMIT_EXCEEDED,13,RETRY_NOW,1
0.972972972972973,0.0,1382.97,UPI,AXIS,INSUFFICIENT_FUNDS,10,NO_ACTION,0
0.9473684210526315,0.25,5851.99,WALLET,SBI,BANK_TIMEOUT,9,SEND_REMINDER,0
0.9148936170212766,0.625,5493.56,WALLET,SBI,AUTHENTICATION_FAILED,13,NO_ACTION,0
0.4375,0.9444444444444444,3409.02,NETBANKING,ICICI,INSUFFICIENT_FUNDS,10,RETRY_NOW,1
0.797752808988764,0.1111111111111111,6284.19,UPI,AXIS,BANK_TIMEOUT,18,NO_ACTION,0
0.9636363636363636,1.0,4194.91,CARD,KOTAK,CARD_EXPIRED,15,SEND_REMINDER,0
0.82,1.0,3413.25,WALLET,ICICI,INSUFFICIENT_FUNDS,9,NO_ACTION,0
0.7638888888888888,0.17647058823529413,8909.17,NETBANKING,HDFC,BANK_TIMEOUT,13,RETRY_LATER,0
0.7407407407407407,0.42857142857142855,1098.46,CARD,SBI,INSUFFICIENT_FUNDS,21,RETRY_NOW,1
0.9444444444444444,1.0,5914.39,UPI,YESBANK,BANK_TIMEOUT,22,RETRY_LATER,1
0.975609756097561,0.0,996.34,NETBANKING,HDFC,AUTHENTICATION_FAILED,2,NO_ACTION,0
0.7857142857142857,0.3333333333333333,3293.14,UPI,AXIS,AUTHENTICATION_FAILED,2,RETRY_LATER,1
0.3,0.8571428571428571,3510.24,CARD,YESBANK,AUTHENTICATION_FAILED,9,NO_ACTION,0
0.9333333333333333,0.75,2760.31,UPI,HDFC,AUTHENTICATION_FAILED,7,RETRY_LATER,1
0.7764705882352941,0.3684210526315789,5906.57,UPI,SBI,AUTHENTICATION_FAILED,4,RETRY_LATER,0
0.6842105263157895,0.7777777777777778,5154.21,WALLET,ICICI,LIMIT_EXCEEDED,15,NO_ACTION,0
0.7872340425531915,0.55,6301.17,CARD,KOTAK,LIMIT_EXCEEDED,19,RETRY_NOW,1
0.8928571428571429,0.6666666666666666,2638.35,CARD,YESBANK,AUTHENTICATION_FAILED,13,NO_ACTION,0
0.8076923076923077,1.0,3093.77,UPI,AXIS,LIMIT_EXCEEDED,17,SEND_REMINDER,1
0.8990825688073395,0.2727272727272727,9801.62,CARD,SBI,INSUFFICIENT_FUNDS,2,SEND_REMINDER,1
0.9090909090909091,0.5,7171.19,NETBANKING,KOTAK,NETWORK_ERROR,10,RETRY_NOW,1
0.7849462365591398,0.85,8868.38,WALLET,AXIS,INSUFFICIENT_FUNDS,9,RETRY_LATER,0
0.7586206896551724,0.5,8958.86,NETBANKING,ICICI,LIMIT_EXCEEDED,19,SEND_REMINDER,0
0.7647058823529411,0.55,2045.29,NETBANKING,YESBANK,LIMIT_EXCEEDED,7,SEND_REMINDER,1
0.7397260273972602,0.47368421052631576,1456.78,UPI,YESBANK,AUTHENTICATION_FAILED,1,RETRY_LATER,0
0.92,1.0,2044.31,UPI,ICICI,BANK_TIMEOUT,22,RETRY_NOW,0
0.98989898989899,1.0,3982.59,WALLET,HDFC,INSUFFICIENT_FUNDS,14,RETRY_NOW,1
0.5777777777777777,0.47368421052631576,745.63,NETBANKING,KOTAK,LIMIT_EXCEEDED,10,RETRY_LATER,0
0.6976744186046512,0.07692307692307693,7511.87,UPI,ICICI,NETWORK_ERROR,0,RETRY_NOW,0
0.7741935483870968,0.35714285714285715,1885.57,WALLET,ICICI,AUTHENTICATION_FAILED,6,RETRY_NOW,1
0.9534883720930233,1.0,8812.25,NETBANKING,HDFC,CARD_EXPIRED,9,SEND_REMINDER,1
0.8555555555555555,1.0,8008.17,UPI,AXIS,NETWORK_ERROR,20,RETRY_LATER,1
0.36666666666666664,0.631578947368421,7434.33,WALLET,ICICI,AUTHENTICATION_FAILED,7,SEND_REMINDER,1
0.8148148148148148,0.06666666666666667,1017.44,WALLET,YESBANK,NETWORK_ERROR,19,NO_ACTION,0
0.8936170212765957,0.0,4156.32,UPI,AXIS,CARD_EXPIRED,11,RETRY_LATER,0
0.8902439024390244,1.0,1476.09,CARD,ICICI,LIMIT_EXCEEDED,0,SEND_REMINDER,0
0.6875,0.0,946.29,UPI,KOTAK,BANK_TIMEOUT,0,RETRY_LATER,1
0.8165137614678899,0.55,6229.65,NETBANKING,HDFC,LIMIT_EXCEEDED,2,SEND_REMINDER,0
0.7567567567567568,0.6666666666666666,3313.36,WALLET,HDFC,LIMIT_EXCEEDED,6,RETRY_LATER,1
0.8924731182795699,0.4,2652.85,WALLET,SBI,CARD_EXPIRED,19,RETRY_LATER,0
0.703125,0.47368421052631576,7135.73,NETBANKING,HDFC,LIMIT_EXCEEDED,23,RETRY_LATER,0
0.8762886597938144,0.0,1091.99,UPI,ICICI,LIMIT_EXCEEDED,5,RETRY_NOW,0
0.631578947368421,0.14285714285714285,5967.2,NETBANKING,AXIS,NETWORK_ERROR,1,NO_ACTION,0
0.9841269841269841,1.0,6605.05,UPI,HDFC,AUTHENTICATION_FAILED,14,NO_ACTION,0
0.8656716417910447,0.4444444444444444,4825.13,NETBANKING,KOTAK,INSUFFICIENT_FUNDS,4,RETRY_NOW,0
0.8541666666666666,0.42857142857142855,8159.35,CARD,YESBANK,INSUFFICIENT_FUNDS,3,NO_ACTION,0
0.9818181818181818,1.0,1678.56,NETBANKING,YESBANK,CARD_EXPIRED,12,NO_ACTION,0
0.8571428571428571,0.4,1212.16,NETBANKING,SBI,BANK_TIMEOUT,5,SEND_REMINDER,0
0.9863013698630136,1.0,5559.68,NETBANKING,AXIS,CARD_EXPIRED,3,RETRY_NOW,0
0.7333333333333333,1.0,1847.31,CARD,YESBANK,AUTHENTICATION_FAILED,19,RETRY_LATER,0
0.891566265060241,0.8888888888888888,1123.42,CARD,HDFC,INSUFFICIENT_FUNDS,11,RETRY_LATER,1
0.927710843373494,0.8333333333333334,4556.6,WALLET,ICICI,AUTHENTICATION_FAILED,7,SEND_REMINDER,1
0.8725490196078431,0.38461538461538464,5009.03,UPI,AXIS,BANK_TIMEOUT,0,NO_ACTION,0
0.96,1.0,3785.84,CARD,ICICI,INSUFFICIENT_FUNDS,13,NO_ACTION,0
0.9846153846153847,1.0,8079.55,CARD,SBI,NETWORK_ERROR,9,SEND_REMINDER,0
0.75,1.0,3839.86,CARD,KOTAK,LIMIT_EXCEEDED,6,SEND_REMINDER,1
0.5777777777777777,0.47368421052631576,745.63,NETBANKING,KOTAK,LIMIT_EXCEEDED,10,SEND_REMINDER,0
0.36666666666666664,0.631578947368421,350.87,NETBANKING,SBI,CARD_EXPIRED,16,SEND_REMINDER,1
0.95,0.0,1043.49,UPI,ICICI,LIMIT_EXCEEDED,16,RETRY_NOW,0
0.9038461538461539,0.6,9562.57,NETBANKING,KOTAK,CARD_EXPIRED,22,RETRY_NOW,0
0.5714285714285714,1.0,5029.26,NETBANKING,AXIS,AUTHENTICATION_FAILED,11,RETRY_LATER,1
0.6818181818181818,0.8571428571428571,5280.5,NETBANKING,ICICI,BANK_TIMEOUT,9,RETRY_LATER,1
0.7397260273972602,0.47368421052631576,6758.56,NETBANKING,AXIS,CARD_EXPIRED,23,SEND_REMINDER,1
0.875,0.8571428571428571,7955.39,WALLET,ICICI,INSUFFICIENT_FUNDS,19,RETRY_LATER,0
0.8372093023255814,0.21428571428571427,4723.66,UPI,SBI,INSUFFICIENT_FUNDS,0,RETRY_NOW,0
0.9801980198019802,0.0,246.8,WALLET,ICICI,CARD_EXPIRED,1,NO_ACTION,0
0.8214285714285714,0.8,1656.3,WALLET,SBI,INSUFFICIENT_FUNDS,4,NO_ACTION,0
0.6724137931034483,0.7894736842105263,6364.44,NETBANKING,SBI,CARD_EXPIRED,19,RETRY_LATER,1
0.8928571428571429,0.6666666666666666,9190.49,CARD,KOTAK,INSUFFICIENT_FUNDS,20,SEND_REMINDER,1
0.7875,0.5294117647058824,458.72,WALLET,KOTAK,BANK_TIMEOUT,18,SEND_REMINDER,0
0.8125,0.4166666666666667,9770.02,UPI,ICICI,INSUFFICIENT_FUNDS,22,RETRY_LATER,0
0.5263157894736842,1.0,1846.35,UPI,SBI,AUTHENTICATION_FAILED,10,RETRY_LATER,1
0.6274509803921569,0.5263157894736842,3291.84,WALLET,KOTAK,AUTHENTICATION_FAILED,21,RETRY_LATER,0
0.8235294117647058,0.0,666.28,UPI,KOTAK,LIMIT_EXCEEDED,10,NO_ACTION,0
0.42857142857142855,0.16666666666666666,2383.12,CARD,AXIS,BANK_TIMEOUT,17,NO_ACTION,0
0.7764705882352941,0.3684210526315789,4793.02,UPI,AXIS,LIMIT_EXCEEDED,16,RETRY_LATER,0
0.9473684210526315,0.25,8117.84,UPI,KOTAK,LIMIT_EXCEEDED,8,RETRY_LATER,1
0.5681818181818182,0.3157894736842105,5665.06,WALLET,HDFC,CARD_EXPIRED,11,RETRY_NOW,0
0.9603960396039604,0.0,1084.68,WALLET,ICICI,NETWORK_ERROR,14,RETRY_LATER,1
0.45454545454545453,0.8333333333333334,8997.05,NETBANKING,AXIS,INSUFFICIENT_FUNDS,23,NO_ACTION,0
0.9838709677419355,0.0,6059.85,UPI,HDFC,BANK_TIMEOUT,1,RETRY_NOW,0
0.8222222222222222,0.875,9977.78,NETBANKING,HDFC,LIMIT_EXCEEDED,17,NO_ACTION,0
0.8482142857142857,0.17647058823529413,7096.42,WALLET,HDFC,LIMIT_EXCEEDED,0,SEND_REMINDER,1
0.2,0.4,3916.91,CARD,AXIS,INSUFFICIENT_FUNDS,13,SEND_REMINDER,0
0.8421052631578947,0.0,5684.62,WALLET,SBI,BANK_TIMEOUT,7,SEND_REMINDER,0
0.872093023255814,0.09090909090909091,194.26,CARD,ICICI,BANK_TIMEOUT,21,RETRY_NOW,0
0.975609756097561,0.0,3524.58,WALLET,KOTAK,INSUFFICIENT_FUNDS,4,NO_ACTION,0
0.8434782608695652,0.5,4925.58,CARD,SBI,CARD_EXPIRED,3,RETRY_LATER,0
0.9827586206896551,0.0,9132.34,NETBANKING,AXIS,BANK_TIMEOUT,7,RETRY_NOW,1
0.8625,0.18181818181818182,7032.25,NETBANKING,HDFC,CARD_EXPIRED,16,NO_ACTION,0
0.6595744680851063,0.1875,719.32,UPI,KOTAK,CARD_EXPIRED,22,NO_ACTION,0
0.7945205479452054,0.7333333333333333,9857.86,UPI,YESBANK,AUTHENTICATION_FAILED,12,RETRY_LATER,0
0.8785046728971962,0.15384615384615385,3939.73,NETBANKING,HDFC,AUTHENTICATION_FAILED,21,SEND_REMINDER,1
0.8173076923076923,0.3684210526315789,2011.64,UPI,AXIS,BANK_TIMEOUT,17,SEND_REMINDER,1
0.8181818181818182,0.16666666666666666,328.04,CARD,KOTAK,BANK_TIMEOUT,7,RETRY_NOW,0
0.7647058823529411,0.125,9794.97,UPI,ICICI,BANK_TIMEOUT,3,NO_ACTION,0
0.765625,0.4,5069.37,WALLET,ICICI,AUTHENTICATION_FAILED,16,RETRY_LATER,0
0.8214285714285714,0.8,6217.66,NETBANKING,ICICI,NETWORK_ERROR,6,RETRY_NOW,1
0.7619047619047619,0.35,5894.52,UPI,KOTAK,BANK_TIMEOUT,0,RETRY_NOW,0
0.5348837209302325,0.25,8703.31,CARD,AXIS,AUTHENTICATION_FAILED,14,RETRY_LATER,0
0.972972972972973,0.0,5558.11,UPI,SBI,INSUFFICIENT_FUNDS,23,NO_ACTION,0
0.6923076923076923,0.75,1980.49,CARD,YESBANK,INSUFFICIENT_FUNDS,4,NO_ACTION,0
0.9607843137254902,0.5,1725.65,UPI,SBI,CARD_EXPIRED,3,RETRY_NOW,0
0.8260869565217391,0.4,4636.35,WALLET,ICICI,CARD_EXPIRED,0,SEND_REMINDER,0
0.6923076923076923,0.9375,6601.49,UPI,ICICI,INSUFFICIENT_FUNDS,7,SEND_REMINDER,1
0.8811881188118812,0.16666666666666666,6826.11,UPI,YESBANK,LIMIT_EXCEEDED,16,RETRY_NOW,1
0.5384615384615384,0.25,4891.7,UPI,HDFC,AUTHENTICATION_FAILED,22,RETRY_NOW,0
0.9253731343283582,0.6,1431.93,UPI,SBI,INSUFFICIENT_FUNDS,8,NO_ACTION,0
0.9523809523809523,0.6,5707.83,WALLET,YESBANK,INSUFFICIENT_FUNDS,11,RETRY_LATER,0
0.782608695652174,0.4666666666666667,4545.87,UPI,SBI,NETWORK_ERROR,22,RETRY_NOW,1
0.6842105263157895,0.7777777777777778,5154.21,WALLET,ICICI,LIMIT_EXCEEDED,15,RETRY_NOW,0
0.7872340425531915,0.55,6301.17,CARD,KOTAK,LIMIT_EXCEEDED,19,RETRY_LATER,1
0.900990099009901,0.6,8571.92,CARD,AXIS,AUTHENTICATION_FAILED,0,RETRY_NOW,0
0.8615384615384616,0.8888888888888888,5686.35,WALLET,KOTAK,INSUFFICIENT_FUNDS,21,RETRY_NOW,0
0.5,0.8333333333333334,3869.35,NETBANKING,KOTAK,AUTHENTICATION_FAILED,9,SEND_REMINDER,0
0.9117647058823529,0.0,2103.58,NETBANKING,ICICI,CARD_EXPIRED,2,NO_ACTION,0
0.9534883720930233,0.5,3630.52,NETBANKING,AXIS,AUTHENTICATION_FAILED,15,RETRY_NOW,0
0.7931034482758621,0.8333333333333334,3604.38,UPI,KOTAK,AUTHENTICATION_FAILED,16,SEND_REMINDER,0
0.6052631578947368,0.2,9130.5,WALLET,KOTAK,LIMIT_EXCEEDED,3,SEND_REMINDER,0
0.5384615384615384,0.2777777777777778,6664.69,WALLET,SBI,CARD_EXPIRED,1,NO_ACTION,0
0.9863013698630136,1.0,1554.4,CARD,YESBANK,LIMIT_EXCEEDED,12,RETRY_LATER,1
0.9879518072289156,0.0,4668.65,CARD,SBI,CARD_EXPIRED,2,RETRY_NOW,0
0.9850746268656716,0.0,3376.08,UPI,YESBANK,AUTHENTICATION_FAILED,9,RETRY_LATER,0
0.7654320987654321,0.7368421052631579,7027.05,NETBANKING,ICICI,LIMIT_EXCEEDED,4,SEND_REMINDER,1
0.7755102040816326,0.6363636363636364,6115.09,NETBANKING,KOTAK,INSUFFICIENT_FUNDS,1,RETRY_NOW,0
0.927710843373494,0.8333333333333334,3175.81,WALLET,ICICI,CARD_EXPIRED,13,SEND_REMINDER,0
0.9705882352941176,1.0,516.0,UPI,HDFC,AUTHENTICATION_FAILED,7,NO_ACTION,0
0.782608695652174,0.2,4002.37,NETBANKING,AXIS,LIMIT_EXCEEDED,6,NO_ACTION,0
0.7142857142857143,0.0,9277.53,CARD,AXIS,AUTHENTICATION_FAILED,11,SEND_REMINDER,0
0.6595744680851063,0.0,6289.37,NETBANKING,AXIS,INSUFFICIENT_FUNDS,16,SEND_REMINDER,1
0.6551724137931034,0.75,8146.59,NETBANKING,SBI,BANK_TIMEOUT,16,NO_ACTION,0
0.6875,0.1,9421.0,UPI,KOTAK,CARD_EXPIRED,22,NO_ACTION,0
0.4444444444444444,0.55,4300.81,UPI,AXIS,CARD_EXPIRED,1,RETRY_LATER,0
0.6444444444444445,0.625,5793.07,UPI,YESBANK,AUTHENTICATION_FAILED,15,SEND_REMINDER,1
0.9821428571428571,0.0,440.5,NETBANKING,ICICI,NETWORK_ERROR,3,NO_ACTION,0
0.5833333333333334,0.2,1170.73,CARD,ICICI,INSUFFICIENT_FUNDS,18,SEND_REMINDER,0
1.0,0.0,2798.44,UPI,AXIS,CARD_EXPIRED,8,RETRY_NOW,1
0.926829268292683,0.6666666666666666,9107.25,WALLET,YESBANK,INSUFFICIENT_FUNDS,23,RETRY_LATER,0
0.8333333333333334,0.0,8662.33,WALLET,ICICI,LIMIT_EXCEEDED,4,NO_ACTION,0
0.8208955223880597,0.5833333333333334,4169.91,CARD,YESBANK,INSUFFICIENT_FUNDS,5,RETRY_NOW,0
0.8990825688073395,0.2727272727272727,5518.86,WALLET,ICICI,NETWORK_ERROR,11,RETRY_LATER,1
0.7361111111111112,0.631578947368421,1954.08,NETBANKING,KOTAK,LIMIT_EXCEEDED,8,RETRY_LATER,1
0.8260869565217391,0.4,9933.9,NETBANKING,AXIS,NETWORK_ERROR,21,RETRY_NOW,0
0.7346938775510204,0.07692307692307693,7087.9,WALLET,HDFC,AUTHENTICATION_FAILED,6,RETRY_LATER,0
0.855072463768116,0.5,972.59,UPI,HDFC,BANK_TIMEOUT,1,RETRY_LATER,1
0.2631578947368421,0.9285714285714286,8727.53,WALLET,ICICI,AUTHENTICATION_FAILED,5,RETRY_LATER,0
0.8854166666666666,0.6363636363636364,284.59,WALLET,AXIS,NETWORK_ERROR,19,SEND_REMINDER,0
0.7590361445783133,0.1,6561.19,CARD,YESBANK,BANK_TIMEOUT,4,RETRY_NOW,1
0.3,0.8571428571428571,135.53,WALLET,HDFC,NETWORK_ERROR,10,RETRY_NOW,0
0.42857142857142855,0.125,6409.99,WALLET,SBI,CARD_EXPIRED,22,SEND_REMINDER,1
0.8985507246376812,1.0,2545.75,CARD,AXIS,INSUFFICIENT_FUNDS,18,RETRY_LATER,1
0.7333333333333333,1.0,2310.02,CARD,SBI,INSUFFICIENT_FUNDS,22,RETRY_LATER,0
0.8260869565217391,0.4,7564.99,NETBANKING,KOTAK,CARD_EXPIRED,12,NO_ACTION,0
1.0,0.0,2090.69,NETBANKING,AXIS,CARD_EXPIRED,10,NO_ACTION,0
0.9680851063829787,0.6666666666666666,2905.14,NETBANKING,HDFC,CARD_EXPIRED,0,RETRY_NOW,1
0.9629629629629629,0.6666666666666666,3256.41,WALLET,AXIS,AUTHENTICATION_FAILED,18,RETRY_NOW,0
0.8876404494382022,0.8,609.6,NETBANKING,HDFC,NETWORK_ERROR,2,RETRY_LATER,1
0.6444444444444445,0.625,5793.07,UPI,YESBANK,AUTHENTICATION_FAILED,15,RETRY_NOW,1
0.6818181818181818,0.8571428571428571,5239.47,CARD,ICICI,LIMIT_EXCEEDED,21,SEND_REMINDER,1
0.8431372549019608,0.0,9939.74,CARD,ICICI,INSUFFICIENT_FUNDS,18,RETRY_NOW,1
0.8867924528301887,0.8333333333333334,6734.83,WALLET,AXIS,LIMIT_EXCEEDED,15,RETRY_LATER,0
0.9787234042553191,0.0,9217.81,NETBANKING,HDFC,BANK_TIMEOUT,6,RETRY_NOW,1
0.7671232876712328,0.5882352941176471,2080.14,CARD,KOTAK,LIMIT_EXCEEDED,9,RETRY_LATER,1
0.6551724137931034,0.75,630.94,CARD,KOTAK,LIMIT_EXCEEDED,1,RETRY_NOW,0
1.0,0.0,9234.93,UPI,KOTAK,AUTHENTICATION_FAILED,21,SEND_REMINDER,0
0.7777777777777778,0.8333333333333334,5059.9,NETBANKING,KOTAK,LIMIT_EXCEEDED,22,RETRY_LATER,0
0.8928571428571429,0.6666666666666666,9730.08,CARD,SBI,LIMIT_EXCEEDED,21,NO_ACTION,0
0.7142857142857143,0.0,8825.84,CARD,YESBANK,LIMIT_EXCEEDED,0,RETRY_LATER,0
0.6052631578947368,0.2,4634.92,WALLET,SBI,INSUFFICIENT_FUNDS,21,SEND_REMINDER,0
0.9333333333333333,0.75,2238.23,WALLET,ICICI,NETWORK_ERROR,5,SEND_REMINDER,0
0.9,0.2,9894.27,NETBANKING,AXIS,INSUFFICIENT_FUNDS,0,RETRY_LATER,1
0.8910891089108911,0.0,5451.55,WALLET,ICICI,AUTHENTICATION_FAILED,12,RETRY_LATER,0
0.8888888888888888,0.5,4450.9,NETBANKING,YESBANK,CARD_EXPIRED,18,RETRY_NOW,0
0.8928571428571429,0.6666666666666666,5302.68,UPI,AXIS,CARD_EXPIRED,23,RETRY_LATER,1
0.8518518518518519,0.0,9286.71,WALLET,KOTAK,NETWORK_ERROR,8,RETRY_NOW,0
0.7875,0.5294117647058824,1333.3,UPI,KOTAK,CARD_EXPIRED,16,NO_ACTION,0
0.7872340425531915,0.0,4289.72,WALLET,YESBANK,CARD_EXPIRED,16,NO_ACTION,0
0.8392857142857143,0.0,2973.45,CARD,KOTAK,CARD_EXPIRED,6,NO_ACTION,0
0.8888888888888888,0.875,7357.54,UPI,YESBANK,AUTHENTICATION_FAILED,10,SEND_REMINDER,1
0.6538461538461539,0.7777777777777778,5252.69,CARD,HDFC,CARD_EXPIRED,7,RETRY_LATER,0
0.6136363636363636,0.058823529411764705,5101.78,UPI,ICICI,LIMIT_EXCEEDED,14,SEND_REMINDER,1
0.9134615384615384,0.7777777777777778,1332.0,NETBANKING,HDFC,NETWORK_ERROR,17,RETRY_NOW,1
0.9428571428571428,1.0,5279.11,UPI,SBI,BANK_TIMEOUT,22,RETRY_NOW,0
0.8823529411764706,1.0,3259.01,CARD,ICICI,INSUFFICIENT_FUNDS,16,RETRY_NOW,1
0.6875,1.0,9804.11,CARD,ICICI,LIMIT_EXCEEDED,23,NO_ACTION,0
0.803921568627451,1.0,3677.51,NETBANKING,HDFC,NETWORK_ERROR,11,SEND_REMINDER,1
0.7049180327868853,0.5555555555555556,3855.15,NETBANKING,ICICI,NETWORK_ERROR,10,RETRY_LATER,1
0.9629629629629629,0.6666666666666666,3256.41,WALLET,AXIS,AUTHENTICATION_FAILED,18,NO_ACTION,0
0.7272727272727273,0.4166666666666667,9669.45,WALLET,ICICI,BANK_TIMEOUT,17,SEND_REMINDER,0
0.8482142857142857,0.17647058823529413,8208.44,NETBANKING,AXIS,NETWORK_ERROR,13,SEND_REMINDER,1
0.9230769230769231,0.5,2840.47,UPI,SBI,INSUFFICIENT_FUNDS,20,RETRY_NOW,0
1.0,0.0,2993.73,UPI,KOTAK,AUTHENTICATION_FAILED,6,RETRY_NOW,0
0.7291666666666666,0.3076923076923077,6573.29,CARD,KOTAK,LIMIT_EXCEEDED,23,NO_ACTION,0
0.5384615384615384,0.6111111111111112,9700.24,WALLET,HDFC,CARD_EXPIRED,16,SEND_REMINDER,1
0.75,0.29411764705882354,7682.76,NETBANKING,AXIS,AUTHENTICATION_FAILED,4,RETRY_LATER,0
0.5263157894736842,1.0,9024.95,UPI,HDFC,AUTHENTICATION_FAILED,0,RETRY_LATER,1
0.9310344827586207,0.8333333333333334,2559.22,CARD,KOTAK,LIMIT_EXCEEDED,6,NO_ACTION,0
0.8333333333333334,0.0,3917.69,WALLET,HDFC,CARD_EXPIRED,21,SEND_REMINDER,1
0.8222222222222222,0.875,2779.22,UPI,HDFC,NETWORK_ERROR,9,SEND_REMINDER,1
0.9333333333333333,0.6666666666666666,332.27,CARD,SBI,AUTHENTICATION_FAILED,23,NO_ACTION,0
0.8181818181818182,0.0,3477.85,UPI,KOTAK,CARD_EXPIRED,2,RETRY_NOW,0
0.8409090909090909,1.0,6465.71,CARD,YESBANK,CARD_EXPIRED,20,RETRY_NOW,1
0.9204545454545454,0.14285714285714285,5497.41,NETBANKING,YESBANK,BANK_TIMEOUT,0,NO_ACTION,0
0.8990825688073395,0.2727272727272727,3712.2,UPI,HDFC,AUTHENTICATION_FAILED,6,NO_ACTION,0
0.8350515463917526,0.8125,2526.78,NETBANKING,YESBANK,LIMIT_EXCEEDED,9,RETRY_NOW,0
0.375,0.0,7906.04,UPI,SBI,LIMIT_EXCEEDED,13,RETRY_LATER,1
0.7424242424242424,0.35294117647058826,4386.88,UPI,YESBANK,NETWORK_ERROR,19,NO_ACTION,0
0.8823529411764706,0.75,8890.94,UPI,YESBANK,LIMIT_EXCEEDED,20,SEND_REMINDER,0
0.8769230769230769,0.125,8514.18,NETBANKING,YESBANK,BANK_TIMEOUT,2,NO_ACTION,0
0.8307692307692308,0.5454545454545454,6239.46,NETBANKING,AXIS,BANK_TIMEOUT,9,NO_ACTION,0
0.8627450980392157,1.0,1803.78,UPI,HDFC,BANK_TIMEOUT,4,RETRY_LATER,1
0.7701149425287356,0.05,6199.21,CARD,YESBANK,BANK_TIMEOUT,14,RETRY_LATER,1
0.7878787878787878,0.6428571428571429,7101.16,WALLET,HDFC,NETWORK_ERROR,20,RETRY_NOW,0
0.7428571428571429,0.2222222222222222,6936.87,CARD,HDFC,INSUFFICIENT_FUNDS,13,NO_ACTION,0
0.6111111111111112,1.0,3791.88,UPI,ICICI,LIMIT_EXCEEDED,23,NO_ACTION,0
0.9506172839506173,1.0,467.62,UPI,KOTAK,INSUFFICIENT_FUNDS,1,RETRY_LATER,1
0.9113924050632911,0.7142857142857143,749.77,NETBANKING,YESBANK,LIMIT_EXCEEDED,18,NO_ACTION,0
0.8404255319148937,0.6,4332.9,UPI,SBI,INSUFFICIENT_FUNDS,18,RETRY_LATER,0
0.5384615384615384,0.4444444444444444,895.3,CARD,KOTAK,CARD_EXPIRED,22,RETRY_LATER,0
0.6744186046511628,0.14285714285714285,6270.95,CARD,YESBANK,NETWORK_ERROR,6,NO_ACTION,0
0.8461538461538461,0.5,1933.85,UPI,ICICI,BANK_TIMEOUT,3,NO_ACTION,0
0.5,0.8333333333333334,7344.4,NETBANKING,HDFC,NETWORK_ERROR,7,RETRY_LATER,1
0.4444444444444444,0.9,9020.71,CARD,SBI,CARD_EXPIRED,2,SEND_REMINDER,1
0.859375,0.6666666666666666,9194.35,UPI,KOTAK,INSUFFICIENT_FUNDS,6,RETRY_LATER,1
0.9104477611940298,0.0,822.83,CARD,ICICI,INSUFFICIENT_FUNDS,2,RETRY_NOW,0
0.574468085106383,0.2,9489.01,WALLET,YESBANK,AUTHENTICATION_FAILED,1,SEND_REMINDER,1
0.8804347826086957,0.0,4114.31,NETBANKING,ICICI,INSUFFICIENT_FUNDS,9,NO_ACTION,0
0.8433734939759037,0.6923076923076923,3714.71,CARD,SBI,LIMIT_EXCEEDED,22,RETRY_LATER,1
0.6875,0.0,3174.37,NETBANKING,HDFC,NETWORK_ERROR,23,NO_ACTION,0
0.8541666666666666,0.42857142857142855,9381.12,NETBANKING,ICICI,AUTHENTICATION_FAILED,7,NO_ACTION,0
0.6666666666666666,0.8,9879.16,UPI,SBI,AUTHENTICATION_FAILED,4,NO_ACTION,0
0.9873417721518988,0.0,5080.02,WALLET,SBI,AUTHENTICATION_FAILED,1,RETRY_LATER,0
0.8787878787878788,0.25,251.94,NETBANKING,AXIS,CARD_EXPIRED,15,RETRY_LATER,0
0.2916666666666667,0.0,1225.96,WALLET,ICICI,INSUFFICIENT_FUNDS,4,RETRY_NOW,0
0.6744186046511628,0.14285714285714285,6382.59,UPI,ICICI,INSUFFICIENT_FUNDS,23,SEND_REMINDER,0
0.4444444444444444,0.55,6409.7,UPI,SBI,BANK_TIMEOUT,0,RETRY_NOW,1
0.7,0.13333333333333333,8989.22,CARD,YESBANK,INSUFFICIENT_FUNDS,4,NO_ACTION,0
0.9166666666666666,0.5555555555555556,2924.49,WALLET,YESBANK,CARD_EXPIRED,16,SEND_REMINDER,1
0.3,0.8571428571428571,8028.71,WALLET,KOTAK,INSUFFICIENT_FUNDS,9,RETRY_NOW,0
0.6904761904761905,0.07692307692307693,4288.32,CARD,KOTAK,INSUFFICIENT_FUNDS,12,NO_ACTION,0
0.45454545454545453,0.8333333333333334,5419.97,CARD,AXIS,INSUFFICIENT_FUNDS,13,RETRY_LATER,1
0.8434782608695652,0.5,5852.6,CARD,YESBANK,NETWORK_ERROR,15,SEND_REMINDER,0
0.8571428571428571,0.7142857142857143,4125.58,NETBANKING,ICICI,INSUFFICIENT_FUNDS,8,NO_ACTION,0
0.8,1.0,6781.62,UPI,HDFC,BANK_TIMEOUT,11,SEND_REMINDER,0
0.8230088495575221,0.75,9145.87,CARD,SBI,BANK_TIMEOUT,16,SEND_REMINDER,0
0.8636363636363636,0.3333333333333333,2591.11,CARD,SBI,AUTHENTICATION_FAILED,4,RETRY_LATER,1
0.6842105263157895,0.7777777777777778,2802.93,NETBANKING,KOTAK,INSUFFICIENT_FUNDS,15,RETRY_NOW,0
0.9428571428571428,1.0,7636.16,NETBANKING,ICICI,LIMIT_EXCEEDED,21,SEND_REMINDER,1
0.7291666666666666,0.3076923076923077,7801.51,UPI,KOTAK,AUTHENTICATION_FAILED,16,NO_ACTION,0
0.9292929292929293,0.0,8193.34,NETBANKING,KOTAK,INSUFFICIENT_FUNDS,13,RETRY_NOW,0
0.921875,1.0,3952.17,CARD,KOTAK,AUTHENTICATION_FAILED,9,RETRY_LATER,1
0.96,1.0,2219.99,WALLET,ICICI,CARD_EXPIRED,3,SEND_REMINDER,1
0.9876543209876543,1.0,5427.52,CARD,AXIS,INSUFFICIENT_FUNDS,1,RETRY_LATER,0
0.9696969696969697,0.0,4654.28,WALLET,YESBANK,AUTHENTICATION_FAILED,20,RETRY_LATER,0
0.8433734939759037,0.6923076923076923,4186.27,UPI,KOTAK,BANK_TIMEOUT,2,RETRY_LATER,1
0.9339622641509434,0.5714285714285714,8407.09,CARD,SBI,BANK_TIMEOUT,19,RETRY_NOW,0
0.7857142857142857,0.9166666666666666,9150.03,CARD,YESBANK,BANK_TIMEOUT,8,NO_ACTION,0
0.5277777777777778,0.6470588235294118,6250.07,UPI,KOTAK,NETWORK_ERROR,3,NO_ACTION,0
0.6904761904761905,0.07692307692307693,4288.32,CARD,KOTAK,INSUFFICIENT_FUNDS,12,RETRY_NOW,0
0.9175257731958762,0.75,1947.36,WALLET,KOTAK,BANK_TIMEOUT,10,RETRY_LATER,1
0.975609756097561,0.5,6565.89,CARD,YESBANK,CARD_EXPIRED,5,SEND_REMINDER,0
0.2631578947368421,0.9285714285714286,8727.53,WALLET,ICICI,AUTHENTICATION_FAILED,5,SEND_REMINDER,0
0.9607843137254902,0.5,2725.13,NETBANKING,AXIS,LIMIT_EXCEEDED,9,NO_ACTION,0
1.0,0.0,6764.98,CARD,SBI,INSUFFICIENT_FUNDS,13,NO_ACTION,0
0.8653846153846154,0.0,359.41,CARD,KOTAK,LIMIT_EXCEEDED,9,SEND_REMINDER,1
0.890625,0.8571428571428571,662.62,NETBANKING,HDFC,INSUFFICIENT_FUNDS,14,RETRY_LATER,1
0.9090909090909091,0.0,8979.84,CARD,KOTAK,CARD_EXPIRED,22,RETRY_LATER,1
0.921875,1.0,9252.92,NETBANKING,AXIS,AUTHENTICATION_FAILED,22,RETRY_NOW,1
0.88,0.3333333333333333,3110.42,NETBANKING,AXIS,AUTHENTICATION_FAILED,16,SEND_REMINDER,1
0.9259259259259259,0.5,2027.19,WALLET,YESBANK,LIMIT_EXCEEDED,7,SEND_REMINDER,0
0.8736842105263158,0.8333333333333334,945.62,UPI,YESBANK,AUTHENTICATION_FAILED,7,RETRY_NOW,0
0.8571428571428571,0.0,2505.5,CARD,KOTAK,AUTHENTICATION_FAILED,8,NO_ACTION,0
0.921875,1.0,3578.85,WALLET,KOTAK,NETWORK_ERROR,17,RETRY_LATER,1
0.9607843137254902,0.5,155.62,NETBANKING,KOTAK,BANK_TIMEOUT,16,NO_ACTION,0
0.75,1.0,8094.81,UPI,KOTAK,BANK_TIMEOUT,7,RETRY_NOW,0
0.47619047619047616,0.09090909090909091,5556.96,CARD,KOTAK,AUTHENTICATION_FAILED,2,RETRY_NOW,1
0.8541666666666666,0.42857142857142855,9381.12,NETBANKING,ICICI,AUTHENTICATION_FAILED,7,RETRY_NOW,1
0.8877551020408163,1.0,9654.05,WALLET,HDFC,INSUFFICIENT_FUNDS,6,RETRY_LATER,0
1.0,0.0,9302.71,CARD,ICICI,CARD_EXPIRED,12,NO_ACTION,0
0.8421052631578947,0.3333333333333333,6337.88,NETBANKING,HDFC,BANK_TIMEOUT,10,RETRY_NOW,0
0.8125,0.4444444444444444,4095.46,NETBANKING,SBI,BANK_TIMEOUT,21,RETRY_NOW,0
0.82,1.0,7970.95,NETBANKING,ICICI,BANK_TIMEOUT,13,NO_ACTION,0
0.828125,1.0,6055.0,UPI,ICICI,AUTHENTICATION_FAILED,23,NO_ACTION,0
0.9523809523809523,0.2,2514.42,NETBANKING,SBI,INSUFFICIENT_FUNDS,1,NO_ACTION,0
0.9761904761904762,1.0,5615.68,UPI,ICICI,AUTHENTICATION_FAILED,22,RETRY_LATER,1
0.9210526315789473,1.0,9138.75,WALLET,AXIS,CARD_EXPIRED,15,NO_ACTION,0
0.6774193548387096,0.4,9078.46,CARD,KOTAK,BANK_TIMEOUT,0,RETRY_NOW,1
0.95,0.0,1043.49,UPI,ICICI,LIMIT_EXCEEDED,16,NO_ACTION,0
0.8350515463917526,0.8125,7236.51,NETBANKING,KOTAK,LIMIT_EXCEEDED,4,RETRY_LATER,0
0.9888888888888889,1.0,6786.39,UPI,YESBANK,LIMIT_EXCEEDED,6,NO_ACTION,0
0.8555555555555555,1.0,6933.34,WALLET,AXIS,LIMIT_EXCEEDED,6,NO_ACTION,0
0.7872340425531915,0.55,7039.54,CARD,YESBANK,LIMIT_EXCEEDED,11,NO_ACTION,0
0.8955223880597015,0.0,5264.01,CARD,HDFC,CARD_EXPIRED,19,RETRY_NOW,0
0.5555555555555556,0.5,8873.25,CARD,YESBANK,NETWORK_ERROR,20,RETRY_NOW,0
0.6595744680851063,0.0,8401.62,CARD,HDFC,LIMIT_EXCEEDED,6,RETRY_NOW,0
1.0,0.0,5522.99,CARD,KOTAK,INSUFFICIENT_FUNDS,0,NO_ACTION,0
0.5384615384615384,0.2777777777777778,6664.69,WALLET,SBI,CARD_EXPIRED,1,SEND_REMINDER,0
0.8214285714285714,0.8,6754.72,UPI,ICICI,LIMIT_EXCEEDED,23,SEND_REMINDER,0
0.6274509803921569,0.5263157894736842,7227.94,WALLET,HDFC,BANK_TIMEOUT,2,RETRY_NOW,0
0.8173076923076923,0.3684210526315789,2855.93,CARD,ICICI,BANK_TIMEOUT,9,RETRY_LATER,1
0.8823529411764706,0.0,9398.78,CARD,YESBANK,BANK_TIMEOUT,1,NO_ACTION,0
0.5957446808510638,0.05263157894736842,5252.4,WALLET,HDFC,INSUFFICIENT_FUNDS,18,NO_ACTION,0
0.95,0.2,7821.89,NETBANKING,YESBANK,BANK_TIMEOUT,19,RETRY_NOW,1
0.2,0.4,6105.99,CARD,ICICI,LIMIT_EXCEEDED,12,SEND_REMINDER,0
0.8130841121495327,0.4,7830.79,WALLET,SBI,NETWORK_ERROR,15,RETRY_LATER,1
0.7837837837837838,0.625,2902.05,NETBANKING,AXIS,LIMIT_EXCEEDED,15,RETRY_LATER,0
0.6595744680851063,0.1875,5178.4,WALLET,YESBANK,INSUFFICIENT_FUNDS,18,RETRY_NOW,0
0.5945945945945946,0.9333333333333333,2021.19,UPI,AXIS,AUTHENTICATION_FAILED,7,RETRY_LATER,0
0.9801980198019802,0.0,246.8,WALLET,ICICI,CARD_EXPIRED,1,RETRY_LATER,0
0.8155339805825242,0.42105263157894735,6122.57,WALLET,YESBANK,INSUFFICIENT_FUNDS,13,RETRY_NOW,1
0.8571428571428571,0.4,1150.6,WALLET,SBI,AUTHENTICATION_FAILED,17,RETRY_LATER,1
0.6595744680851063,0.0,6289.37,NETBANKING,AXIS,INSUFFICIENT_FUNDS,16,NO_ACTION,0
0.845360824742268,0.3333333333333333,2506.96,UPI,KOTAK,AUTHENTICATION_FAILED,10,SEND_REMINDER,1
0.8285714285714286,0.5,9382.15,CARD,YESBANK,INSUFFICIENT_FUNDS,15,NO_ACTION,0
0.6851851851851852,0.7058823529411765,460.35,CARD,YESBANK,LIMIT_EXCEEDED,3,SEND_REMINDER,1
0.8823529411764706,0.75,4556.07,WALLET,AXIS,CARD_EXPIRED,16,SEND_REMINDER,0
0.8157894736842105,0.0,5292.93,UPI,SBI,BANK_TIMEOUT,6,SEND_REMINDER,0
1.0,0.0,7813.17,WALLET,SBI,INSUFFICIENT_FUNDS,19,RETRY_LATER,0
0.8910891089108911,0.0,5451.55,WALLET,ICICI,AUTHENTICATION_FAILED,12,RETRY_NOW,0
0.9010989010989011,0.8888888888888888,2059.64,NETBANKING,YESBANK,LIMIT_EXCEEDED,23,NO_ACTION,0
0.972972972972973,0.0,5558.11,UPI,SBI,INSUFFICIENT_FUNDS,23,RETRY_LATER,0
0.8181818181818182,0.2777777777777778,9799.1,CARD,KOTAK,CARD_EXPIRED,7,NO_ACTION,0
0.6808510638297872,0.3333333333333333,7143.87,WALLET,ICICI,LIMIT_EXCEEDED,6,RETRY_NOW,0
0.890625,0.42857142857142855,8462.68,UPI,HDFC,NETWORK_ERROR,7,SEND_REMINDER,0
0.8392857142857143,0.2222222222222222,4512.26,WALLET,KOTAK,NETWORK_ERROR,21,RETRY_NOW,0
0.7764705882352941,0.3684210526315789,5423.0,CARD,SBI,INSUFFICIENT_FUNDS,10,NO_ACTION,0
0.8990825688073395,0.2727272727272727,5518.86,WALLET,ICICI,NETWORK_ERROR,11,RETRY_NOW,0
0.7272727272727273,0.4166666666666667,593.55,CARD,YESBANK,AUTHENTICATION_FAILED,22,NO_ACTION,0
0.7894736842105263,0.375,8704.17,CARD,ICICI,CARD_EXPIRED,0,RETRY_NOW,0
0.8909090909090909,0.25,5391.02,WALLET,KOTAK,BANK_TIMEOUT,14,RETRY_NOW,1
0.7397260273972602,1.0,2957.46,UPI,AXIS,NETWORK_ERROR,0,NO_ACTION,0
0.9795918367346939,0.5,5541.3,CARD,YESBANK,CARD_EXPIRED,17,RETRY_NOW,1
0.7169811320754716,0.06666666666666667,6334.94,WALLET,AXIS,CARD_EXPIRED,13,RETRY_LATER,0
0.8333333333333334,0.0,3917.69,WALLET,HDFC,CARD_EXPIRED,21,NO_ACTION,0
0.8260869565217391,0.4,6346.94,UPI,AXIS,LIMIT_EXCEEDED,14,NO_ACTION,0
0.7702702702702703,0.058823529411764705,2251.23,CARD,YESBANK,INSUFFICIENT_FUNDS,1,RETRY_NOW,0
0.8656716417910447,0.4444444444444444,1950.64,UPI,ICICI,BANK_TIMEOUT,18,NO_ACTION,0
0.890625,0.8571428571428571,9928.87,NETBANKING,AXIS,INSUFFICIENT_FUNDS,5,SEND_REMINDER,1
0.8392857142857143,0.2222222222222222,4512.26,WALLET,KOTAK,NETWORK_ERROR,21,NO_ACTION,0
0.8235294117647058,1.0,2007.22,CARD,YESBANK,BANK_TIMEOUT,17,NO_ACTION,0
0.8125,0.5833333333333334,6690.95,CARD,YESBANK,LIMIT_EXCEEDED,0,RETRY_LATER,1
0.9294117647058824,0.6666666666666666,9707.61,NETBANKING,AXIS,INSUFFICIENT_FUNDS,17,RETRY_NOW,1
0.8974358974358975,0.25,8925.08,WALLET,AXIS,CARD_EXPIRED,2,RETRY_LATER,0
0.8571428571428571,0.7142857142857143,7077.58,CARD,YESBANK,NETWORK_ERROR,21,RETRY_NOW,0
0.6363636363636364,0.0,6642.76,UPI,SBI,NETWORK_ERROR,21,RETRY_NOW,0
0.5384615384615384,0.08333333333333333,4920.03,UPI,HDFC,BANK_TIMEOUT,23,NO_ACTION,0
0.8095238095238095,0.5,6783.69,UPI,HDFC,BANK_TIMEOUT,17,RETRY_LATER,1
0.9761904761904762,0.5,7983.31,NETBANKING,AXIS,AUTHENTICATION_FAILED,14,RETRY_LATER,0
0.7037037037037037,0.5625,7409.81,NETBANKING,KOTAK,CARD_EXPIRED,5,SEND_REMINDER,1
0.5,0.6363636363636364,4411.74,CARD,SBI,CARD_EXPIRED,22,SEND_REMINDER,0
0.5833333333333334,0.2,7295.98,UPI,KOTAK,AUTHENTICATION_FAILED,0,NO_ACTION,0
0.8653846153846154,0.5714285714285714,2538.33,NETBANKING,SBI,NETWORK_ERROR,4,SEND_REMINDER,0
0.7285714285714285,0.7894736842105263,7493.51,CARD,SBI,AUTHENTICATION_FAILED,16,SEND_REMINDER,1
0.782608695652174,0.2,4002.37,NETBANKING,AXIS,LIMIT_EXCEEDED,6,SEND_REMINDER,0
0.8307692307692308,0.5454545454545454,4152.62,NETBANKING,SBI,AUTHENTICATION_FAILED,12,NO_ACTION,0
0.7875,0.5294117647058824,6093.95,CARD,YESBANK,AUTHENTICATION_FAILED,2,SEND_REMINDER,1
0.9333333333333333,0.0,5565.17,UPI,KOTAK,NETWORK_ERROR,7,RETRY_LATER,0
0.8421052631578947,0.6666666666666666,479.02,CARD,YESBANK,INSUFFICIENT_FUNDS,8,RETRY_NOW,0
0.2962962962962963,0.15789473684210525,9522.24,CARD,KOTAK,BANK_TIMEOUT,2,RETRY_NOW,0
0.9833333333333333,1.0,4276.42,WALLET,KOTAK,LIMIT_EXCEEDED,14,SEND_REMINDER,0
0.7654320987654321,0.7368421052631579,725.66,CARD,SBI,LIMIT_EXCEEDED,7,SEND_REMINDER,0
0.65,1.0,1246.86,NETBANKING,KOTAK,INSUFFICIENT_FUNDS,8,NO_ACTION,0
0.98989898989899,1.0,1201.02,UPI,AXIS,BANK_TIMEOUT,19,RETRY_NOW,1
0.8736842105263158,0.8333333333333334,8839.22,NETBANKING,ICICI,BANK_TIMEOUT,6,RETRY_NOW,1
0.8070175438596491,0.36363636363636365,2346.1,UPI,SBI,BANK_TIMEOUT,0,NO_ACTION,0
0.8811881188118812,0.16666666666666666,6826.11,UPI,YESBANK,LIMIT_EXCEEDED,16,RETRY_LATER,1
0.65,1.0,2053.75,WALLET,AXIS,BANK_TIMEOUT,20,RETRY_LATER,0
0.8070175438596491,0.36363636363636365,389.57,NETBANKING,YESBANK,NETWORK_ERROR,13,RETRY_NOW,1
0.972972972972973,0.0,6776.15,NETBANKING,HDFC,AUTHENTICATION_FAILED,22,SEND_REMINDER,0
0.6274509803921569,0.5263157894736842,6981.56,NETBANKING,ICICI,CARD_EXPIRED,11,RETRY_NOW,0
0.7,0.3333333333333333,9128.34,NETBANKING,SBI,INSUFFICIENT_FUNDS,16,SEND_REMINDER,1
0.8804347826086957,0.0,1465.42,UPI,ICICI,BANK_TIMEOUT,4,NO_ACTION,0
0.6595744680851063,0.1875,8587.35,NETBANKING,YESBANK,CARD_EXPIRED,15,NO_ACTION,0
0.9204545454545454,0.14285714285714285,6453.43,WALLET,SBI,INSUFFICIENT_FUNDS,7,SEND_REMINDER,1
0.921875,1.0,3952.17,CARD,KOTAK,AUTHENTICATION_FAILED,9,SEND_REMINDER,1
0.8831168831168831,0.7777777777777778,5028.37,WALLET,AXIS,BANK_TIMEOUT,20,SEND_REMINDER,1
0.896551724137931,0.8888888888888888,4868.98,UPI,ICICI,AUTHENTICATION_FAILED,4,NO_ACTION,0
0.8674698795180723,0.9090909090909091,1368.16,UPI,SBI,NETWORK_ERROR,22,NO_ACTION,0
0.9666666666666667,1.0,3751.57,NETBANKING,KOTAK,LIMIT_EXCEEDED,7,SEND_REMINDER,1
0.5957446808510638,0.05263157894736842,8343.97,CARD,AXIS,LIMIT_EXCEEDED,14,SEND_REMINDER,0
0.978021978021978,0.0,9759.65,NETBANKING,ICICI,AUTHENTICATION_FAILED,18,RETRY_LATER,0
0.7333333333333333,1.0,927.71,WALLET,YESBANK,INSUFFICIENT_FUNDS,22,RETRY_LATER,1
0.979381443298969,0.5,4434.85,UPI,KOTAK,INSUFFICIENT_FUNDS,6,RETRY_NOW,1
0.8888888888888888,0.875,6236.85,UPI,KOTAK,AUTHENTICATION_FAILED,20,SEND_REMINDER,0
0.9148936170212766,0.625,9405.42,UPI,YESBANK,INSUFFICIENT_FUNDS,14,RETRY_NOW,0
0.6976744186046512,0.07692307692307693,397.89,CARD,YESBANK,BANK_TIMEOUT,6,RETRY_NOW,1
0.9345794392523364,0.5714285714285714,1436.84,CARD,KOTAK,CARD_EXPIRED,9,SEND_REMINDER,0
0.9583333333333334,0.0,5546.9,UPI,YESBANK,BANK_TIMEOUT,8,RETRY_NOW,0
0.8676470588235294,0.8888888888888888,4007.08,WALLET,KOTAK,LIMIT_EXCEEDED,15,SEND_REMINDER,1
0.7407407407407407,0.42857142857142855,4799.39,NETBANKING,HDFC,CARD_EXPIRED,23,NO_ACTION,0
0.9072164948453608,0.4444444444444444,3288.65,WALLET,HDFC,LIMIT_EXCEEDED,9,SEND_REMINDER,0
0.703125,0.0,5179.7,CARD,AXIS,CARD_EXPIRED,14,RETRY_NOW,0
0.8153846153846154,0.08333333333333333,5258.12,UPI,ICICI,LIMIT_EXCEEDED,9,SEND_REMINDER,1
0.782608695652174,0.4666666666666667,9297.06,NETBANKING,ICICI,AUTHENTICATION_FAILED,14,RETRY_NOW,0
0.7027027027027027,0.5454545454545454,1999.88,UPI,KOTAK,NETWORK_ERROR,11,NO_ACTION,0
1.0,0.0,1831.43,CARD,HDFC,INSUFFICIENT_FUNDS,7,RETRY_NOW,0
0.9607843137254902,0.5,8857.79,CARD,SBI,AUTHENTICATION_FAILED,14,RETRY_NOW,0
0.8222222222222222,0.0,4554.02,CARD,AXIS,LIMIT_EXCEEDED,4,NO_ACTION,0
0.8831168831168831,0.7777777777777778,4963.38,NETBANKING,KOTAK,INSUFFICIENT_FUNDS,3,NO_ACTION,0
0.8064516129032258,0.6666666666666666,626.57,UPI,SBI,CARD_EXPIRED,19,SEND_REMINDER,1
0.9263157894736842,0.2857142857142857,2488.74,WALLET,YESBANK,NETWORK_ERROR,3,SEND_REMINDER,0
0.6727272727272727,0.7222222222222222,5738.56,WALLET,ICICI,BANK_TIMEOUT,6,SEND_REMINDER,1
0.896551724137931,0.3333333333333333,4951.53,CARD,AXIS,INSUFFICIENT_FUNDS,18,NO_ACTION,0
0.7625,0.3157894736842105,2737.39,NETBANKING,YESBANK,BANK_TIMEOUT,20,SEND_REMINDER,0
0.7272727272727273,0.4166666666666667,8424.83,CARD,HDFC,INSUFFICIENT_FUNDS,2,RETRY_NOW,0
1.0,0.0,3858.06,NETBANKING,HDFC,NETWORK_ERROR,7,NO_ACTION,0
0.8181818181818182,0.2777777777777778,6173.84,UPI,HDFC,LIMIT_EXCEEDED,23,NO_ACTION,0
0.883495145631068,0.75,5126.78,NETBANKING,KOTAK,INSUFFICIENT_FUNDS,9,NO_ACTION,0
0.4594594594594595,0.65,7144.52,NETBANKING,HDFC,LIMIT_EXCEEDED,13,SEND_REMINDER,0
0.9384615384615385,0.25,1218.22,WALLET,SBI,LIMIT_EXCEEDED,2,SEND_REMINDER,0
0.6808510638297872,0.8666666666666667,6527.72,UPI,AXIS,CARD_EXPIRED,19,RETRY_NOW,0
0.9340659340659341,0.3333333333333333,9974.22,WALLET,SBI,NETWORK_ERROR,22,RETRY_NOW,1
0.8131868131868132,0.29411764705882354,2153.82,UPI,SBI,BANK_TIMEOUT,6,RETRY_NOW,0
0.9325842696629213,0.0,1053.98,NETBANKING,SBI,BANK_TIMEOUT,13,RETRY_LATER,0
0.9213483146067416,1.0,3524.88,NETBANKING,YESBANK,BANK_TIMEOUT,17,RETRY_LATER,1
0.48,0.23076923076923078,3926.17,NETBANKING,KOTAK,BANK_TIMEOUT,3,RETRY_LATER,1
0.8421052631578947,0.6666666666666666,269.12,UPI,ICICI,NETWORK_ERROR,5,RETRY_NOW,1
0.8421052631578947,0.0,7145.06,WALLET,ICICI,INSUFFICIENT_FUNDS,12,NO_ACTION,0
0.7424242424242424,0.35294117647058826,4386.88,UPI,YESBANK,NETWORK_ERROR,19,RETRY_LATER,1
0.8103448275862069,0.7272727272727273,2772.51,WALLET,AXIS,AUTHENTICATION_FAILED,13,RETRY_LATER,0
0.872093023255814,0.09090909090909091,194.26,CARD,ICICI,BANK_TIMEOUT,21,RETRY_LATER,1
0.71875,0.1111111111111111,4047.51,WALLET,SBI,INSUFFICIENT_FUNDS,21,RETRY_LATER,0
0.5,0.3888888888888889,6662.56,UPI,HDFC,AUTHENTICATION_FAILED,2,RETRY_NOW,0
0.8282828282828283,0.23529411764705882,8584.09,NETBANKING,ICICI,INSUFFICIENT_FUNDS,11,RETRY_LATER,0
0.96875,0.3333333333333333,8551.79,WALLET,HDFC,BANK_TIMEOUT,20,RETRY_NOW,1
0.8571428571428571,0.8571428571428571,2488.05,UPI,SBI,NETWORK_ERROR,6,SEND_REMINDER,0
0.9,0.0,3189.62,UPI,KOTAK,CARD_EXPIRED,18,RETRY_NOW,0
0.9333333333333333,0.4,3784.24,CARD,SBI,AUTHENTICATION_FAILED,5,NO_ACTION,0
0.7647058823529411,0.55,2555.92,WALLET,KOTAK,BANK_TIMEOUT,6,NO_ACTION,0
0.9375,0.0,5253.39,NETBANKING,AXIS,AUTHENTICATION_FAILED,3,RETRY_NOW,0
0.8131868131868132,0.29411764705882354,2153.82,UPI,SBI,BANK_TIMEOUT,6,NO_ACTION,0
0.9333333333333333,0.6666666666666666,3911.29,WALLET,SBI,AUTHENTICATION_FAILED,18,NO_ACTION,0
0.5,0.6363636363636364,4411.74,CARD,SBI,CARD_EXPIRED,22,RETRY_NOW,1
0.851063829787234,0.8571428571428571,8178.51,UPI,YESBANK,BANK_TIMEOUT,22,RETRY_NOW,1
0.9523809523809523,1.0,4422.85,CARD,SBI,CARD_EXPIRED,17,NO_ACTION,0
0.723404255319149,0.3076923076923077,5131.16,NETBANKING,HDFC,INSUFFICIENT_FUNDS,4,RETRY_LATER,0
0.46153846153846156,0.42857142857142855,1781.68,UPI,AXIS,INSUFFICIENT_FUNDS,9,NO_ACTION,0
0.765625,0.4,989.38,NETBANKING,KOTAK,LIMIT_EXCEEDED,2,RETRY_LATER,1
0.9166666666666666,0.0,8233.1,UPI,YESBANK,NETWORK_ERROR,3,RETRY_LATER,0
0.9696969696969697,0.3333333333333333,3372.91,WALLET,SBI,AUTHENTICATION_FAILED,15,RETRY_NOW,0
0.7169811320754716,0.06666666666666667,6334.94,WALLET,AXIS,CARD_EXPIRED,13,RETRY_NOW,1
1.0,0.0,3059.09,NETBANKING,KOTAK,BANK_TIMEOUT,10,SEND_REMINDER,0
0.8571428571428571,0.0,7291.41,CARD,AXIS,BANK_TIMEOUT,21,NO_ACTION,0
0.6774193548387096,0.4,9078.46,CARD,KOTAK,BANK_TIMEOUT,0,RETRY_LATER,0
0.6052631578947368,0.2,9130.5,WALLET,KOTAK,LIMIT_EXCEEDED,3,RETRY_NOW,0
0.6727272727272727,0.7222222222222222,7973.95,NETBANKING,KOTAK,INSUFFICIENT_FUNDS,4,RETRY_NOW,0
0.4375,0.2777777777777778,1357.57,NETBANKING,SBI,AUTHENTICATION_FAILED,0,RETRY_LATER,0
0.8571428571428571,0.0,333.89,UPI,HDFC,CARD_EXPIRED,10,RETRY_LATER,0
0.6785714285714286,0.8333333333333334,5251.84,WALLET,AXIS,LIMIT_EXCEEDED,13,RETRY_LATER,1
0.6976744186046512,0.07692307692307693,6781.31,WALLET,AXIS,AUTHENTICATION_FAILED,11,NO_ACTION,0
0.82,1.0,9035.74,UPI,YESBANK,BANK_TIMEOUT,7,RETRY_LATER,1
0.9625,0.0,7248.03,CARD,AXIS,INSUFFICIENT_FUNDS,18,RETRY_NOW,1
0.7222222222222222,0.2,3635.16,CARD,HDFC,CARD_EXPIRED,20,NO_ACTION,0
0.8571428571428571,0.0,7366.57,CARD,HDFC,AUTHENTICATION_FAILED,8,NO_ACTION,0
0.8823529411764706,0.0,6596.91,WALLET,YESBANK,INSUFFICIENT_FUNDS,5,NO_ACTION,0
0.7945205479452054,0.7333333333333333,9094.34,CARD,ICICI,AUTHENTICATION_FAILED,4,RETRY_NOW,1
0.6774193548387096,0.4,4462.09,UPI,HDFC,CARD_EXPIRED,17,NO_ACTION,0
0.717948717948718,0.18181818181818182,6092.38,WALLET,YESBANK,LIMIT_EXCEEDED,11,SEND_REMINDER,1
0.7857142857142857,0.9166666666666666,9150.03,CARD,YESBANK,BANK_TIMEOUT,8,SEND_REMINDER,0
0.6052631578947368,0.2,4634.92,WALLET,SBI,INSUFFICIENT_FUNDS,21,RETRY_LATER,0
0.8627450980392157,1.0,328.49,WALLET,SBI,INSUFFICIENT_FUNDS,15,SEND_REMINDER,1
0.7721518987341772,0.3333333333333333,3087.71,WALLET,AXIS,BANK_TIMEOUT,20,RETRY_LATER,0
0.8571428571428571,0.4,3045.2,CARD,SBI,LIMIT_EXCEEDED,22,RETRY_NOW,0
0.574468085106383,0.2,9489.01,WALLET,YESBANK,AUTHENTICATION_FAILED,1,NO_ACTION,0
0.8941176470588236,0.2222222222222222,2047.05,UPI,ICICI,AUTHENTICATION_FAILED,5,SEND_REMINDER,1
0.9433962264150944,0.0,1338.12,CARD,SBI,CARD_EXPIRED,9,RETRY_NOW,0
0.859375,0.6666666666666666,7651.0,NETBANKING,KOTAK,CARD_EXPIRED,12,NO_ACTION,0
0.851063829787234,0.8571428571428571,4197.7,CARD,ICICI,CARD_EXPIRED,11,SEND_REMINDER,1
0.8888888888888888,0.875,6503.21,UPI,ICICI,BANK_TIMEOUT,17,RETRY_LATER,1
0.5652173913043478,0.6,9497.65,NETBANKING,YESBANK,NETWORK_ERROR,0,RETRY_NOW,1
0.9879518072289156,0.0,5398.07,WALLET,HDFC,LIMIT_EXCEEDED,7,SEND_REMINDER,0
0.9759036144578314,0.0,594.08,NETBANKING,HDFC,LIMIT_EXCEEDED,17,NO_ACTION,0
0.725,0.5454545454545454,168.35,UPI,AXIS,AUTHENTICATION_FAILED,14,RETRY_NOW,0
0.8243243243243243,0.9230769230769231,284.14,UPI,YESBANK,AUTHENTICATION_FAILED,14,NO_ACTION,0
0.8771929824561403,0.7857142857142857,3257.75,NETBANKING,KOTAK,BANK_TIMEOUT,2,NO_ACTION,0
0.7346938775510204,0.23076923076923078,8818.29,NETBANKING,YESBANK,LIMIT_EXCEEDED,13,SEND_REMINDER,0
0.8173076923076923,0.3684210526315789,2855.93,CARD,ICICI,BANK_TIMEOUT,9,NO_ACTION,0
0.94,1.0,3985.4,WALLET,AXIS,NETWORK_ERROR,23,RETRY_LATER,1
0.8235294117647058,0.0,917.42,UPI,YESBANK,BANK_TIMEOUT,21,RETRY_NOW,0
0.9333333333333333,0.0,2520.82,CARD,YESBANK,INSUFFICIENT_FUNDS,16,NO_ACTION,0
0.88,0.3333333333333333,6956.15,UPI,ICICI,NETWORK_ERROR,12,SEND_REMINDER,0
0.8888888888888888,0.875,2837.33,NETBANKING,KOTAK,INSUFFICIENT_FUNDS,21,RETRY_LATER,0
0.782051282051282,0.9411764705882353,3989.08,NETBANKING,HDFC,BANK_TIMEOUT,6,RETRY_NOW,1
0.88,0.0,6911.34,NETBANKING,YESBANK,BANK_TIMEOUT,16,NO_ACTION,0
0.9175257731958762,0.75,7165.61,CARD,AXIS,CARD_EXPIRED,8,NO_ACTION,0
0.375,0.0,1133.75,CARD,YESBANK,NETWORK_ERROR,4,SEND_REMINDER,1
0.9148936170212766,0.625,9405.42,UPI,YESBANK,INSUFFICIENT_FUNDS,14,NO_ACTION,0
0.9714285714285714,0.0,1275.39,UPI,HDFC,LIMIT_EXCEEDED,4,RETRY_NOW,0
0.8876404494382022,0.9,4132.58,WALLET,ICICI,NETWORK_ERROR,17,NO_ACTION,0
0.8181818181818182,0.2777777777777778,9799.1,CARD,KOTAK,CARD_EXPIRED,7,RETRY_LATER,0
0.7714285714285715,0.25,8359.44,WALLET,HDFC,CARD_EXPIRED,14,SEND_REMINDER,1
0.8947368421052632,0.125,2063.19,WALLET,AXIS,AUTHENTICATION_FAILED,11,RETRY_NOW,0
0.7333333333333333,1.0,927.71,WALLET,YESBANK,INSUFFICIENT_FUNDS,22,SEND_REMINDER,0
0.5121951219512195,0.45,7714.82,WALLET,HDFC,LIMIT_EXCEEDED,5,SEND_REMINDER,1
0.8809523809523809,0.4,5067.59,CARD,ICICI,INSUFFICIENT_FUNDS,1,RETRY_LATER,0
0.7111111111111111,0.9230769230769231,6904.23,WALLET,HDFC,INSUFFICIENT_FUNDS,3,SEND_REMINDER,1
0.8130841121495327,0.4,7830.79,WALLET,SBI,NETWORK_ERROR,15,SEND_REMINDER,1
0.9310344827586207,0.75,7733.13,WALLET,HDFC,LIMIT_EXCEEDED,14,RETRY_LATER,1
0.25,0.3333333333333333,2445.2,UPI,ICICI,AUTHENTICATION_FAILED,23,RETRY_NOW,1
0.4444444444444444,0.6,3953.61,NETBANKING,ICICI,INSUFFICIENT_FUNDS,17,NO_ACTION,0
0.7916666666666666,0.2,2587.23,WALLET,ICICI,CARD_EXPIRED,1,NO_ACTION,0
1.0,0.0,272.49,NETBANKING,YESBANK,LIMIT_EXCEEDED,11,RETRY_LATER,1
0.5652173913043478,0.6,4182.1,CARD,HDFC,LIMIT_EXCEEDED,19,RETRY_NOW,1
0.8173076923076923,0.3684210526315789,7364.81,UPI,AXIS,LIMIT_EXCEEDED,8,SEND_REMINDER,1
0.6976744186046512,0.07692307692307693,7736.8,NETBANKING,AXIS,BANK_TIMEOUT,15,RETRY_LATER,0
0.6551724137931034,0.75,9641.45,UPI,SBI,BANK_TIMEOUT,14,SEND_REMINDER,0
0.8235294117647058,0.2777777777777778,4270.27,UPI,ICICI,CARD_EXPIRED,3,SEND_REMINDER,1
0.8928571428571429,0.6666666666666666,5302.68,UPI,AXIS,CARD_EXPIRED,23,RETRY_NOW,0
0.88,0.6666666666666666,1551.55,CARD,ICICI,AUTHENTICATION_FAILED,0,SEND_REMINDER,1
0.8928571428571429,0.6666666666666666,8333.45,CARD,ICICI,CARD_EXPIRED,10,NO_ACTION,0
0.8902439024390244,1.0,2243.01,WALLET,KOTAK,INSUFFICIENT_FUNDS,1,NO_ACTION,0
0.8152173913043478,0.8823529411764706,1963.41,WALLET,SBI,LIMIT_EXCEEDED,21,NO_ACTION,0
0.8235294117647058,0.0,4306.18,NETBANKING,ICICI,LIMIT_EXCEEDED,11,RETRY_LATER,1
0.8165137614678899,0.55,6229.65,NETBANKING,HDFC,LIMIT_EXCEEDED,2,RETRY_LATER,1
0.9787234042553191,0.5,8057.28,NETBANKING,KOTAK,AUTHENTICATION_FAILED,0,RETRY_LATER,0
0.8125,0.5833333333333334,6690.95,CARD,YESBANK,LIMIT_EXCEEDED,0,SEND_REMINDER,1
0.9245283018867925,0.75,8884.1,CARD,KOTAK,LIMIT_EXCEEDED,15,RETRY_LATER,1
0.8170731707317073,1.0,1116.2,CARD,ICICI,CARD_EXPIRED,10,NO_ACTION,0
0.8421052631578947,0.6666666666666666,9572.33,NETBANKING,ICICI,INSUFFICIENT_FUNDS,12,SEND_REMINDER,1
0.9032258064516129,1.0,4389.53,CARD,ICICI,INSUFFICIENT_FUNDS,4,SEND_REMINDER,1
0.825,0.0,7776.33,CARD,HDFC,AUTHENTICATION_FAILED,12,SEND_REMINDER,0
0.9411764705882353,0.0,227.61,WALLET,KOTAK,BANK_TIMEOUT,8,SEND_REMINDER,1
0.896551724137931,0.8888888888888888,1822.0,NETBANKING,HDFC,NETWORK_ERROR,3,RETRY_NOW,1
0.9473684210526315,0.25,5851.99,WALLET,SBI,BANK_TIMEOUT,9,RETRY_LATER,0
0.5,0.0,2041.07,UPI,YESBANK,AUTHENTICATION_FAILED,9,RETRY_LATER,1
0.7746478873239436,0.5625,1836.07,CARD,HDFC,INSUFFICIENT_FUNDS,12,SEND_REMINDER,0
0.72,0.5714285714285714,3318.71,WALLET,AXIS,CARD_EXPIRED,15,NO_ACTION,0
0.6727272727272727,0.7222222222222222,699.62,CARD,SBI,NETWORK_ERROR,5,RETRY_NOW,1
0.8157894736842105,0.0,8634.83,UPI,AXIS,INSUFFICIENT_FUNDS,6,SEND_REMINDER,1
0.8981481481481481,0.5454545454545454,8767.8,NETBANKING,SBI,BANK_TIMEOUT,19,NO_ACTION,0
1.0,0.0,5419.9,UPI,HDFC,INSUFFICIENT_FUNDS,22,SEND_REMINDER,0
0.8785046728971962,0.15384615384615385,2407.56,NETBANKING,KOTAK,BANK_TIMEOUT,8,NO_ACTION,0
0.9846153846153847,1.0,1276.26,NETBANKING,AXIS,AUTHENTICATION_FAILED,13,RETRY_LATER,0
0.8923076923076924,0.2857142857142857,1872.7,WALLET,SBI,BANK_TIMEOUT,3,NO_ACTION,0
0.967741935483871,1.0,1977.5,CARD,YESBANK,INSUFFICIENT_FUNDS,5,RETRY_NOW,0
0.967741935483871,1.0,4386.91,CARD,YESBANK,AUTHENTICATION_FAILED,5,RETRY_NOW,0
0.6326530612244898,0.6666666666666666,9211.83,UPI,HDFC,LIMIT_EXCEEDED,3,RETRY_NOW,0
0.8285714285714286,0.5,4005.75,NETBANKING,HDFC,BANK_TIMEOUT,0,SEND_REMINDER,0
0.5555555555555556,0.4,5953.43,NETBANKING,YESBANK,NETWORK_ERROR,13,SEND_REMINDER,1
0.8653846153846154,0.0,3515.74,WALLET,AXIS,AUTHENTICATION_FAILED,5,RETRY_LATER,0
0.8888888888888888,0.3333333333333333,152.6,CARD,SBI,AUTHENTICATION_FAILED,10,SEND_REMINDER,1
0.34615384615384615,0.7647058823529411,5125.0,NETBANKING,AXIS,INSUFFICIENT_FUNDS,10,NO_ACTION,0
0.9,0.3333333333333333,1931.83,CARD,SBI,CARD_EXPIRED,11,RETRY_NOW,0
0.8282828282828283,0.7647058823529411,4382.26,NETBANKING,HDFC,INSUFFICIENT_FUNDS,0,NO_ACTION,0
0.6,0.0,1601.13,CARD,KOTAK,INSUFFICIENT_FUNDS,15,RETRY_NOW,1
0.8888888888888888,0.875,2837.33,NETBANKING,KOTAK,INSUFFICIENT_FUNDS,21,RETRY_NOW,1
0.75,0.2857142857142857,3292.77,WALLET,ICICI,CARD_EXPIRED,15,NO_ACTION,0
0.9375,0.5,5045.09,WALLET,KOTAK,AUTHENTICATION_FAILED,6,RETRY_NOW,0
0.8454545454545455,0.11764705882352941,9011.61,NETBANKING,SBI,NETWORK_ERROR,2,RETRY_NOW,0
0.9787234042553191,0.0,9217.81,NETBANKING,HDFC,BANK_TIMEOUT,6,SEND_REMINDER,0
0.75,0.16666666666666666,8635.57,UPI,HDFC,BANK_TIMEOUT,19,RETRY_NOW,0
0.9411764705882353,0.5,9060.92,WALLET,YESBANK,AUTHENTICATION_FAILED,16,RETRY_LATER,0
0.47058823529411764,1.0,6720.13,CARD,ICICI,INSUFFICIENT_FUNDS,23,NO_ACTION,0
0.8765432098765432,0.5,7404.7,NETBANKING,KOTAK,CARD_EXPIRED,2,SEND_REMINDER,0
0.6129032258064516,0.5833333333333334,3835.06,WALLET,KOTAK,NETWORK_ERROR,3,NO_ACTION,0
0.9029126213592233,0.9,9276.11,NETBANKING,YESBANK,CARD_EXPIRED,1,NO_ACTION,0
0.7777777777777778,1.0,3273.13,CARD,AXIS,NETWORK_ERROR,22,RETRY_NOW,0
0.9178082191780822,0.8333333333333334,956.61,UPI,KOTAK,NETWORK_ERROR,20,RETRY_NOW,1
0.8947368421052632,0.0,8668.91,WALLET,ICICI,AUTHENTICATION_FAILED,23,SEND_REMINDER,1
0.7169811320754716,0.06666666666666667,6334.94,WALLET,AXIS,CARD_EXPIRED,13,NO_ACTION,0
0.7931034482758621,0.0,4667.09,NETBANKING,YESBANK,CARD_EXPIRED,16,SEND_REMINDER,1
0.9375,0.0,2215.81,NETBANKING,YESBANK,AUTHENTICATION_FAILED,23,NO_ACTION,0
0.8064516129032258,0.6666666666666666,1413.77,CARD,SBI,CARD_EXPIRED,18,SEND_REMINDER,1
0.8152173913043478,0.8823529411764706,8307.73,CARD,ICICI,AUTHENTICATION_FAILED,1,SEND_REMINDER,0
0.8539325842696629,0.23076923076923078,7582.57,WALLET,YESBANK,CARD_EXPIRED,13,NO_ACTION,0
0.5384615384615384,0.25,5169.73,WALLET,KOTAK,NETWORK_ERROR,7,RETRY_NOW,0
0.6382978723404256,0.058823529411764705,1667.02,WALLET,AXIS,CARD_EXPIRED,23,SEND_REMINDER,1
0.8785046728971962,0.15384615384615385,8660.01,WALLET,HDFC,CARD_EXPIRED,22,RETRY_LATER,0
0.95,0.2,3128.79,UPI,YESBANK,LIMIT_EXCEEDED,1,RETRY_NOW,0
1.0,0.0,7483.13,NETBANKING,AXIS,NETWORK_ERROR,10,RETRY_LATER,1
0.8823529411764706,0.0,5922.59,NETBANKING,KOTAK,AUTHENTICATION_FAILED,8,RETRY_NOW,0
0.85,0.5555555555555556,8779.89,CARD,HDFC,INSUFFICIENT_FUNDS,15,RETRY_LATER,1
0.9325842696629213,0.0,1053.98,NETBANKING,SBI,BANK_TIMEOUT,13,SEND_REMINDER,1
0.7037037037037037,0.5625,3426.26,NETBANKING,HDFC,NETWORK_ERROR,8,RETRY_NOW,0
0.75,0.6428571428571429,3157.81,NETBANKING,SBI,CARD_EXPIRED,5,RETRY_LATER,0
0.8947368421052632,0.0,8668.91,WALLET,ICICI,AUTHENTICATION_FAILED,23,RETRY_LATER,1
0.8392857142857143,0.2222222222222222,4127.08,WALLET,SBI,INSUFFICIENT_FUNDS,16,RETRY_NOW,0
0.6727272727272727,0.7222222222222222,699.62,CARD,SBI,NETWORK_ERROR,5,SEND_REMINDER,0
0.7258064516129032,0.6470588235294118,198.02,UPI,SBI,LIMIT_EXCEEDED,10,SEND_REMINDER,1
0.9204545454545454,0.14285714285714285,6453.43,WALLET,SBI,INSUFFICIENT_FUNDS,7,RETRY_LATER,0
0.7837837837837838,0.625,359.19,CARD,ICICI,CARD_EXPIRED,3,RETRY_NOW,0
0.9210526315789473,1.0,426.28,NETBANKING,HDFC,AUTHENTICATION_FAILED,10,RETRY_LATER,1
0.7894736842105263,0.375,400.17,CARD,ICICI,AUTHENTICATION_FAILED,4,RETRY_NOW,0
0.8064516129032258,0.6666666666666666,1413.77,CARD,SBI,CARD_EXPIRED,18,RETRY_NOW,0
0.9444444444444444,0.2,1440.73,CARD,HDFC,CARD_EXPIRED,21,NO_ACTION,0
0.8787878787878788,0.25,1358.81,WALLET,AXIS,NETWORK_ERROR,4,RETRY_LATER,0
0.8640776699029126,0.0,2052.97,CARD,AXIS,CARD_EXPIRED,17,RETRY_NOW,0
1.0,0.0,6801.97,CARD,HDFC,AUTHENTICATION_FAILED,10,RETRY_NOW,0
0.9259259259259259,0.5,6031.25,WALLET,KOTAK,NETWORK_ERROR,21,RETRY_NOW,1
0.7027027027027027,0.5454545454545454,1999.88,UPI,KOTAK,NETWORK_ERROR,11,RETRY_LATER,1
0.9333333333333333,0.0,2520.82,CARD,YESBANK,INSUFFICIENT_FUNDS,16,SEND_REMINDER,0
0.8095238095238095,1.0,2675.66,WALLET,HDFC,LIMIT_EXCEEDED,4,NO_ACTION,0
0.896551724137931,0.3333333333333333,8576.79,WALLET,ICICI,AUTHENTICATION_FAILED,9,NO_ACTION,0
0.45454545454545453,0.8333333333333334,5419.97,CARD,AXIS,INSUFFICIENT_FUNDS,13,NO_ACTION,0
0.9761904761904762,1.0,5615.68,UPI,ICICI,AUTHENTICATION_FAILED,22,NO_ACTION,0
0.6976744186046512,0.07692307692307693,397.89,CARD,YESBANK,BANK_TIMEOUT,6,SEND_REMINDER,0
0.8157894736842105,0.0,7875.27,NETBANKING,HDFC,BANK_TIMEOUT,23,NO_ACTION,0
0.9178082191780822,0.8333333333333334,6136.49,UPI,YESBANK,NETWORK_ERROR,1,RETRY_NOW,1
0.9433962264150944,0.0,1533.31,UPI,HDFC,NETWORK_ERROR,2,RETRY_LATER,0
0.9880952380952381,0.0,8738.79,NETBANKING,KOTAK,AUTHENTICATION_FAILED,8,RETRY_NOW,0
0.8990825688073395,0.2727272727272727,1865.92,NETBANKING,KOTAK,BANK_TIMEOUT,13,RETRY_LATER,1
0.7407407407407407,0.42857142857142855,1098.46,CARD,SBI,INSUFFICIENT_FUNDS,21,RETRY_LATER,0
0.883495145631068,0.75,9714.13,WALLET,ICICI,INSUFFICIENT_FUNDS,3,NO_ACTION,0
0.3333333333333333,0.55,8509.83,UPI,SBI,AUTHENTICATION_FAILED,21,RETRY_LATER,0
0.9803921568627451,0.0,6996.63,CARD,YESBANK,LIMIT_EXCEEDED,15,SEND_REMINDER,0
0.47058823529411764,1.0,5444.05,NETBANKING,HDFC,AUTHENTICATION_FAILED,14,RETRY_NOW,1
0.7875,0.5294117647058824,7798.74,NETBANKING,SBI,NETWORK_ERROR,8,SEND_REMINDER,0
0.828125,1.0,3782.48,UPI,YESBANK,BANK_TIMEOUT,21,NO_ACTION,0
0.48,0.38461538461538464,3059.9,WALLET,ICICI,CARD_EXPIRED,2,NO_ACTION,0
0.90625,0.0,8232.83,WALLET,ICICI,LIMIT_EXCEEDED,21,NO_ACTION,0
0.3333333333333333,0.55,8509.83,UPI,SBI,AUTHENTICATION_FAILED,21,NO_ACTION,0
0.75,1.0,114.52,CARD,ICICI,AUTHENTICATION_FAILED,6,NO_ACTION,0
0.32142857142857145,0.9473684210526315,6922.65,WALLET,ICICI,AUTHENTICATION_FAILED,2,RETRY_LATER,0
0.96875,0.5,5168.5,NETBANKING,SBI,AUTHENTICATION_FAILED,0,RETRY_LATER,0
0.896551724137931,0.3333333333333333,6813.71,CARD,HDFC,CARD_EXPIRED,5,NO_ACTION,0
0.6808510638297872,0.8666666666666667,2057.83,NETBANKING,SBI,LIMIT_EXCEEDED,5,RETRY_LATER,0
0.9428571428571428,1.0,2643.99,CARD,AXIS,BANK_TIMEOUT,6,RETRY_LATER,1
0.8586956521739131,0.0,8323.2,UPI,YESBANK,BANK_TIMEOUT,15,SEND_REMINDER,0
0.9384615384615385,0.25,5899.23,NETBANKING,AXIS,CARD_EXPIRED,19,RETRY_LATER,1
0.8152173913043478,0.8823529411764706,3949.57,NETBANKING,HDFC,AUTHENTICATION_FAILED,5,SEND_REMINDER,0
0.8380952380952381,0.29411764705882354,2249.55,CARD,SBI,AUTHENTICATION_FAILED,20,RETRY_NOW,0
0.9166666666666666,1.0,9946.67,WALLET,HDFC,LIMIT_EXCEEDED,1,RETRY_NOW,0
0.8,0.8181818181818182,5995.98,UPI,YESBANK,AUTHENTICATION_FAILED,21,SEND_REMINDER,0
0.803921568627451,1.0,8775.09,NETBANKING,SBI,NETWORK_ERROR,4,RETRY_NOW,0
0.8979591836734694,1.0,6431.0,NETBANKING,SBI,LIMIT_EXCEEDED,15,RETRY_NOW,0
0.9032258064516129,0.6666666666666666,5340.67,NETBANKING,KOTAK,NETWORK_ERROR,19,SEND_REMINDER,0
0.5384615384615384,0.2777777777777778,698.51,CARD,ICICI,CARD_EXPIRED,22,NO_ACTION,0
0.9444444444444444,0.2,8067.78,UPI,YESBANK,LIMIT_EXCEEDED,22,RETRY_NOW,0
0.90625,0.0,8776.22,NETBANKING,YESBANK,INSUFFICIENT_FUNDS,23,SEND_REMINDER,1
0.9166666666666666,1.0,7972.89,WALLET,KOTAK,NETWORK_ERROR,14,RETRY_LATER,1
0.8596491228070176,0.5625,2733.84,NETBANKING,AXIS,BANK_TIMEOUT,4,RETRY_NOW,1
0.8165137614678899,0.55,6229.65,NETBANKING,HDFC,LIMIT_EXCEEDED,2,RETRY_NOW,0
0.9178082191780822,0.8333333333333334,110.64,NETBANKING,AXIS,NETWORK_ERROR,22,NO_ACTION,0
0.7073170731707317,0.25,626.14,CARD,SBI,NETWORK_ERROR,7,RETRY_NOW,1
0.9204545454545454,0.14285714285714285,3632.33,UPI,ICICI,CARD_EXPIRED,8,NO_ACTION,0
0.2962962962962963,0.15789473684210525,2046.83,WALLET,HDFC,INSUFFICIENT_FUNDS,4,RETRY_NOW,0
0.822429906542056,0.47368421052631576,4263.25,CARD,KOTAK,CARD_EXPIRED,15,RETRY_LATER,0
0.8170731707317073,1.0,1116.2,CARD,ICICI,CARD_EXPIRED,10,RETRY_LATER,0
0.9787234042553191,0.0,7805.76,UPI,YESBANK,LIMIT_EXCEEDED,13,NO_ACTION,0
0.90625,0.0,1623.05,UPI,SBI,CARD_EXPIRED,6,SEND_REMINDER,1
0.8169014084507042,0.5384615384615384,7713.21,UPI,KOTAK,INSUFFICIENT_FUNDS,22,NO_ACTION,0
0.8301886792452831,0.3333333333333333,7844.75,WALLET,KOTAK,NETWORK_ERROR,22,RETRY_NOW,1
0.8222222222222222,0.0,4554.02,CARD,AXIS,LIMIT_EXCEEDED,4,RETRY_LATER,0
0.8617021276595744,0.3076923076923077,2098.36,WALLET,HDFC,BANK_TIMEOUT,18,NO_ACTION,0
0.8636363636363636,0.3333333333333333,5805.35,NETBANKING,HDFC,INSUFFICIENT_FUNDS,21,SEND_REMINDER,0
0.8494623655913979,0.35714285714285715,8656.08,CARD,AXIS,BANK_TIMEOUT,20,RETRY_NOW,0
0.9375,0.5,497.58,NETBANKING,HDFC,LIMIT_EXCEEDED,10,SEND_REMINDER,1
0.8571428571428571,0.2,8045.33,UPI,SBI,NETWORK_ERROR,2,SEND_REMINDER,0
0.974025974025974,1.0,2846.91,CARD,ICICI,INSUFFICIENT_FUNDS,14,RETRY_NOW,1
0.8589743589743589,0.45454545454545453,600.05,WALLET,HDFC,CARD_EXPIRED,13,RETRY_NOW,0
0.8285714285714286,0.5,903.19,CARD,KOTAK,CARD_EXPIRED,15,RETRY_LATER,0
0.8478260869565217,0.0,6325.32,CARD,AXIS,LIMIT_EXCEEDED,3,RETRY_LATER,1
0.9787234042553191,0.0,633.48,WALLET,ICICI,NETWORK_ERROR,9,SEND_REMINDER,1
0.9885057471264368,1.0,8150.42,UPI,AXIS,NETWORK_ERROR,16,NO_ACTION,0
0.9743589743589743,0.0,4742.8,NETBANKING,YESBANK,CARD_EXPIRED,17,NO_ACTION,0
0.890625,0.8571428571428571,9928.87,NETBANKING,AXIS,INSUFFICIENT_FUNDS,5,RETRY_LATER,1
0.8596491228070176,0.5625,9957.96,UPI,KOTAK,AUTHENTICATION_FAILED,16,RETRY_NOW,0
0.8095238095238095,1.0,2675.66,WALLET,HDFC,LIMIT_EXCEEDED,4,SEND_REMINDER,1
0.7702702702702703,0.058823529411764705,457.28,CARD,KOTAK,INSUFFICIENT_FUNDS,21,RETRY_NOW,0
0.6071428571428571,0.5454545454545454,5044.76,UPI,HDFC,INSUFFICIENT_FUNDS,7,RETRY_LATER,0
0.82,1.0,2476.46,UPI,SBI,BANK_TIMEOUT,18,RETRY_NOW,1
0.7875,0.5294117647058824,458.72,WALLET,KOTAK,BANK_TIMEOUT,18,RETRY_NOW,0
0.8923076923076924,0.2857142857142857,5912.16,CARD,YESBANK,NETWORK_ERROR,14,SEND_REMINDER,0
0.9333333333333333,0.5,472.1,WALLET,AXIS,NETWORK_ERROR,17,RETRY_NOW,1
0.975609756097561,0.0,3524.58,WALLET,KOTAK,INSUFFICIENT_FUNDS,4,RETRY_NOW,0
0.45454545454545453,0.9166666666666666,287.98,WALLET,AXIS,LIMIT_EXCEEDED,15,RETRY_LATER,0
0.7837837837837838,0.5,4584.8,NETBANKING,ICICI,LIMIT_EXCEEDED,10,RETRY_NOW,1
0.8307692307692308,0.5454545454545454,5300.7,NETBANKING,KOTAK,CARD_EXPIRED,4,SEND_REMINDER,1
0.9178082191780822,0.8333333333333334,6136.49,UPI,YESBANK,NETWORK_ERROR,1,RETRY_LATER,1
0.5384615384615384,0.25,3790.83,WALLET,ICICI,AUTHENTICATION_FAILED,0,SEND_REMINDER,0
0.7428571428571429,0.2222222222222222,6655.44,CARD,SBI,CARD_EXPIRED,5,SEND_REMINDER,0
0.9629629629629629,0.6666666666666666,8250.07,NETBANKING,SBI,BANK_TIMEOUT,20,RETRY_NOW,0
0.7391304347826086,0.16666666666666666,8035.48,NETBANKING,YESBANK,CARD_EXPIRED,8,RETRY_NOW,0
0.8631578947368421,0.9230769230769231,6179.52,NETBANKING,HDFC,LIMIT_EXCEEDED,22,RETRY_LATER,0
0.7428571428571429,0.2222222222222222,4369.16,WALLET,ICICI,INSUFFICIENT_FUNDS,20,RETRY_NOW,0
0.9787234042553191,0.5,560.73,UPI,YESBANK,LIMIT_EXCEEDED,11,SEND_REMINDER,1
0.41935483870967744,0.8333333333333334,9117.46,WALLET,AXIS,BANK_TIMEOUT,5,RETRY_LATER,1
0.8070175438596491,0.36363636363636365,2346.1,UPI,SBI,BANK_TIMEOUT,0,SEND_REMINDER,0
0.6825396825396826,1.0,4384.01,WALLET,AXIS,BANK_TIMEOUT,16,SEND_REMINDER,1
0.7704918032786885,0.7142857142857143,6576.15,CARD,HDFC,AUTHENTICATION_FAILED,7,RETRY_NOW,0
0.8923076923076924,0.2857142857142857,9342.41,WALLET,KOTAK,INSUFFICIENT_FUNDS,18,NO_ACTION,0
0.9134615384615384,0.7777777777777778,1747.88,WALLET,HDFC,LIMIT_EXCEEDED,13,SEND_REMINDER,1
0.6825396825396826,1.0,5318.49,UPI,KOTAK,INSUFFICIENT_FUNDS,5,SEND_REMINDER,0
0.5238095238095238,0.7,7924.48,CARD,HDFC,CARD_EXPIRED,6,RETRY_NOW,0
0.9428571428571428,1.0,3339.15,WALLET,AXIS,INSUFFICIENT_FUNDS,20,RETRY_NOW,0
0.6428571428571429,0.8,2425.27,WALLET,ICICI,INSUFFICIENT_FUNDS,4,NO_ACTION,0
0.42857142857142855,0.125,9282.35,CARD,ICICI,NETWORK_ERROR,20,RETRY_NOW,0
0.6744186046511628,0.14285714285714285,6270.95,CARD,YESBANK,NETWORK_ERROR,6,SEND_REMINDER,0
0.5,0.8333333333333334,7727.55,WALLET,YESBANK,CARD_EXPIRED,11,RETRY_NOW,0
0.8490566037735849,0.9375,1839.89,NETBANKING,YESBANK,INSUFFICIENT_FUNDS,6,RETRY_LATER,0
0.8518518518518519,0.0,5137.28,CARD,AXIS,AUTHENTICATION_FAILED,2,RETRY_LATER,0
0.5,0.05,5356.24,NETBANKING,HDFC,LIMIT_EXCEEDED,0,SEND_REMINDER,0
0.75,0.7894736842105263,8984.28,NETBANKING,ICICI,LIMIT_EXCEEDED,23,RETRY_LATER,0
0.7567567567567568,0.6666666666666666,8362.63,WALLET,SBI,LIMIT_EXCEEDED,9,RETRY_NOW,1
0.2727272727272727,0.375,4736.53,UPI,SBI,LIMIT_EXCEEDED,21,SEND_REMINDER,0
0.8734177215189873,0.4,2365.55,WALLET,KOTAK,CARD_EXPIRED,21,NO_ACTION,0
0.8333333333333334,0.9,8166.65,UPI,YESBANK,AUTHENTICATION_FAILED,20,RETRY_NOW,0
0.8947368421052632,0.125,4495.51,WALLET,ICICI,LIMIT_EXCEEDED,23,RETRY_NOW,0
0.7837837837837838,0.625,359.19,CARD,ICICI,CARD_EXPIRED,3,RETRY_LATER,0
0.6382978723404256,0.058823529411764705,1309.0,CARD,HDFC,INSUFFICIENT_FUNDS,17,RETRY_LATER,0
0.890625,0.42857142857142855,8026.76,CARD,YESBANK,BANK_TIMEOUT,21,RETRY_NOW,1
0.631578947368421,0.14285714285714285,9950.91,CARD,KOTAK,NETWORK_ERROR,0,NO_ACTION,0
0.8173076923076923,0.3684210526315789,2011.64,UPI,AXIS,BANK_TIMEOUT,17,RETRY_LATER,1
0.7402597402597403,0.95,2001.52,NETBANKING,KOTAK,INSUFFICIENT_FUNDS,20,RETRY_NOW,0
0.881578947368421,1.0,8613.92,NETBANKING,AXIS,BANK_TIMEOUT,19,NO_ACTION,0
0.927710843373494,0.8333333333333334,4556.6,WALLET,ICICI,AUTHENTICATION_FAILED,7,NO_ACTION,0
0.8125,0.3333333333333333,6532.32,NETBANKING,HDFC,BANK_TIMEOUT,20,RETRY_LATER,0
1.0,0.0,2400.83,CARD,ICICI,INSUFFICIENT_FUNDS,1,RETRY_NOW,0
0.8301886792452831,0.3333333333333333,1731.71,UPI,ICICI,NETWORK_ERROR,5,RETRY_LATER,0
0.8648648648648649,0.3333333333333333,9977.64,UPI,KOTAK,NETWORK_ERROR,19,SEND_REMINDER,0
0.9545454545454546,1.0,6217.52,WALLET,AXIS,NETWORK_ERROR,21,RETRY_NOW,1
0.9213483146067416,1.0,5140.95,NETBANKING,ICICI,LIMIT_EXCEEDED,10,NO_ACTION,0
0.5333333333333333,0.2857142857142857,7318.21,WALLET,ICICI,BANK_TIMEOUT,1,NO_ACTION,0
0.9523809523809523,1.0,6466.42,UPI,HDFC,NETWORK_ERROR,17,NO_ACTION,0
0.972972972972973,0.0,7120.65,NETBANKING,YESBANK,CARD_EXPIRED,12,NO_ACTION,0
0.9777777777777777,1.0,4817.68,CARD,KOTAK,AUTHENTICATION_FAILED,5,RETRY_LATER,1
0.8369565217391305,0.4,4901.49,UPI,YESBANK,CARD_EXPIRED,4,RETRY_NOW,0
0.7727272727272727,0.3,438.17,NETBANKING,SBI,BANK_TIMEOUT,6,SEND_REMINDER,0
0.8586956521739131,0.5384615384615384,5837.83,CARD,SBI,INSUFFICIENT_FUNDS,14,RETRY_NOW,0
0.9210526315789473,1.0,9138.75,WALLET,AXIS,CARD_EXPIRED,15,RETRY_LATER,1
0.9333333333333333,0.0,7837.08,UPI,KOTAK,BANK_TIMEOUT,5,RETRY_NOW,1
0.7590361445783133,0.1,949.09,NETBANKING,ICICI,INSUFFICIENT_FUNDS,12,SEND_REMINDER,0
0.47058823529411764,0.7777777777777778,8192.58,CARD,HDFC,AUTHENTICATION_FAILED,23,RETRY_NOW,0
0.967741935483871,1.0,4386.91,CARD,YESBANK,AUTHENTICATION_FAILED,5,SEND_REMINDER,0
0.9382716049382716,0.8,5940.91,CARD,KOTAK,CARD_EXPIRED,10,SEND_REMINDER,0
0.9113924050632911,0.7142857142857143,5071.98,WALLET,YESBANK,CARD_EXPIRED,13,NO_ACTION,0
0.7654320987654321,0.7368421052631579,6543.41,UPI,SBI,NETWORK_ERROR,2,RETRY_LATER,1
0.8433734939759037,0.6923076923076923,3714.71,CARD,SBI,LIMIT_EXCEEDED,22,NO_ACTION,0
0.9072164948453608,0.4444444444444444,8482.31,UPI,ICICI,INSUFFICIENT_FUNDS,18,RETRY_LATER,0
0.8181818181818182,0.2777777777777778,7910.17,UPI,AXIS,AUTHENTICATION_FAILED,5,RETRY_LATER,1
0.803921568627451,1.0,699.87,UPI,SBI,BANK_TIMEOUT,2,RETRY_LATER,1
0.9655172413793104,0.5,491.65,WALLET,HDFC,NETWORK_ERROR,14,NO_ACTION,0
0.8375,0.3076923076923077,9341.46,NETBANKING,HDFC,LIMIT_EXCEEDED,17,NO_ACTION,0
0.9625,0.0,181.21,NETBANKING,AXIS,AUTHENTICATION_FAILED,23,SEND_REMINDER,0
0.9850746268656716,0.0,2434.37,NETBANKING,ICICI,NETWORK_ERROR,8,RETRY_LATER,1
0.970873786407767,1.0,5196.2,WALLET,KOTAK,CARD_EXPIRED,0,NO_ACTION,0
0.845360824742268,0.3333333333333333,7959.21,CARD,HDFC,BANK_TIMEOUT,22,NO_ACTION,0
0.9811320754716981,1.0,2253.3,WALLET,ICICI,BANK_TIMEOUT,2,NO_ACTION,0
0.8285714285714286,0.25,461.34,NETBANKING,HDFC,LIMIT_EXCEEDED,9,RETRY_NOW,0
0.9,0.2,2687.12,NETBANKING,HDFC,CARD_EXPIRED,2,SEND_REMINDER,0
0.797752808988764,0.1111111111111111,6978.83,NETBANKING,HDFC,INSUFFICIENT_FUNDS,2,RETRY_LATER,1
0.921875,1.0,8227.49,WALLET,ICICI,BANK_TIMEOUT,19,RETRY_NOW,1
0.7567567567567568,0.6666666666666666,3313.36,WALLET,HDFC,LIMIT_EXCEEDED,6,NO_ACTION,0
0.8695652173913043,0.08333333333333333,499.98,NETBANKING,ICICI,LIMIT_EXCEEDED,8,RETRY_NOW,1
0.797752808988764,0.5,7553.2,WALLET,HDFC,BANK_TIMEOUT,17,RETRY_LATER,1
0.8169014084507042,0.5384615384615384,5764.49,UPI,AXIS,INSUFFICIENT_FUNDS,6,SEND_REMINDER,1
0.9479166666666666,0.6,8977.56,UPI,ICICI,BANK_TIMEOUT,17,SEND_REMINDER,0
0.7638888888888888,0.17647058823529413,9603.6,WALLET,SBI,INSUFFICIENT_FUNDS,9,NO_ACTION,0
0.8365384615384616,0.7058823529411765,7993.59,NETBANKING,ICICI,AUTHENTICATION_FAILED,3,NO_ACTION,0
0.6666666666666666,0.8,4443.21,CARD,AXIS,INSUFFICIENT_FUNDS,0,RETRY_NOW,0
0.6363636363636364,1.0,1382.89,NETBANKING,AXIS,CARD_EXPIRED,0,RETRY_NOW,1
0.5333333333333333,0.35714285714285715,1865.91,UPI,HDFC,CARD_EXPIRED,12,SEND_REMINDER,1
0.92,0.16666666666666666,1712.31,NETBANKING,ICICI,INSUFFICIENT_FUNDS,13,RETRY_NOW,0
0.717391304347826,0.07692307692307693,2292.79,NETBANKING,YESBANK,CARD_EXPIRED,14,RETRY_LATER,0
0.8804347826086957,0.0,4114.31,NETBANKING,ICICI,INSUFFICIENT_FUNDS,9,SEND_REMINDER,0
0.6818181818181818,0.8571428571428571,5239.47,CARD,ICICI,LIMIT_EXCEEDED,21,RETRY_NOW,0
0.9038461538461539,0.6,5831.37,UPI,YESBANK,LIMIT_EXCEEDED,16,RETRY_NOW,0
0.47058823529411764,0.7777777777777778,8338.39,UPI,HDFC,LIMIT_EXCEEDED,15,NO_ACTION,0
0.883495145631068,0.75,8060.24,UPI,KOTAK,CARD_EXPIRED,0,NO_ACTION,0
0.875,0.8,4176.86,WALLET,KOTAK,INSUFFICIENT_FUNDS,12,RETRY_NOW,1
0.8165137614678899,0.55,432.92,WALLET,AXIS,AUTHENTICATION_FAILED,0,SEND_REMINDER,1
0.6410256410256411,0.14285714285714285,6009.5,CARD,KOTAK,AUTHENTICATION_FAILED,18,RETRY_NOW,0
0.28,0.5,6372.14,NETBANKING,ICICI,CARD_EXPIRED,0,SEND_REMINDER,1
0.8407079646017699,0.8888888888888888,9884.77,CARD,ICICI,INSUFFICIENT_FUNDS,0,RETRY_NOW,0
0.8494623655913979,0.35714285714285715,1295.83,CARD,ICICI,INSUFFICIENT_FUNDS,14,NO_ACTION,0
0.8347826086956521,0.7368421052631579,4685.02,NETBANKING,SBI,NETWORK_ERROR,9,NO_ACTION,0
0.8923076923076924,0.2857142857142857,1872.7,WALLET,SBI,BANK_TIMEOUT,3,RETRY_LATER,1
0.875,0.8,9797.3,NETBANKING,YESBANK,NETWORK_ERROR,3,NO_ACTION,0
0.9830508474576272,1.0,5714.74,NETBANKING,ICICI,CARD_EXPIRED,11,NO_ACTION,0
0.3333333333333333,0.0,7795.65,CARD,AXIS,INSUFFICIENT_FUNDS,2,NO_ACTION,0
0.7432432432432432,0.8947368421052632,9507.65,NETBANKING,AXIS,BANK_TIMEOUT,10,RETRY_NOW,1
0.8586956521739131,0.5384615384615384,5837.83,CARD,SBI,INSUFFICIENT_FUNDS,14,SEND_REMINDER,0
0.5348837209302325,0.25,8703.31,CARD,AXIS,AUTHENTICATION_FAILED,14,RETRY_NOW,0
0.8876404494382022,0.9,7378.9,CARD,ICICI,NETWORK_ERROR,20,SEND_REMINDER,1
0.5,0.09090909090909091,7159.72,CARD,SBI,INSUFFICIENT_FUNDS,13,NO_ACTION,0
0.9204545454545454,0.14285714285714285,3632.33,UPI,ICICI,CARD_EXPIRED,8,RETRY_NOW,1
0.7586206896551724,0.5,1054.74,UPI,HDFC,LIMIT_EXCEEDED,17,SEND_REMINDER,0
0.6444444444444445,0.625,9912.93,CARD,AXIS,AUTHENTICATION_FAILED,19,RETRY_NOW,0
0.8928571428571429,0.6666666666666666,1628.81,CARD,AXIS,LIMIT_EXCEEDED,20,SEND_REMINDER,0
0.8235294117647058,0.0,9109.89,WALLET,SBI,AUTHENTICATION_FAILED,16,SEND_REMINDER,0
0.9326923076923077,0.14285714285714285,8665.16,WALLET,YESBANK,NETWORK_ERROR,2,SEND_REMINDER,0
1.0,0.0,4813.55,UPI,KOTAK,INSUFFICIENT_FUNDS,20,RETRY_NOW,0
0.8909090909090909,0.3333333333333333,5901.1,NETBANKING,SBI,CARD_EXPIRED,4,NO_ACTION,0
0.9113924050632911,0.7142857142857143,8085.55,UPI,KOTAK,BANK_TIMEOUT,14,SEND_REMINDER,1
0.7704918032786885,0.7142857142857143,8080.79,CARD,YESBANK,BANK_TIMEOUT,7,NO_ACTION,0
0.94,1.0,3985.4,WALLET,AXIS,NETWORK_ERROR,23,NO_ACTION,0
0.7945205479452054,0.7333333333333333,9094.34,CARD,ICICI,AUTHENTICATION_FAILED,4,NO_ACTION,0
0.9886363636363636,1.0,9582.24,CARD,HDFC,INSUFFICIENT_FUNDS,1,RETRY_LATER,0
0.28,0.5,8751.68,UPI,YESBANK,INSUFFICIENT_FUNDS,18,NO_ACTION,0
0.984375,1.0,2944.25,CARD,HDFC,BANK_TIMEOUT,21,NO_ACTION,0
0.6,0.7222222222222222,6194.54,UPI,HDFC,INSUFFICIENT_FUNDS,18,NO_ACTION,0
0.43333333333333335,0.5294117647058824,8325.95,CARD,YESBANK,LIMIT_EXCEEDED,6,RETRY_NOW,1
0.8586956521739131,0.0,6565.74,WALLET,AXIS,BANK_TIMEOUT,1,NO_ACTION,0
0.8771929824561403,0.7857142857142857,3629.92,WALLET,HDFC,AUTHENTICATION_FAILED,9,RETRY_NOW,0
0.8095238095238095,0.25,8986.92,NETBANKING,KOTAK,AUTHENTICATION_FAILED,16,SEND_REMINDER,0
0.8738738738738738,0.5714285714285714,3272.2,CARD,KOTAK,LIMIT_EXCEEDED,8,RETRY_NOW,1
0.47058823529411764,0.7777777777777778,6710.23,NETBANKING,HDFC,LIMIT_EXCEEDED,21,SEND_REMINDER,1
0.8125,0.4444444444444444,9449.15,WALLET,ICICI,LIMIT_EXCEEDED,12,SEND_REMINDER,1
0.9863013698630136,1.0,5559.68,NETBANKING,AXIS,CARD_EXPIRED,3,SEND_REMINDER,1
0.9016393442622951,0.0,7349.1,WALLET,HDFC,AUTHENTICATION_FAILED,2,NO_ACTION,0
0.9636363636363636,0.0,3185.2,UPI,YESBANK,BANK_TIMEOUT,8,SEND_REMINDER,0
0.8613861386138614,0.5,2036.32,CARD,HDFC,CARD_EXPIRED,17,RETRY_NOW,0
0.8333333333333334,0.0,5805.01,NETBANKING,SBI,BANK_TIMEOUT,21,NO_ACTION,0
0.6727272727272727,0.0,8755.26,NETBANKING,ICICI,AUTHENTICATION_FAILED,17,RETRY_NOW,0
0.8571428571428571,0.4,1150.6,WALLET,SBI,AUTHENTICATION_FAILED,17,RETRY_NOW,0
0.6052631578947368,0.2,4114.29,WALLET,SBI,BANK_TIMEOUT,12,SEND_REMINDER,0
0.9,1.0,1137.33,NETBANKING,SBI,CARD_EXPIRED,21,RETRY_LATER,1
0.8181818181818182,0.2777777777777778,7910.17,UPI,AXIS,AUTHENTICATION_FAILED,5,SEND_REMINDER,0
0.2631578947368421,0.21428571428571427,1540.52,CARD,ICICI,BANK_TIMEOUT,5,SEND_REMINDER,1
0.803921568627451,1.0,8775.09,NETBANKING,SBI,NETWORK_ERROR,4,SEND_REMINDER,0
0.7333333333333333,0.625,2878.56,WALLET,KOTAK,NETWORK_ERROR,7,SEND_REMINDER,0
0.8125,0.4444444444444444,4095.46,NETBANKING,SBI,BANK_TIMEOUT,21,RETRY_LATER,1
0.6756756756756757,0.6666666666666666,4459.65,WALLET,ICICI,NETWORK_ERROR,19,SEND_REMINDER,1
0.8695652173913043,0.8888888888888888,2918.83,NETBANKING,HDFC,CARD_EXPIRED,0,NO_ACTION,0
0.9761904761904762,1.0,9456.89,WALLET,AXIS,LIMIT_EXCEEDED,2,NO_ACTION,0
0.6041666666666666,0.10526315789473684,1326.08,CARD,ICICI,NETWORK_ERROR,9,SEND_REMINDER,0
0.8303571428571429,0.3684210526315789,890.14,UPI,SBI,CARD_EXPIRED,21,SEND_REMINDER,1
0.9801980198019802,0.0,406.59,NETBANKING,YESBANK,BANK_TIMEOUT,2,RETRY_LATER,1
0.9523809523809523,0.2,2514.42,NETBANKING,SBI,INSUFFICIENT_FUNDS,1,RETRY_NOW,1
0.8148148148148148,0.8,5291.12,NETBANKING,KOTAK,CARD_EXPIRED,6,RETRY_NOW,0
0.8952380952380953,0.18181818181818182,6948.7,UPI,ICICI,BANK_TIMEOUT,18,RETRY_NOW,1
0.6875,0.0,3175.92,CARD,SBI,LIMIT_EXCEEDED,0,NO_ACTION,0
0.9263157894736842,0.42857142857142855,3536.04,UPI,HDFC,NETWORK_ERROR,15,RETRY_LATER,1
0.8571428571428571,0.4,485.93,WALLET,HDFC,CARD_EXPIRED,20,RETRY_NOW,0
0.9130434782608695,0.8333333333333334,5966.88,UPI,ICICI,NETWORK_ERROR,10,SEND_REMINDER,0
0.5263157894736842,1.0,1846.35,UPI,SBI,AUTHENTICATION_FAILED,10,RETRY_NOW,1
0.8902439024390244,1.0,1144.85,CARD,ICICI,INSUFFICIENT_FUNDS,1,NO_ACTION,0
0.7272727272727273,0.4166666666666667,6097.8,WALLET,HDFC,INSUFFICIENT_FUNDS,22,RETRY_NOW,0
0.7857142857142857,0.3333333333333333,8444.93,CARD,YESBANK,INSUFFICIENT_FUNDS,18,SEND_REMINDER,1
0.6976744186046512,0.07692307692307693,7511.87,UPI,ICICI,NETWORK_ERROR,0,SEND_REMINDER,0
0.8135593220338984,0.0,4341.88,UPI,HDFC,BANK_TIMEOUT,5,RETRY_LATER,0
0.927710843373494,0.8333333333333334,5776.25,CARD,KOTAK,CARD_EXPIRED,18,NO_ACTION,0
0.7792207792207793,0.47058823529411764,3307.67,WALLET,KOTAK,LIMIT_EXCEEDED,8,SEND_REMINDER,0
0.8153846153846154,0.08333333333333333,1869.12,UPI,KOTAK,AUTHENTICATION_FAILED,15,NO_ACTION,0
0.88,0.6666666666666666,5158.06,CARD,HDFC,NETWORK_ERROR,9,SEND_REMINDER,0
0.32142857142857145,0.9473684210526315,2187.82,NETBANKING,KOTAK,CARD_EXPIRED,10,RETRY_LATER,0
0.5365853658536586,0.21052631578947367,4267.11,UPI,ICICI,BANK_TIMEOUT,2,SEND_REMINDER,1
0.9523809523809523,1.0,6891.98,UPI,SBI,LIMIT_EXCEEDED,2,RETRY_NOW,0
0.92,0.16666666666666666,7158.5,UPI,YESBANK,NETWORK_ERROR,8,RETRY_NOW,1
0.6851851851851852,0.7058823529411765,460.35,CARD,YESBANK,LIMIT_EXCEEDED,3,RETRY_LATER,1
0.88,0.3333333333333333,413.13,WALLET,AXIS,INSUFFICIENT_FUNDS,2,RETRY_LATER,1
0.8181818181818182,0.4166666666666667,9012.72,UPI,YESBANK,BANK_TIMEOUT,17,SEND_REMINDER,0
0.84,0.5,4788.72,NETBANKING,ICICI,BANK_TIMEOUT,8,RETRY_LATER,1
0.8148148148148148,0.8,5291.12,NETBANKING,KOTAK,CARD_EXPIRED,6,RETRY_LATER,0
1.0,0.0,5419.9,UPI,HDFC,INSUFFICIENT_FUNDS,22,RETRY_NOW,0
0.8809523809523809,1.0,9120.85,UPI,ICICI,BANK_TIMEOUT,9,SEND_REMINDER,0
0.9056603773584906,0.6,6855.22,CARD,AXIS,NETWORK_ERROR,7,RETRY_LATER,1
0.8823529411764706,0.0,6596.91,WALLET,YESBANK,INSUFFICIENT_FUNDS,5,RETRY_NOW,0
0.40625,0.21052631578947367,7298.34,NETBANKING,ICICI,INSUFFICIENT_FUNDS,13,NO_ACTION,0
0.78125,0.7142857142857143,1016.31,UPI,KOTAK,CARD_EXPIRED,8,SEND_REMINDER,1
0.9107142857142857,0.8,2823.75,WALLET,ICICI,INSUFFICIENT_FUNDS,12,NO_ACTION,0
1.0,0.0,7152.36,WALLET,ICICI,AUTHENTICATION_FAILED,8,RETRY_LATER,0
0.8153846153846154,0.9166666666666666,9974.14,WALLET,AXIS,NETWORK_ERROR,20,NO_ACTION,0
0.7701149425287356,0.05,6228.82,WALLET,YESBANK,LIMIT_EXCEEDED,15,NO_ACTION,0
0.8,1.0,7269.38,CARD,SBI,AUTHENTICATION_FAILED,16,NO_ACTION,0
0.25925925925925924,0.8,288.51,CARD,YESBANK,INSUFFICIENT_FUNDS,21,RETRY_LATER,1
0.6818181818181818,0.8571428571428571,1119.85,CARD,HDFC,NETWORK_ERROR,3,RETRY_LATER,1
0.9764705882352941,0.0,8959.73,NETBANKING,KOTAK,CARD_EXPIRED,11,SEND_REMINDER,0
0.4444444444444444,0.9,9020.71,CARD,SBI,CARD_EXPIRED,2,NO_ACTION,0
0.9333333333333333,0.6666666666666666,9567.93,WALLET,SBI,BANK_TIMEOUT,21,RETRY_NOW,0
0.9032258064516129,1.0,8970.48,UPI,ICICI,LIMIT_EXCEEDED,11,RETRY_LATER,1
0.975609756097561,0.0,4852.51,WALLET,YESBANK,INSUFFICIENT_FUNDS,11,RETRY_NOW,0
0.2,0.95,4286.34,UPI,HDFC,LIMIT_EXCEEDED,10,RETRY_LATER,1
0.8508771929824561,0.8823529411764706,9102.32,CARD,KOTAK,NETWORK_ERROR,0,RETRY_NOW,1
0.912621359223301,1.0,1186.72,NETBANKING,YESBANK,NETWORK_ERROR,18,SEND_REMINDER,1
0.8695652173913043,0.08333333333333333,671.52,CARD,KOTAK,CARD_EXPIRED,22,RETRY_NOW,0
0.28,0.5,1781.71,NETBANKING,KOTAK,CARD_EXPIRED,7,SEND_REMINDER,0
0.8282828282828283,0.7647058823529411,5071.2,UPI,ICICI,LIMIT_EXCEEDED,13,RETRY_NOW,0
0.8208955223880597,0.5,3098.7,WALLET,YESBANK,AUTHENTICATION_FAILED,6,SEND_REMINDER,0
0.7285714285714285,0.7894736842105263,9169.06,WALLET,ICICI,LIMIT_EXCEEDED,9,NO_ACTION,0
0.6363636363636364,1.0,5247.43,CARD,SBI,CARD_EXPIRED,23,RETRY_NOW,0
0.6666666666666666,0.5294117647058824,353.25,UPI,KOTAK,LIMIT_EXCEEDED,14,NO_ACTION,0
0.75,1.0,7087.64,UPI,AXIS,LIMIT_EXCEEDED,20,SEND_REMINDER,0
0.8061224489795918,0.7368421052631579,6474.96,UPI,ICICI,CARD_EXPIRED,2,RETRY_LATER,0
0.8434782608695652,0.5,4816.93,WALLET,KOTAK,LIMIT_EXCEEDED,5,RETRY_LATER,1
0.45454545454545453,0.8333333333333334,9838.98,WALLET,ICICI,AUTHENTICATION_FAILED,2,RETRY_NOW,1
0.6779661016949152,1.0,2268.42,NETBANKING,KOTAK,AUTHENTICATION_FAILED,23,NO_ACTION,0
0.9827586206896551,0.0,4964.33,WALLET,SBI,AUTHENTICATION_FAILED,2,RETRY_LATER,0
0.6216216216216216,1.0,7475.36,UPI,HDFC,NETWORK_ERROR,16,RETRY_NOW,1
0.8571428571428571,0.6875,9587.24,NETBANKING,SBI,NETWORK_ERROR,18,SEND_REMINDER,0
0.5,0.8333333333333334,7433.25,WALLET,ICICI,AUTHENTICATION_FAILED,4,NO_ACTION,0
1.0,0.0,9685.31,UPI,ICICI,AUTHENTICATION_FAILED,0,RETRY_LATER,1
0.8365384615384616,0.7058823529411765,3130.16,UPI,AXIS,BANK_TIMEOUT,2,NO_ACTION,0
0.8295454545454546,0.2,5185.13,WALLET,ICICI,NETWORK_ERROR,16,SEND_REMINDER,0
0.6666666666666666,0.5294117647058824,5669.45,NETBANKING,ICICI,BANK_TIMEOUT,4,RETRY_NOW,0
0.9339622641509434,0.5714285714285714,5080.38,UPI,AXIS,CARD_EXPIRED,1,NO_ACTION,0
0.9666666666666667,1.0,5043.08,UPI,AXIS,CARD_EXPIRED,3,RETRY_NOW,0
0.48,0.38461538461538464,3059.9,WALLET,ICICI,CARD_EXPIRED,2,SEND_REMINDER,1
0.8823529411764706,0.75,4556.07,WALLET,AXIS,CARD_EXPIRED,16,RETRY_NOW,1
0.45454545454545453,0.0,6612.09,CARD,ICICI,CARD_EXPIRED,17,SEND_REMINDER,0
0.5652173913043478,0.6,5650.01,CARD,SBI,LIMIT_EXCEEDED,7,SEND_REMINDER,1
0.9107142857142857,0.8,421.28,CARD,AXIS,BANK_TIMEOUT,13,RETRY_LATER,1
0.96,1.0,9049.39,NETBANKING,AXIS,INSUFFICIENT_FUNDS,22,SEND_REMINDER,1
0.7916666666666666,0.05,7573.86,UPI,ICICI,AUTHENTICATION_FAILED,10,RETRY_LATER,0
0.851063829787234,0.8571428571428571,889.94,UPI,KOTAK,BANK_TIMEOUT,11,NO_ACTION,0
0.9583333333333334,1.0,1619.72,CARD,HDFC,AUTHENTICATION_FAILED,7,RETRY_LATER,0
0.8979591836734694,0.3,2120.62,UPI,KOTAK,CARD_EXPIRED,6,RETRY_LATER,0
0.9516129032258065,0.3333333333333333,5186.18,CARD,KOTAK,NETWORK_ERROR,19,RETRY_LATER,1
0.7931034482758621,0.0,4411.69,NETBANKING,YESBANK,LIMIT_EXCEEDED,8,NO_ACTION,0
0.8526315789473684,0.2857142857142857,3638.98,NETBANKING,AXIS,LIMIT_EXCEEDED,21,RETRY_NOW,0
0.8947368421052632,0.125,3304.56,CARD,YESBANK,CARD_EXPIRED,20,RETRY_LATER,0
0.8431372549019608,0.0,9939.74,CARD,ICICI,INSUFFICIENT_FUNDS,18,SEND_REMINDER,0
0.8333333333333334,0.09090909090909091,3741.39,CARD,SBI,CARD_EXPIRED,15,NO_ACTION,0
0.8243243243243243,0.9230769230769231,9794.71,UPI,KOTAK,LIMIT_EXCEEDED,6,RETRY_LATER,0
0.975609756097561,0.0,3524.58,WALLET,KOTAK,INSUFFICIENT_FUNDS,4,RETRY_LATER,1
0.8947368421052632,0.125,4495.51,WALLET,ICICI,LIMIT_EXCEEDED,23,RETRY_LATER,0
0.9,0.2,4609.48,NETBANKING,KOTAK,CARD_EXPIRED,11,SEND_REMINDER,1
0.9292929292929293,0.0,2327.12,CARD,SBI,INSUFFICIENT_FUNDS,11,NO_ACTION,0
0.8130841121495327,0.55,2097.12,WALLET,YESBANK,NETWORK_ERROR,14,RETRY_NOW,0
0.8909090909090909,0.25,5687.09,WALLET,YESBANK,CARD_EXPIRED,5,SEND_REMINDER,0
0.8415841584158416,0.6875,379.24,CARD,HDFC,NETWORK_ERROR,16,SEND_REMINDER,0
0.6938775510204082,0.8666666666666667,4331.54,NETBANKING,YESBANK,CARD_EXPIRED,1,NO_ACTION,0
0.9827586206896551,0.0,4680.53,CARD,KOTAK,LIMIT_EXCEEDED,18,NO_ACTION,0
0.8653846153846154,0.0,7616.0,WALLET,YESBANK,CARD_EXPIRED,22,NO_ACTION,0
0.8508771929824561,0.058823529411764705,6794.5,WALLET,ICICI,AUTHENTICATION_FAILED,12,RETRY_NOW,0
0.978021978021978,0.0,9759.65,NETBANKING,ICICI,AUTHENTICATION_FAILED,18,NO_ACTION,0
0.7971014492753623,0.7857142857142857,6498.53,CARD,SBI,BANK_TIMEOUT,16,SEND_REMINDER,1
0.7590361445783133,0.1,3779.99,NETBANKING,YESBANK,AUTHENTICATION_FAILED,9,RETRY_NOW,0
0.8205128205128205,0.42857142857142855,6827.94,WALLET,KOTAK,INSUFFICIENT_FUNDS,20,RETRY_NOW,0
0.8421052631578947,0.0,8744.67,WALLET,ICICI,LIMIT_EXCEEDED,2,SEND_REMINDER,1
0.5,0.6428571428571429,2581.03,CARD,KOTAK,CARD_EXPIRED,16,NO_ACTION,0
0.9090909090909091,0.5,3676.09,UPI,KOTAK,CARD_EXPIRED,17,NO_ACTION,0
0.82,1.0,2292.76,UPI,KOTAK,CARD_EXPIRED,2,SEND_REMINDER,1
0.7868852459016393,0.46153846153846156,2144.24,WALLET,YESBANK,CARD_EXPIRED,16,SEND_REMINDER,0
0.8873239436619719,0.5,4500.29,WALLET,ICICI,BANK_TIMEOUT,5,NO_ACTION,0
0.7407407407407407,0.42857142857142855,4799.39,NETBANKING,HDFC,CARD_EXPIRED,23,RETRY_LATER,0
0.47058823529411764,0.16666666666666666,1787.36,WALLET,HDFC,NETWORK_ERROR,15,SEND_REMINDER,1
0.7391304347826086,0.16666666666666666,5611.67,NETBANKING,AXIS,AUTHENTICATION_FAILED,21,RETRY_NOW,1
0.8103448275862069,0.7272727272727273,2772.51,WALLET,AXIS,AUTHENTICATION_FAILED,13,NO_ACTION,0
0.9885057471264368,1.0,8150.42,UPI,AXIS,NETWORK_ERROR,16,RETRY_NOW,0
0.2962962962962963,0.15789473684210525,2046.83,WALLET,HDFC,INSUFFICIENT_FUNDS,4,NO_ACTION,0
0.5,0.6666666666666666,7574.35,CARD,AXIS,AUTHENTICATION_FAILED,19,RETRY_LATER,0
0.9042553191489362,0.8888888888888888,1447.22,WALLET,HDFC,AUTHENTICATION_FAILED,19,RETRY_LATER,1
0.8303571428571429,0.3684210526315789,4683.52,CARD,YESBANK,LIMIT_EXCEEDED,11,RETRY_LATER,1
0.9213483146067416,1.0,9751.94,NETBANKING,ICICI,AUTHENTICATION_FAILED,19,RETRY_LATER,1
0.82,1.0,2356.78,WALLET,YESBANK,AUTHENTICATION_FAILED,1,RETRY_NOW,1
0.890625,0.8571428571428571,4680.19,NETBANKING,HDFC,NETWORK_ERROR,2,RETRY_LATER,1
0.6976744186046512,0.07692307692307693,9645.42,UPI,ICICI,INSUFFICIENT_FUNDS,3,SEND_REMINDER,1
0.7402597402597403,0.95,8257.89,CARD,SBI,CARD_EXPIRED,2,RETRY_NOW,0
0.9787234042553191,0.5,560.73,UPI,YESBANK,LIMIT_EXCEEDED,11,NO_ACTION,0
0.7021276595744681,0.0,2254.19,CARD,YESBANK,BANK_TIMEOUT,1,RETRY_LATER,0
0.9787234042553191,0.0,9156.57,CARD,KOTAK,CARD_EXPIRED,13,SEND_REMINDER,0
0.9078947368421053,1.0,1082.02,WALLET,AXIS,AUTHENTICATION_FAILED,8,SEND_REMINDER,0
0.9506172839506173,1.0,561.1,UPI,ICICI,LIMIT_EXCEEDED,3,RETRY_NOW,0
0.8627450980392157,1.0,8217.35,WALLET,HDFC,AUTHENTICATION_FAILED,11,RETRY_NOW,0
0.8653846153846154,0.0,203.15,CARD,SBI,INSUFFICIENT_FUNDS,6,RETRY_LATER,0
0.8181818181818182,0.0,5628.35,WALLET,YESBANK,BANK_TIMEOUT,18,SEND_REMINDER,0
0.883495145631068,0.75,8060.24,UPI,KOTAK,CARD_EXPIRED,0,SEND_REMINDER,0
0.5,0.6666666666666666,9223.18,WALLET,YESBANK,CARD_EXPIRED,18,RETRY_NOW,1
0.5945945945945946,0.9333333333333333,2021.19,UPI,AXIS,AUTHENTICATION_FAILED,7,NO_ACTION,0
0.9863013698630136,1.0,1554.4,CARD,YESBANK,LIMIT_EXCEEDED,12,RETRY_NOW,0
0.8648648648648649,0.4,1021.2,WALLET,ICICI,CARD_EXPIRED,2,RETRY_LATER,1
0.9552238805970149,0.0,2223.33,WALLET,AXIS,NETWORK_ERROR,17,RETRY_LATER,0
0.9142857142857143,1.0,4878.85,UPI,AXIS,BANK_TIMEOUT,21,SEND_REMINDER,0
0.8028169014084507,0.5,4404.78,UPI,HDFC,BANK_TIMEOUT,1,SEND_REMINDER,0
1.0,0.0,5409.82,NETBANKING,YESBANK,AUTHENTICATION_FAILED,23,NO_ACTION,0
0.8208955223880597,0.5,305.04,UPI,SBI,AUTHENTICATION_FAILED,10,SEND_REMINDER,1
0.8620689655172413,0.0625,9404.85,CARD,YESBANK,NETWORK_ERROR,8,NO_ACTION,0
0.8518518518518519,0.0,1839.34,CARD,ICICI,INSUFFICIENT_FUNDS,5,SEND_REMINDER,1
0.7468354430379747,0.95,3354.69,UPI,ICICI,BANK_TIMEOUT,18,NO_ACTION,0
0.45454545454545453,0.8333333333333334,8479.38,CARD,ICICI,BANK_TIMEOUT,13,NO_ACTION,0
0.5641025641025641,0.0,2909.4,WALLET,KOTAK,AUTHENTICATION_FAILED,23,RETRY_LATER,1
0.6842105263157895,0.75,6320.01,WALLET,ICICI,LIMIT_EXCEEDED,22,SEND_REMINDER,1
0.9072164948453608,0.4444444444444444,2209.71,NETBANKING,YESBANK,NETWORK_ERROR,4,RETRY_NOW,1
0.9186046511627907,0.2857142857142857,8756.69,NETBANKING,KOTAK,LIMIT_EXCEEDED,3,RETRY_NOW,0
0.7111111111111111,0.9230769230769231,1220.16,NETBANKING,AXIS,BANK_TIMEOUT,8,SEND_REMINDER,1
0.7721518987341772,0.3333333333333333,8593.71,WALLET,ICICI,CARD_EXPIRED,6,RETRY_NOW,0
0.8387096774193549,0.7333333333333333,4727.7,NETBANKING,ICICI,NETWORK_ERROR,18,SEND_REMINDER,1
0.881578947368421,1.0,8613.92,NETBANKING,AXIS,BANK_TIMEOUT,19,RETRY_LATER,0
1.0,0.0,4226.66,NETBANKING,SBI,INSUFFICIENT_FUNDS,14,NO_ACTION,0
0.7727272727272727,0.3,2055.5,WALLET,AXIS,INSUFFICIENT_FUNDS,14,SEND_REMINDER,0
0.9714285714285714,1.0,4617.88,NETBANKING,SBI,CARD_EXPIRED,20,NO_ACTION,0
0.797752808988764,0.5,1129.41,UPI,ICICI,AUTHENTICATION_FAILED,10,RETRY_NOW,0
0.8725490196078431,0.38461538461538464,8080.67,WALLET,SBI,CARD_EXPIRED,8,SEND_REMINDER,1
0.94,1.0,9486.03,WALLET,KOTAK,CARD_EXPIRED,20,NO_ACTION,0
0.88,0.6666666666666666,3818.63,CARD,SBI,CARD_EXPIRED,18,NO_ACTION,0
0.975609756097561,0.0,996.34,NETBANKING,HDFC,AUTHENTICATION_FAILED,2,RETRY_NOW,0
0.8461538461538461,0.5,3712.25,UPI,HDFC,BANK_TIMEOUT,22,NO_ACTION,0
0.5,0.8333333333333334,7433.25,WALLET,ICICI,AUTHENTICATION_FAILED,4,RETRY_LATER,0
0.7534246575342466,0.4444444444444444,2865.12,CARD,SBI,BANK_TIMEOUT,19,SEND_REMINDER,0
0.8148148148148148,0.06666666666666667,7006.82,UPI,YESBANK,AUTHENTICATION_FAILED,6,SEND_REMINDER,0
0.7532467532467533,0.3684210526315789,6312.8,CARD,SBI,CARD_EXPIRED,16,RETRY_LATER,0
0.8571428571428571,0.6875,9587.24,NETBANKING,SBI,NETWORK_ERROR,18,RETRY_NOW,1
0.6764705882352942,0.2727272727272727,3476.74,NETBANKING,HDFC,AUTHENTICATION_FAILED,1,SEND_REMINDER,0
0.25925925925925924,0.8,6599.58,WALLET,HDFC,CARD_EXPIRED,10,NO_ACTION,0
0.75,1.0,7087.64,UPI,AXIS,LIMIT_EXCEEDED,20,RETRY_NOW,0
0.8085106382978723,0.5555555555555556,6401.16,UPI,ICICI,NETWORK_ERROR,5,NO_ACTION,0
0.4090909090909091,0.5384615384615384,9739.44,WALLET,SBI,AUTHENTICATION_FAILED,21,RETRY_NOW,1
0.82,1.0,2292.76,UPI,KOTAK,CARD_EXPIRED,2,RETRY_LATER,0
0.8556701030927835,0.9285714285714286,2230.42,WALLET,HDFC,BANK_TIMEOUT,0,RETRY_NOW,0
0.8235294117647058,0.0,9109.89,WALLET,SBI,AUTHENTICATION_FAILED,16,RETRY_LATER,0
0.45454545454545453,0.5,1554.43,UPI,YESBANK,INSUFFICIENT_FUNDS,22,RETRY_NOW,0
0.9333333333333333,0.0,7837.08,UPI,KOTAK,BANK_TIMEOUT,5,RETRY_LATER,0
0.9230769230769231,0.6,8677.41,WALLET,HDFC,INSUFFICIENT_FUNDS,13,NO_ACTION,0
0.8928571428571429,0.6666666666666666,5289.15,NETBANKING,YESBANK,CARD_EXPIRED,15,RETRY_NOW,1
0.6444444444444445,0.625,9270.87,NETBANKING,HDFC,CARD_EXPIRED,0,RETRY_NOW,0
0.8279569892473119,0.1875,6450.44,CARD,AXIS,AUTHENTICATION_FAILED,13,NO_ACTION,0
0.2857142857142857,0.5,9775.27,NETBANKING,YESBANK,BANK_TIMEOUT,0,NO_ACTION,0
0.912621359223301,1.0,1990.89,NETBANKING,SBI,BANK_TIMEOUT,0,NO_ACTION,0
0.9130434782608695,0.8333333333333334,5966.88,UPI,ICICI,NETWORK_ERROR,10,RETRY_LATER,1
0.6052631578947368,0.4,5463.42,CARD,KOTAK,AUTHENTICATION_FAILED,5,RETRY_LATER,0
0.975609756097561,0.5,6565.89,CARD,YESBANK,CARD_EXPIRED,5,NO_ACTION,0
0.8585858585858586,1.0,4539.37,NETBANKING,SBI,CARD_EXPIRED,16,RETRY_NOW,0
0.75,0.6,4359.32,CARD,YESBANK,NETWORK_ERROR,2,RETRY_LATER,1
0.9382716049382716,0.8,6624.54,NETBANKING,HDFC,LIMIT_EXCEEDED,10,RETRY_NOW,0
0.8902439024390244,1.0,2438.02,WALLET,HDFC,BANK_TIMEOUT,6,RETRY_LATER,1
0.6136363636363636,0.058823529411764705,5101.78,UPI,ICICI,LIMIT_EXCEEDED,14,RETRY_LATER,0
0.5,0.8333333333333334,8807.83,CARD,ICICI,CARD_EXPIRED,6,NO_ACTION,0
0.5714285714285714,1.0,3584.06,NETBANKING,ICICI,INSUFFICIENT_FUNDS,7,RETRY_LATER,0
0.2962962962962963,0.15789473684210525,1686.22,CARD,HDFC,INSUFFICIENT_FUNDS,12,RETRY_LATER,0
0.9603960396039604,0.0,1084.68,WALLET,ICICI,NETWORK_ERROR,14,NO_ACTION,0
0.8,0.9,6376.82,UPI,AXIS,LIMIT_EXCEEDED,13,RETRY_NOW,0
0.8514851485148515,0.13333333333333333,4353.9,WALLET,SBI,NETWORK_ERROR,9,RETRY_NOW,0
0.7741935483870968,0.35714285714285715,9043.58,UPI,AXIS,CARD_EXPIRED,4,SEND_REMINDER,0
0.8028169014084507,0.5,6634.23,NETBANKING,AXIS,LIMIT_EXCEEDED,10,SEND_REMINDER,1
0.9615384615384616,0.5,5593.8,UPI,KOTAK,INSUFFICIENT_FUNDS,19,NO_ACTION,0
0.5384615384615384,0.25,4433.23,CARD,ICICI,CARD_EXPIRED,10,RETRY_LATER,0
0.75,0.4,1932.71,NETBANKING,SBI,BANK_TIMEOUT,11,NO_ACTION,0
0.8585858585858586,1.0,4539.37,NETBANKING,SBI,CARD_EXPIRED,16,RETRY_LATER,0
0.5294117647058824,0.75,8784.29,UPI,SBI,BANK_TIMEOUT,18,NO_ACTION,0
0.6779661016949152,1.0,6538.99,WALLET,HDFC,CARD_EXPIRED,20,NO_ACTION,0
0.7608695652173914,0.2727272727272727,8224.03,UPI,YESBANK,NETWORK_ERROR,16,RETRY_LATER,1
0.6,0.7222222222222222,9682.87,UPI,SBI,BANK_TIMEOUT,21,NO_ACTION,0
0.84375,0.2,7913.21,WALLET,SBI,NETWORK_ERROR,8,RETRY_NOW,0
0.9846153846153847,1.0,8079.55,CARD,SBI,NETWORK_ERROR,9,RETRY_NOW,1
0.8769230769230769,0.125,2955.72,UPI,HDFC,CARD_EXPIRED,2,RETRY_LATER,0
0.9807692307692307,1.0,4715.68,NETBANKING,SBI,NETWORK_ERROR,7,RETRY_NOW,1
0.9326923076923077,0.14285714285714285,8665.16,WALLET,YESBANK,NETWORK_ERROR,2,NO_ACTION,0
0.8333333333333334,0.25,5760.33,UPI,KOTAK,NETWORK_ERROR,11,RETRY_NOW,1
0.625,0.0,8098.13,CARD,HDFC,INSUFFICIENT_FUNDS,16,RETRY_NOW,0
0.8303571428571429,0.3684210526315789,2968.35,CARD,SBI,NETWORK_ERROR,17,RETRY_LATER,0
0.797752808988764,0.5,5268.82,WALLET,AXIS,AUTHENTICATION_FAILED,21,RETRY_NOW,1
0.8695652173913043,0.08333333333333333,499.98,NETBANKING,ICICI,LIMIT_EXCEEDED,8,SEND_REMINDER,0
0.7945205479452054,0.7333333333333333,1300.15,NETBANKING,SBI,INSUFFICIENT_FUNDS,5,NO_ACTION,0
0.6363636363636364,1.0,3281.78,WALLET,AXIS,AUTHENTICATION_FAILED,21,RETRY_LATER,1
0.6909090909090909,0.23529411764705882,920.35,NETBANKING,AXIS,INSUFFICIENT_FUNDS,11,RETRY_NOW,0
0.7049180327868853,0.5555555555555556,6335.28,UPI,AXIS,BANK_TIMEOUT,14,RETRY_LATER,0
0.7755102040816326,0.6363636363636364,7536.95,CARD,KOTAK,LIMIT_EXCEEDED,19,RETRY_LATER,0
0.782608695652174,0.15,3647.72,UPI,AXIS,BANK_TIMEOUT,4,SEND_REMINDER,0
0.8969072164948454,0.2,1247.61,UPI,HDFC,CARD_EXPIRED,8,SEND_REMINDER,0
0.9292929292929293,0.0,1127.77,UPI,KOTAK,BANK_TIMEOUT,20,RETRY_LATER,1
0.9523809523809523,0.6,5707.83,WALLET,YESBANK,INSUFFICIENT_FUNDS,11,RETRY_NOW,1
0.9166666666666666,0.8,9959.28,WALLET,KOTAK,CARD_EXPIRED,4,RETRY_LATER,0
0.975609756097561,0.0,3918.43,WALLET,ICICI,LIMIT_EXCEEDED,16,NO_ACTION,0
0.9253731343283582,0.6,4350.44,UPI,YESBANK,LIMIT_EXCEEDED,4,SEND_REMINDER,0
0.7727272727272727,0.6,8674.55,CARD,AXIS,LIMIT_EXCEEDED,21,RETRY_NOW,1
0.45454545454545453,0.8333333333333334,8965.25,UPI,KOTAK,NETWORK_ERROR,10,RETRY_LATER,1
0.8571428571428571,0.7142857142857143,6159.14,WALLET,SBI,INSUFFICIENT_FUNDS,15,NO_ACTION,0
0.9245283018867925,0.75,8864.27,CARD,HDFC,INSUFFICIENT_FUNDS,10,RETRY_LATER,0
0.7530864197530864,0.6,3361.72,WALLET,YESBANK,AUTHENTICATION_FAILED,9,RETRY_LATER,0
0.8421052631578947,0.6666666666666666,8810.31,UPI,HDFC,CARD_EXPIRED,16,RETRY_NOW,0
0.88,0.0,7079.74,NETBANKING,AXIS,INSUFFICIENT_FUNDS,6,SEND_REMINDER,0
0.7777777777777778,0.8333333333333334,5059.9,NETBANKING,KOTAK,LIMIT_EXCEEDED,22,RETRY_NOW,0
0.7468354430379747,0.95,9867.12,NETBANKING,KOTAK,LIMIT_EXCEEDED,15,NO_ACTION,0
0.8095238095238095,0.25,3242.34,CARD,KOTAK,NETWORK_ERROR,13,RETRY_NOW,1
0.8369565217391305,0.4,7688.04,WALLET,ICICI,BANK_TIMEOUT,11,NO_ACTION,0
0.9787234042553191,0.0,3605.16,NETBANKING,SBI,INSUFFICIENT_FUNDS,21,NO_ACTION,0
0.9166666666666666,0.0,3506.92,CARD,HDFC,BANK_TIMEOUT,0,RETRY_NOW,0
0.9607843137254902,0.5,7869.99,UPI,SBI,CARD_EXPIRED,6,RETRY_LATER,0
0.9759036144578314,0.0,594.08,NETBANKING,HDFC,LIMIT_EXCEEDED,17,RETRY_LATER,0
0.7777777777777778,0.0,967.77,NETBANKING,SBI,LIMIT_EXCEEDED,15,SEND_REMINDER,0
0.8387096774193549,0.7333333333333333,5089.6,UPI,HDFC,CARD_EXPIRED,17,NO_ACTION,0
0.9253731343283582,0.6,2574.07,WALLET,HDFC,INSUFFICIENT_FUNDS,16,RETRY_NOW,0
0.6363636363636364,1.0,1382.89,NETBANKING,AXIS,CARD_EXPIRED,0,NO_ACTION,0
0.8235294117647058,1.0,8408.54,NETBANKING,AXIS,NETWORK_ERROR,2,SEND_REMINDER,1
0.5652173913043478,0.6,1154.77,WALLET,KOTAK,AUTHENTICATION_FAILED,12,SEND_REMINDER,1
0.96875,0.3333333333333333,5174.23,WALLET,SBI,LIMIT_EXCEEDED,14,NO_ACTION,0
0.8909090909090909,0.3333333333333333,606.64,UPI,KOTAK,AUTHENTICATION_FAILED,17,NO_ACTION,0
0.8571428571428571,0.0,9520.31,UPI,SBI,LIMIT_EXCEEDED,3,RETRY_LATER,1
0.88,0.3333333333333333,3787.15,WALLET,YESBANK,BANK_TIMEOUT,5,RETRY_NOW,1
0.7297297297297297,0.6,2356.86,WALLET,ICICI,AUTHENTICATION_FAILED,5,RETRY_LATER,0
0.872093023255814,0.09090909090909091,9314.11,CARD,YESBANK,BANK_TIMEOUT,4,SEND_REMINDER,1
0.8227848101265823,0.14285714285714285,3810.9,WALLET,ICICI,LIMIT_EXCEEDED,4,SEND_REMINDER,0
0.8829787234042553,0.18181818181818182,9294.2,CARD,SBI,AUTHENTICATION_FAILED,15,RETRY_LATER,0
0.851063829787234,0.8571428571428571,6431.23,UPI,KOTAK,LIMIT_EXCEEDED,21,RETRY_NOW,0
0.7857142857142857,0.9166666666666666,5871.8,WALLET,HDFC,BANK_TIMEOUT,21,NO_ACTION,0
0.6129032258064516,0.5833333333333334,3835.06,WALLET,KOTAK,NETWORK_ERROR,3,RETRY_NOW,1
0.9508196721311475,0.0,2027.15,CARD,HDFC,LIMIT_EXCEEDED,4,RETRY_NOW,1
0.9259259259259259,0.5,1177.6,CARD,ICICI,BANK_TIMEOUT,3,NO_ACTION,0
0.6923076923076923,0.9375,6601.49,UPI,ICICI,INSUFFICIENT_FUNDS,7,RETRY_NOW,0
0.8762886597938144,0.0,972.42,WALLET,HDFC,LIMIT_EXCEEDED,13,SEND_REMINDER,1
0.6458333333333334,0.6470588235294118,4051.01,UPI,YESBANK,LIMIT_EXCEEDED,20,RETRY_LATER,1
0.6727272727272727,0.7222222222222222,9556.41,UPI,ICICI,CARD_EXPIRED,22,RETRY_NOW,0
0.8235294117647058,0.0,4306.18,NETBANKING,ICICI,LIMIT_EXCEEDED,11,RETRY_NOW,0
0.8765432098765432,0.5,841.34,NETBANKING,AXIS,LIMIT_EXCEEDED,20,NO_ACTION,0
0.55,0.3333333333333333,2456.95,CARD,HDFC,INSUFFICIENT_FUNDS,19,RETRY_LATER,0
0.9340659340659341,0.3333333333333333,1223.35,NETBANKING,YESBANK,LIMIT_EXCEEDED,12,RETRY_NOW,0
0.8080808080808081,0.7894736842105263,7844.3,NETBANKING,ICICI,INSUFFICIENT_FUNDS,16,RETRY_NOW,0
0.9032258064516129,1.0,8970.48,UPI,ICICI,LIMIT_EXCEEDED,11,RETRY_NOW,1
0.8556701030927835,0.9285714285714286,2230.42,WALLET,HDFC,BANK_TIMEOUT,0,NO_ACTION,0
0.8990825688073395,0.2727272727272727,1865.92,NETBANKING,KOTAK,BANK_TIMEOUT,13,RETRY_NOW,0
0.6129032258064516,0.5833333333333334,5654.54,WALLET,AXIS,NETWORK_ERROR,1,RETRY_LATER,0
0.8620689655172413,0.75,2213.28,UPI,KOTAK,LIMIT_EXCEEDED,2,RETRY_LATER,1
1.0,0.0,2798.44,UPI,AXIS,CARD_EXPIRED,8,SEND_REMINDER,1
0.25,0.3333333333333333,6609.7,WALLET,AXIS,INSUFFICIENT_FUNDS,12,NO_ACTION,0
0.8,0.9,8311.73,NETBANKING,AXIS,INSUFFICIENT_FUNDS,3,RETRY_NOW,1
0.7346938775510204,0.23076923076923078,5015.35,NETBANKING,YESBANK,CARD_EXPIRED,15,RETRY_LATER,1
0.8275862068965517,0.3333333333333333,6722.78,CARD,HDFC,NETWORK_ERROR,16,NO_ACTION,0
0.9204545454545454,0.14285714285714285,2962.92,WALLET,SBI,NETWORK_ERROR,18,SEND_REMINDER,1
1.0,0.0,6764.98,CARD,SBI,INSUFFICIENT_FUNDS,13,RETRY_LATER,0
0.8923076923076924,0.2857142857142857,2163.63,CARD,SBI,BANK_TIMEOUT,22,NO_ACTION,0
0.8080808080808081,0.7894736842105263,1482.03,WALLET,AXIS,LIMIT_EXCEEDED,17,NO_ACTION,0
0.5909090909090909,0.3333333333333333,1534.9,WALLET,KOTAK,CARD_EXPIRED,13,RETRY_NOW,1
0.8556701030927835,0.9285714285714286,1144.79,NETBANKING,AXIS,INSUFFICIENT_FUNDS,12,RETRY_NOW,1
0.9545454545454546,1.0,6217.52,WALLET,AXIS,NETWORK_ERROR,21,NO_ACTION,0
0.7654320987654321,0.7368421052631579,725.66,CARD,SBI,LIMIT_EXCEEDED,7,NO_ACTION,0
0.9523809523809523,0.6,3973.32,NETBANKING,KOTAK,AUTHENTICATION_FAILED,14,NO_ACTION,0
0.9552238805970149,0.0,1253.51,CARD,YESBANK,BANK_TIMEOUT,4,RETRY_LATER,0
0.8043478260869565,0.1111111111111111,8866.87,UPI,YESBANK,BANK_TIMEOUT,21,RETRY_NOW,0
0.7532467532467533,0.3684210526315789,5049.22,UPI,YESBANK,BANK_TIMEOUT,11,RETRY_LATER,1
0.8407079646017699,0.8888888888888888,9884.77,CARD,ICICI,INSUFFICIENT_FUNDS,0,NO_ACTION,0
0.75,0.7894736842105263,8984.28,NETBANKING,ICICI,LIMIT_EXCEEDED,23,NO_ACTION,0
0.6666666666666666,0.8,9879.16,UPI,SBI,AUTHENTICATION_FAILED,4,RETRY_NOW,1
0.9863013698630136,1.0,1554.4,CARD,YESBANK,LIMIT_EXCEEDED,12,NO_ACTION,0
0.972972972972973,0.0,7120.65,NETBANKING,YESBANK,CARD_EXPIRED,12,RETRY_NOW,1
0.7721518987341772,0.3333333333333333,9403.09,NETBANKING,YESBANK,AUTHENTICATION_FAILED,11,NO_ACTION,0
0.8764044943820225,0.18181818181818182,8307.34,CARD,ICICI,NETWORK_ERROR,19,RETRY_LATER,0
0.5909090909090909,0.6666666666666666,2146.67,UPI,KOTAK,LIMIT_EXCEEDED,10,RETRY_LATER,1
0.7333333333333333,0.625,2557.62,UPI,HDFC,NETWORK_ERROR,5,RETRY_NOW,1
0.7727272727272727,0.3,4658.1,CARD,ICICI,CARD_EXPIRED,1,RETRY_NOW,1
0.6938775510204082,0.8666666666666667,6503.93,UPI,AXIS,AUTHENTICATION_FAILED,5,NO_ACTION,0
0.7837837837837838,0.5,7415.76,WALLET,SBI,BANK_TIMEOUT,7,SEND_REMINDER,0
0.825,0.5,1959.43,NETBANKING,SBI,AUTHENTICATION_FAILED,6,SEND_REMINDER,1
0.8387096774193549,0.7333333333333333,8803.27,CARD,HDFC,LIMIT_EXCEEDED,9,NO_ACTION,0
0.6764705882352942,0.2727272727272727,5894.2,CARD,AXIS,BANK_TIMEOUT,7,RETRY_LATER,1
0.6666666666666666,0.8,6889.82,UPI,YESBANK,NETWORK_ERROR,10,SEND_REMINDER,1
0.6938775510204082,0.8666666666666667,4331.54,NETBANKING,YESBANK,CARD_EXPIRED,1,RETRY_LATER,0
0.3,0.5714285714285714,866.17,UPI,HDFC,INSUFFICIENT_FUNDS,22,RETRY_NOW,0
0.6875,0.0,3174.37,NETBANKING,HDFC,NETWORK_ERROR,23,RETRY_LATER,0
0.8064516129032258,0.6666666666666666,7311.11,NETBANKING,KOTAK,NETWORK_ERROR,10,NO_ACTION,0
0.7755102040816326,0.6363636363636364,7536.95,CARD,KOTAK,LIMIT_EXCEEDED,19,NO_ACTION,0
0.9340659340659341,0.3333333333333333,9517.56,UPI,KOTAK,NETWORK_ERROR,6,SEND_REMINDER,0
0.9885057471264368,1.0,2942.97,CARD,ICICI,CARD_EXPIRED,11,RETRY_LATER,0
0.9292929292929293,0.0,2327.12,CARD,SBI,INSUFFICIENT_FUNDS,11,RETRY_NOW,0
0.6666666666666666,0.0,1808.09,WALLET,SBI,LIMIT_EXCEEDED,11,RETRY_NOW,0
0.9259259259259259,0.5,1177.6,CARD,ICICI,BANK_TIMEOUT,3,SEND_REMINDER,0
0.8571428571428571,0.14285714285714285,7091.45,UPI,AXIS,BANK_TIMEOUT,5,SEND_REMINDER,0
0.78125,0.7142857142857143,1016.31,UPI,KOTAK,CARD_EXPIRED,8,NO_ACTION,0
0.6428571428571429,0.55,8603.92,WALLET,KOTAK,AUTHENTICATION_FAILED,16,SEND_REMINDER,0
0.8222222222222222,0.0,8232.96,UPI,AXIS,CARD_EXPIRED,4,RETRY_NOW,0
0.7530864197530864,0.5,5862.92,NETBANKING,AXIS,INSUFFICIENT_FUNDS,8,SEND_REMINDER,1
0.831858407079646,0.3684210526315789,4266.96,NETBANKING,ICICI,NETWORK_ERROR,9,RETRY_NOW,1
0.8648648648648649,0.3333333333333333,3631.66,CARD,AXIS,INSUFFICIENT_FUNDS,20,NO_ACTION,0
0.45454545454545453,0.9166666666666666,4114.41,CARD,SBI,AUTHENTICATION_FAILED,9,RETRY_NOW,1
0.717391304347826,0.07692307692307693,2292.79,NETBANKING,YESBANK,CARD_EXPIRED,14,NO_ACTION,0
0.8877551020408163,1.0,9654.05,WALLET,HDFC,INSUFFICIENT_FUNDS,6,RETRY_NOW,1
0.8648648648648649,0.4,7404.64,NETBANKING,AXIS,LIMIT_EXCEEDED,7,SEND_REMINDER,1
0.8,0.15384615384615385,7030.89,UPI,AXIS,NETWORK_ERROR,20,SEND_REMINDER,0
0.7402597402597403,0.95,8257.89,CARD,SBI,CARD_EXPIRED,2,SEND_REMINDER,1
0.9433962264150944,0.0,6022.09,UPI,HDFC,CARD_EXPIRED,2,NO_ACTION,0
0.32142857142857145,0.9473684210526315,7396.83,WALLET,HDFC,BANK_TIMEOUT,13,SEND_REMINDER,0
0.8307692307692308,0.5454545454545454,3561.77,NETBANKING,KOTAK,BANK_TIMEOUT,9,RETRY_LATER,1
0.8596491228070176,1.0,8329.81,UPI,HDFC,BANK_TIMEOUT,12,NO_ACTION,0
0.94,0.16666666666666666,230.71,WALLET,HDFC,LIMIT_EXCEEDED,1,NO_ACTION,0
0.978021978021978,0.0,4939.53,CARD,ICICI,BANK_TIMEOUT,14,RETRY_LATER,0
0.8028169014084507,0.5,4168.2,NETBANKING,HDFC,BANK_TIMEOUT,19,RETRY_LATER,1
0.8235294117647058,0.2777777777777778,3698.18,CARD,KOTAK,AUTHENTICATION_FAILED,2,NO_ACTION,0
0.5,0.05,5356.24,NETBANKING,HDFC,LIMIT_EXCEEDED,0,RETRY_NOW,0
0.6875,0.1,1120.57,UPI,KOTAK,CARD_EXPIRED,11,NO_ACTION,0
0.5238095238095238,0.7,9528.07,UPI,SBI,NETWORK_ERROR,12,NO_ACTION,0
0.5348837209302325,0.4,6715.2,UPI,ICICI,AUTHENTICATION_FAILED,14,SEND_REMINDER,1
0.47058823529411764,0.7777777777777778,6710.23,NETBANKING,HDFC,LIMIT_EXCEEDED,21,RETRY_NOW,0
0.8181818181818182,0.16666666666666666,5780.53,NETBANKING,AXIS,NETWORK_ERROR,5,SEND_REMINDER,0
0.900990099009901,0.6,9777.26,CARD,ICICI,LIMIT_EXCEEDED,9,NO_ACTION,0
0.8653846153846154,0.0,359.41,CARD,KOTAK,LIMIT_EXCEEDED,9,RETRY_NOW,0
0.9807692307692307,1.0,4715.68,NETBANKING,SBI,NETWORK_ERROR,7,NO_ACTION,0
0.9175257731958762,0.75,7165.61,CARD,AXIS,CARD_EXPIRED,8,SEND_REMINDER,1
0.7397260273972602,1.0,8654.23,WALLET,KOTAK,CARD_EXPIRED,12,RETRY_NOW,0
0.7857142857142857,0.9166666666666666,9150.03,CARD,YESBANK,BANK_TIMEOUT,8,RETRY_LATER,1
0.9603960396039604,0.0,5469.96,CARD,KOTAK,NETWORK_ERROR,4,NO_ACTION,0
0.3,0.5714285714285714,251.36,WALLET,KOTAK,BANK_TIMEOUT,17,SEND_REMINDER,0
0.8347826086956521,0.7368421052631579,9520.38,NETBANKING,SBI,LIMIT_EXCEEDED,3,RETRY_LATER,1
0.9629629629629629,0.6666666666666666,5468.53,NETBANKING,SBI,BANK_TIMEOUT,17,RETRY_NOW,1
0.2631578947368421,0.9285714285714286,3791.2,NETBANKING,ICICI,BANK_TIMEOUT,2,RETRY_LATER,1
0.8823529411764706,0.0,4952.87,NETBANKING,AXIS,CARD_EXPIRED,1,SEND_REMINDER,1
0.3333333333333333,0.55,9285.57,NETBANKING,AXIS,NETWORK_ERROR,17,NO_ACTION,0
0.8247422680412371,1.0,1015.59,UPI,KOTAK,BANK_TIMEOUT,22,RETRY_NOW,1
0.9333333333333333,0.5,942.22,UPI,AXIS,LIMIT_EXCEEDED,13,SEND_REMINDER,1
0.8947368421052632,0.625,1436.22,CARD,AXIS,CARD_EXPIRED,5,RETRY_LATER,1
0.6785714285714286,0.7777777777777778,5362.21,NETBANKING,YESBANK,CARD_EXPIRED,5,RETRY_LATER,1
0.9333333333333333,0.4,6018.5,NETBANKING,SBI,AUTHENTICATION_FAILED,11,SEND_REMINDER,1
0.7241379310344828,0.625,1295.35,UPI,AXIS,AUTHENTICATION_FAILED,0,RETRY_LATER,1
0.9761904761904762,0.5,3694.87,WALLET,ICICI,LIMIT_EXCEEDED,4,RETRY_LATER,1
0.7945205479452054,0.7333333333333333,1300.15,NETBANKING,SBI,INSUFFICIENT_FUNDS,5,RETRY_LATER,1
0.8571428571428571,0.0,9520.31,UPI,SBI,LIMIT_EXCEEDED,3,SEND_REMINDER,0
0.9333333333333333,0.6666666666666666,9567.93,WALLET,SBI,BANK_TIMEOUT,21,SEND_REMINDER,0
0.6808510638297872,0.8666666666666667,8320.49,UPI,SBI,INSUFFICIENT_FUNDS,8,NO_ACTION,0
0.2,0.95,5230.18,UPI,KOTAK,NETWORK_ERROR,17,RETRY_NOW,1
0.9,0.2,9894.27,NETBANKING,AXIS,INSUFFICIENT_FUNDS,0,RETRY_NOW,0
0.8823529411764706,0.0,9398.78,CARD,YESBANK,BANK_TIMEOUT,1,RETRY_LATER,1
0.9615384615384616,0.5,8613.97,UPI,KOTAK,CARD_EXPIRED,2,SEND_REMINDER,0
0.8181818181818182,0.4166666666666667,7633.28,UPI,YESBANK,BANK_TIMEOUT,19,RETRY_NOW,1
0.4090909090909091,0.5384615384615384,870.56,NETBANKING,ICICI,LIMIT_EXCEEDED,8,SEND_REMINDER,0
0.984375,1.0,934.82,WALLET,KOTAK,INSUFFICIENT_FUNDS,5,RETRY_NOW,1
0.822429906542056,0.47368421052631576,1203.57,NETBANKING,YESBANK,AUTHENTICATION_FAILED,10,SEND_REMINDER,0
0.8850574712643678,0.2,7460.68,NETBANKING,KOTAK,LIMIT_EXCEEDED,20,SEND_REMINDER,0
0.8636363636363636,0.3333333333333333,737.72,NETBANKING,ICICI,CARD_EXPIRED,15,RETRY_NOW,1
0.8266666666666667,0.6923076923076923,5018.18,WALLET,ICICI,BANK_TIMEOUT,14,RETRY_LATER,1
0.825,0.0,8201.62,NETBANKING,HDFC,LIMIT_EXCEEDED,9,RETRY_LATER,0
0.32142857142857145,0.9473684210526315,6922.65,WALLET,ICICI,AUTHENTICATION_FAILED,2,SEND_REMINDER,0
0.8981481481481481,0.5454545454545454,478.87,CARD,AXIS,NETWORK_ERROR,1,SEND_REMINDER,0
0.9325842696629213,1.0,702.69,WALLET,AXIS,INSUFFICIENT_FUNDS,17,SEND_REMINDER,1
0.8981481481481481,0.5454545454545454,478.87,CARD,AXIS,NETWORK_ERROR,1,RETRY_LATER,0
0.8431372549019608,0.0,8018.21,UPI,AXIS,LIMIT_EXCEEDED,22,NO_ACTION,0
0.797752808988764,0.5,4166.47,UPI,ICICI,INSUFFICIENT_FUNDS,1,RETRY_NOW,0
0.8695652173913043,0.75,5244.84,CARD,HDFC,LIMIT_EXCEEDED,21,RETRY_NOW,0
0.7868852459016393,0.46153846153846156,4572.41,CARD,HDFC,BANK_TIMEOUT,1,SEND_REMINDER,0
0.972972972972973,0.0,6776.15,NETBANKING,HDFC,AUTHENTICATION_FAILED,22,RETRY_LATER,0
0.9038461538461539,0.6,7727.63,WALLET,KOTAK,NETWORK_ERROR,16,NO_ACTION,0
0.91,0.2222222222222222,526.44,CARD,SBI,BANK_TIMEOUT,18,RETRY_LATER,1
0.8070175438596491,0.36363636363636365,389.57,NETBANKING,YESBANK,NETWORK_ERROR,13,RETRY_LATER,0
0.391304347826087,0.9285714285714286,4584.26,UPI,YESBANK,LIMIT_EXCEEDED,8,NO_ACTION,0
0.5384615384615384,0.8333333333333334,1272.31,NETBANKING,SBI,CARD_EXPIRED,2,NO_ACTION,0
0.9655172413793104,0.5,292.41,UPI,ICICI,AUTHENTICATION_FAILED,0,RETRY_LATER,0
0.7764705882352941,0.3684210526315789,2029.63,NETBANKING,KOTAK,AUTHENTICATION_FAILED,12,NO_ACTION,0
0.9827586206896551,0.0,4964.33,WALLET,SBI,AUTHENTICATION_FAILED,2,SEND_REMINDER,0
0.9166666666666666,1.0,3170.69,CARD,AXIS,NETWORK_ERROR,20,RETRY_NOW,1
0.6666666666666666,0.5294117647058824,353.25,UPI,KOTAK,LIMIT_EXCEEDED,14,RETRY_LATER,0
0.9636363636363636,1.0,4194.91,CARD,KOTAK,CARD_EXPIRED,15,NO_ACTION,0
0.99,1.0,3783.06,WALLET,SBI,NETWORK_ERROR,23,SEND_REMINDER,1
0.6129032258064516,0.5833333333333334,5654.54,WALLET,AXIS,NETWORK_ERROR,1,RETRY_NOW,1
0.9292929292929293,0.0,8193.34,NETBANKING,KOTAK,INSUFFICIENT_FUNDS,13,RETRY_LATER,0
0.7532467532467533,0.3684210526315789,7447.69,UPI,SBI,AUTHENTICATION_FAILED,7,SEND_REMINDER,1
0.7142857142857143,0.0,2436.11,UPI,ICICI,LIMIT_EXCEEDED,6,RETRY_LATER,0
0.8303571428571429,0.3684210526315789,8441.5,WALLET,HDFC,AUTHENTICATION_FAILED,11,SEND_REMINDER,1
0.9213483146067416,1.0,5140.95,NETBANKING,ICICI,LIMIT_EXCEEDED,10,RETRY_NOW,1
0.8918918918918919,0.5,6302.05,NETBANKING,SBI,INSUFFICIENT_FUNDS,5,SEND_REMINDER,1
0.7931034482758621,0.0,4687.65,UPI,ICICI,AUTHENTICATION_FAILED,8,SEND_REMINDER,0
0.9636363636363636,0.0,2249.62,NETBANKING,ICICI,NETWORK_ERROR,5,NO_ACTION,0
0.8974358974358975,0.25,4753.84,NETBANKING,ICICI,NETWORK_ERROR,7,NO_ACTION,0
0.7297297297297297,0.6,5851.06,WALLET,HDFC,AUTHENTICATION_FAILED,15,NO_ACTION,0
0.42857142857142855,0.5625,3266.6,CARD,YESBANK,NETWORK_ERROR,14,NO_ACTION,0
0.9166666666666666,1.0,7320.11,CARD,ICICI,BANK_TIMEOUT,10,SEND_REMINDER,1
0.9795918367346939,0.5,888.37,NETBANKING,ICICI,BANK_TIMEOUT,18,SEND_REMINDER,1
0.9230769230769231,0.6,6140.4,WALLET,SBI,LIMIT_EXCEEDED,15,NO_ACTION,0
0.9803921568627451,0.0,6996.63,CARD,YESBANK,LIMIT_EXCEEDED,15,RETRY_LATER,0
0.84,0.5,6638.97,WALLET,HDFC,AUTHENTICATION_FAILED,22,NO_ACTION,0
0.7285714285714285,0.7894736842105263,3729.58,NETBANKING,ICICI,INSUFFICIENT_FUNDS,19,NO_ACTION,0
0.8921568627450981,0.0,1807.75,CARD,KOTAK,LIMIT_EXCEEDED,5,RETRY_NOW,0
0.6444444444444445,0.625,1605.95,UPI,AXIS,LIMIT_EXCEEDED,10,NO_ACTION,0
0.8375,0.3076923076923077,2150.15,CARD,HDFC,LIMIT_EXCEEDED,15,NO_ACTION,0
0.8130841121495327,0.4,9704.2,NETBANKING,KOTAK,BANK_TIMEOUT,14,SEND_REMINDER,0
0.5833333333333334,0.2,2560.3,CARD,HDFC,NETWORK_ERROR,11,NO_ACTION,0
0.3333333333333333,0.55,8911.8,NETBANKING,SBI,NETWORK_ERROR,18,RETRY_NOW,0
0.717391304347826,0.07692307692307693,1573.15,WALLET,AXIS,AUTHENTICATION_FAILED,4,NO_ACTION,0
0.7468354430379747,0.95,1177.17,CARD,KOTAK,LIMIT_EXCEEDED,11,NO_ACTION,0
0.8571428571428571,0.0,6344.39,UPI,AXIS,NETWORK_ERROR,12,RETRY_LATER,0
0.8282828282828283,0.7647058823529411,5071.2,UPI,ICICI,LIMIT_EXCEEDED,13,RETRY_LATER,1
0.825,0.5,1959.43,NETBANKING,SBI,AUTHENTICATION_FAILED,6,RETRY_LATER,0
0.9375,0.0,4885.65,NETBANKING,AXIS,BANK_TIMEOUT,18,NO_ACTION,0
0.7681159420289855,0.4375,6163.11,NETBANKING,KOTAK,NETWORK_ERROR,1,RETRY_NOW,1
0.6153846153846154,0.8,1810.05,WALLET,ICICI,AUTHENTICATION_FAILED,12,RETRY_LATER,0
0.8275862068965517,0.3333333333333333,6722.78,CARD,HDFC,NETWORK_ERROR,16,RETRY_NOW,1
0.8876404494382022,0.8,9582.19,CARD,KOTAK,NETWORK_ERROR,23,RETRY_NOW,1
0.9146341463414634,0.0,8154.16,CARD,KOTAK,NETWORK_ERROR,18,SEND_REMINDER,0
0.9787234042553191,0.0,3605.16,NETBANKING,SBI,INSUFFICIENT_FUNDS,21,RETRY_LATER,0
0.7666666666666667,0.5714285714285714,8532.6,WALLET,ICICI,BANK_TIMEOUT,8,RETRY_LATER,0
0.98989898989899,1.0,8450.63,WALLET,HDFC,INSUFFICIENT_FUNDS,21,SEND_REMINDER,1
0.9594594594594594,0.0,4634.59,WALLET,KOTAK,INSUFFICIENT_FUNDS,20,SEND_REMINDER,0
0.8850574712643678,0.2,5868.49,WALLET,KOTAK,NETWORK_ERROR,7,RETRY_NOW,1
0.8148148148148148,0.2,7299.75,CARD,AXIS,AUTHENTICATION_FAILED,20,RETRY_LATER,0
1.0,0.0,5335.09,CARD,AXIS,CARD_EXPIRED,12,RETRY_LATER,0
0.7916666666666666,0.05,2415.06,NETBANKING,ICICI,AUTHENTICATION_FAILED,5,RETRY_LATER,1
0.8831168831168831,0.6666666666666666,2189.43,CARD,YESBANK,AUTHENTICATION_FAILED,21,RETRY_LATER,1
0.6428571428571429,0.55,9880.19,WALLET,AXIS,AUTHENTICATION_FAILED,22,RETRY_LATER,0
0.9090909090909091,0.25,4800.05,CARD,AXIS,INSUFFICIENT_FUNDS,0,NO_ACTION,0
0.7764705882352941,0.3684210526315789,1135.39,WALLET,HDFC,NETWORK_ERROR,17,NO_ACTION,0
0.8571428571428571,0.4,3045.2,CARD,SBI,LIMIT_EXCEEDED,22,RETRY_LATER,0
0.872093023255814,0.09090909090909091,194.26,CARD,ICICI,BANK_TIMEOUT,21,SEND_REMINDER,0
0.896551724137931,0.3333333333333333,4951.53,CARD,AXIS,INSUFFICIENT_FUNDS,18,RETRY_LATER,0
0.782608695652174,0.15,5758.31,UPI,HDFC,AUTHENTICATION_FAILED,0,NO_ACTION,0
0.4444444444444444,0.55,6409.7,UPI,SBI,BANK_TIMEOUT,0,SEND_REMINDER,0
0.8421052631578947,0.0,8744.67,WALLET,ICICI,LIMIT_EXCEEDED,2,NO_ACTION,0
0.6779661016949152,0.8421052631578947,9894.08,UPI,HDFC,NETWORK_ERROR,10,NO_ACTION,0
0.47058823529411764,0.7777777777777778,8839.63,NETBANKING,ICICI,LIMIT_EXCEEDED,22,NO_ACTION,0
0.43333333333333335,0.5294117647058824,335.91,NETBANKING,YESBANK,LIMIT_EXCEEDED,10,RETRY_LATER,1
0.5238095238095238,0.7,8167.39,UPI,YESBANK,CARD_EXPIRED,14,RETRY_NOW,0
0.927710843373494,0.0,725.66,WALLET,KOTAK,BANK_TIMEOUT,13,RETRY_LATER,1
0.8990825688073395,0.2727272727272727,2728.09,WALLET,ICICI,CARD_EXPIRED,7,SEND_REMINDER,1
0.7333333333333333,1.0,1847.31,CARD,YESBANK,AUTHENTICATION_FAILED,19,NO_ACTION,0
0.8372093023255814,0.21428571428571427,5826.63,CARD,KOTAK,NETWORK_ERROR,9,NO_ACTION,0
0.9625,0.0,8848.35,NETBANKING,KOTAK,LIMIT_EXCEEDED,1,RETRY_LATER,0
0.8375,0.3076923076923077,9472.75,WALLET,KOTAK,AUTHENTICATION_FAILED,4,RETRY_LATER,1
0.8591549295774648,0.4,5785.15,UPI,SBI,AUTHENTICATION_FAILED,22,RETRY_NOW,1
0.7397260273972602,0.47368421052631576,6758.56,NETBANKING,AXIS,CARD_EXPIRED,23,RETRY_LATER,0
0.9801980198019802,0.0,674.54,WALLET,HDFC,NETWORK_ERROR,14,RETRY_NOW,1
0.9801980198019802,0.0,4774.79,UPI,HDFC,INSUFFICIENT_FUNDS,20,RETRY_LATER,0
0.6226415094339622,0.85,2262.47,NETBANKING,KOTAK,CARD_EXPIRED,4,RETRY_NOW,1
0.7183098591549296,0.45,6246.2,WALLET,SBI,LIMIT_EXCEEDED,12,RETRY_NOW,0
0.2,0.4,6105.99,CARD,ICICI,LIMIT_EXCEEDED,12,RETRY_LATER,1
1.0,0.0,831.88,WALLET,KOTAK,BANK_TIMEOUT,8,NO_ACTION,0
0.3,0.9285714285714286,7319.02,UPI,YESBANK,AUTHENTICATION_FAILED,19,RETRY_LATER,0
0.9183673469387755,0.75,5270.19,CARD,KOTAK,BANK_TIMEOUT,16,RETRY_NOW,1
0.2962962962962963,0.15789473684210525,9522.24,CARD,KOTAK,BANK_TIMEOUT,2,SEND_REMINDER,0
0.5348837209302325,0.4,7494.52,CARD,AXIS,BANK_TIMEOUT,7,SEND_REMINDER,1
0.8666666666666667,0.42857142857142855,1323.9,CARD,HDFC,INSUFFICIENT_FUNDS,21,SEND_REMINDER,0
0.38461538461538464,1.0,7669.01,UPI,KOTAK,AUTHENTICATION_FAILED,10,RETRY_NOW,0
0.25925925925925924,0.8,6599.58,WALLET,HDFC,CARD_EXPIRED,10,RETRY_LATER,1
0.7857142857142857,0.9166666666666666,5871.8,WALLET,HDFC,BANK_TIMEOUT,21,SEND_REMINDER,1
0.6727272727272727,0.7222222222222222,2836.46,CARD,AXIS,INSUFFICIENT_FUNDS,15,SEND_REMINDER,1
0.9830508474576272,1.0,2984.69,NETBANKING,ICICI,BANK_TIMEOUT,10,RETRY_LATER,0
0.5,0.6428571428571429,7739.83,NETBANKING,SBI,INSUFFICIENT_FUNDS,8,RETRY_LATER,1
0.9787234042553191,0.0,9742.61,UPI,KOTAK,CARD_EXPIRED,19,NO_ACTION,0
0.8028169014084507,0.5,1838.8,UPI,HDFC,CARD_EXPIRED,13,RETRY_NOW,0
0.797752808988764,0.1111111111111111,6978.83,NETBANKING,HDFC,INSUFFICIENT_FUNDS,2,NO_ACTION,0
0.47619047619047616,0.09090909090909091,4924.7,UPI,ICICI,CARD_EXPIRED,17,NO_ACTION,0
0.9787234042553191,0.0,9156.57,CARD,KOTAK,CARD_EXPIRED,13,RETRY_NOW,0
0.8831168831168831,0.7777777777777778,5028.37,WALLET,AXIS,BANK_TIMEOUT,20,RETRY_LATER,1
0.8804347826086957,0.0,3928.4,UPI,KOTAK,LIMIT_EXCEEDED,23,RETRY_NOW,0
0.8421052631578947,0.6666666666666666,1515.8,NETBANKING,AXIS,CARD_EXPIRED,17,RETRY_LATER,1
0.9534883720930233,0.5,3011.17,NETBANKING,YESBANK,CARD_EXPIRED,10,NO_ACTION,0
0.8253968253968254,1.0,4353.93,UPI,YESBANK,CARD_EXPIRED,4,NO_ACTION,0
0.8208955223880597,0.5833333333333334,9750.01,NETBANKING,KOTAK,CARD_EXPIRED,18,NO_ACTION,0
0.8222222222222222,0.0,7899.23,WALLET,YESBANK,LIMIT_EXCEEDED,18,SEND_REMINDER,0
0.9848484848484849,0.0,9952.87,WALLET,AXIS,LIMIT_EXCEEDED,2,RETRY_LATER,0
0.96875,0.5,5168.5,NETBANKING,SBI,AUTHENTICATION_FAILED,0,RETRY_NOW,0
0.9666666666666667,1.0,3751.57,NETBANKING,KOTAK,LIMIT_EXCEEDED,7,RETRY_LATER,1
0.9090909090909091,0.25,4800.05,CARD,AXIS,INSUFFICIENT_FUNDS,0,RETRY_LATER,0
0.9113924050632911,0.7142857142857143,5071.98,WALLET,YESBANK,CARD_EXPIRED,13,RETRY_LATER,1
0.7671232876712328,0.5882352941176471,7741.57,UPI,YESBANK,CARD_EXPIRED,13,SEND_REMINDER,1
0.9705882352941176,1.0,1917.57,UPI,AXIS,NETWORK_ERROR,21,RETRY_LATER,1
0.7837837837837838,0.625,5318.35,WALLET,ICICI,BANK_TIMEOUT,1,SEND_REMINDER,0
0.7878787878787878,0.6428571428571429,9059.6,UPI,AXIS,NETWORK_ERROR,23,RETRY_LATER,0
0.8955223880597015,0.0,4240.43,NETBANKING,AXIS,BANK_TIMEOUT,11,SEND_REMINDER,0
0.6595744680851063,0.0,6289.37,NETBANKING,AXIS,INSUFFICIENT_FUNDS,16,RETRY_NOW,0
0.7530864197530864,0.6,4563.99,NETBANKING,YESBANK,BANK_TIMEOUT,13,RETRY_NOW,1
0.9655172413793104,0.5,4606.27,CARD,AXIS,AUTHENTICATION_FAILED,17,RETRY_NOW,0
0.7419354838709677,0.3125,9013.67,UPI,HDFC,NETWORK_ERROR,19,RETRY_LATER,1
0.8227848101265823,0.14285714285714285,3810.9,WALLET,ICICI,LIMIT_EXCEEDED,4,RETRY_LATER,1
0.9846153846153847,1.0,1276.26,NETBANKING,AXIS,AUTHENTICATION_FAILED,13,NO_ACTION,0
0.6875,1.0,6683.62,CARD,KOTAK,AUTHENTICATION_FAILED,13,SEND_REMINDER,1
0.9411764705882353,0.5,6979.7,CARD,SBI,NETWORK_ERROR,19,SEND_REMINDER,0
1.0,0.0,623.51,CARD,KOTAK,INSUFFICIENT_FUNDS,10,RETRY_NOW,1
0.8172043010752689,0.23529411764705882,6796.32,CARD,AXIS,NETWORK_ERROR,22,SEND_REMINDER,0
0.95,0.0,136.51,NETBANKING,KOTAK,INSUFFICIENT_FUNDS,17,SEND_REMINDER,1
0.8811881188118812,0.16666666666666666,8932.0,WALLET,HDFC,AUTHENTICATION_FAILED,23,NO_ACTION,0
0.8235294117647058,0.0,4306.18,NETBANKING,ICICI,LIMIT_EXCEEDED,11,NO_ACTION,0
0.6363636363636364,1.0,5247.43,CARD,SBI,CARD_EXPIRED,23,NO_ACTION,0
0.8163265306122449,0.05555555555555555,6055.39,CARD,AXIS,INSUFFICIENT_FUNDS,19,NO_ACTION,0
0.5,0.05,5231.91,CARD,YESBANK,NETWORK_ERROR,17,SEND_REMINDER,0
0.7792207792207793,0.47058823529411764,3307.67,WALLET,KOTAK,LIMIT_EXCEEDED,8,RETRY_LATER,0
0.6,0.7222222222222222,4471.17,UPI,HDFC,BANK_TIMEOUT,5,RETRY_LATER,0
0.8981481481481481,0.5454545454545454,9902.2,NETBANKING,HDFC,CARD_EXPIRED,8,RETRY_LATER,1
0.34615384615384615,0.7647058823529411,4199.28,CARD,HDFC,BANK_TIMEOUT,19,RETRY_LATER,1
0.8392857142857143,0.0,3335.27,NETBANKING,SBI,CARD_EXPIRED,9,RETRY_LATER,0
0.391304347826087,0.9285714285714286,8425.41,UPI,HDFC,BANK_TIMEOUT,13,NO_ACTION,0
0.8208955223880597,0.5833333333333334,7090.3,CARD,HDFC,AUTHENTICATION_FAILED,7,RETRY_LATER,0
0.9841269841269841,1.0,8190.6,NETBANKING,ICICI,AUTHENTICATION_FAILED,0,SEND_REMINDER,0
0.88,0.0,8749.66,WALLET,YESBANK,INSUFFICIENT_FUNDS,5,NO_ACTION,0
0.8431372549019608,0.0,8018.21,UPI,AXIS,LIMIT_EXCEEDED,22,RETRY_LATER,0
0.45454545454545453,0.8333333333333334,9039.51,CARD,HDFC,LIMIT_EXCEEDED,11,RETRY_LATER,0
0.5945945945945946,0.9333333333333333,1672.3,NETBANKING,SBI,BANK_TIMEOUT,16,RETRY_LATER,1
0.8981481481481481,0.5454545454545454,5463.24,CARD,AXIS,AUTHENTICATION_FAILED,4,SEND_REMINDER,1
0.8125,0.4166666666666667,6733.82,UPI,HDFC,LIMIT_EXCEEDED,15,RETRY_LATER,1
0.8785046728971962,0.15384615384615385,8660.01,WALLET,HDFC,CARD_EXPIRED,22,RETRY_NOW,0
0.8288288288288288,0.8421052631578947,2598.53,CARD,KOTAK,CARD_EXPIRED,4,SEND_REMINDER,0
0.8734177215189873,0.4,8841.14,UPI,HDFC,AUTHENTICATION_FAILED,2,RETRY_LATER,1
0.7049180327868853,0.5555555555555556,1790.04,WALLET,HDFC,INSUFFICIENT_FUNDS,20,RETRY_LATER,1
0.723404255319149,0.3076923076923077,6054.72,NETBANKING,SBI,CARD_EXPIRED,0,RETRY_NOW,1
0.7721518987341772,0.3333333333333333,8593.71,WALLET,ICICI,CARD_EXPIRED,6,SEND_REMINDER,0
0.696969696969697,0.6,495.32,NETBANKING,HDFC,NETWORK_ERROR,21,RETRY_LATER,0
0.90625,0.0,8232.83,WALLET,ICICI,LIMIT_EXCEEDED,21,RETRY_NOW,0
0.8152173913043478,0.8823529411764706,1963.41,WALLET,SBI,LIMIT_EXCEEDED,21,SEND_REMINDER,0
0.88,0.6666666666666666,6701.05,UPI,KOTAK,CARD_EXPIRED,6,NO_ACTION,0
0.7966101694915254,0.5833333333333334,5604.75,CARD,SBI,BANK_TIMEOUT,22,RETRY_NOW,1
0.8541666666666666,0.42857142857142855,2151.9,UPI,HDFC,BANK_TIMEOUT,4,NO_ACTION,0
0.8620689655172413,0.75,1921.71,CARD,ICICI,NETWORK_ERROR,4,NO_ACTION,0
0.9615384615384616,0.5,2164.72,WALLET,AXIS,NETWORK_ERROR,5,RETRY_NOW,0
0.7692307692307693,1.0,2716.32,NETBANKING,SBI,AUTHENTICATION_FAILED,6,SEND_REMINDER,1
0.8028169014084507,0.5,4404.78,UPI,HDFC,BANK_TIMEOUT,1,NO_ACTION,0
0.5833333333333334,0.2,7905.89,UPI,AXIS,NETWORK_ERROR,8,NO_ACTION,0
0.8076923076923077,0.8,8630.03,WALLET,YESBANK,BANK_TIMEOUT,12,RETRY_NOW,0
0.8235294117647058,1.0,689.39,UPI,AXIS,CARD_EXPIRED,11,SEND_REMINDER,1
0.25925925925925924,0.8,8519.41,NETBANKING,YESBANK,BANK_TIMEOUT,3,NO_ACTION,0
0.88,0.6666666666666666,5923.95,UPI,YESBANK,LIMIT_EXCEEDED,19,RETRY_NOW,1
0.75,0.16666666666666666,749.6,NETBANKING,KOTAK,NETWORK_ERROR,23,RETRY_LATER,1
0.4666666666666667,0.125,6174.83,NETBANKING,YESBANK,BANK_TIMEOUT,11,RETRY_NOW,0
0.8765432098765432,0.5,841.34,NETBANKING,AXIS,LIMIT_EXCEEDED,20,RETRY_NOW,0
0.6976744186046512,0.07692307692307693,6781.31,WALLET,AXIS,AUTHENTICATION_FAILED,11,SEND_REMINDER,1
0.75,1.0,3839.86,CARD,KOTAK,LIMIT_EXCEEDED,6,NO_ACTION,0
0.9230769230769231,0.5,7343.07,NETBANKING,AXIS,CARD_EXPIRED,5,RETRY_LATER,0
0.9245283018867925,0.75,8884.1,CARD,KOTAK,LIMIT_EXCEEDED,15,SEND_REMINDER,1
0.6052631578947368,0.4,5463.42,CARD,KOTAK,AUTHENTICATION_FAILED,5,SEND_REMINDER,0
0.40625,0.21052631578947367,2719.38,UPI,AXIS,BANK_TIMEOUT,21,RETRY_LATER,1
0.875,0.8333333333333334,4005.7,CARD,YESBANK,AUTHENTICATION_FAILED,0,RETRY_NOW,0
0.7468354430379747,0.95,3354.69,UPI,ICICI,BANK_TIMEOUT,18,RETRY_LATER,1
0.8990825688073395,0.2727272727272727,3430.21,WALLET,YESBANK,NETWORK_ERROR,12,NO_ACTION,0
0.45454545454545453,0.9166666666666666,3605.48,WALLET,YESBANK,AUTHENTICATION_FAILED,12,NO_ACTION,0
0.8761904761904762,0.3076923076923077,7572.74,NETBANKING,AXIS,INSUFFICIENT_FUNDS,6,SEND_REMINDER,0
0.8307692307692308,0.5454545454545454,6263.47,NETBANKING,YESBANK,CARD_EXPIRED,1,SEND_REMINDER,0
0.9629629629629629,0.6666666666666666,8250.07,NETBANKING,SBI,BANK_TIMEOUT,20,SEND_REMINDER,1
0.8909090909090909,0.25,5391.02,WALLET,KOTAK,BANK_TIMEOUT,14,SEND_REMINDER,1
0.7741935483870968,0.35714285714285715,4222.24,NETBANKING,HDFC,INSUFFICIENT_FUNDS,18,RETRY_LATER,0
0.8947368421052632,0.625,8029.49,CARD,SBI,LIMIT_EXCEEDED,3,SEND_REMINDER,0
0.375,0.0,1133.75,CARD,YESBANK,NETWORK_ERROR,4,RETRY_LATER,0
0.8494623655913979,0.35714285714285715,1295.83,CARD,ICICI,INSUFFICIENT_FUNDS,14,RETRY_LATER,0
0.8850574712643678,0.2,8473.19,UPI,KOTAK,INSUFFICIENT_FUNDS,2,RETRY_NOW,0
0.7763157894736842,0.29411764705882354,2626.36,CARD,KOTAK,BANK_TIMEOUT,12,RETRY_NOW,0
0.5384615384615384,0.25,3790.83,WALLET,ICICI,AUTHENTICATION_FAILED,0,RETRY_LATER,0
0.8809523809523809,1.0,8458.02,WALLET,HDFC,AUTHENTICATION_FAILED,6,NO_ACTION,0
0.8571428571428571,0.0,7706.01,UPI,ICICI,LIMIT_EXCEEDED,23,NO_ACTION,0
0.4090909090909091,0.5384615384615384,1378.79,CARD,SBI,AUTHENTICATION_FAILED,13,RETRY_NOW,1
0.9866666666666667,0.0,7871.66,NETBANKING,KOTAK,NETWORK_ERROR,10,NO_ACTION,0
0.8780487804878049,0.6,2337.43,UPI,KOTAK,INSUFFICIENT_FUNDS,8,RETRY_NOW,1
0.6851851851851852,0.7058823529411765,8373.74,NETBANKING,YESBANK,BANK_TIMEOUT,12,SEND_REMINDER,0
0.782608695652174,0.15,3647.72,UPI,AXIS,BANK_TIMEOUT,4,NO_ACTION,0
0.8235294117647058,1.0,1415.98,UPI,YESBANK,LIMIT_EXCEEDED,7,SEND_REMINDER,1
0.7586206896551724,0.5,1054.74,UPI,HDFC,LIMIT_EXCEEDED,17,RETRY_NOW,0
0.6363636363636364,1.0,5247.43,CARD,SBI,CARD_EXPIRED,23,SEND_REMINDER,1
0.5681818181818182,0.3157894736842105,7807.97,UPI,ICICI,NETWORK_ERROR,15,RETRY_NOW,1
0.7837837837837838,0.625,359.19,CARD,ICICI,CARD_EXPIRED,3,NO_ACTION,0
0.8434782608695652,0.5,4318.87,NETBANKING,HDFC,AUTHENTICATION_FAILED,16,SEND_REMINDER,1
0.5384615384615384,0.6666666666666666,2458.47,WALLET,ICICI,BANK_TIMEOUT,19,SEND_REMINDER,1
0.927710843373494,0.8333333333333334,1799.14,CARD,KOTAK,BANK_TIMEOUT,20,NO_ACTION,0
0.8392857142857143,0.0,4502.37,UPI,SBI,INSUFFICIENT_FUNDS,22,RETRY_NOW,0
0.8433734939759037,0.6923076923076923,4186.27,UPI,KOTAK,BANK_TIMEOUT,2,NO_ACTION,0
0.825,0.0,7776.33,CARD,HDFC,AUTHENTICATION_FAILED,12,NO_ACTION,0
0.8596491228070176,1.0,8329.81,UPI,HDFC,BANK_TIMEOUT,12,SEND_REMINDER,1
0.8409090909090909,1.0,1312.87,WALLET,ICICI,LIMIT_EXCEEDED,16,RETRY_NOW,0
0.8214285714285714,0.8,6754.72,UPI,ICICI,LIMIT_EXCEEDED,23,NO_ACTION,0
0.8902439024390244,1.0,1476.09,CARD,ICICI,LIMIT_EXCEEDED,0,NO_ACTION,0
0.9210526315789473,0.3333333333333333,1003.17,CARD,YESBANK,AUTHENTICATION_FAILED,22,RETRY_LATER,1
0.9607843137254902,0.5,490.57,NETBANKING,KOTAK,BANK_TIMEOUT,17,SEND_REMINDER,1
0.8902439024390244,1.0,1595.15,CARD,YESBANK,INSUFFICIENT_FUNDS,1,NO_ACTION,0
0.8235294117647058,0.0,666.28,UPI,KOTAK,LIMIT_EXCEEDED,10,RETRY_LATER,0
0.8285714285714286,0.5,903.19,CARD,KOTAK,CARD_EXPIRED,15,SEND_REMINDER,1
0.8804347826086957,0.0,4114.31,NETBANKING,ICICI,INSUFFICIENT_FUNDS,9,RETRY_LATER,0
0.3333333333333333,0.55,2789.44,CARD,YESBANK,CARD_EXPIRED,3,NO_ACTION,0
0.6938775510204082,0.8666666666666667,1868.22,WALLET,AXIS,LIMIT_EXCEEDED,13,NO_ACTION,0
0.8461538461538461,1.0,4371.98,WALLET,HDFC,INSUFFICIENT_FUNDS,22,RETRY_LATER,1
0.5833333333333334,0.2,2560.3,CARD,HDFC,NETWORK_ERROR,11,RETRY_NOW,0
0.7532467532467533,0.3684210526315789,6312.8,CARD,SBI,CARD_EXPIRED,16,RETRY_NOW,0
0.6851851851851852,0.7058823529411765,460.35,CARD,YESBANK,LIMIT_EXCEEDED,3,NO_ACTION,0
0.8558558558558559,0.1875,6807.25,WALLET,YESBANK,NETWORK_ERROR,18,RETRY_NOW,0
0.8762886597938144,0.25,7782.28,UPI,AXIS,LIMIT_EXCEEDED,19,NO_ACTION,0
0.8737864077669902,0.23076923076923078,6057.91,UPI,YESBANK,CARD_EXPIRED,19,SEND_REMINDER,1
0.6764705882352942,0.18181818181818182,7249.91,WALLET,KOTAK,LIMIT_EXCEEDED,5,SEND_REMINDER,0
0.875,0.7142857142857143,4017.34,NETBANKING,YESBANK,AUTHENTICATION_FAILED,8,RETRY_NOW,0
0.8170731707317073,1.0,1116.2,CARD,ICICI,CARD_EXPIRED,10,RETRY_NOW,0
0.7169811320754716,0.06666666666666667,5031.98,WALLET,YESBANK,INSUFFICIENT_FUNDS,21,RETRY_LATER,0
0.9325842696629213,0.0,209.78,CARD,ICICI,BANK_TIMEOUT,13,NO_ACTION,0
0.7931034482758621,0.8333333333333334,3604.38,UPI,KOTAK,AUTHENTICATION_FAILED,16,RETRY_LATER,0
0.8028169014084507,0.5,658.66,NETBANKING,SBI,CARD_EXPIRED,20,NO_ACTION,0
0.3,0.5714285714285714,866.17,UPI,HDFC,INSUFFICIENT_FUNDS,22,SEND_REMINDER,1
0.8909090909090909,0.25,5687.09,WALLET,YESBANK,CARD_EXPIRED,5,RETRY_LATER,0
0.8165137614678899,0.55,3498.18,CARD,AXIS,CARD_EXPIRED,1,RETRY_NOW,1
0.8303571428571429,0.3684210526315789,3376.38,WALLET,YESBANK,NETWORK_ERROR,0,RETRY_LATER,1
0.9325842696629213,1.0,1251.01,NETBANKING,HDFC,LIMIT_EXCEEDED,12,NO_ACTION,0
0.8571428571428571,0.2,8582.36,WALLET,KOTAK,CARD_EXPIRED,16,NO_ACTION,0
0.8867924528301887,0.8333333333333334,6734.83,WALLET,AXIS,LIMIT_EXCEEDED,15,RETRY_NOW,0
0.96875,0.3333333333333333,8356.53,CARD,SBI,LIMIT_EXCEEDED,21,NO_ACTION,0
0.7931034482758621,0.8333333333333334,5928.71,CARD,AXIS,LIMIT_EXCEEDED,19,SEND_REMINDER,1
0.375,0.0,8404.4,WALLET,ICICI,NETWORK_ERROR,14,NO_ACTION,0
0.7183098591549296,1.0,689.14,CARD,AXIS,NETWORK_ERROR,21,RETRY_NOW,1
0.8613861386138614,0.5,8984.42,CARD,ICICI,NETWORK_ERROR,18,RETRY_LATER,0
0.7333333333333333,1.0,1847.31,CARD,YESBANK,AUTHENTICATION_FAILED,19,SEND_REMINDER,1
0.8615384615384616,0.8888888888888888,3268.69,WALLET,ICICI,CARD_EXPIRED,16,SEND_REMINDER,1
0.5238095238095238,0.7,9528.07,UPI,SBI,NETWORK_ERROR,12,RETRY_LATER,1
0.8736842105263158,0.8333333333333334,945.62,UPI,YESBANK,AUTHENTICATION_FAILED,7,SEND_REMINDER,1
0.9186046511627907,0.2857142857142857,8756.69,NETBANKING,KOTAK,LIMIT_EXCEEDED,3,NO_ACTION,0
0.9411764705882353,0.5,501.5,WALLET,SBI,NETWORK_ERROR,16,NO_ACTION,0
0.2631578947368421,0.9285714285714286,3791.2,NETBANKING,ICICI,BANK_TIMEOUT,2,NO_ACTION,0
0.5,0.6666666666666666,4525.38,CARD,HDFC,INSUFFICIENT_FUNDS,2,RETRY_NOW,0
0.7777777777777778,0.0,967.77,NETBANKING,SBI,LIMIT_EXCEEDED,15,RETRY_NOW,0
0.7,0.5,6376.97,CARD,KOTAK,AUTHENTICATION_FAILED,16,RETRY_LATER,0
0.9615384615384616,0.5,5593.8,UPI,KOTAK,INSUFFICIENT_FUNDS,19,RETRY_LATER,0
0.25925925925925924,0.1,1870.68,WALLET,HDFC,INSUFFICIENT_FUNDS,13,SEND_REMINDER,0
0.65,1.0,8406.25,WALLET,HDFC,CARD_EXPIRED,21,RETRY_LATER,1
0.8923076923076924,0.2857142857142857,9342.41,WALLET,KOTAK,INSUFFICIENT_FUNDS,18,SEND_REMINDER,1
0.7142857142857143,0.0,2296.58,WALLET,YESBANK,LIMIT_EXCEEDED,13,RETRY_LATER,1
0.5333333333333333,0.2857142857142857,2342.2,NETBANKING,SBI,BANK_TIMEOUT,12,NO_ACTION,0
0.9204545454545454,0.14285714285714285,9523.29,WALLET,HDFC,CARD_EXPIRED,9,NO_ACTION,0
0.8148148148148148,0.06666666666666667,8685.93,NETBANKING,SBI,NETWORK_ERROR,17,NO_ACTION,0
0.5151515151515151,0.5625,1835.48,NETBANKING,SBI,NETWORK_ERROR,11,SEND_REMINDER,0
0.6590909090909091,0.3333333333333333,348.44,UPI,ICICI,INSUFFICIENT_FUNDS,9,SEND_REMINDER,1
0.9090909090909091,0.5,9439.07,WALLET,KOTAK,CARD_EXPIRED,15,RETRY_LATER,0
0.8902439024390244,1.0,1595.15,CARD,YESBANK,INSUFFICIENT_FUNDS,1,SEND_REMINDER,1
0.8282828282828283,0.23529411764705882,5305.85,WALLET,ICICI,CARD_EXPIRED,15,SEND_REMINDER,0
0.9636363636363636,0.5,9247.62,WALLET,YESBANK,INSUFFICIENT_FUNDS,12,NO_ACTION,0
0.8490566037735849,0.9375,1839.89,NETBANKING,YESBANK,INSUFFICIENT_FUNDS,6,NO_ACTION,0
0.978021978021978,0.0,9759.65,NETBANKING,ICICI,AUTHENTICATION_FAILED,18,RETRY_NOW,0
0.9896907216494846,1.0,6149.37,CARD,KOTAK,NETWORK_ERROR,1,SEND_REMINDER,0
0.7272727272727273,0.4166666666666667,7828.05,NETBANKING,AXIS,LIMIT_EXCEEDED,11,RETRY_LATER,0
0.8301886792452831,0.3333333333333333,1731.71,UPI,ICICI,NETWORK_ERROR,5,RETRY_NOW,0
0.5,0.6666666666666666,7574.35,CARD,AXIS,AUTHENTICATION_FAILED,19,SEND_REMINDER,0
0.9253731343283582,0.6,1431.93,UPI,SBI,INSUFFICIENT_FUNDS,8,RETRY_NOW,0
0.9204545454545454,0.14285714285714285,6453.43,WALLET,SBI,INSUFFICIENT_FUNDS,7,RETRY_NOW,1
0.8923076923076924,0.2857142857142857,2163.63,CARD,SBI,BANK_TIMEOUT,22,RETRY_NOW,1
0.822429906542056,0.47368421052631576,8100.23,UPI,AXIS,NETWORK_ERROR,20,RETRY_LATER,1
0.2962962962962963,0.15789473684210525,9925.02,UPI,YESBANK,CARD_EXPIRED,6,NO_ACTION,0
0.7407407407407407,0.35714285714285715,6963.87,NETBANKING,ICICI,NETWORK_ERROR,23,RETRY_LATER,1
0.65,1.0,6704.19,WALLET,YESBANK,NETWORK_ERROR,9,SEND_REMINDER,0
0.8617021276595744,0.3076923076923077,8162.12,UPI,AXIS,AUTHENTICATION_FAILED,13,NO_ACTION,0
0.7037037037037037,0.5625,4122.14,UPI,YESBANK,CARD_EXPIRED,15,RETRY_NOW,0
0.7704918032786885,0.7142857142857143,6576.15,CARD,HDFC,AUTHENTICATION_FAILED,7,SEND_REMINDER,0
0.7397260273972602,1.0,798.47,CARD,SBI,LIMIT_EXCEEDED,8,SEND_REMINDER,1
0.703125,0.0,9072.12,WALLET,YESBANK,BANK_TIMEOUT,10,SEND_REMINDER,1
0.7115384615384616,0.8,7933.85,NETBANKING,AXIS,CARD_EXPIRED,5,RETRY_NOW,0
0.8333333333333334,1.0,7692.53,UPI,SBI,CARD_EXPIRED,22,SEND_REMINDER,1
1.0,0.0,4885.9,CARD,KOTAK,NETWORK_ERROR,13,RETRY_LATER,0
0.8,1.0,3250.91,NETBANKING,KOTAK,NETWORK_ERROR,19,SEND_REMINDER,0
0.9545454545454546,1.0,6433.24,UPI,SBI,AUTHENTICATION_FAILED,23,SEND_REMINDER,0
0.7692307692307693,0.3333333333333333,4759.99,CARD,HDFC,AUTHENTICATION_FAILED,8,SEND_REMINDER,1
0.8648648648648649,0.3333333333333333,1730.49,NETBANKING,SBI,LIMIT_EXCEEDED,4,RETRY_LATER,1
0.96,1.0,101.44,UPI,KOTAK,LIMIT_EXCEEDED,3,RETRY_NOW,1
1.0,0.0,2467.44,WALLET,AXIS,LIMIT_EXCEEDED,9,NO_ACTION,0
0.7681159420289855,0.4375,3213.33,NETBANKING,KOTAK,CARD_EXPIRED,12,NO_ACTION,0
0.7402597402597403,0.35,8660.89,CARD,ICICI,AUTHENTICATION_FAILED,18,RETRY_NOW,0
0.8076923076923077,0.8,8872.88,NETBANKING,KOTAK,LIMIT_EXCEEDED,7,RETRY_LATER,1
0.8777777777777778,0.6363636363636364,1844.7,UPI,ICICI,BANK_TIMEOUT,6,SEND_REMINDER,1
0.65,1.0,5460.83,UPI,AXIS,CARD_EXPIRED,9,RETRY_LATER,1
0.375,0.0,1443.26,WALLET,KOTAK,CARD_EXPIRED,17,RETRY_NOW,0
0.9333333333333333,0.4,3784.24,CARD,SBI,AUTHENTICATION_FAILED,5,RETRY_NOW,1
0.875,0.8333333333333334,861.25,WALLET,ICICI,LIMIT_EXCEEDED,17,NO_ACTION,0
0.7142857142857143,0.25,1952.22,UPI,YESBANK,BANK_TIMEOUT,13,NO_ACTION,0
0.9310344827586207,0.3333333333333333,3414.95,UPI,AXIS,CARD_EXPIRED,20,RETRY_LATER,1
0.8,1.0,7269.38,CARD,SBI,AUTHENTICATION_FAILED,16,SEND_REMINDER,0
0.8787878787878788,0.25,1358.81,WALLET,AXIS,NETWORK_ERROR,4,RETRY_NOW,0
0.8676470588235294,0.8888888888888888,8360.31,NETBANKING,AXIS,INSUFFICIENT_FUNDS,16,RETRY_NOW,0
0.8653846153846154,0.0,685.35,UPI,KOTAK,CARD_EXPIRED,2,SEND_REMINDER,1
0.7857142857142857,0.9166666666666666,5871.8,WALLET,HDFC,BANK_TIMEOUT,21,RETRY_NOW,1
0.9247311827956989,0.14285714285714285,2409.03,NETBANKING,AXIS,LIMIT_EXCEEDED,1,RETRY_LATER,1
0.45454545454545453,0.8333333333333334,7502.93,NETBANKING,ICICI,NETWORK_ERROR,19,NO_ACTION,0
0.9333333333333333,0.0,9605.07,NETBANKING,YESBANK,NETWORK_ERROR,13,SEND_REMINDER,0
0.8613861386138614,0.5,2911.05,UPI,AXIS,AUTHENTICATION_FAILED,17,SEND_REMINDER,0
0.9866666666666667,0.0,2605.63,CARD,SBI,CARD_EXPIRED,6,RETRY_LATER,1
0.782608695652174,0.15,6987.16,NETBANKING,ICICI,CARD_EXPIRED,13,RETRY_LATER,0
0.9230769230769231,1.0,983.36,CARD,ICICI,AUTHENTICATION_FAILED,11,RETRY_NOW,1
0.8133333333333334,0.9285714285714286,8523.11,NETBANKING,AXIS,AUTHENTICATION_FAILED,21,SEND_REMINDER,1
0.7532467532467533,0.3684210526315789,467.66,CARD,ICICI,CARD_EXPIRED,18,NO_ACTION,0
0.9615384615384616,0.5,1445.62,UPI,AXIS,NETWORK_ERROR,4,RETRY_LATER,1
0.7021276595744681,0.0,2254.19,CARD,YESBANK,BANK_TIMEOUT,1,RETRY_NOW,1
0.7746478873239436,0.5625,578.95,CARD,SBI,INSUFFICIENT_FUNDS,12,RETRY_LATER,0
0.3,0.8571428571428571,8028.71,WALLET,KOTAK,INSUFFICIENT_FUNDS,9,NO_ACTION,0
0.75,0.6428571428571429,3157.81,NETBANKING,SBI,CARD_EXPIRED,5,SEND_REMINDER,1
1.0,0.0,352.65,NETBANKING,YESBANK,LIMIT_EXCEEDED,6,NO_ACTION,0
0.9636363636363636,0.0,3185.2,UPI,YESBANK,BANK_TIMEOUT,8,RETRY_LATER,0
0.45454545454545453,0.9166666666666666,287.98,WALLET,AXIS,LIMIT_EXCEEDED,15,RETRY_NOW,0
0.5294117647058824,0.75,9557.59,NETBANKING,SBI,AUTHENTICATION_FAILED,19,NO_ACTION,0
0.7402597402597403,0.95,2001.52,NETBANKING,KOTAK,INSUFFICIENT_FUNDS,20,NO_ACTION,0
0.9333333333333333,0.4,3784.24,CARD,SBI,AUTHENTICATION_FAILED,5,RETRY_LATER,0
0.782608695652174,0.4666666666666667,4545.87,UPI,SBI,NETWORK_ERROR,22,NO_ACTION,0
0.9534883720930233,0.5,6732.53,CARD,AXIS,CARD_EXPIRED,11,RETRY_LATER,1
0.7115384615384616,0.8,2156.51,NETBANKING,AXIS,LIMIT_EXCEEDED,8,NO_ACTION,0
0.782608695652174,0.4666666666666667,3828.56,UPI,YESBANK,AUTHENTICATION_FAILED,18,RETRY_NOW,1
0.8130841121495327,0.4,5456.43,UPI,KOTAK,CARD_EXPIRED,18,RETRY_LATER,0
0.8787878787878788,0.25,1358.81,WALLET,AXIS,NETWORK_ERROR,4,NO_ACTION,0
0.7741935483870968,0.35714285714285715,4222.24,NETBANKING,HDFC,INSUFFICIENT_FUNDS,18,SEND_REMINDER,1
0.881578947368421,1.0,8613.92,NETBANKING,AXIS,BANK_TIMEOUT,19,RETRY_NOW,1
0.7654320987654321,0.7368421052631579,725.66,CARD,SBI,LIMIT_EXCEEDED,7,RETRY_NOW,0
0.8288288288288288,0.0,6099.65,NETBANKING,KOTAK,BANK_TIMEOUT,4,SEND_REMINDER,1
0.8247422680412371,1.0,4891.05,WALLET,ICICI,CARD_EXPIRED,23,NO_ACTION,0
0.7857142857142857,0.9166666666666666,6237.94,NETBANKING,HDFC,BANK_TIMEOUT,16,RETRY_NOW,0
0.8222222222222222,0.0,8232.96,UPI,AXIS,CARD_EXPIRED,4,NO_ACTION,0
0.2916666666666667,0.0,3010.78,WALLET,AXIS,BANK_TIMEOUT,2,NO_ACTION,0
0.8095238095238095,0.25,8986.92,NETBANKING,KOTAK,AUTHENTICATION_FAILED,16,RETRY_LATER,0
0.9428571428571428,1.0,1133.99,CARD,SBI,AUTHENTICATION_FAILED,0,RETRY_NOW,0
0.65,0.7857142857142857,8525.74,NETBANKING,KOTAK,NETWORK_ERROR,5,SEND_REMINDER,1
0.6326530612244898,0.6666666666666666,2531.51,UPI,HDFC,BANK_TIMEOUT,19,RETRY_LATER,1
0.972972972972973,0.0,7120.65,NETBANKING,YESBANK,CARD_EXPIRED,12,SEND_REMINDER,1
0.8809523809523809,1.0,3875.02,WALLET,HDFC,CARD_EXPIRED,19,RETRY_NOW,1
1.0,0.0,7152.36,WALLET,ICICI,AUTHENTICATION_FAILED,8,SEND_REMINDER,0
0.875,0.7142857142857143,3602.52,WALLET,SBI,LIMIT_EXCEEDED,13,SEND_REMINDER,0
0.7564102564102564,0.3157894736842105,5431.54,UPI,KOTAK,CARD_EXPIRED,16,SEND_REMINDER,1
0.8061224489795918,0.7368421052631579,3818.54,UPI,ICICI,NETWORK_ERROR,1,SEND_REMINDER,1
0.99,1.0,1193.8,NETBANKING,SBI,AUTHENTICATION_FAILED,14,SEND_REMINDER,1
0.875,0.8,4811.33,NETBANKING,KOTAK,CARD_EXPIRED,0,RETRY_LATER,0
0.92,0.0,9104.05,CARD,KOTAK,AUTHENTICATION_FAILED,1,NO_ACTION,0
0.9607843137254902,0.5,2725.13,NETBANKING,AXIS,LIMIT_EXCEEDED,9,RETRY_LATER,0
0.9384615384615385,0.25,1218.22,WALLET,SBI,LIMIT_EXCEEDED,2,RETRY_LATER,0
0.8888888888888888,0.2857142857142857,9207.86,CARD,ICICI,INSUFFICIENT_FUNDS,19,SEND_REMINDER,1
0.8672566371681416,0.6,469.12,CARD,KOTAK,AUTHENTICATION_FAILED,23,SEND_REMINDER,1
0.8130841121495327,0.4,9704.2,NETBANKING,KOTAK,BANK_TIMEOUT,14,RETRY_LATER,0
0.898989898989899,0.1,8351.1,NETBANKING,HDFC,BANK_TIMEOUT,18,SEND_REMINDER,1
0.8555555555555555,1.0,8008.17,UPI,AXIS,NETWORK_ERROR,20,SEND_REMINDER,0
0.9166666666666666,0.0,8233.1,UPI,YESBANK,NETWORK_ERROR,3,SEND_REMINDER,0
0.8433734939759037,0.6923076923076923,3725.35,UPI,KOTAK,LIMIT_EXCEEDED,0,SEND_REMINDER,0
0.8095238095238095,1.0,1810.99,UPI,KOTAK,NETWORK_ERROR,19,NO_ACTION,0
0.8653846153846154,0.0,359.41,CARD,KOTAK,LIMIT_EXCEEDED,9,NO_ACTION,0
0.375,0.0,1443.26,WALLET,KOTAK,CARD_EXPIRED,17,NO_ACTION,0
0.9390243902439024,1.0,4998.3,NETBANKING,YESBANK,NETWORK_ERROR,14,RETRY_LATER,1
0.9183673469387755,0.75,8172.73,UPI,HDFC,NETWORK_ERROR,21,SEND_REMINDER,0
0.9615384615384616,0.5,1445.62,UPI,AXIS,NETWORK_ERROR,4,NO_ACTION,0
0.717391304347826,0.07692307692307693,2292.79,NETBANKING,YESBANK,CARD_EXPIRED,14,RETRY_NOW,0
0.5,0.09090909090909091,6151.92,NETBANKING,HDFC,CARD_EXPIRED,17,RETRY_LATER,0
0.8936170212765957,0.0,7337.67,WALLET,SBI,LIMIT_EXCEEDED,4,NO_ACTION,0
1.0,0.0,5096.98,NETBANKING,KOTAK,INSUFFICIENT_FUNDS,13,RETRY_LATER,0
0.96875,0.3333333333333333,3480.16,CARD,KOTAK,CARD_EXPIRED,23,RETRY_LATER,1
0.6428571428571429,0.55,2788.52,WALLET,HDFC,BANK_TIMEOUT,21,RETRY_NOW,0
0.8924731182795699,0.4,3193.84,NETBANKING,AXIS,LIMIT_EXCEEDED,19,RETRY_NOW,0
0.6216216216216216,1.0,7475.36,UPI,HDFC,NETWORK_ERROR,16,NO_ACTION,0
0.96875,0.3333333333333333,8551.79,WALLET,HDFC,BANK_TIMEOUT,20,NO_ACTION,0
0.7027027027027027,0.5454545454545454,177.19,WALLET,KOTAK,LIMIT_EXCEEDED,17,SEND_REMINDER,0
0.5384615384615384,0.2777777777777778,698.51,CARD,ICICI,CARD_EXPIRED,22,RETRY_NOW,0
0.9811320754716981,1.0,7730.1,WALLET,SBI,BANK_TIMEOUT,3,SEND_REMINDER,0
0.6808510638297872,0.8666666666666667,8320.49,UPI,SBI,INSUFFICIENT_FUNDS,8,RETRY_NOW,0
0.7681159420289855,0.4375,6786.59,WALLET,ICICI,INSUFFICIENT_FUNDS,5,NO_ACTION,0
0.6363636363636364,0.25,4652.72,CARD,HDFC,NETWORK_ERROR,7,RETRY_LATER,1
0.8205128205128205,0.42857142857142855,9173.06,CARD,SBI,LIMIT_EXCEEDED,16,RETRY_LATER,1
0.9310344827586207,0.8333333333333334,4257.18,UPI,SBI,AUTHENTICATION_FAILED,1,SEND_REMINDER,1
0.9029126213592233,0.9,9276.11,NETBANKING,YESBANK,CARD_EXPIRED,1,SEND_REMINDER,0
0.8333333333333334,0.5,6129.49,UPI,YESBANK,NETWORK_ERROR,8,RETRY_NOW,0
0.7857142857142857,0.3333333333333333,9019.86,UPI,HDFC,INSUFFICIENT_FUNDS,2,RETRY_NOW,0
0.8829787234042553,0.18181818181818182,5091.37,WALLET,YESBANK,AUTHENTICATION_FAILED,2,SEND_REMINDER,0
0.8888888888888888,0.875,9653.15,WALLET,SBI,INSUFFICIENT_FUNDS,16,RETRY_NOW,0
0.8333333333333334,0.5,6129.49,UPI,YESBANK,NETWORK_ERROR,8,SEND_REMINDER,0
0.9333333333333333,0.0,7837.08,UPI,KOTAK,BANK_TIMEOUT,5,SEND_REMINDER,1
0.9473684210526315,0.0,9407.76,CARD,YESBANK,CARD_EXPIRED,14,RETRY_LATER,0
0.8947368421052632,0.625,8029.49,CARD,SBI,LIMIT_EXCEEDED,3,NO_ACTION,0
0.6538461538461539,0.7777777777777778,5252.69,CARD,HDFC,CARD_EXPIRED,7,NO_ACTION,0
0.967741935483871,1.0,1977.5,CARD,YESBANK,INSUFFICIENT_FUNDS,5,SEND_REMINDER,1
0.8064516129032258,0.6666666666666666,626.57,UPI,SBI,CARD_EXPIRED,19,RETRY_NOW,1
0.8070175438596491,0.36363636363636365,2273.49,NETBANKING,AXIS,CARD_EXPIRED,23,RETRY_NOW,0
0.9204545454545454,0.14285714285714285,2962.92,WALLET,SBI,NETWORK_ERROR,18,RETRY_LATER,1
0.6326530612244898,0.8333333333333334,9788.6,UPI,AXIS,AUTHENTICATION_FAILED,10,RETRY_NOW,1
0.8513513513513513,0.0,176.77,UPI,ICICI,INSUFFICIENT_FUNDS,13,SEND_REMINDER,1
0.9888888888888889,1.0,4780.25,NETBANKING,HDFC,LIMIT_EXCEEDED,22,RETRY_LATER,1
0.8867924528301887,0.8333333333333334,3484.12,WALLET,SBI,AUTHENTICATION_FAILED,9,RETRY_NOW,1
0.8631578947368421,0.9230769230769231,6179.52,NETBANKING,HDFC,LIMIT_EXCEEDED,22,NO_ACTION,0
0.625,0.0,8098.13,CARD,HDFC,INSUFFICIENT_FUNDS,16,NO_ACTION,0
0.7424242424242424,0.35294117647058826,4386.88,UPI,YESBANK,NETWORK_ERROR,19,RETRY_NOW,0
1.0,0.0,5409.82,NETBANKING,YESBANK,AUTHENTICATION_FAILED,23,SEND_REMINDER,0
0.4594594594594595,0.65,6441.02,CARD,HDFC,CARD_EXPIRED,2,RETRY_LATER,1
1.0,0.0,6778.92,CARD,YESBANK,INSUFFICIENT_FUNDS,3,RETRY_LATER,0
0.8243243243243243,0.9230769230769231,3692.84,CARD,YESBANK,CARD_EXPIRED,19,SEND_REMINDER,1
0.9195402298850575,0.2857142857142857,928.16,CARD,AXIS,INSUFFICIENT_FUNDS,12,SEND_REMINDER,1
0.9333333333333333,0.5,7915.12,WALLET,ICICI,INSUFFICIENT_FUNDS,13,SEND_REMINDER,1
0.5555555555555556,0.4,617.05,UPI,HDFC,CARD_EXPIRED,13,RETRY_NOW,0
0.9333333333333333,0.5,7171.62,WALLET,ICICI,LIMIT_EXCEEDED,9,SEND_REMINDER,1
1.0,0.0,2641.86,CARD,ICICI,CARD_EXPIRED,2,NO_ACTION,0
0.3,0.8571428571428571,9449.51,CARD,HDFC,CARD_EXPIRED,14,RETRY_LATER,1
0.8103448275862069,0.7272727272727273,1399.65,CARD,KOTAK,LIMIT_EXCEEDED,7,NO_ACTION,0
0.8571428571428571,0.2,8582.36,WALLET,KOTAK,CARD_EXPIRED,16,SEND_REMINDER,1
0.8785046728971962,0.15384615384615385,3939.73,NETBANKING,HDFC,AUTHENTICATION_FAILED,21,NO_ACTION,0
0.8955223880597015,0.0,5673.8,UPI,HDFC,NETWORK_ERROR,12,RETRY_LATER,1
0.82,1.0,3413.25,WALLET,ICICI,INSUFFICIENT_FUNDS,9,RETRY_NOW,0
0.92,0.16666666666666666,3617.27,CARD,ICICI,NETWORK_ERROR,1,SEND_REMINDER,0
0.5833333333333334,0.5333333333333333,1683.91,CARD,YESBANK,AUTHENTICATION_FAILED,21,RETRY_LATER,0
0.7285714285714285,1.0,6610.35,CARD,AXIS,BANK_TIMEOUT,3,NO_ACTION,0
0.5714285714285714,1.0,5125.41,CARD,KOTAK,AUTHENTICATION_FAILED,13,SEND_REMINDER,1
0.8620689655172413,0.0625,9404.85,CARD,YESBANK,NETWORK_ERROR,8,SEND_REMINDER,1
0.9830508474576272,1.0,5714.74,NETBANKING,ICICI,CARD_EXPIRED,11,RETRY_NOW,1
0.9833333333333333,1.0,4276.42,WALLET,KOTAK,LIMIT_EXCEEDED,14,NO_ACTION,0
0.8484848484848485,0.8,7728.17,WALLET,AXIS,BANK_TIMEOUT,6,RETRY_NOW,1
0.8235294117647058,1.0,8408.54,NETBANKING,AXIS,NETWORK_ERROR,2,NO_ACTION,0
0.7590361445783133,0.1,5097.8,WALLET,SBI,INSUFFICIENT_FUNDS,5,RETRY_LATER,0
0.45454545454545453,0.8333333333333334,9039.51,CARD,HDFC,LIMIT_EXCEEDED,11,SEND_REMINDER,0
0.9873417721518988,0.0,6169.01,UPI,ICICI,INSUFFICIENT_FUNDS,21,RETRY_NOW,0
0.8282828282828283,0.23529411764705882,1602.04,NETBANKING,HDFC,LIMIT_EXCEEDED,18,RETRY_LATER,0
0.8947368421052632,0.6666666666666666,9183.07,NETBANKING,ICICI,LIMIT_EXCEEDED,13,RETRY_LATER,0
0.7530864197530864,0.6,4563.99,NETBANKING,YESBANK,BANK_TIMEOUT,13,NO_ACTION,0
0.9428571428571428,1.0,5319.61,CARD,AXIS,CARD_EXPIRED,3,NO_ACTION,0
0.8809523809523809,1.0,9120.85,UPI,ICICI,BANK_TIMEOUT,9,NO_ACTION,0
0.5384615384615384,0.6666666666666666,2458.47,WALLET,ICICI,BANK_TIMEOUT,19,RETRY_NOW,1
0.78125,0.2857142857142857,7151.97,WALLET,YESBANK,BANK_TIMEOUT,2,RETRY_NOW,1
0.979381443298969,0.5,5236.68,UPI,ICICI,CARD_EXPIRED,22,SEND_REMINDER,1
0.8876404494382022,0.8,5818.97,CARD,AXIS,NETWORK_ERROR,6,NO_ACTION,0
0.5,0.09090909090909091,7159.72,CARD,SBI,INSUFFICIENT_FUNDS,13,RETRY_NOW,0
1.0,0.0,6463.02,UPI,ICICI,LIMIT_EXCEEDED,21,NO_ACTION,0
0.25,0.3333333333333333,5661.19,CARD,HDFC,BANK_TIMEOUT,12,RETRY_NOW,0
0.8169014084507042,0.5384615384615384,7713.21,UPI,KOTAK,INSUFFICIENT_FUNDS,22,SEND_REMINDER,1
0.9523809523809523,0.2,2514.42,NETBANKING,SBI,INSUFFICIENT_FUNDS,1,RETRY_LATER,0
0.9375,0.0,3673.64,WALLET,ICICI,BANK_TIMEOUT,4,RETRY_NOW,0
0.6071428571428571,0.5454545454545454,7491.35,WALLET,ICICI,LIMIT_EXCEEDED,0,RETRY_NOW,0
0.71875,0.3333333333333333,5582.7,CARD,YESBANK,CARD_EXPIRED,16,RETRY_NOW,0
0.47058823529411764,0.7777777777777778,5943.65,CARD,KOTAK,INSUFFICIENT_FUNDS,19,RETRY_NOW,0
0.28,0.5,8751.68,UPI,YESBANK,INSUFFICIENT_FUNDS,18,RETRY_NOW,0
0.8172043010752689,0.23529411764705882,8113.87,UPI,KOTAK,NETWORK_ERROR,20,NO_ACTION,0
0.84,0.5,2362.54,NETBANKING,YESBANK,CARD_EXPIRED,6,NO_ACTION,0
0.5,0.6666666666666666,9504.17,WALLET,HDFC,LIMIT_EXCEEDED,19,NO_ACTION,0
0.8725490196078431,0.38461538461538464,5009.03,UPI,AXIS,BANK_TIMEOUT,0,RETRY_LATER,0
0.6764705882352942,0.2727272727272727,5894.2,CARD,AXIS,BANK_TIMEOUT,7,NO_ACTION,0
0.8222222222222222,0.0,4694.92,CARD,HDFC,CARD_EXPIRED,23,NO_ACTION,0
0.6724137931034483,0.10526315789473684,8783.8,UPI,AXIS,CARD_EXPIRED,14,NO_ACTION,0
0.7796610169491526,0.3076923076923077,6738.3,WALLET,YESBANK,INSUFFICIENT_FUNDS,5,SEND_REMINDER,1
0.7590361445783133,0.1,5097.8,WALLET,SBI,INSUFFICIENT_FUNDS,5,SEND_REMINDER,1
0.2916666666666667,0.0,3010.78,WALLET,AXIS,BANK_TIMEOUT,2,SEND_REMINDER,0
0.9090909090909091,0.5,6774.99,UPI,SBI,LIMIT_EXCEEDED,17,RETRY_NOW,0
0.25925925925925924,0.1,1239.76,NETBANKING,ICICI,INSUFFICIENT_FUNDS,20,RETRY_NOW,0
0.8148148148148148,0.2,3939.59,UPI,SBI,INSUFFICIENT_FUNDS,11,RETRY_NOW,0
0.8235294117647058,0.2777777777777778,5116.69,WALLET,YESBANK,AUTHENTICATION_FAILED,2,RETRY_LATER,0
0.23809523809523808,0.625,8356.67,NETBANKING,ICICI,AUTHENTICATION_FAILED,1,NO_ACTION,0
0.8902439024390244,1.0,5200.35,CARD,KOTAK,INSUFFICIENT_FUNDS,20,RETRY_LATER,1
0.2631578947368421,0.9285714285714286,6912.67,NETBANKING,ICICI,INSUFFICIENT_FUNDS,23,SEND_REMINDER,1
0.42857142857142855,0.125,6409.99,WALLET,SBI,CARD_EXPIRED,22,RETRY_LATER,0
0.8434782608695652,0.5,6972.45,CARD,AXIS,LIMIT_EXCEEDED,20,RETRY_NOW,0
0.9777777777777777,1.0,3160.49,WALLET,YESBANK,NETWORK_ERROR,5,RETRY_LATER,1
0.9090909090909091,0.5,7171.19,NETBANKING,KOTAK,NETWORK_ERROR,10,NO_ACTION,0
0.9090909090909091,0.5,8854.88,NETBANKING,SBI,CARD_EXPIRED,23,RETRY_LATER,0
0.8571428571428571,0.0,5867.36,WALLET,HDFC,NETWORK_ERROR,16,SEND_REMINDER,1
0.9345794392523364,0.2857142857142857,7048.3,CARD,YESBANK,BANK_TIMEOUT,18,RETRY_NOW,0
0.8769230769230769,0.125,7071.75,CARD,HDFC,CARD_EXPIRED,7,RETRY_NOW,0
0.890625,0.42857142857142855,6074.79,CARD,YESBANK,LIMIT_EXCEEDED,1,SEND_REMINDER,0
0.8130841121495327,0.4,5456.43,UPI,KOTAK,CARD_EXPIRED,18,SEND_REMINDER,0
0.625,0.0,2864.43,UPI,AXIS,CARD_EXPIRED,2,RETRY_LATER,0
0.6444444444444445,0.625,7448.35,UPI,AXIS,INSUFFICIENT_FUNDS,9,RETRY_NOW,1
0.32142857142857145,0.9473684210526315,1824.69,UPI,HDFC,AUTHENTICATION_FAILED,13,NO_ACTION,0
0.9607843137254902,0.5,155.62,NETBANKING,KOTAK,BANK_TIMEOUT,16,SEND_REMINDER,0
0.8979591836734694,0.3,5659.92,NETBANKING,YESBANK,NETWORK_ERROR,20,RETRY_LATER,1
0.8764044943820225,0.18181818181818182,8307.34,CARD,ICICI,NETWORK_ERROR,19,NO_ACTION,0
0.6326530612244898,0.8333333333333334,2938.02,CARD,SBI,INSUFFICIENT_FUNDS,13,RETRY_NOW,1
0.7741935483870968,0.35714285714285715,7600.43,UPI,AXIS,CARD_EXPIRED,11,SEND_REMINDER,1
0.9428571428571428,0.0,3073.14,UPI,AXIS,CARD_EXPIRED,18,NO_ACTION,0
0.9636363636363636,1.0,4194.91,CARD,KOTAK,CARD_EXPIRED,15,RETRY_NOW,0
0.8152173913043478,0.9411764705882353,1775.8,WALLET,YESBANK,CARD_EXPIRED,3,SEND_REMINDER,1
0.9886363636363636,1.0,4387.82,UPI,HDFC,NETWORK_ERROR,14,RETRY_LATER,1
0.9090909090909091,0.25,3631.68,UPI,HDFC,AUTHENTICATION_FAILED,0,SEND_REMINDER,0
0.855072463768116,0.5,4509.15,UPI,SBI,NETWORK_ERROR,23,RETRY_LATER,1
0.631578947368421,0.14285714285714285,9950.91,CARD,KOTAK,NETWORK_ERROR,0,RETRY_NOW,0
0.5333333333333333,0.2857142857142857,2342.2,NETBANKING,SBI,BANK_TIMEOUT,12,RETRY_LATER,1
0.9830508474576272,1.0,7775.15,UPI,SBI,BANK_TIMEOUT,22,SEND_REMINDER,1
0.9339622641509434,0.5714285714285714,8407.09,CARD,SBI,BANK_TIMEOUT,19,RETRY_LATER,0
0.47058823529411764,0.7777777777777778,8192.58,CARD,HDFC,AUTHENTICATION_FAILED,23,RETRY_LATER,0
0.8260869565217391,0.4,7767.39,WALLET,AXIS,LIMIT_EXCEEDED,17,RETRY_NOW,1
0.8928571428571429,0.6666666666666666,9190.49,CARD,KOTAK,INSUFFICIENT_FUNDS,20,RETRY_LATER,0
0.8823529411764706,1.0,3259.01,CARD,ICICI,INSUFFICIENT_FUNDS,16,NO_ACTION,0
0.65,1.0,6704.19,WALLET,YESBANK,NETWORK_ERROR,9,NO_ACTION,0
0.7671232876712328,0.5882352941176471,6670.16,CARD,HDFC,BANK_TIMEOUT,19,SEND_REMINDER,1
0.5714285714285714,1.0,5029.26,NETBANKING,AXIS,AUTHENTICATION_FAILED,11,RETRY_NOW,1
0.725,0.5454545454545454,168.35,UPI,AXIS,AUTHENTICATION_FAILED,14,SEND_REMINDER,0
0.9787234042553191,0.0,8299.17,NETBANKING,ICICI,NETWORK_ERROR,3,NO_ACTION,0
0.6764705882352942,0.18181818181818182,2044.29,UPI,YESBANK,AUTHENTICATION_FAILED,20,RETRY_NOW,1
0.8771929824561403,0.7857142857142857,7634.23,CARD,AXIS,LIMIT_EXCEEDED,13,RETRY_LATER,0
0.8152173913043478,0.9411764705882353,4492.07,CARD,HDFC,AUTHENTICATION_FAILED,13,NO_ACTION,0
0.7764705882352941,0.3684210526315789,5906.57,UPI,SBI,AUTHENTICATION_FAILED,4,SEND_REMINDER,0
0.8295454545454546,0.2,5185.13,WALLET,ICICI,NETWORK_ERROR,16,RETRY_LATER,1
0.4444444444444444,0.55,5680.65,WALLET,KOTAK,INSUFFICIENT_FUNDS,16,RETRY_NOW,0
0.896551724137931,0.3333333333333333,8576.79,WALLET,ICICI,AUTHENTICATION_FAILED,9,RETRY_NOW,1
0.8404255319148937,0.6,4332.9,UPI,SBI,INSUFFICIENT_FUNDS,18,RETRY_NOW,1
1.0,0.0,1849.51,CARD,SBI,INSUFFICIENT_FUNDS,7,SEND_REMINDER,0
0.5348837209302325,0.25,8703.31,CARD,AXIS,AUTHENTICATION_FAILED,14,SEND_REMINDER,1
0.8407079646017699,0.8888888888888888,5833.16,WALLET,HDFC,LIMIT_EXCEEDED,6,NO_ACTION,0
0.8415841584158416,0.6875,379.24,CARD,HDFC,NETWORK_ERROR,16,RETRY_LATER,1
0.8981481481481481,0.5454545454545454,8426.24,WALLET,ICICI,INSUFFICIENT_FUNDS,15,NO_ACTION,0
0.8585858585858586,1.0,8233.1,NETBANKING,AXIS,NETWORK_ERROR,10,SEND_REMINDER,1
0.8153846153846154,0.08333333333333333,1869.12,UPI,KOTAK,AUTHENTICATION_FAILED,15,RETRY_LATER,0
0.8947368421052632,1.0,142.78,UPI,AXIS,INSUFFICIENT_FUNDS,3,SEND_REMINDER,0
0.8936170212765957,0.1,5644.92,CARD,AXIS,AUTHENTICATION_FAILED,19,RETRY_LATER,1
0.84,0.25,6256.59,NETBANKING,AXIS,BANK_TIMEOUT,21,SEND_REMINDER,0
0.5,0.8333333333333334,8807.83,CARD,ICICI,CARD_EXPIRED,6,RETRY_NOW,0
0.717391304347826,0.07692307692307693,2292.79,NETBANKING,YESBANK,CARD_EXPIRED,14,SEND_REMINDER,1
0.8695652173913043,0.08333333333333333,1516.34,NETBANKING,KOTAK,NETWORK_ERROR,10,SEND_REMINDER,0
0.927710843373494,0.8333333333333334,5776.25,CARD,KOTAK,CARD_EXPIRED,18,SEND_REMINDER,1
0.75,0.29411764705882354,384.88,CARD,YESBANK,LIMIT_EXCEEDED,19,RETRY_LATER,0
0.8765432098765432,0.5,5748.08,UPI,KOTAK,NETWORK_ERROR,6,RETRY_NOW,1
0.7419354838709677,0.3125,9520.72,UPI,SBI,NETWORK_ERROR,1,NO_ACTION,0
0.5,0.6428571428571429,2581.03,CARD,KOTAK,CARD_EXPIRED,16,SEND_REMINDER,1
0.9615384615384616,1.0,2534.98,NETBANKING,AXIS,INSUFFICIENT_FUNDS,0,SEND_REMINDER,0
0.55,0.3333333333333333,4872.28,WALLET,YESBANK,LIMIT_EXCEEDED,17,SEND_REMINDER,0
0.8214285714285714,0.8,6217.66,NETBANKING,ICICI,NETWORK_ERROR,6,NO_ACTION,0
0.9473684210526315,0.0,6267.88,WALLET,AXIS,BANK_TIMEOUT,0,RETRY_NOW,0
0.8301886792452831,0.3333333333333333,7844.75,WALLET,KOTAK,NETWORK_ERROR,22,RETRY_LATER,0
0.7285714285714285,0.7894736842105263,9634.4,UPI,KOTAK,LIMIT_EXCEEDED,4,NO_ACTION,0
0.9078947368421053,1.0,1082.02,WALLET,AXIS,AUTHENTICATION_FAILED,8,RETRY_LATER,1
0.8653846153846154,0.0,7605.66,NETBANKING,KOTAK,LIMIT_EXCEEDED,20,SEND_REMINDER,1
0.6923076923076923,0.5,1779.7,WALLET,HDFC,CARD_EXPIRED,2,RETRY_NOW,0
0.8876404494382022,0.9,5211.8,WALLET,YESBANK,BANK_TIMEOUT,7,SEND_REMINDER,1
0.6363636363636364,0.25,6736.99,UPI,AXIS,INSUFFICIENT_FUNDS,12,NO_ACTION,0
0.8928571428571429,0.6666666666666666,2288.84,WALLET,AXIS,NETWORK_ERROR,18,RETRY_NOW,0
0.85,0.5555555555555556,3111.77,WALLET,YESBANK,LIMIT_EXCEEDED,10,RETRY_LATER,0
0.803921568627451,1.0,699.87,UPI,SBI,BANK_TIMEOUT,2,RETRY_NOW,1
0.9333333333333333,0.75,2238.23,WALLET,ICICI,NETWORK_ERROR,5,RETRY_LATER,0
0.9583333333333334,0.0,6237.54,WALLET,SBI,LIMIT_EXCEEDED,16,SEND_REMINDER,1
0.7272727272727273,0.4166666666666667,1190.54,WALLET,YESBANK,NETWORK_ERROR,4,SEND_REMINDER,1
0.8777777777777778,0.8181818181818182,1712.2,WALLET,AXIS,NETWORK_ERROR,0,NO_ACTION,0
0.845360824742268,0.3333333333333333,2673.6,CARD,KOTAK,CARD_EXPIRED,12,RETRY_NOW,0
0.8425925925925926,0.47058823529411764,9167.27,NETBANKING,YESBANK,LIMIT_EXCEEDED,9,SEND_REMINDER,0
1.0,0.0,8116.45,CARD,ICICI,CARD_EXPIRED,7,RETRY_NOW,0
0.7872340425531915,0.55,2156.53,UPI,AXIS,NETWORK_ERROR,17,RETRY_LATER,1
0.42857142857142855,0.125,9282.35,CARD,ICICI,NETWORK_ERROR,20,SEND_REMINDER,0
0.75,0.2857142857142857,3292.77,WALLET,ICICI,CARD_EXPIRED,15,RETRY_LATER,0
0.922077922077922,0.16666666666666666,1776.63,CARD,KOTAK,BANK_TIMEOUT,13,RETRY_NOW,0
0.7906976744186046,0.5555555555555556,4626.01,WALLET,ICICI,LIMIT_EXCEEDED,4,NO_ACTION,0
0.9811320754716981,1.0,2253.3,WALLET,ICICI,BANK_TIMEOUT,2,RETRY_NOW,1
0.47619047619047616,0.09090909090909091,4924.7,UPI,ICICI,CARD_EXPIRED,17,RETRY_LATER,0
0.8347826086956521,0.7368421052631579,4685.02,NETBANKING,SBI,NETWORK_ERROR,9,RETRY_NOW,1
0.8941176470588236,0.2222222222222222,4552.65,WALLET,YESBANK,BANK_TIMEOUT,16,SEND_REMINDER,0
0.8876404494382022,0.9,7378.9,CARD,ICICI,NETWORK_ERROR,20,RETRY_LATER,1
0.8769230769230769,0.125,5512.0,UPI,HDFC,INSUFFICIENT_FUNDS,15,SEND_REMINDER,0
0.8804347826086957,0.0,5591.69,NETBANKING,YESBANK,INSUFFICIENT_FUNDS,14,RETRY_LATER,0
0.972972972972973,0.0,1382.97,UPI,AXIS,INSUFFICIENT_FUNDS,10,SEND_REMINDER,0
0.8936170212765957,0.0,7337.67,WALLET,SBI,LIMIT_EXCEEDED,4,SEND_REMINDER,1
0.5714285714285714,1.0,3584.06,NETBANKING,ICICI,INSUFFICIENT_FUNDS,7,SEND_REMINDER,1
0.8736842105263158,0.8333333333333334,8839.22,NETBANKING,ICICI,BANK_TIMEOUT,6,NO_ACTION,0
0.7796610169491526,0.3076923076923077,3477.03,NETBANKING,HDFC,BANK_TIMEOUT,15,SEND_REMINDER,0
0.9382716049382716,0.8,1789.9,UPI,YESBANK,CARD_EXPIRED,5,RETRY_NOW,1
1.0,0.0,6801.97,CARD,HDFC,AUTHENTICATION_FAILED,10,SEND_REMINDER,0
0.6,0.7222222222222222,4471.17,UPI,HDFC,BANK_TIMEOUT,5,SEND_REMINDER,0
0.6410256410256411,0.14285714285714285,3288.98,NETBANKING,SBI,NETWORK_ERROR,21,NO_ACTION,0
0.41935483870967744,0.8333333333333334,9117.46,WALLET,AXIS,BANK_TIMEOUT,5,NO_ACTION,0
0.8095238095238095,1.0,1810.99,UPI,KOTAK,NETWORK_ERROR,19,RETRY_NOW,1
0.9885057471264368,1.0,7325.2,NETBANKING,SBI,BANK_TIMEOUT,12,RETRY_NOW,1
0.9508196721311475,0.0,3376.94,WALLET,KOTAK,BANK_TIMEOUT,21,RETRY_LATER,1
0.8586956521739131,0.0,8584.36,WALLET,AXIS,CARD_EXPIRED,15,RETRY_NOW,1
0.9333333333333333,0.16666666666666666,8011.76,NETBANKING,SBI,NETWORK_ERROR,21,RETRY_NOW,0
0.8387096774193549,0.7333333333333333,8803.27,CARD,HDFC,LIMIT_EXCEEDED,9,RETRY_LATER,1
0.8387096774193549,0.7333333333333333,7504.42,NETBANKING,AXIS,AUTHENTICATION_FAILED,21,SEND_REMINDER,1
0.8208955223880597,0.5,305.04,UPI,SBI,AUTHENTICATION_FAILED,10,RETRY_LATER,1
0.8444444444444444,0.14285714285714285,3054.37,CARD,AXIS,NETWORK_ERROR,21,NO_ACTION,0
0.8064516129032258,0.6666666666666666,8514.49,WALLET,SBI,CARD_EXPIRED,0,RETRY_LATER,0
0.9428571428571428,1.0,2643.99,CARD,AXIS,BANK_TIMEOUT,6,NO_ACTION,0
0.6875,1.0,6683.62,CARD,KOTAK,AUTHENTICATION_FAILED,13,RETRY_LATER,0
0.8902439024390244,1.0,5200.35,CARD,KOTAK,INSUFFICIENT_FUNDS,20,RETRY_NOW,0
0.822429906542056,0.47368421052631576,9577.63,NETBANKING,SBI,BANK_TIMEOUT,17,RETRY_NOW,1
0.8783783783783784,0.0,5916.01,CARD,SBI,INSUFFICIENT_FUNDS,23,RETRY_NOW,1
0.8208955223880597,0.5,4963.68,CARD,KOTAK,NETWORK_ERROR,14,RETRY_LATER,0
0.8539325842696629,0.23076923076923078,7582.57,WALLET,YESBANK,CARD_EXPIRED,13,RETRY_LATER,0
0.92,0.16666666666666666,7158.5,UPI,YESBANK,NETWORK_ERROR,8,RETRY_LATER,0
0.6724137931034483,0.6842105263157895,2157.36,NETBANKING,AXIS,LIMIT_EXCEEDED,16,RETRY_NOW,0
0.927710843373494,0.8333333333333334,9787.55,NETBANKING,ICICI,BANK_TIMEOUT,21,NO_ACTION,0
0.7142857142857143,0.0,8825.84,CARD,YESBANK,LIMIT_EXCEEDED,0,NO_ACTION,0
0.8235294117647058,0.2777777777777778,4550.48,NETBANKING,KOTAK,NETWORK_ERROR,5,RETRY_LATER,1
1.0,0.0,6367.14,UPI,SBI,INSUFFICIENT_FUNDS,12,NO_ACTION,0
0.9325842696629213,0.0,1053.98,NETBANKING,SBI,BANK_TIMEOUT,13,RETRY_NOW,1
0.8787878787878788,0.625,2512.14,UPI,KOTAK,AUTHENTICATION_FAILED,19,RETRY_NOW,1
0.47058823529411764,1.0,1432.86,WALLET,ICICI,NETWORK_ERROR,9,NO_ACTION,0
0.845360824742268,0.3333333333333333,7959.21,CARD,HDFC,BANK_TIMEOUT,22,RETRY_LATER,1
0.7285714285714285,0.7894736842105263,9634.4,UPI,KOTAK,LIMIT_EXCEEDED,4,SEND_REMINDER,0
0.8481012658227848,0.3333333333333333,2279.72,WALLET,SBI,INSUFFICIENT_FUNDS,10,RETRY_LATER,1
0.7272727272727273,0.4166666666666667,5955.67,UPI,KOTAK,LIMIT_EXCEEDED,4,RETRY_NOW,0
0.8627450980392157,1.0,328.49,WALLET,SBI,INSUFFICIENT_FUNDS,15,NO_ACTION,0
0.9787234042553191,0.5,386.89,WALLET,ICICI,INSUFFICIENT_FUNDS,3,SEND_REMINDER,1
0.9545454545454546,1.0,6433.24,UPI,SBI,AUTHENTICATION_FAILED,23,RETRY_NOW,0
0.9801980198019802,0.0,7795.37,UPI,HDFC,INSUFFICIENT_FUNDS,18,RETRY_NOW,0
0.9764705882352941,0.0,347.1,CARD,AXIS,INSUFFICIENT_FUNDS,4,RETRY_NOW,0
0.8148148148148148,0.2,4767.88,NETBANKING,YESBANK,LIMIT_EXCEEDED,17,NO_ACTION,0
0.5609756097560976,0.7777777777777778,213.8,CARD,SBI,INSUFFICIENT_FUNDS,19,SEND_REMINDER,1
0.8227848101265823,0.14285714285714285,5205.15,WALLET,YESBANK,AUTHENTICATION_FAILED,14,RETRY_NOW,0
0.7735849056603774,0.4166666666666667,7683.57,CARD,YESBANK,INSUFFICIENT_FUNDS,9,NO_ACTION,0
0.23809523809523808,0.625,8356.67,NETBANKING,ICICI,AUTHENTICATION_FAILED,1,RETRY_NOW,0
0.8571428571428571,0.0,1238.19,NETBANKING,HDFC,AUTHENTICATION_FAILED,22,SEND_REMINDER,1
0.9625,0.0,6284.81,NETBANKING,YESBANK,BANK_TIMEOUT,20,RETRY_NOW,0
0.42857142857142855,0.16666666666666666,7282.8,WALLET,HDFC,LIMIT_EXCEEDED,13,SEND_REMINDER,0
0.7424242424242424,0.35294117647058826,4386.88,UPI,YESBANK,NETWORK_ERROR,19,SEND_REMINDER,1
0.9625,0.0,7248.03,CARD,AXIS,INSUFFICIENT_FUNDS,18,RETRY_LATER,1
0.9186046511627907,0.2857142857142857,6576.55,CARD,YESBANK,BANK_TIMEOUT,12,RETRY_NOW,0
0.8235294117647058,0.2777777777777778,4270.27,UPI,ICICI,CARD_EXPIRED,3,NO_ACTION,0
0.896551724137931,0.8888888888888888,9652.02,NETBANKING,KOTAK,NETWORK_ERROR,7,NO_ACTION,0
0.972972972972973,0.0,6211.5,UPI,ICICI,AUTHENTICATION_FAILED,13,NO_ACTION,0
0.5277777777777778,0.6470588235294118,8817.68,UPI,YESBANK,LIMIT_EXCEEDED,3,NO_ACTION,0
0.9444444444444444,0.2,3735.34,CARD,HDFC,BANK_TIMEOUT,1,RETRY_NOW,1
0.8148148148148148,0.06666666666666667,146.65,WALLET,YESBANK,INSUFFICIENT_FUNDS,5,NO_ACTION,0
0.883495145631068,0.75,8060.24,UPI,KOTAK,CARD_EXPIRED,0,RETRY_LATER,0
0.7849462365591398,0.85,7453.84,NETBANKING,KOTAK,INSUFFICIENT_FUNDS,0,SEND_REMINDER,0
0.2857142857142857,0.5,8488.7,NETBANKING,ICICI,LIMIT_EXCEEDED,20,SEND_REMINDER,0
0.8990825688073395,0.2727272727272727,3712.2,UPI,HDFC,AUTHENTICATION_FAILED,6,RETRY_NOW,0
0.9583333333333334,0.0,5546.9,UPI,YESBANK,BANK_TIMEOUT,8,SEND_REMINDER,0
0.9253731343283582,0.6,4350.44,UPI,YESBANK,LIMIT_EXCEEDED,4,RETRY_LATER,1
0.9848484848484849,0.0,9300.66,WALLET,AXIS,INSUFFICIENT_FUNDS,11,SEND_REMINDER,1
0.7878787878787878,0.6428571428571429,7101.16,WALLET,HDFC,NETWORK_ERROR,20,RETRY_LATER,0
0.5294117647058824,0.75,5360.88,CARD,ICICI,AUTHENTICATION_FAILED,15,SEND_REMINDER,0
0.8804347826086957,0.0,5591.69,NETBANKING,YESBANK,INSUFFICIENT_FUNDS,14,SEND_REMINDER,0
0.872093023255814,0.09090909090909091,6135.49,WALLET,HDFC,INSUFFICIENT_FUNDS,11,RETRY_LATER,0
0.7037037037037037,0.5625,3426.26,NETBANKING,HDFC,NETWORK_ERROR,8,NO_ACTION,0
0.8431372549019608,0.0,7895.09,CARD,KOTAK,BANK_TIMEOUT,0,NO_ACTION,0
0.8095238095238095,1.0,2675.66,WALLET,HDFC,LIMIT_EXCEEDED,4,RETRY_LATER,1
0.8958333333333334,0.0,1319.58,WALLET,KOTAK,BANK_TIMEOUT,21,NO_ACTION,0
0.8823529411764706,0.0,4952.87,NETBANKING,AXIS,CARD_EXPIRED,1,NO_ACTION,0
0.8170731707317073,1.0,4967.1,UPI,HDFC,CARD_EXPIRED,22,RETRY_LATER,0
0.8526315789473684,0.2857142857142857,759.92,UPI,ICICI,INSUFFICIENT_FUNDS,19,RETRY_NOW,0
0.8307692307692308,0.5454545454545454,5300.7,NETBANKING,KOTAK,CARD_EXPIRED,4,RETRY_NOW,0
0.8974358974358975,0.25,4753.84,NETBANKING,ICICI,NETWORK_ERROR,7,RETRY_LATER,0
0.8571428571428571,0.4,1212.16,NETBANKING,SBI,BANK_TIMEOUT,5,RETRY_NOW,0
0.8596491228070176,1.0,8329.81,UPI,HDFC,BANK_TIMEOUT,12,RETRY_LATER,1
0.8591549295774648,0.3,6377.8,UPI,HDFC,INSUFFICIENT_FUNDS,18,NO_ACTION,0
0.797752808988764,0.5,5268.82,WALLET,AXIS,AUTHENTICATION_FAILED,21,NO_ACTION,0
0.9,0.375,8817.59,UPI,ICICI,BANK_TIMEOUT,14,RETRY_NOW,0
0.8133333333333334,1.0,784.56,NETBANKING,YESBANK,AUTHENTICATION_FAILED,3,RETRY_NOW,1
0.7837837837837838,0.625,5318.35,WALLET,ICICI,BANK_TIMEOUT,1,RETRY_NOW,1
0.8526315789473684,0.2857142857142857,6410.94,CARD,SBI,NETWORK_ERROR,9,RETRY_NOW,0
0.7948717948717948,0.625,4793.6,WALLET,HDFC,INSUFFICIENT_FUNDS,4,RETRY_LATER,0
0.6052631578947368,0.2,4114.29,WALLET,SBI,BANK_TIMEOUT,12,RETRY_NOW,0
0.8983050847457628,0.8333333333333334,1283.26,CARD,HDFC,BANK_TIMEOUT,2,RETRY_NOW,1
0.9759036144578314,0.0,4719.21,UPI,YESBANK,INSUFFICIENT_FUNDS,23,RETRY_LATER,0
0.8761904761904762,0.3076923076923077,6585.93,UPI,ICICI,NETWORK_ERROR,20,RETRY_LATER,0
0.391304347826087,0.9285714285714286,8425.41,UPI,HDFC,BANK_TIMEOUT,13,RETRY_NOW,0
0.8771929824561403,0.7857142857142857,3257.75,NETBANKING,KOTAK,BANK_TIMEOUT,2,RETRY_NOW,1
0.8285714285714286,0.5,9784.85,UPI,KOTAK,LIMIT_EXCEEDED,20,RETRY_LATER,1
0.883495145631068,0.75,8060.24,UPI,KOTAK,CARD_EXPIRED,0,RETRY_NOW,0
0.7391304347826086,0.16666666666666666,5611.67,NETBANKING,AXIS,AUTHENTICATION_FAILED,21,SEND_REMINDER,1
0.4666666666666667,0.125,3133.57,WALLET,HDFC,BANK_TIMEOUT,1,SEND_REMINDER,1
0.9636363636363636,0.5,5965.83,NETBANKING,YESBANK,CARD_EXPIRED,4,SEND_REMINDER,1
0.782608695652174,0.2,6653.76,NETBANKING,YESBANK,NETWORK_ERROR,7,SEND_REMINDER,0
0.8909090909090909,0.6666666666666666,2127.14,UPI,SBI,CARD_EXPIRED,5,RETRY_LATER,0
0.8490566037735849,0.9375,2973.06,NETBANKING,KOTAK,INSUFFICIENT_FUNDS,14,SEND_REMINDER,1
0.8703703703703703,0.8571428571428571,5532.4,CARD,HDFC,LIMIT_EXCEEDED,1,RETRY_NOW,1
0.6666666666666666,0.5714285714285714,734.58,NETBANKING,KOTAK,NETWORK_ERROR,20,SEND_REMINDER,0
0.8674698795180723,0.9090909090909091,7325.34,CARD,YESBANK,CARD_EXPIRED,4,NO_ACTION,0
0.696969696969697,0.6,495.32,NETBANKING,HDFC,NETWORK_ERROR,21,RETRY_NOW,0
0.7704918032786885,0.7142857142857143,8080.79,CARD,YESBANK,BANK_TIMEOUT,7,SEND_REMINDER,1
0.7083333333333334,0.14285714285714285,2760.59,UPI,ICICI,LIMIT_EXCEEDED,7,RETRY_LATER,0
0.75,1.0,114.52,CARD,ICICI,AUTHENTICATION_FAILED,6,RETRY_NOW,0
0.3333333333333333,0.0,126.76,CARD,SBI,BANK_TIMEOUT,5,NO_ACTION,0
0.7802197802197802,0.75,911.51,CARD,YESBANK,CARD_EXPIRED,0,RETRY_NOW,0
0.7272727272727273,0.4166666666666667,5955.67,UPI,KOTAK,LIMIT_EXCEEDED,4,NO_ACTION,0
0.9166666666666666,0.8,1979.79,WALLET,HDFC,INSUFFICIENT_FUNDS,19,RETRY_NOW,0
0.765625,0.4,989.38,NETBANKING,KOTAK,LIMIT_EXCEEDED,2,SEND_REMINDER,0
0.6,0.0,9536.83,UPI,KOTAK,NETWORK_ERROR,3,SEND_REMINDER,0
0.6,0.7222222222222222,6194.54,UPI,HDFC,INSUFFICIENT_FUNDS,18,RETRY_LATER,1
0.9382716049382716,0.8,6624.54,NETBANKING,HDFC,LIMIT_EXCEEDED,10,RETRY_LATER,1
0.8785046728971962,0.15384615384615385,3939.73,NETBANKING,HDFC,AUTHENTICATION_FAILED,21,RETRY_NOW,0
0.8672566371681416,0.6,469.12,CARD,KOTAK,AUTHENTICATION_FAILED,23,RETRY_NOW,0
0.9345794392523364,0.5714285714285714,9804.93,CARD,AXIS,AUTHENTICATION_FAILED,15,NO_ACTION,0
0.7872340425531915,0.55,6301.17,CARD,KOTAK,LIMIT_EXCEEDED,19,SEND_REMINDER,1
0.8979591836734694,1.0,3215.77,CARD,HDFC,LIMIT_EXCEEDED,12,RETRY_NOW,1
0.979381443298969,0.5,5876.19,NETBANKING,HDFC,INSUFFICIENT_FUNDS,20,NO_ACTION,0
0.5,0.3888888888888889,3077.85,WALLET,KOTAK,BANK_TIMEOUT,2,SEND_REMINDER,0
0.872093023255814,0.09090909090909091,6135.49,WALLET,HDFC,INSUFFICIENT_FUNDS,11,RETRY_NOW,1
0.7297297297297297,0.6,4933.09,WALLET,SBI,INSUFFICIENT_FUNDS,13,RETRY_NOW,0
0.8591549295774648,0.4,5964.05,CARD,SBI,NETWORK_ERROR,18,RETRY_LATER,0
0.8181818181818182,0.16666666666666666,6060.56,CARD,AXIS,LIMIT_EXCEEDED,13,RETRY_LATER,1
0.65,0.7857142857142857,7837.24,UPI,YESBANK,INSUFFICIENT_FUNDS,22,NO_ACTION,0
0.8725490196078431,0.38461538461538464,5853.97,NETBANKING,SBI,BANK_TIMEOUT,14,SEND_REMINDER,0
0.78125,0.2857142857142857,7151.97,WALLET,YESBANK,BANK_TIMEOUT,2,NO_ACTION,0
0.8979591836734694,1.0,3215.77,CARD,HDFC,LIMIT_EXCEEDED,12,NO_ACTION,0
0.5957446808510638,0.05263157894736842,8343.97,CARD,AXIS,LIMIT_EXCEEDED,14,RETRY_NOW,1
0.8773584905660378,1.0,8567.41,UPI,KOTAK,INSUFFICIENT_FUNDS,8,NO_ACTION,0
0.9787234042553191,0.5,386.89,WALLET,ICICI,INSUFFICIENT_FUNDS,3,RETRY_LATER,1
0.9090909090909091,0.5,6744.64,WALLET,ICICI,BANK_TIMEOUT,1,RETRY_NOW,1
0.8586956521739131,0.0,8323.2,UPI,YESBANK,BANK_TIMEOUT,15,RETRY_NOW,1
0.8910891089108911,0.0,4275.15,CARD,HDFC,AUTHENTICATION_FAILED,1,NO_ACTION,0
0.8282828282828283,0.7647058823529411,5071.2,UPI,ICICI,LIMIT_EXCEEDED,13,SEND_REMINDER,1
0.2916666666666667,0.0,4855.42,NETBANKING,YESBANK,NETWORK_ERROR,5,RETRY_LATER,1
0.8205128205128205,0.42857142857142855,6827.94,WALLET,KOTAK,INSUFFICIENT_FUNDS,20,RETRY_LATER,0
0.8701298701298701,0.9,4869.29,UPI,SBI,CARD_EXPIRED,6,SEND_REMINDER,0
0.8571428571428571,0.0,7291.41,CARD,AXIS,BANK_TIMEOUT,21,RETRY_NOW,0
0.8571428571428571,0.2,447.34,UPI,AXIS,INSUFFICIENT_FUNDS,19,RETRY_LATER,0
0.4444444444444444,0.55,4300.81,UPI,AXIS,CARD_EXPIRED,1,SEND_REMINDER,0
1.0,0.0,7239.45,NETBANKING,SBI,AUTHENTICATION_FAILED,19,RETRY_NOW,0
0.703125,0.0,1077.25,WALLET,KOTAK,LIMIT_EXCEEDED,8,RETRY_LATER,0
0.8494623655913979,0.35714285714285715,3398.7,NETBANKING,SBI,BANK_TIMEOUT,19,SEND_REMINDER,0
0.8333333333333334,0.25,8992.42,WALLET,ICICI,BANK_TIMEOUT,20,RETRY_NOW,0
0.9072164948453608,0.4444444444444444,1385.64,CARD,AXIS,LIMIT_EXCEEDED,19,RETRY_LATER,0
0.9759036144578314,0.0,3565.37,NETBANKING,KOTAK,BANK_TIMEOUT,5,RETRY_NOW,1
0.9178082191780822,0.8333333333333334,110.64,NETBANKING,AXIS,NETWORK_ERROR,22,RETRY_LATER,1
0.9345794392523364,0.5714285714285714,9804.93,CARD,AXIS,AUTHENTICATION_FAILED,15,RETRY_NOW,0
0.6818181818181818,0.8571428571428571,5280.5,NETBANKING,ICICI,BANK_TIMEOUT,9,RETRY_NOW,1
0.96,1.0,8357.45,NETBANKING,SBI,BANK_TIMEOUT,14,RETRY_NOW,1
0.8425925925925926,0.47058823529411764,7046.66,WALLET,YESBANK,CARD_EXPIRED,23,NO_ACTION,0
0.7701149425287356,0.05,6199.21,CARD,YESBANK,BANK_TIMEOUT,14,SEND_REMINDER,0
1.0,0.0,9766.16,NETBANKING,HDFC,INSUFFICIENT_FUNDS,15,NO_ACTION,0
0.6410256410256411,0.14285714285714285,3288.98,NETBANKING,SBI,NETWORK_ERROR,21,RETRY_NOW,1
0.9433962264150944,0.0,1990.78,CARD,KOTAK,BANK_TIMEOUT,10,RETRY_LATER,0
0.9879518072289156,0.0,8787.41,NETBANKING,SBI,NETWORK_ERROR,4,RETRY_LATER,0
0.7397260273972602,1.0,9380.44,CARD,HDFC,AUTHENTICATION_FAILED,20,RETRY_NOW,1
0.6595744680851063,0.0,7440.18,CARD,HDFC,INSUFFICIENT_FUNDS,3,RETRY_NOW,0
0.8157894736842105,0.0,8634.83,UPI,AXIS,INSUFFICIENT_FUNDS,6,RETRY_NOW,0
0.6428571428571429,0.55,2788.52,WALLET,HDFC,BANK_TIMEOUT,21,NO_ACTION,0
0.7428571428571429,0.2222222222222222,4369.16,WALLET,ICICI,INSUFFICIENT_FUNDS,20,NO_ACTION,0
0.8636363636363636,0.3333333333333333,737.72,NETBANKING,ICICI,CARD_EXPIRED,15,SEND_REMINDER,0
0.9636363636363636,0.5,9247.62,WALLET,YESBANK,INSUFFICIENT_FUNDS,12,SEND_REMINDER,1
0.9555555555555556,0.0,4540.43,UPI,AXIS,CARD_EXPIRED,7,RETRY_LATER,0
0.9761904761904762,1.0,9456.89,WALLET,AXIS,LIMIT_EXCEEDED,2,RETRY_LATER,0
0.8130841121495327,0.55,2097.12,WALLET,YESBANK,NETWORK_ERROR,14,RETRY_LATER,1
0.78125,0.2857142857142857,7151.97,WALLET,YESBANK,BANK_TIMEOUT,2,SEND_REMINDER,0
0.88,0.0,4678.62,WALLET,KOTAK,INSUFFICIENT_FUNDS,4,RETRY_LATER,0
0.9032258064516129,1.0,8232.69,WALLET,KOTAK,LIMIT_EXCEEDED,22,NO_ACTION,0
0.8076923076923077,0.8,8872.88,NETBANKING,KOTAK,LIMIT_EXCEEDED,7,RETRY_NOW,0
0.6111111111111112,1.0,3791.88,UPI,ICICI,LIMIT_EXCEEDED,23,RETRY_NOW,1
0.8558558558558559,0.1875,4517.12,NETBANKING,ICICI,CARD_EXPIRED,3,NO_ACTION,0
0.94,0.16666666666666666,2888.47,CARD,KOTAK,BANK_TIMEOUT,9,SEND_REMINDER,0
0.883495145631068,0.75,5126.78,NETBANKING,KOTAK,INSUFFICIENT_FUNDS,9,SEND_REMINDER,1
0.8421052631578947,0.0,5919.79,WALLET,HDFC,CARD_EXPIRED,11,NO_ACTION,0
0.8695652173913043,0.08333333333333333,4143.52,UPI,AXIS,LIMIT_EXCEEDED,12,RETRY_LATER,1
0.825,0.5,1959.43,NETBANKING,SBI,AUTHENTICATION_FAILED,6,NO_ACTION,0
0.696969696969697,0.7,1835.23,CARD,HDFC,NETWORK_ERROR,11,RETRY_NOW,0
1.0,0.0,7508.46,NETBANKING,HDFC,INSUFFICIENT_FUNDS,19,NO_ACTION,0
0.8064516129032258,0.6666666666666666,9320.19,UPI,ICICI,INSUFFICIENT_FUNDS,16,RETRY_LATER,0
0.8365384615384616,0.7058823529411765,3130.16,UPI,AXIS,BANK_TIMEOUT,2,RETRY_LATER,1
0.34615384615384615,0.7647058823529411,4199.28,CARD,HDFC,BANK_TIMEOUT,19,RETRY_NOW,1
0.8461538461538461,0.5,3712.25,UPI,HDFC,BANK_TIMEOUT,22,RETRY_LATER,0
0.9,0.875,939.13,WALLET,YESBANK,AUTHENTICATION_FAILED,4,RETRY_NOW,1
0.75,1.0,8094.81,UPI,KOTAK,BANK_TIMEOUT,7,SEND_REMINDER,1
0.5909090909090909,0.6666666666666666,1284.07,UPI,ICICI,LIMIT_EXCEEDED,19,RETRY_LATER,1
0.8454545454545455,0.11764705882352941,9148.08,CARD,YESBANK,BANK_TIMEOUT,4,RETRY_LATER,1
0.875,0.8571428571428571,7955.39,WALLET,ICICI,INSUFFICIENT_FUNDS,19,NO_ACTION,0
0.8947368421052632,0.6666666666666666,8074.72,WALLET,HDFC,LIMIT_EXCEEDED,1,RETRY_NOW,0
0.9583333333333334,1.0,1343.94,NETBANKING,AXIS,BANK_TIMEOUT,21,SEND_REMINDER,1
0.7796610169491526,0.3076923076923077,694.82,CARD,SBI,AUTHENTICATION_FAILED,2,SEND_REMINDER,0
0.48,0.23076923076923078,2149.15,CARD,HDFC,INSUFFICIENT_FUNDS,21,SEND_REMINDER,0
0.9090909090909091,0.5,4468.4,UPI,HDFC,LIMIT_EXCEEDED,5,RETRY_NOW,0
0.900990099009901,0.6,1594.94,WALLET,ICICI,CARD_EXPIRED,20,SEND_REMINDER,1
0.88,0.6666666666666666,4059.76,WALLET,AXIS,NETWORK_ERROR,23,RETRY_NOW,1
0.8823529411764706,1.0,1635.26,CARD,KOTAK,BANK_TIMEOUT,8,NO_ACTION,0
0.7837837837837838,0.5,7415.76,WALLET,SBI,BANK_TIMEOUT,7,RETRY_NOW,0
0.9230769230769231,0.6,5438.03,UPI,AXIS,CARD_EXPIRED,8,NO_ACTION,0
0.9801980198019802,0.0,4774.79,UPI,HDFC,INSUFFICIENT_FUNDS,20,NO_ACTION,0
0.45454545454545453,0.5,277.47,WALLET,AXIS,BANK_TIMEOUT,6,SEND_REMINDER,0
0.5263157894736842,1.0,5371.83,NETBANKING,SBI,AUTHENTICATION_FAILED,17,SEND_REMINDER,1
0.5,0.09090909090909091,6151.92,NETBANKING,HDFC,CARD_EXPIRED,17,RETRY_NOW,0
0.8787878787878788,0.25,251.94,NETBANKING,AXIS,CARD_EXPIRED,15,SEND_REMINDER,0
0.45454545454545453,0.8333333333333334,8965.25,UPI,KOTAK,NETWORK_ERROR,10,RETRY_NOW,0
0.9081632653061225,0.5555555555555556,7097.56,NETBANKING,KOTAK,NETWORK_ERROR,3,NO_ACTION,0
0.9866666666666667,0.0,7147.25,UPI,YESBANK,INSUFFICIENT_FUNDS,20,RETRY_LATER,0
0.84,0.6875,666.76,CARD,SBI,AUTHENTICATION_FAILED,1,RETRY_LATER,0
0.9345794392523364,0.5714285714285714,1436.84,CARD,KOTAK,CARD_EXPIRED,9,RETRY_NOW,0
0.8125,0.4444444444444444,4095.46,NETBANKING,SBI,BANK_TIMEOUT,21,NO_ACTION,0
0.5384615384615384,0.2777777777777778,2271.6,WALLET,AXIS,INSUFFICIENT_FUNDS,15,RETRY_NOW,1
0.9333333333333333,0.6666666666666666,426.4,UPI,AXIS,AUTHENTICATION_FAILED,14,SEND_REMINDER,0
0.8867924528301887,0.8333333333333334,3484.12,WALLET,SBI,AUTHENTICATION_FAILED,9,NO_ACTION,0
0.8243243243243243,0.9230769230769231,9794.71,UPI,KOTAK,LIMIT_EXCEEDED,6,SEND_REMINDER,1
0.6904761904761905,0.07692307692307693,6799.42,UPI,KOTAK,BANK_TIMEOUT,12,NO_ACTION,0
0.9029126213592233,0.9,9276.11,NETBANKING,YESBANK,CARD_EXPIRED,1,RETRY_NOW,0
0.9666666666666667,1.0,4226.66,UPI,KOTAK,INSUFFICIENT_FUNDS,10,RETRY_LATER,0
0.7741935483870968,0.35714285714285715,9043.58,UPI,AXIS,CARD_EXPIRED,4,RETRY_NOW,0
0.9166666666666666,0.8,3202.42,CARD,YESBANK,AUTHENTICATION_FAILED,16,NO_ACTION,0
0.9764705882352941,0.0,6766.6,UPI,AXIS,LIMIT_EXCEEDED,11,RETRY_LATER,0
0.8709677419354839,0.625,6842.11,UPI,KOTAK,AUTHENTICATION_FAILED,19,RETRY_LATER,0
0.6818181818181818,0.8571428571428571,1119.85,CARD,HDFC,NETWORK_ERROR,3,SEND_REMINDER,0
0.7083333333333334,0.5714285714285714,6515.39,CARD,KOTAK,BANK_TIMEOUT,10,NO_ACTION,0
0.7741935483870968,0.35714285714285715,4981.42,CARD,AXIS,NETWORK_ERROR,16,RETRY_LATER,1
0.7049180327868853,0.5555555555555556,3855.15,NETBANKING,ICICI,NETWORK_ERROR,10,RETRY_NOW,0
0.38461538461538464,1.0,7669.01,UPI,KOTAK,AUTHENTICATION_FAILED,10,RETRY_LATER,0
0.5652173913043478,0.6,8341.54,UPI,SBI,AUTHENTICATION_FAILED,7,NO_ACTION,0
0.6551724137931034,0.75,4587.18,CARD,SBI,BANK_TIMEOUT,21,RETRY_LATER,0
0.9333333333333333,0.16666666666666666,8011.76,NETBANKING,SBI,NETWORK_ERROR,21,SEND_REMINDER,1
0.9666666666666667,1.0,9197.45,UPI,AXIS,LIMIT_EXCEEDED,15,SEND_REMINDER,0
0.9259259259259259,0.5,6031.25,WALLET,KOTAK,NETWORK_ERROR,21,SEND_REMINDER,0
0.84,0.6875,3670.12,CARD,KOTAK,BANK_TIMEOUT,21,RETRY_NOW,0
0.8347826086956521,0.7368421052631579,3269.05,UPI,HDFC,AUTHENTICATION_FAILED,16,RETRY_NOW,0
0.8924731182795699,0.4,3193.84,NETBANKING,AXIS,LIMIT_EXCEEDED,19,NO_ACTION,0
0.8333333333333334,0.0,3917.69,WALLET,HDFC,CARD_EXPIRED,21,RETRY_NOW,0
0.2916666666666667,0.0,4855.42,NETBANKING,YESBANK,NETWORK_ERROR,5,RETRY_NOW,0
0.5294117647058824,0.875,8393.64,NETBANKING,AXIS,NETWORK_ERROR,22,NO_ACTION,0
0.8421052631578947,0.0,8744.67,WALLET,ICICI,LIMIT_EXCEEDED,2,RETRY_NOW,1
0.9615384615384616,1.0,2534.98,NETBANKING,AXIS,INSUFFICIENT_FUNDS,0,RETRY_LATER,0
0.45454545454545453,0.8333333333333334,8965.25,UPI,KOTAK,NETWORK_ERROR,10,SEND_REMINDER,0
0.7164179104477612,0.7894736842105263,3017.36,UPI,SBI,LIMIT_EXCEEDED,4,SEND_REMINDER,0
0.9107142857142857,0.8,421.28,CARD,AXIS,BANK_TIMEOUT,13,RETRY_NOW,1
0.6052631578947368,0.4,8979.76,WALLET,KOTAK,LIMIT_EXCEEDED,13,RETRY_LATER,1
0.9866666666666667,0.0,7147.25,UPI,YESBANK,INSUFFICIENT_FUNDS,20,RETRY_NOW,0
0.5333333333333333,0.2857142857142857,2342.2,NETBANKING,SBI,BANK_TIMEOUT,12,SEND_REMINDER,1
0.9146341463414634,0.0,7237.02,UPI,AXIS,INSUFFICIENT_FUNDS,7,NO_ACTION,0
0.8347826086956521,0.7368421052631579,3269.05,UPI,HDFC,AUTHENTICATION_FAILED,16,NO_ACTION,0
0.9166666666666666,1.0,3170.69,CARD,AXIS,NETWORK_ERROR,20,SEND_REMINDER,1
0.6590909090909091,0.3333333333333333,1986.51,CARD,KOTAK,INSUFFICIENT_FUNDS,7,NO_ACTION,0
0.88,0.3333333333333333,6956.15,UPI,ICICI,NETWORK_ERROR,12,NO_ACTION,0
0.84,0.6875,561.53,NETBANKING,SBI,NETWORK_ERROR,19,RETRY_LATER,1
0.875,0.8,915.2,UPI,ICICI,BANK_TIMEOUT,12,NO_ACTION,0
0.7407407407407407,0.42857142857142855,4799.39,NETBANKING,HDFC,CARD_EXPIRED,23,SEND_REMINDER,0
0.5294117647058824,0.875,8393.64,NETBANKING,AXIS,NETWORK_ERROR,22,SEND_REMINDER,0
0.912621359223301,1.0,1990.89,NETBANKING,SBI,BANK_TIMEOUT,0,RETRY_NOW,1
0.782608695652174,0.4666666666666667,3828.56,UPI,YESBANK,AUTHENTICATION_FAILED,18,RETRY_LATER,1
0.8235294117647058,1.0,8408.54,NETBANKING,AXIS,NETWORK_ERROR,2,RETRY_LATER,1
0.9888888888888889,1.0,6786.39,UPI,YESBANK,LIMIT_EXCEEDED,6,RETRY_NOW,0
0.6938775510204082,0.06666666666666667,8984.41,WALLET,AXIS,INSUFFICIENT_FUNDS,10,SEND_REMINDER,1
0.9072164948453608,0.4444444444444444,871.72,WALLET,AXIS,AUTHENTICATION_FAILED,9,SEND_REMINDER,0
0.9078947368421053,1.0,1082.02,WALLET,AXIS,AUTHENTICATION_FAILED,8,RETRY_NOW,1
0.9516129032258065,0.3333333333333333,1207.78,NETBANKING,YESBANK,CARD_EXPIRED,12,RETRY_NOW,1
0.8070175438596491,0.36363636363636365,159.3,CARD,YESBANK,LIMIT_EXCEEDED,22,RETRY_LATER,1
0.6153846153846154,0.8,4054.41,UPI,HDFC,AUTHENTICATION_FAILED,21,RETRY_NOW,1
0.8541666666666666,0.42857142857142855,4898.03,UPI,ICICI,CARD_EXPIRED,10,NO_ACTION,0
0.5,0.3888888888888889,6662.56,UPI,HDFC,AUTHENTICATION_FAILED,2,SEND_REMINDER,0
0.8,0.15384615384615385,4492.73,UPI,SBI,CARD_EXPIRED,2,RETRY_LATER,0
0.8539325842696629,0.23076923076923078,4429.79,UPI,ICICI,AUTHENTICATION_FAILED,18,RETRY_LATER,0
0.9594594594594594,0.0,615.32,CARD,ICICI,NETWORK_ERROR,13,NO_ACTION,0
0.8,0.8181818181818182,5995.98,UPI,YESBANK,AUTHENTICATION_FAILED,21,RETRY_NOW,1
0.7333333333333333,1.0,9705.87,CARD,SBI,LIMIT_EXCEEDED,21,RETRY_LATER,1
0.9479166666666666,0.6,8977.56,UPI,ICICI,BANK_TIMEOUT,17,RETRY_LATER,1
0.8648648648648649,0.4,7404.64,NETBANKING,AXIS,LIMIT_EXCEEDED,7,RETRY_LATER,1
0.8555555555555555,1.0,5121.72,WALLET,AXIS,INSUFFICIENT_FUNDS,12,RETRY_NOW,0
0.926829268292683,0.6666666666666666,5944.97,CARD,KOTAK,BANK_TIMEOUT,14,RETRY_NOW,1
0.6779661016949152,1.0,6538.99,WALLET,HDFC,CARD_EXPIRED,20,SEND_REMINDER,1
0.5294117647058824,0.75,9921.59,CARD,YESBANK,INSUFFICIENT_FUNDS,15,RETRY_NOW,0
0.7183098591549296,0.3,1490.44,NETBANKING,AXIS,LIMIT_EXCEEDED,3,SEND_REMINDER,0
0.9523809523809523,0.6666666666666666,3879.83,WALLET,HDFC,AUTHENTICATION_FAILED,20,NO_ACTION,0
0.898989898989899,0.1,8351.1,NETBANKING,HDFC,BANK_TIMEOUT,18,RETRY_LATER,0
0.7428571428571429,0.2222222222222222,6655.44,CARD,SBI,CARD_EXPIRED,5,RETRY_LATER,0
0.8709677419354839,0.5,2734.24,WALLET,ICICI,NETWORK_ERROR,17,RETRY_LATER,0
0.9382716049382716,0.8,6624.54,NETBANKING,HDFC,LIMIT_EXCEEDED,10,NO_ACTION,0
0.9830508474576272,1.0,2984.69,NETBANKING,ICICI,BANK_TIMEOUT,10,SEND_REMINDER,0
0.6111111111111112,1.0,5602.84,CARD,HDFC,NETWORK_ERROR,1,RETRY_LATER,1
0.9583333333333334,0.0,9332.24,WALLET,ICICI,CARD_EXPIRED,4,RETRY_NOW,0
0.78125,0.7142857142857143,1016.31,UPI,KOTAK,CARD_EXPIRED,8,RETRY_NOW,1
0.6976744186046512,0.07692307692307693,9645.42,UPI,ICICI,INSUFFICIENT_FUNDS,3,NO_ACTION,0
0.6052631578947368,0.2,4114.29,WALLET,SBI,BANK_TIMEOUT,12,RETRY_LATER,1
0.625,0.0,8098.13,CARD,HDFC,INSUFFICIENT_FUNDS,16,SEND_REMINDER,1
0.4375,0.9444444444444444,7671.01,NETBANKING,ICICI,INSUFFICIENT_FUNDS,12,NO_ACTION,0
0.8955223880597015,0.0,5264.01,CARD,HDFC,CARD_EXPIRED,19,RETRY_LATER,0
0.8080808080808081,0.7894736842105263,4250.96,WALLET,YESBANK,INSUFFICIENT_FUNDS,8,RETRY_LATER,0
0.9230769230769231,0.6,5438.03,UPI,AXIS,CARD_EXPIRED,8,SEND_REMINDER,0
0.9090909090909091,0.5,4468.4,UPI,HDFC,LIMIT_EXCEEDED,5,SEND_REMINDER,1
0.7647058823529411,0.125,3046.88,CARD,KOTAK,NETWORK_ERROR,18,NO_ACTION,0
0.9142857142857143,0.5,547.4,CARD,AXIS,AUTHENTICATION_FAILED,4,SEND_REMINDER,0
0.6153846153846154,0.8,4054.41,UPI,HDFC,AUTHENTICATION_FAILED,21,SEND_REMINDER,0
0.5384615384615384,0.8333333333333334,7524.89,WALLET,HDFC,INSUFFICIENT_FUNDS,5,RETRY_NOW,0
0.7701149425287356,0.05,6392.23,NETBANKING,AXIS,BANK_TIMEOUT,12,SEND_REMINDER,0
0.7647058823529411,0.16666666666666666,9579.88,NETBANKING,SBI,AUTHENTICATION_FAILED,10,SEND_REMINDER,1
0.8620689655172413,0.0625,9404.85,CARD,YESBANK,NETWORK_ERROR,8,RETRY_NOW,0
0.4482758620689655,0.4375,1015.03,CARD,ICICI,BANK_TIMEOUT,22,RETRY_LATER,1
0.9607843137254902,0.25,8808.11,CARD,ICICI,CARD_EXPIRED,20,RETRY_NOW,1
0.9702970297029703,0.3333333333333333,6845.12,WALLET,KOTAK,INSUFFICIENT_FUNDS,9,RETRY_NOW,0
0.8488372093023255,0.5384615384615384,9732.48,UPI,YESBANK,INSUFFICIENT_FUNDS,10,NO_ACTION,0
0.75,0.16666666666666666,7405.65,WALLET,SBI,AUTHENTICATION_FAILED,20,RETRY_LATER,1
0.8481012658227848,0.3333333333333333,387.16,UPI,SBI,AUTHENTICATION_FAILED,5,RETRY_LATER,1
0.922077922077922,0.16666666666666666,1430.45,CARD,AXIS,CARD_EXPIRED,11,RETRY_NOW,0
0.8765432098765432,0.5,5748.08,UPI,KOTAK,NETWORK_ERROR,6,NO_ACTION,0
0.9565217391304348,1.0,4824.54,CARD,KOTAK,BANK_TIMEOUT,8,NO_ACTION,0
0.4090909090909091,0.5384615384615384,7520.49,NETBANKING,KOTAK,CARD_EXPIRED,11,RETRY_NOW,0
0.8431372549019608,0.0,4711.33,UPI,YESBANK,INSUFFICIENT_FUNDS,2,RETRY_NOW,0
0.9885057471264368,1.0,9070.55,WALLET,SBI,LIMIT_EXCEEDED,8,RETRY_LATER,1
0.9827586206896551,0.0,1944.22,UPI,YESBANK,CARD_EXPIRED,11,RETRY_NOW,0
0.9888888888888889,1.0,4444.66,CARD,AXIS,INSUFFICIENT_FUNDS,17,RETRY_NOW,0
0.9545454545454546,1.0,7614.23,CARD,SBI,CARD_EXPIRED,21,SEND_REMINDER,1
0.7638888888888888,0.17647058823529413,9191.66,NETBANKING,SBI,BANK_TIMEOUT,17,NO_ACTION,0
0.9032258064516129,1.0,9744.85,NETBANKING,YESBANK,INSUFFICIENT_FUNDS,9,RETRY_NOW,0
0.8064516129032258,0.6666666666666666,7311.11,NETBANKING,KOTAK,NETWORK_ERROR,10,RETRY_LATER,0
0.9326923076923077,0.7142857142857143,4225.04,WALLET,HDFC,AUTHENTICATION_FAILED,7,RETRY_LATER,0
0.8076923076923077,0.8,841.78,UPI,YESBANK,LIMIT_EXCEEDED,22,RETRY_NOW,0
0.6153846153846154,0.6,3908.87,NETBANKING,AXIS,CARD_EXPIRED,12,RETRY_LATER,0
0.8163265306122449,0.05555555555555555,6920.9,CARD,AXIS,LIMIT_EXCEEDED,15,NO_ACTION,0
0.9473684210526315,0.25,7356.55,NETBANKING,ICICI,BANK_TIMEOUT,6,NO_ACTION,0
0.725,0.5454545454545454,7429.16,NETBANKING,HDFC,AUTHENTICATION_FAILED,8,SEND_REMINDER,1
0.96,1.0,3785.84,CARD,ICICI,INSUFFICIENT_FUNDS,13,RETRY_NOW,1
0.9866666666666667,0.0,4748.03,NETBANKING,YESBANK,AUTHENTICATION_FAILED,13,RETRY_NOW,1
0.9565217391304348,1.0,960.86,CARD,ICICI,CARD_EXPIRED,20,SEND_REMINDER,1
0.8571428571428571,0.0,5867.36,WALLET,HDFC,NETWORK_ERROR,16,RETRY_LATER,0
0.9107142857142857,0.8,421.28,CARD,AXIS,BANK_TIMEOUT,13,NO_ACTION,0
0.5,0.09090909090909091,3452.36,WALLET,SBI,CARD_EXPIRED,17,RETRY_NOW,0
0.5641025641025641,0.0,5630.81,WALLET,ICICI,AUTHENTICATION_FAILED,12,RETRY_LATER,0
0.9259259259259259,0.5,9628.9,UPI,AXIS,LIMIT_EXCEEDED,17,RETRY_LATER,0
0.6590909090909091,0.3333333333333333,1986.51,CARD,KOTAK,INSUFFICIENT_FUNDS,7,RETRY_LATER,0
0.975609756097561,0.0,4072.61,NETBANKING,HDFC,NETWORK_ERROR,18,SEND_REMINDER,0
0.8085106382978723,0.5555555555555556,6401.16,UPI,ICICI,NETWORK_ERROR,5,RETRY_LATER,1
0.8428571428571429,0.8181818181818182,1068.71,CARD,YESBANK,CARD_EXPIRED,4,RETRY_NOW,1
0.8936170212765957,0.1,361.74,NETBANKING,KOTAK,LIMIT_EXCEEDED,7,SEND_REMINDER,1
0.7966101694915254,0.5833333333333334,5604.75,CARD,SBI,BANK_TIMEOUT,22,NO_ACTION,0
0.803921568627451,1.0,699.87,UPI,SBI,BANK_TIMEOUT,2,SEND_REMINDER,0
0.9552238805970149,0.0,2223.33,WALLET,AXIS,NETWORK_ERROR,17,SEND_REMINDER,1
0.8421052631578947,0.6666666666666666,8810.31,UPI,HDFC,CARD_EXPIRED,16,SEND_REMINDER,1
0.7966101694915254,0.5833333333333334,5604.75,CARD,SBI,BANK_TIMEOUT,22,SEND_REMINDER,0
0.9166666666666666,1.0,9946.67,WALLET,HDFC,LIMIT_EXCEEDED,1,RETRY_LATER,0
0.9885057471264368,1.0,9070.55,WALLET,SBI,LIMIT_EXCEEDED,8,SEND_REMINDER,0
0.6666666666666666,0.5294117647058824,353.25,UPI,KOTAK,LIMIT_EXCEEDED,14,SEND_REMINDER,0
0.7291666666666666,0.3076923076923077,6529.56,CARD,YESBANK,INSUFFICIENT_FUNDS,18,RETRY_NOW,0
0.8181818181818182,0.0,8617.29,NETBANKING,ICICI,NETWORK_ERROR,0,SEND_REMINDER,1
0.7721518987341772,0.3333333333333333,5134.5,NETBANKING,SBI,LIMIT_EXCEEDED,2,NO_ACTION,0
0.6779661016949152,1.0,4970.53,WALLET,SBI,CARD_EXPIRED,3,SEND_REMINDER,1
0.3793103448275862,0.3888888888888889,4119.41,WALLET,KOTAK,NETWORK_ERROR,12,RETRY_NOW,1
0.5714285714285714,0.0,7173.24,WALLET,YESBANK,BANK_TIMEOUT,16,RETRY_LATER,0
0.6595744680851063,0.0,948.9,NETBANKING,AXIS,AUTHENTICATION_FAILED,13,SEND_REMINDER,1
0.9873417721518988,0.0,6637.24,UPI,AXIS,CARD_EXPIRED,6,NO_ACTION,0
0.8990825688073395,0.2727272727272727,7095.25,CARD,SBI,CARD_EXPIRED,17,RETRY_LATER,0
0.8876404494382022,0.8,5818.97,CARD,AXIS,NETWORK_ERROR,6,RETRY_LATER,1
0.9583333333333334,1.0,384.01,WALLET,AXIS,BANK_TIMEOUT,5,SEND_REMINDER,0
0.9787234042553191,0.0,726.85,WALLET,ICICI,NETWORK_ERROR,8,RETRY_LATER,0
0.975609756097561,0.0,2503.36,NETBANKING,YESBANK,NETWORK_ERROR,19,RETRY_LATER,1
0.8064516129032258,0.6666666666666666,9320.19,UPI,ICICI,INSUFFICIENT_FUNDS,16,SEND_REMINDER,0
0.9777777777777777,1.0,8992.33,UPI,HDFC,LIMIT_EXCEEDED,2,SEND_REMINDER,0
0.8518518518518519,0.0,9286.71,WALLET,KOTAK,NETWORK_ERROR,8,SEND_REMINDER,1
0.9540229885057471,0.5,698.52,CARD,KOTAK,BANK_TIMEOUT,11,RETRY_LATER,1
0.8958333333333334,0.0,1319.58,WALLET,KOTAK,BANK_TIMEOUT,21,RETRY_LATER,0
0.8380952380952381,0.29411764705882354,5560.07,UPI,SBI,AUTHENTICATION_FAILED,10,RETRY_LATER,0
0.9210526315789473,0.3333333333333333,5618.69,CARD,SBI,NETWORK_ERROR,6,NO_ACTION,0
0.9428571428571428,1.0,1954.58,UPI,KOTAK,BANK_TIMEOUT,22,RETRY_NOW,1
0.5384615384615384,0.0,9644.95,WALLET,YESBANK,INSUFFICIENT_FUNDS,5,SEND_REMINDER,0
0.8691588785046729,0.7857142857142857,7578.88,NETBANKING,SBI,BANK_TIMEOUT,3,RETRY_LATER,1
0.8876404494382022,0.2,4663.74,WALLET,KOTAK,AUTHENTICATION_FAILED,10,RETRY_NOW,0
0.8125,0.4166666666666667,6733.82,UPI,HDFC,LIMIT_EXCEEDED,15,SEND_REMINDER,0
0.96875,0.5,5399.79,WALLET,AXIS,AUTHENTICATION_FAILED,22,NO_ACTION,0
0.7857142857142857,0.3333333333333333,3420.08,WALLET,AXIS,BANK_TIMEOUT,19,RETRY_NOW,0
0.7875,0.5294117647058824,5149.33,WALLET,ICICI,CARD_EXPIRED,12,NO_ACTION,0
1.0,0.0,2641.86,CARD,ICICI,CARD_EXPIRED,2,RETRY_LATER,0
0.9333333333333333,0.0,4782.1,CARD,SBI,CARD_EXPIRED,11,RETRY_NOW,0
0.8809523809523809,1.0,3875.02,WALLET,HDFC,CARD_EXPIRED,19,RETRY_LATER,0
0.9583333333333334,1.0,3422.04,UPI,YESBANK,CARD_EXPIRED,15,RETRY_NOW,0
0.8260869565217391,0.75,4128.11,NETBANKING,SBI,LIMIT_EXCEEDED,13,RETRY_LATER,1
0.7931034482758621,0.0,4667.09,NETBANKING,YESBANK,CARD_EXPIRED,16,NO_ACTION,0
0.900990099009901,0.6,8571.92,CARD,AXIS,AUTHENTICATION_FAILED,0,SEND_REMINDER,0
0.8974358974358975,0.25,6322.46,NETBANKING,AXIS,AUTHENTICATION_FAILED,17,RETRY_LATER,0
0.6875,0.1,1120.57,UPI,KOTAK,CARD_EXPIRED,11,RETRY_LATER,0
0.8979591836734694,1.0,205.54,UPI,HDFC,LIMIT_EXCEEDED,23,SEND_REMINDER,0
0.8555555555555555,1.0,5121.72,WALLET,AXIS,INSUFFICIENT_FUNDS,12,RETRY_LATER,1
0.9801980198019802,0.0,674.54,WALLET,HDFC,NETWORK_ERROR,14,SEND_REMINDER,1
0.7868852459016393,0.46153846153846156,2144.24,WALLET,YESBANK,CARD_EXPIRED,16,RETRY_NOW,0
0.8777777777777778,0.8181818181818182,1712.2,WALLET,AXIS,NETWORK_ERROR,0,RETRY_NOW,1
0.5,0.8333333333333334,7727.55,WALLET,YESBANK,CARD_EXPIRED,11,RETRY_LATER,1
0.8737864077669902,0.23076923076923078,6057.91,UPI,YESBANK,CARD_EXPIRED,19,NO_ACTION,0
0.7605633802816901,0.0,4166.94,NETBANKING,YESBANK,LIMIT_EXCEEDED,0,SEND_REMINDER,0
0.8703703703703703,0.8571428571428571,4676.32,CARD,HDFC,CARD_EXPIRED,10,RETRY_NOW,0
0.5833333333333334,0.2,2560.3,CARD,HDFC,NETWORK_ERROR,11,SEND_REMINDER,0
0.9029126213592233,0.9,1811.09,NETBANKING,YESBANK,AUTHENTICATION_FAILED,19,RETRY_LATER,0
0.8902439024390244,1.0,422.19,WALLET,ICICI,INSUFFICIENT_FUNDS,18,SEND_REMINDER,1
0.7111111111111111,0.9230769230769231,6904.23,WALLET,HDFC,INSUFFICIENT_FUNDS,3,NO_ACTION,0
0.8555555555555555,1.0,208.37,CARD,AXIS,BANK_TIMEOUT,9,SEND_REMINDER,1
0.7647058823529411,0.125,9794.97,UPI,ICICI,BANK_TIMEOUT,3,RETRY_LATER,1
0.9607843137254902,0.5,7674.11,UPI,ICICI,INSUFFICIENT_FUNDS,2,RETRY_NOW,0
0.7654320987654321,0.7368421052631579,8594.2,WALLET,ICICI,BANK_TIMEOUT,11,NO_ACTION,0
0.8133333333333334,1.0,784.56,NETBANKING,YESBANK,AUTHENTICATION_FAILED,3,NO_ACTION,0
0.7,0.13333333333333333,8473.63,WALLET,YESBANK,BANK_TIMEOUT,11,NO_ACTION,0
0.5555555555555556,0.5,866.59,UPI,HDFC,NETWORK_ERROR,0,NO_ACTION,0
0.7111111111111111,0.9230769230769231,1567.79,UPI,HDFC,BANK_TIMEOUT,18,SEND_REMINDER,1
0.8247422680412371,1.0,7662.23,WALLET,YESBANK,AUTHENTICATION_FAILED,14,NO_ACTION,0
0.7346938775510204,0.23076923076923078,5015.35,NETBANKING,YESBANK,CARD_EXPIRED,15,RETRY_NOW,0
0.9042553191489362,0.8888888888888888,1732.4,NETBANKING,SBI,CARD_EXPIRED,8,SEND_REMINDER,1
0.4444444444444444,0.55,5680.65,WALLET,KOTAK,INSUFFICIENT_FUNDS,16,NO_ACTION,0
0.703125,0.0,6479.6,NETBANKING,SBI,CARD_EXPIRED,15,RETRY_NOW,0
0.5238095238095238,0.7,2038.53,CARD,AXIS,NETWORK_ERROR,14,SEND_REMINDER,0
0.8181818181818182,0.0,3477.85,UPI,KOTAK,CARD_EXPIRED,2,RETRY_LATER,0
0.8347826086956521,0.7368421052631579,9520.38,NETBANKING,SBI,LIMIT_EXCEEDED,3,RETRY_NOW,0
0.9178082191780822,0.0,9517.49,UPI,YESBANK,NETWORK_ERROR,16,RETRY_LATER,1
0.9714285714285714,1.0,7712.87,NETBANKING,YESBANK,CARD_EXPIRED,19,RETRY_NOW,1
0.6274509803921569,0.5263157894736842,7227.94,WALLET,HDFC,BANK_TIMEOUT,2,SEND_REMINDER,1
0.6274509803921569,0.5263157894736842,3291.84,WALLET,KOTAK,AUTHENTICATION_FAILED,21,SEND_REMINDER,0
0.6666666666666666,0.8,3560.78,CARD,KOTAK,AUTHENTICATION_FAILED,0,RETRY_NOW,0
0.78125,0.14285714285714285,8104.32,CARD,AXIS,BANK_TIMEOUT,16,SEND_REMINDER,1
0.9375,0.5,8889.22,NETBANKING,HDFC,AUTHENTICATION_FAILED,21,NO_ACTION,0
0.8333333333333334,0.5,6129.49,UPI,YESBANK,NETWORK_ERROR,8,RETRY_LATER,1
0.9787234042553191,0.5,8057.28,NETBANKING,KOTAK,AUTHENTICATION_FAILED,0,SEND_REMINDER,0
0.8777777777777778,0.6363636363636364,6008.26,CARD,ICICI,NETWORK_ERROR,18,NO_ACTION,0
0.9210526315789473,1.0,1238.91,UPI,ICICI,BANK_TIMEOUT,12,SEND_REMINDER,1
0.9428571428571428,1.0,5177.91,CARD,AXIS,INSUFFICIENT_FUNDS,3,SEND_REMINDER,1
0.9195402298850575,0.2857142857142857,6925.41,WALLET,KOTAK,LIMIT_EXCEEDED,18,RETRY_LATER,1
0.9210526315789473,1.0,426.28,NETBANKING,HDFC,AUTHENTICATION_FAILED,10,RETRY_NOW,1
0.7971014492753623,0.7857142857142857,5454.5,WALLET,ICICI,INSUFFICIENT_FUNDS,3,SEND_REMINDER,1
0.4666666666666667,0.125,4931.31,CARD,ICICI,BANK_TIMEOUT,20,SEND_REMINDER,0
0.5833333333333334,0.2,2047.12,UPI,HDFC,NETWORK_ERROR,8,NO_ACTION,0
0.6122448979591837,0.5263157894736842,5056.09,WALLET,YESBANK,INSUFFICIENT_FUNDS,18,RETRY_LATER,0
0.2857142857142857,0.5,6462.97,UPI,ICICI,INSUFFICIENT_FUNDS,11,SEND_REMINDER,1
0.5121951219512195,0.45,4144.37,NETBANKING,HDFC,BANK_TIMEOUT,23,RETRY_NOW,1
1.0,0.0,4885.9,CARD,KOTAK,NETWORK_ERROR,13,SEND_REMINDER,0
0.9354838709677419,1.0,6893.84,NETBANKING,KOTAK,AUTHENTICATION_FAILED,22,RETRY_NOW,1
0.8947368421052632,0.6666666666666666,6063.9,WALLET,SBI,NETWORK_ERROR,13,RETRY_LATER,1
0.6727272727272727,0.0,2912.35,UPI,SBI,NETWORK_ERROR,11,RETRY_NOW,0
0.7037037037037037,0.5625,7409.81,NETBANKING,KOTAK,CARD_EXPIRED,5,NO_ACTION,0
0.9345794392523364,0.5714285714285714,9804.93,CARD,AXIS,AUTHENTICATION_FAILED,15,SEND_REMINDER,0
0.8285714285714286,0.5,4005.75,NETBANKING,HDFC,BANK_TIMEOUT,0,RETRY_NOW,1
0.7605633802816901,0.0,8812.24,CARD,ICICI,CARD_EXPIRED,5,SEND_REMINDER,0
0.7222222222222222,0.26666666666666666,2736.1,NETBANKING,SBI,INSUFFICIENT_FUNDS,0,RETRY_LATER,0
0.5,0.6363636363636364,9454.9,CARD,ICICI,BANK_TIMEOUT,23,NO_ACTION,0
0.6071428571428571,0.5454545454545454,7491.35,WALLET,ICICI,LIMIT_EXCEEDED,0,NO_ACTION,0
0.9263157894736842,0.42857142857142855,2106.77,CARD,YESBANK,CARD_EXPIRED,8,RETRY_LATER,1
0.8514851485148515,0.13333333333333333,7882.44,WALLET,AXIS,AUTHENTICATION_FAILED,10,SEND_REMINDER,1
0.5333333333333333,0.35714285714285715,6204.51,UPI,HDFC,AUTHENTICATION_FAILED,6,SEND_REMINDER,0
0.9565217391304348,0.0,5337.35,WALLET,ICICI,CARD_EXPIRED,16,NO_ACTION,0
0.8831168831168831,0.7777777777777778,1221.03,NETBANKING,ICICI,CARD_EXPIRED,5,SEND_REMINDER,0
0.8941176470588236,0.2222222222222222,512.52,CARD,YESBANK,AUTHENTICATION_FAILED,17,RETRY_LATER,1
0.9230769230769231,0.6,8677.41,WALLET,HDFC,INSUFFICIENT_FUNDS,13,SEND_REMINDER,0
0.8,0.65,4109.02,UPI,ICICI,AUTHENTICATION_FAILED,4,NO_ACTION,0
0.75,0.6428571428571429,7224.84,CARD,SBI,LIMIT_EXCEEDED,11,RETRY_LATER,1
0.92,1.0,2044.31,UPI,ICICI,BANK_TIMEOUT,22,NO_ACTION,0
0.6764705882352942,0.18181818181818182,5183.31,CARD,HDFC,AUTHENTICATION_FAILED,0,RETRY_LATER,0
0.7397260273972602,0.47368421052631576,1052.53,UPI,AXIS,AUTHENTICATION_FAILED,5,RETRY_LATER,1
0.8809523809523809,0.2,9166.95,NETBANKING,YESBANK,INSUFFICIENT_FUNDS,6,NO_ACTION,0
0.8888888888888888,0.5,4450.9,NETBANKING,YESBANK,CARD_EXPIRED,18,RETRY_LATER,0
0.36666666666666664,0.631578947368421,7434.33,WALLET,ICICI,AUTHENTICATION_FAILED,7,RETRY_LATER,0
0.8695652173913043,0.75,5244.84,CARD,HDFC,LIMIT_EXCEEDED,21,RETRY_LATER,1
0.4375,0.2777777777777778,6041.38,UPI,AXIS,LIMIT_EXCEEDED,0,RETRY_LATER,1
0.7647058823529411,0.16666666666666666,9579.88,NETBANKING,SBI,AUTHENTICATION_FAILED,10,RETRY_LATER,1
0.8369565217391305,0.4,4901.49,UPI,YESBANK,CARD_EXPIRED,4,NO_ACTION,0
0.8130841121495327,0.55,9365.6,CARD,SBI,NETWORK_ERROR,21,SEND_REMINDER,1
0.9175257731958762,0.75,7165.61,CARD,AXIS,CARD_EXPIRED,8,RETRY_NOW,0
0.7764705882352941,0.3684210526315789,9310.31,CARD,AXIS,AUTHENTICATION_FAILED,22,RETRY_LATER,0
0.7931034482758621,0.8333333333333334,5928.71,CARD,AXIS,LIMIT_EXCEEDED,19,RETRY_LATER,1
0.98989898989899,1.0,2086.78,NETBANKING,YESBANK,CARD_EXPIRED,17,RETRY_LATER,1
0.7397260273972602,0.47368421052631576,4501.01,NETBANKING,YESBANK,LIMIT_EXCEEDED,5,NO_ACTION,0
0.8085106382978723,0.5555555555555556,6401.16,UPI,ICICI,NETWORK_ERROR,5,RETRY_NOW,0
0.8918918918918919,0.5,9850.98,NETBANKING,ICICI,AUTHENTICATION_FAILED,9,RETRY_NOW,0
0.9830508474576272,1.0,2984.69,NETBANKING,ICICI,BANK_TIMEOUT,10,RETRY_NOW,1
0.28,0.5,6372.14,NETBANKING,ICICI,CARD_EXPIRED,0,RETRY_NOW,0
0.8181818181818182,0.16666666666666666,6060.56,CARD,AXIS,LIMIT_EXCEEDED,13,SEND_REMINDER,1
0.8955223880597015,0.0,8116.96,NETBANKING,YESBANK,CARD_EXPIRED,22,RETRY_NOW,1
0.8526315789473684,0.2857142857142857,3128.47,WALLET,YESBANK,BANK_TIMEOUT,7,SEND_REMINDER,1
0.9473684210526315,0.0,6267.88,WALLET,AXIS,BANK_TIMEOUT,0,NO_ACTION,0
0.8148148148148148,0.06666666666666667,3797.29,UPI,KOTAK,INSUFFICIENT_FUNDS,8,RETRY_LATER,0
0.8260869565217391,0.4,4636.35,WALLET,ICICI,CARD_EXPIRED,0,RETRY_LATER,0
0.5945945945945946,0.9333333333333333,2645.33,CARD,HDFC,BANK_TIMEOUT,6,NO_ACTION,0
0.7692307692307693,0.3333333333333333,4759.99,CARD,HDFC,AUTHENTICATION_FAILED,8,RETRY_NOW,1
1.0,0.0,256.1,UPI,AXIS,BANK_TIMEOUT,0,SEND_REMINDER,0
0.9428571428571428,1.0,5177.91,CARD,AXIS,INSUFFICIENT_FUNDS,3,NO_ACTION,0
0.896551724137931,0.3333333333333333,3866.29,CARD,KOTAK,NETWORK_ERROR,20,SEND_REMINDER,0
0.7,0.5555555555555556,6157.0,UPI,SBI,INSUFFICIENT_FUNDS,11,RETRY_NOW,1
0.6458333333333334,0.6470588235294118,4051.01,UPI,YESBANK,LIMIT_EXCEEDED,20,RETRY_NOW,0
0.95,0.5,6233.68,CARD,AXIS,NETWORK_ERROR,11,SEND_REMINDER,0
0.975609756097561,0.5,4748.72,WALLET,HDFC,LIMIT_EXCEEDED,11,RETRY_NOW,1
0.3793103448275862,0.3888888888888889,1359.8,NETBANKING,HDFC,INSUFFICIENT_FUNDS,7,RETRY_NOW,0
0.84,0.5,6074.82,CARD,ICICI,AUTHENTICATION_FAILED,19,RETRY_LATER,0
0.8227848101265823,0.0,307.44,NETBANKING,ICICI,INSUFFICIENT_FUNDS,20,RETRY_LATER,0
0.47058823529411764,1.0,1432.86,WALLET,ICICI,NETWORK_ERROR,9,SEND_REMINDER,0
0.5263157894736842,1.0,8762.0,UPI,HDFC,BANK_TIMEOUT,6,NO_ACTION,0
0.9523809523809523,0.2,2514.42,NETBANKING,SBI,INSUFFICIENT_FUNDS,1,SEND_REMINDER,1
0.8333333333333334,0.9,3487.0,WALLET,SBI,NETWORK_ERROR,7,SEND_REMINDER,0
0.872093023255814,0.09090909090909091,7016.21,UPI,SBI,INSUFFICIENT_FUNDS,4,SEND_REMINDER,0
0.8454545454545455,0.11764705882352941,7835.6,WALLET,AXIS,NETWORK_ERROR,15,RETRY_LATER,1
0.6724137931034483,0.7894736842105263,660.15,WALLET,AXIS,LIMIT_EXCEEDED,10,RETRY_NOW,1
0.7796610169491526,0.3076923076923077,2173.51,CARD,SBI,BANK_TIMEOUT,10,RETRY_NOW,0
0.9594594594594594,0.0,4634.59,WALLET,KOTAK,INSUFFICIENT_FUNDS,20,RETRY_NOW,0
0.6923076923076923,0.75,1318.98,CARD,ICICI,NETWORK_ERROR,20,SEND_REMINDER,1
0.8428571428571429,0.8181818181818182,9007.56,CARD,ICICI,INSUFFICIENT_FUNDS,21,RETRY_LATER,0
0.8307692307692308,0.5454545454545454,6239.46,NETBANKING,AXIS,BANK_TIMEOUT,9,RETRY_LATER,1
0.9117647058823529,0.3333333333333333,2935.12,WALLET,KOTAK,CARD_EXPIRED,6,SEND_REMINDER,0
0.696969696969697,0.6,7348.63,WALLET,YESBANK,INSUFFICIENT_FUNDS,1,NO_ACTION,0
0.8421052631578947,0.0,8744.67,WALLET,ICICI,LIMIT_EXCEEDED,2,RETRY_LATER,1
0.88,0.6666666666666666,5158.06,CARD,HDFC,NETWORK_ERROR,9,RETRY_LATER,1
0.5384615384615384,0.8333333333333334,7524.89,WALLET,HDFC,INSUFFICIENT_FUNDS,5,SEND_REMINDER,0
0.8648648648648649,0.3333333333333333,1730.49,NETBANKING,SBI,LIMIT_EXCEEDED,4,SEND_REMINDER,1
0.8955223880597015,0.0,3184.85,CARD,HDFC,NETWORK_ERROR,18,RETRY_NOW,0
0.9702970297029703,0.3333333333333333,7171.94,NETBANKING,YESBANK,INSUFFICIENT_FUNDS,9,RETRY_NOW,0
0.7115384615384616,0.8,4650.12,WALLET,KOTAK,CARD_EXPIRED,22,RETRY_NOW,0
0.6727272727272727,0.0,8755.26,NETBANKING,ICICI,AUTHENTICATION_FAILED,17,SEND_REMINDER,0
0.47619047619047616,0.09090909090909091,5556.96,CARD,KOTAK,AUTHENTICATION_FAILED,2,SEND_REMINDER,1
0.967741935483871,1.0,6737.12,UPI,SBI,INSUFFICIENT_FUNDS,2,RETRY_LATER,1
0.7849462365591398,0.85,7453.84,NETBANKING,KOTAK,INSUFFICIENT_FUNDS,0,RETRY_NOW,0
0.71875,0.3333333333333333,5582.7,CARD,YESBANK,CARD_EXPIRED,16,NO_ACTION,0
0.8591549295774648,0.4,4804.87,WALLET,HDFC,INSUFFICIENT_FUNDS,15,SEND_REMINDER,1
0.8783783783783784,0.0,7558.7,NETBANKING,YESBANK,LIMIT_EXCEEDED,10,NO_ACTION,0
0.9310344827586207,0.3333333333333333,9699.47,WALLET,HDFC,LIMIT_EXCEEDED,3,RETRY_LATER,0
0.9117647058823529,0.3333333333333333,818.5,NETBANKING,ICICI,NETWORK_ERROR,3,NO_ACTION,0
0.9787234042553191,0.0,8299.17,NETBANKING,ICICI,NETWORK_ERROR,3,RETRY_NOW,1
0.96,1.0,8357.45,NETBANKING,SBI,BANK_TIMEOUT,14,NO_ACTION,0
0.7142857142857143,0.5,9090.19,UPI,HDFC,NETWORK_ERROR,6,SEND_REMINDER,1
0.8157894736842105,0.0,7875.27,NETBANKING,HDFC,BANK_TIMEOUT,23,RETRY_LATER,0
0.7428571428571429,0.2222222222222222,6655.44,CARD,SBI,CARD_EXPIRED,5,RETRY_NOW,0
0.7049180327868853,0.5555555555555556,3855.15,NETBANKING,ICICI,NETWORK_ERROR,10,NO_ACTION,0
0.8765432098765432,0.5,812.77,CARD,ICICI,LIMIT_EXCEEDED,6,RETRY_LATER,0
0.9714285714285714,0.0,3632.73,UPI,AXIS,LIMIT_EXCEEDED,6,SEND_REMINDER,0
0.9827586206896551,0.0,2729.62,CARD,SBI,CARD_EXPIRED,4,SEND_REMINDER,1
0.9,0.875,9315.92,UPI,SBI,BANK_TIMEOUT,23,SEND_REMINDER,0
0.5151515151515151,0.5625,1835.48,NETBANKING,SBI,NETWORK_ERROR,11,RETRY_NOW,0
0.8850574712643678,0.2,7460.68,NETBANKING,KOTAK,LIMIT_EXCEEDED,20,NO_ACTION,0
0.7,0.13333333333333333,8989.22,CARD,YESBANK,INSUFFICIENT_FUNDS,4,RETRY_LATER,1
0.8936170212765957,0.1,7710.46,CARD,HDFC,AUTHENTICATION_FAILED,12,NO_ACTION,0
0.8555555555555555,1.0,208.37,CARD,AXIS,BANK_TIMEOUT,9,RETRY_LATER,1
0.8333333333333334,0.09090909090909091,8709.96,CARD,KOTAK,CARD_EXPIRED,13,NO_ACTION,0
0.9761904761904762,0.5,3694.87,WALLET,ICICI,LIMIT_EXCEEDED,4,RETRY_NOW,1
0.8172043010752689,0.23529411764705882,6796.32,CARD,AXIS,NETWORK_ERROR,22,RETRY_NOW,0
0.8376068376068376,0.6842105263157895,691.68,UPI,ICICI,NETWORK_ERROR,22,NO_ACTION,0
0.8829787234042553,0.18181818181818182,5536.33,CARD,HDFC,AUTHENTICATION_FAILED,11,NO_ACTION,0
0.8571428571428571,0.0,7366.57,CARD,HDFC,AUTHENTICATION_FAILED,8,SEND_REMINDER,0
0.8425925925925926,0.47058823529411764,7046.66,WALLET,YESBANK,CARD_EXPIRED,23,RETRY_LATER,0
0.9850746268656716,0.0,2434.37,NETBANKING,ICICI,NETWORK_ERROR,8,RETRY_NOW,0
1.0,0.0,9624.81,UPI,AXIS,LIMIT_EXCEEDED,19,NO_ACTION,0
0.8365384615384616,0.7058823529411765,5808.73,NETBANKING,ICICI,LIMIT_EXCEEDED,1,NO_ACTION,0
0.6909090909090909,0.23529411764705882,5580.42,NETBANKING,AXIS,BANK_TIMEOUT,20,SEND_REMINDER,0
0.7701149425287356,0.05,5895.33,CARD,HDFC,INSUFFICIENT_FUNDS,6,RETRY_LATER,0
0.7727272727272727,0.3,8866.82,CARD,SBI,LIMIT_EXCEEDED,21,RETRY_NOW,0
0.9552238805970149,0.0,1253.51,CARD,YESBANK,BANK_TIMEOUT,4,NO_ACTION,0
0.6363636363636364,1.0,1382.89,NETBANKING,AXIS,CARD_EXPIRED,0,SEND_REMINDER,1
0.9523809523809523,0.2,6196.4,UPI,AXIS,LIMIT_EXCEEDED,23,RETRY_NOW,1
0.8303571428571429,0.3684210526315789,890.14,UPI,SBI,CARD_EXPIRED,21,NO_ACTION,0
0.6363636363636364,0.0,8356.32,CARD,ICICI,AUTHENTICATION_FAILED,1,RETRY_LATER,0
0.8921568627450981,0.0,1807.75,CARD,KOTAK,LIMIT_EXCEEDED,5,NO_ACTION,0
0.65,0.7857142857142857,3793.39,CARD,HDFC,NETWORK_ERROR,5,RETRY_NOW,1
0.6,0.7222222222222222,6194.54,UPI,HDFC,INSUFFICIENT_FUNDS,18,RETRY_NOW,1
0.7625,0.3157894736842105,2737.39,NETBANKING,YESBANK,BANK_TIMEOUT,20,RETRY_LATER,1
0.9764705882352941,0.0,347.1,CARD,AXIS,INSUFFICIENT_FUNDS,4,SEND_REMINDER,1
0.8421052631578947,0.6666666666666666,269.12,UPI,ICICI,NETWORK_ERROR,5,SEND_REMINDER,1
0.8958333333333334,0.0,4679.83,WALLET,KOTAK,CARD_EXPIRED,0,SEND_REMINDER,0
0.9381443298969072,1.0,5672.47,UPI,YESBANK,CARD_EXPIRED,17,RETRY_NOW,0
0.9594594594594594,0.0,6995.03,CARD,SBI,LIMIT_EXCEEDED,6,SEND_REMINDER,0
0.7530864197530864,0.5,5965.23,NETBANKING,HDFC,LIMIT_EXCEEDED,19,RETRY_LATER,1
0.8615384615384616,0.8888888888888888,1997.23,CARD,KOTAK,BANK_TIMEOUT,13,RETRY_LATER,1
0.391304347826087,0.9285714285714286,3468.17,NETBANKING,ICICI,LIMIT_EXCEEDED,16,SEND_REMINDER,0
0.5,0.8333333333333334,3453.78,UPI,ICICI,NETWORK_ERROR,9,RETRY_LATER,1
0.92,0.16666666666666666,1712.31,NETBANKING,ICICI,INSUFFICIENT_FUNDS,13,RETRY_LATER,0
0.7142857142857143,0.5,9090.19,UPI,HDFC,NETWORK_ERROR,6,RETRY_NOW,1
0.45454545454545453,0.9166666666666666,287.98,WALLET,AXIS,LIMIT_EXCEEDED,15,NO_ACTION,0
0.8428571428571429,0.8181818181818182,9007.56,CARD,ICICI,INSUFFICIENT_FUNDS,21,NO_ACTION,0
0.9428571428571428,1.0,5279.11,UPI,SBI,BANK_TIMEOUT,22,NO_ACTION,0
0.975609756097561,0.0,875.91,UPI,KOTAK,INSUFFICIENT_FUNDS,21,RETRY_NOW,0
0.8173076923076923,0.3684210526315789,7364.81,UPI,AXIS,LIMIT_EXCEEDED,8,NO_ACTION,0
0.8837209302325582,0.2,3272.51,CARD,ICICI,LIMIT_EXCEEDED,8,RETRY_LATER,0
0.45454545454545453,0.9166666666666666,5024.01,UPI,YESBANK,INSUFFICIENT_FUNDS,18,NO_ACTION,0
0.75,1.0,1644.18,NETBANKING,HDFC,AUTHENTICATION_FAILED,2,RETRY_NOW,1
0.7397260273972602,0.47368421052631576,1080.07,UPI,YESBANK,NETWORK_ERROR,11,NO_ACTION,0
0.8571428571428571,0.0,6344.39,UPI,AXIS,NETWORK_ERROR,12,RETRY_NOW,0
0.47619047619047616,0.09090909090909091,2788.26,WALLET,AXIS,NETWORK_ERROR,21,RETRY_LATER,0
0.6862745098039216,0.125,7318.9,WALLET,KOTAK,BANK_TIMEOUT,20,NO_ACTION,0
0.8494623655913979,0.35714285714285715,3145.91,UPI,SBI,BANK_TIMEOUT,1,RETRY_LATER,1
0.979381443298969,0.5,9588.49,NETBANKING,KOTAK,INSUFFICIENT_FUNDS,8,RETRY_LATER,0
0.782608695652174,0.15,6256.88,WALLET,ICICI,INSUFFICIENT_FUNDS,4,SEND_REMINDER,1
0.9880952380952381,0.0,8738.79,NETBANKING,KOTAK,AUTHENTICATION_FAILED,8,NO_ACTION,0
0.8433734939759037,0.6923076923076923,4188.2,UPI,AXIS,LIMIT_EXCEEDED,21,SEND_REMINDER,1
0.8823529411764706,1.0,3259.01,CARD,ICICI,INSUFFICIENT_FUNDS,16,RETRY_LATER,0
0.875,0.8,4811.33,NETBANKING,KOTAK,CARD_EXPIRED,0,SEND_REMINDER,0
0.9166666666666666,0.8,960.09,UPI,SBI,AUTHENTICATION_FAILED,7,RETRY_LATER,1
0.7619047619047619,0.35,4253.82,CARD,AXIS,BANK_TIMEOUT,20,RETRY_LATER,1
0.7530864197530864,0.5,5862.92,NETBANKING,AXIS,INSUFFICIENT_FUNDS,8,RETRY_LATER,1
0.8627450980392157,1.0,8217.35,WALLET,HDFC,AUTHENTICATION_FAILED,11,NO_ACTION,0
0.927710843373494,0.8333333333333334,3175.81,WALLET,ICICI,CARD_EXPIRED,13,RETRY_NOW,1
0.8488372093023255,0.5384615384615384,5493.69,NETBANKING,SBI,LIMIT_EXCEEDED,6,RETRY_LATER,0
0.9333333333333333,0.6666666666666666,9697.44,NETBANKING,ICICI,BANK_TIMEOUT,17,NO_ACTION,0
0.8586956521739131,0.0,8584.36,WALLET,AXIS,CARD_EXPIRED,15,NO_ACTION,0
0.9523809523809523,0.6666666666666666,7692.13,CARD,YESBANK,CARD_EXPIRED,3,SEND_REMINDER,1
0.8762886597938144,0.0,972.42,WALLET,HDFC,LIMIT_EXCEEDED,13,RETRY_NOW,1
0.82,1.0,9035.74,UPI,YESBANK,BANK_TIMEOUT,7,SEND_REMINDER,1
0.9381443298969072,1.0,4514.71,UPI,YESBANK,LIMIT_EXCEEDED,0,SEND_REMINDER,1
0.7115384615384616,0.8,7933.85,NETBANKING,AXIS,CARD_EXPIRED,5,SEND_REMINDER,1
0.36666666666666664,0.631578947368421,350.87,NETBANKING,SBI,CARD_EXPIRED,16,NO_ACTION,0
0.7532467532467533,0.3684210526315789,7447.69,UPI,SBI,AUTHENTICATION_FAILED,7,RETRY_LATER,0
0.8494623655913979,0.35714285714285715,1295.83,CARD,ICICI,INSUFFICIENT_FUNDS,14,SEND_REMINDER,1
0.8761904761904762,0.3076923076923077,8912.11,NETBANKING,HDFC,INSUFFICIENT_FUNDS,15,RETRY_NOW,0
0.9210526315789473,1.0,1238.91,UPI,ICICI,BANK_TIMEOUT,12,NO_ACTION,0
0.851063829787234,0.8571428571428571,6431.23,UPI,KOTAK,LIMIT_EXCEEDED,21,RETRY_LATER,1
0.9848484848484849,0.0,1104.13,NETBANKING,YESBANK,BANK_TIMEOUT,21,SEND_REMINDER,0
0.5833333333333334,0.5333333333333333,1683.91,CARD,YESBANK,AUTHENTICATION_FAILED,21,RETRY_NOW,1
0.8260869565217391,0.4,6535.61,UPI,YESBANK,AUTHENTICATION_FAILED,8,NO_ACTION,0
0.8390804597701149,0.42857142857142855,8636.16,CARD,YESBANK,INSUFFICIENT_FUNDS,21,RETRY_LATER,0
0.7608695652173914,0.2727272727272727,2145.88,CARD,AXIS,BANK_TIMEOUT,12,RETRY_LATER,1
0.8823529411764706,0.75,4094.74,CARD,KOTAK,INSUFFICIENT_FUNDS,0,SEND_REMINDER,1
0.8947368421052632,1.0,1694.47,CARD,ICICI,LIMIT_EXCEEDED,2,NO_ACTION,0
0.8829787234042553,0.18181818181818182,9294.2,CARD,SBI,AUTHENTICATION_FAILED,15,NO_ACTION,0
0.8282828282828283,0.7647058823529411,5071.2,UPI,ICICI,LIMIT_EXCEEDED,13,NO_ACTION,0
0.8762886597938144,0.0,7427.13,UPI,YESBANK,LIMIT_EXCEEDED,17,RETRY_LATER,0
0.9263157894736842,0.42857142857142855,5632.48,NETBANKING,YESBANK,CARD_EXPIRED,21,RETRY_NOW,0
0.8679245283018868,0.2857142857142857,4468.55,CARD,ICICI,NETWORK_ERROR,23,RETRY_LATER,0
0.7428571428571429,0.8888888888888888,7054.13,CARD,HDFC,AUTHENTICATION_FAILED,17,RETRY_LATER,1
0.9866666666666667,0.0,2605.63,CARD,SBI,CARD_EXPIRED,6,RETRY_NOW,0
0.7721518987341772,0.3333333333333333,3087.71,WALLET,AXIS,BANK_TIMEOUT,20,NO_ACTION,0
0.7468354430379747,0.95,2400.32,WALLET,ICICI,NETWORK_ERROR,12,SEND_REMINDER,0
0.6071428571428571,0.5454545454545454,8436.09,NETBANKING,ICICI,NETWORK_ERROR,6,SEND_REMINDER,0
0.47058823529411764,0.7777777777777778,8192.58,CARD,HDFC,AUTHENTICATION_FAILED,23,NO_ACTION,0
0.96,1.0,7041.08,WALLET,KOTAK,AUTHENTICATION_FAILED,2,NO_ACTION,0
0.8876404494382022,0.2,613.99,WALLET,KOTAK,NETWORK_ERROR,1,SEND_REMINDER,0
0.5,0.6428571428571429,9514.04,WALLET,AXIS,NETWORK_ERROR,3,SEND_REMINDER,0
0.8653846153846154,0.0,3515.74,WALLET,AXIS,AUTHENTICATION_FAILED,5,NO_ACTION,0
0.8170731707317073,1.0,2091.8,NETBANKING,AXIS,BANK_TIMEOUT,4,RETRY_LATER,1
1.0,0.0,6182.72,CARD,AXIS,AUTHENTICATION_FAILED,2,RETRY_NOW,0
0.7704918032786885,0.7142857142857143,8080.79,CARD,YESBANK,BANK_TIMEOUT,7,RETRY_LATER,1
0.8571428571428571,0.7142857142857143,6159.14,WALLET,SBI,INSUFFICIENT_FUNDS,15,RETRY_LATER,0
0.9326923076923077,0.14285714285714285,2165.68,UPI,ICICI,BANK_TIMEOUT,0,SEND_REMINDER,0
0.8494623655913979,0.35714285714285715,8656.08,CARD,AXIS,BANK_TIMEOUT,20,SEND_REMINDER,0
0.96875,0.5,518.35,CARD,YESBANK,CARD_EXPIRED,11,SEND_REMINDER,1
0.99,1.0,8651.95,CARD,ICICI,CARD_EXPIRED,12,SEND_REMINDER,1
0.8169014084507042,0.5384615384615384,5764.49,UPI,AXIS,INSUFFICIENT_FUNDS,6,RETRY_LATER,0
0.6595744680851063,0.0,6289.37,NETBANKING,AXIS,INSUFFICIENT_FUNDS,16,RETRY_LATER,0
0.8028169014084507,0.5,6634.23,NETBANKING,AXIS,LIMIT_EXCEEDED,10,NO_ACTION,0
0.7802197802197802,0.3,2841.49,CARD,HDFC,AUTHENTICATION_FAILED,18,RETRY_NOW,1
0.8478260869565217,0.0,6847.02,WALLET,YESBANK,INSUFFICIENT_FUNDS,20,RETRY_LATER,0
0.8494623655913979,0.35714285714285715,8656.08,CARD,AXIS,BANK_TIMEOUT,20,RETRY_LATER,0
0.9230769230769231,0.6,5438.03,UPI,AXIS,CARD_EXPIRED,8,RETRY_LATER,1
0.5238095238095238,0.7,1022.9,CARD,ICICI,LIMIT_EXCEEDED,16,RETRY_LATER,0
0.7424242424242424,0.35294117647058826,2011.54,UPI,SBI,NETWORK_ERROR,18,RETRY_NOW,0
0.8165137614678899,0.55,3498.18,CARD,AXIS,CARD_EXPIRED,1,RETRY_LATER,1
0.7608695652173914,0.2727272727272727,8224.03,UPI,YESBANK,NETWORK_ERROR,16,SEND_REMINDER,0
0.9263157894736842,0.42857142857142855,3536.04,UPI,HDFC,NETWORK_ERROR,15,NO_ACTION,0
0.8831168831168831,0.6666666666666666,3801.99,WALLET,SBI,LIMIT_EXCEEDED,19,RETRY_NOW,0
0.23809523809523808,0.625,1984.88,UPI,AXIS,AUTHENTICATION_FAILED,21,RETRY_NOW,0
0.9029126213592233,0.9,9520.41,CARD,HDFC,AUTHENTICATION_FAILED,17,NO_ACTION,0
0.9433962264150944,0.0,1990.78,CARD,KOTAK,BANK_TIMEOUT,10,NO_ACTION,0
1.0,0.0,5522.99,CARD,KOTAK,INSUFFICIENT_FUNDS,0,SEND_REMINDER,0
0.7333333333333333,0.625,2557.62,UPI,HDFC,NETWORK_ERROR,5,NO_ACTION,0
0.8152173913043478,0.9411764705882353,1775.8,WALLET,YESBANK,CARD_EXPIRED,3,NO_ACTION,0
0.8761904761904762,0.3076923076923077,8912.11,NETBANKING,HDFC,INSUFFICIENT_FUNDS,15,NO_ACTION,0
0.5652173913043478,0.6,3273.69,UPI,YESBANK,NETWORK_ERROR,13,NO_ACTION,0
0.8028169014084507,0.5,9053.08,UPI,KOTAK,NETWORK_ERROR,17,NO_ACTION,0
0.6216216216216216,1.0,254.84,CARD,SBI,NETWORK_ERROR,8,RETRY_NOW,0
0.4090909090909091,0.5384615384615384,1378.79,CARD,SBI,AUTHENTICATION_FAILED,13,RETRY_LATER,1
0.8387096774193549,0.7333333333333333,5089.6,UPI,HDFC,CARD_EXPIRED,17,SEND_REMINDER,1
0.927710843373494,0.8333333333333334,1799.14,CARD,KOTAK,BANK_TIMEOUT,20,SEND_REMINDER,1
0.831858407079646,0.3684210526315789,4266.96,NETBANKING,ICICI,NETWORK_ERROR,9,SEND_REMINDER,0
0.8247422680412371,1.0,7662.23,WALLET,YESBANK,AUTHENTICATION_FAILED,14,RETRY_NOW,1
0.9479166666666666,0.6,1074.59,UPI,YESBANK,NETWORK_ERROR,22,RETRY_LATER,1
0.7361111111111112,0.631578947368421,9722.51,CARD,SBI,INSUFFICIENT_FUNDS,7,NO_ACTION,0
0.5,0.3888888888888889,6035.09,UPI,ICICI,BANK_TIMEOUT,16,NO_ACTION,0
0.42857142857142855,0.125,1302.13,UPI,SBI,AUTHENTICATION_FAILED,22,RETRY_LATER,0
0.8253968253968254,1.0,8651.71,WALLET,YESBANK,INSUFFICIENT_FUNDS,13,NO_ACTION,0
0.8375,0.3076923076923077,1864.55,WALLET,YESBANK,LIMIT_EXCEEDED,4,SEND_REMINDER,0
0.9880952380952381,0.0,9006.37,NETBANKING,ICICI,LIMIT_EXCEEDED,20,RETRY_LATER,1
0.9636363636363636,0.0,3185.2,UPI,YESBANK,BANK_TIMEOUT,8,NO_ACTION,0
0.6666666666666666,0.8,9879.16,UPI,SBI,AUTHENTICATION_FAILED,4,SEND_REMINDER,1
0.9038461538461539,0.6,9562.57,NETBANKING,KOTAK,CARD_EXPIRED,22,RETRY_LATER,0
0.5,0.0,2041.07,UPI,YESBANK,AUTHENTICATION_FAILED,9,SEND_REMINDER,0
0.9347826086956522,1.0,974.92,CARD,ICICI,LIMIT_EXCEEDED,0,SEND_REMINDER,1
0.7586206896551724,0.5,1054.74,UPI,HDFC,LIMIT_EXCEEDED,17,RETRY_LATER,1
0.9807692307692307,1.0,8727.0,NETBANKING,KOTAK,NETWORK_ERROR,15,RETRY_NOW,1
0.6727272727272727,0.7222222222222222,7743.02,UPI,HDFC,NETWORK_ERROR,3,SEND_REMINDER,0
0.7,0.5,3622.12,WALLET,HDFC,LIMIT_EXCEEDED,1,RETRY_NOW,0
0.34615384615384615,0.5882352941176471,5726.67,UPI,HDFC,LIMIT_EXCEEDED,5,NO_ACTION,0
0.7272727272727273,0.4166666666666667,8424.83,CARD,HDFC,INSUFFICIENT_FUNDS,2,SEND_REMINDER,1
0.8653846153846154,0.0,203.15,CARD,SBI,INSUFFICIENT_FUNDS,6,SEND_REMINDER,1
0.9444444444444444,0.2,3735.34,CARD,HDFC,BANK_TIMEOUT,1,NO_ACTION,0
0.625,0.0,7905.28,CARD,KOTAK,INSUFFICIENT_FUNDS,10,NO_ACTION,0
0.8288288288288288,0.0,6099.65,NETBANKING,KOTAK,BANK_TIMEOUT,4,RETRY_NOW,0
0.9213483146067416,1.0,6176.92,NETBANKING,HDFC,AUTHENTICATION_FAILED,10,RETRY_LATER,0
0.972972972972973,0.0,3858.52,CARD,KOTAK,NETWORK_ERROR,5,NO_ACTION,0
0.7,0.5555555555555556,6157.0,UPI,SBI,INSUFFICIENT_FUNDS,11,SEND_REMINDER,1
0.8679245283018868,0.2857142857142857,4468.55,CARD,ICICI,NETWORK_ERROR,23,SEND_REMINDER,0
0.9,0.2,5242.13,UPI,ICICI,BANK_TIMEOUT,17,NO_ACTION,0
0.9090909090909091,0.0,6214.04,UPI,KOTAK,BANK_TIMEOUT,2,NO_ACTION,0
0.34615384615384615,0.5882352941176471,5726.67,UPI,HDFC,LIMIT_EXCEEDED,5,SEND_REMINDER,1
0.9552238805970149,0.0,1253.51,CARD,YESBANK,BANK_TIMEOUT,4,RETRY_NOW,0
0.8303571428571429,0.3684210526315789,6449.67,WALLET,SBI,CARD_EXPIRED,16,RETRY_NOW,0
0.7605633802816901,0.0,8812.24,CARD,ICICI,CARD_EXPIRED,5,NO_ACTION,0
0.6779661016949152,1.0,452.98,CARD,AXIS,AUTHENTICATION_FAILED,8,NO_ACTION,0
0.8627450980392157,1.0,1017.92,WALLET,ICICI,CARD_EXPIRED,8,RETRY_NOW,1
0.8969072164948454,0.2,1247.61,UPI,HDFC,CARD_EXPIRED,8,NO_ACTION,0
0.8695652173913043,0.08333333333333333,499.98,NETBANKING,ICICI,LIMIT_EXCEEDED,8,NO_ACTION,0
0.8208955223880597,0.5,8484.61,CARD,YESBANK,INSUFFICIENT_FUNDS,10,SEND_REMINDER,1
0.875,0.8333333333333334,4005.7,CARD,YESBANK,AUTHENTICATION_FAILED,0,RETRY_LATER,1
0.96,1.0,8357.45,NETBANKING,SBI,BANK_TIMEOUT,14,RETRY_LATER,1
0.782608695652174,0.15,3647.72,UPI,AXIS,BANK_TIMEOUT,4,RETRY_LATER,0
0.822429906542056,0.47368421052631576,9433.06,CARD,AXIS,BANK_TIMEOUT,17,RETRY_LATER,1
0.2962962962962963,0.15789473684210525,5421.13,CARD,SBI,INSUFFICIENT_FUNDS,8,RETRY_LATER,0
0.7285714285714285,0.7894736842105263,3729.58,NETBANKING,ICICI,INSUFFICIENT_FUNDS,19,RETRY_LATER,0
0.8571428571428571,0.7142857142857143,7077.58,CARD,YESBANK,NETWORK_ERROR,21,NO_ACTION,0
0.9,1.0,1137.33,NETBANKING,SBI,CARD_EXPIRED,21,NO_ACTION,0
0.7468354430379747,0.95,6353.33,WALLET,ICICI,CARD_EXPIRED,13,RETRY_NOW,1
0.9615384615384616,0.5,3858.24,UPI,HDFC,NETWORK_ERROR,23,NO_ACTION,0
0.8764044943820225,0.18181818181818182,4120.84,NETBANKING,KOTAK,NETWORK_ERROR,19,NO_ACTION,0
0.4482758620689655,0.4375,1015.03,CARD,ICICI,BANK_TIMEOUT,22,RETRY_NOW,0
0.4375,0.2777777777777778,6436.95,CARD,KOTAK,INSUFFICIENT_FUNDS,13,RETRY_NOW,1
0.2,0.4,3916.91,CARD,AXIS,INSUFFICIENT_FUNDS,13,RETRY_LATER,0
0.9629629629629629,0.6666666666666666,3256.41,WALLET,AXIS,AUTHENTICATION_FAILED,18,RETRY_LATER,1
1.0,0.0,623.51,CARD,KOTAK,INSUFFICIENT_FUNDS,10,SEND_REMINDER,0
0.8369565217391305,0.4,1709.88,UPI,YESBANK,NETWORK_ERROR,9,NO_ACTION,0
0.8928571428571429,0.6666666666666666,5302.68,UPI,AXIS,CARD_EXPIRED,23,SEND_REMINDER,1
0.825,0.0,5650.74,CARD,AXIS,INSUFFICIENT_FUNDS,11,RETRY_LATER,0
0.8571428571428571,0.2,8582.36,WALLET,KOTAK,CARD_EXPIRED,16,RETRY_NOW,0
0.979381443298969,0.5,4434.85,UPI,KOTAK,INSUFFICIENT_FUNDS,6,SEND_REMINDER,1
0.7183098591549296,1.0,8050.67,WALLET,SBI,NETWORK_ERROR,12,NO_ACTION,0
0.9714285714285714,0.0,1275.39,UPI,HDFC,LIMIT_EXCEEDED,4,NO_ACTION,0
0.9629629629629629,0.6666666666666666,4590.94,WALLET,AXIS,NETWORK_ERROR,8,RETRY_NOW,0
0.881578947368421,1.0,2620.87,WALLET,YESBANK,INSUFFICIENT_FUNDS,7,SEND_REMINDER,1
0.47058823529411764,0.7777777777777778,2470.05,CARD,HDFC,AUTHENTICATION_FAILED,22,SEND_REMINDER,1
0.7746478873239436,0.5625,2115.75,NETBANKING,HDFC,BANK_TIMEOUT,19,RETRY_LATER,1
0.8061224489795918,0.7368421052631579,6474.96,UPI,ICICI,CARD_EXPIRED,2,SEND_REMINDER,0
0.6444444444444445,0.625,5793.07,UPI,YESBANK,AUTHENTICATION_FAILED,15,NO_ACTION,0
0.8307692307692308,0.5454545454545454,3561.77,NETBANKING,KOTAK,BANK_TIMEOUT,9,RETRY_NOW,0
0.7741935483870968,0.35714285714285715,7269.62,NETBANKING,ICICI,INSUFFICIENT_FUNDS,21,SEND_REMINDER,0
0.9761904761904762,1.0,5767.96,CARD,AXIS,LIMIT_EXCEEDED,16,RETRY_NOW,0
0.6744186046511628,0.14285714285714285,3423.36,WALLET,AXIS,AUTHENTICATION_FAILED,17,NO_ACTION,0
0.7916666666666666,0.05,1158.02,NETBANKING,AXIS,NETWORK_ERROR,14,RETRY_LATER,1
0.8761904761904762,0.3076923076923077,546.32,CARD,HDFC,INSUFFICIENT_FUNDS,6,RETRY_NOW,1
0.9375,0.0,5866.02,UPI,HDFC,BANK_TIMEOUT,1,NO_ACTION,0
0.8627450980392157,1.0,328.49,WALLET,SBI,INSUFFICIENT_FUNDS,15,RETRY_LATER,1
0.85,0.5555555555555556,3111.77,WALLET,YESBANK,LIMIT_EXCEEDED,10,NO_ACTION,0
0.7916666666666666,0.2,1420.32,CARD,AXIS,INSUFFICIENT_FUNDS,11,NO_ACTION,0
0.8461538461538461,1.0,816.92,UPI,ICICI,CARD_EXPIRED,23,RETRY_NOW,0
0.7222222222222222,0.26666666666666666,9771.05,CARD,SBI,NETWORK_ERROR,9,SEND_REMINDER,1
0.8888888888888888,0.875,9653.15,WALLET,SBI,INSUFFICIENT_FUNDS,16,NO_ACTION,0
0.8596491228070176,0.5625,9957.96,UPI,KOTAK,AUTHENTICATION_FAILED,16,SEND_REMINDER,0
0.8765432098765432,0.5,7683.45,UPI,SBI,BANK_TIMEOUT,12,RETRY_LATER,1
1.0,0.0,2069.96,CARD,SBI,CARD_EXPIRED,2,RETRY_NOW,0
0.2962962962962963,0.15789473684210525,9925.02,UPI,YESBANK,CARD_EXPIRED,6,RETRY_LATER,0
0.875,0.8,9797.3,NETBANKING,YESBANK,NETWORK_ERROR,3,RETRY_LATER,0
0.9827586206896551,0.0,9132.34,NETBANKING,AXIS,BANK_TIMEOUT,7,RETRY_LATER,1
0.8876404494382022,0.9,7378.9,CARD,ICICI,NETWORK_ERROR,20,RETRY_NOW,1
0.7701149425287356,0.05,5895.33,CARD,HDFC,INSUFFICIENT_FUNDS,6,NO_ACTION,0
0.7746478873239436,0.5625,2115.75,NETBANKING,HDFC,BANK_TIMEOUT,19,NO_ACTION,0
0.5,0.09090909090909091,2033.46,WALLET,YESBANK,NETWORK_ERROR,11,NO_ACTION,0
0.8481012658227848,0.3333333333333333,387.16,UPI,SBI,AUTHENTICATION_FAILED,5,RETRY_NOW,0
0.8133333333333334,1.0,784.56,NETBANKING,YESBANK,AUTHENTICATION_FAILED,3,SEND_REMINDER,0
0.859375,0.6666666666666666,4266.54,WALLET,ICICI,BANK_TIMEOUT,17,RETRY_LATER,1
0.8333333333333334,0.9,8166.65,UPI,YESBANK,AUTHENTICATION_FAILED,20,RETRY_LATER,0
0.7666666666666667,0.9285714285714286,7231.55,NETBANKING,HDFC,BANK_TIMEOUT,14,RETRY_NOW,1
0.85,0.5555555555555556,7316.21,NETBANKING,KOTAK,LIMIT_EXCEEDED,21,RETRY_NOW,1
0.34782608695652173,0.4,8875.2,CARD,ICICI,BANK_TIMEOUT,10,NO_ACTION,0
0.75,0.29411764705882354,7682.76,NETBANKING,AXIS,AUTHENTICATION_FAILED,4,NO_ACTION,0
0.8,1.0,6781.62,UPI,HDFC,BANK_TIMEOUT,11,RETRY_LATER,0
0.975609756097561,0.5,6565.89,CARD,YESBANK,CARD_EXPIRED,5,RETRY_LATER,0
0.9880952380952381,0.0,5397.96,WALLET,SBI,AUTHENTICATION_FAILED,11,RETRY_NOW,1
0.9787234042553191,0.0,3605.16,NETBANKING,SBI,INSUFFICIENT_FUNDS,21,RETRY_NOW,0
0.8227848101265823,0.14285714285714285,3810.9,WALLET,ICICI,LIMIT_EXCEEDED,4,NO_ACTION,0
0.6052631578947368,0.2,6101.3,WALLET,KOTAK,AUTHENTICATION_FAILED,10,SEND_REMINDER,0
0.84,0.25,6256.59,NETBANKING,AXIS,BANK_TIMEOUT,21,RETRY_LATER,1
0.8811881188118812,0.16666666666666666,6826.11,UPI,YESBANK,LIMIT_EXCEEDED,16,NO_ACTION,0
0.9428571428571428,1.0,2643.99,CARD,AXIS,BANK_TIMEOUT,6,SEND_REMINDER,1
0.8133333333333334,0.9285714285714286,616.85,WALLET,ICICI,NETWORK_ERROR,1,SEND_REMINDER,0
0.8762886597938144,0.0,972.42,WALLET,HDFC,LIMIT_EXCEEDED,13,NO_ACTION,0
0.6825396825396826,0.9,6694.11,WALLET,AXIS,CARD_EXPIRED,0,NO_ACTION,0
0.32142857142857145,0.9473684210526315,7396.83,WALLET,HDFC,BANK_TIMEOUT,13,NO_ACTION,0
0.8850574712643678,0.2,5868.49,WALLET,KOTAK,NETWORK_ERROR,7,RETRY_LATER,1
0.7721518987341772,0.3333333333333333,9403.09,NETBANKING,YESBANK,AUTHENTICATION_FAILED,11,RETRY_NOW,0
0.9841269841269841,1.0,9396.15,NETBANKING,ICICI,CARD_EXPIRED,15,NO_ACTION,0
1.0,0.0,6367.14,UPI,SBI,INSUFFICIENT_FUNDS,12,SEND_REMINDER,1
0.9523809523809523,0.2,4783.76,UPI,HDFC,BANK_TIMEOUT,11,SEND_REMINDER,0
0.8095238095238095,0.16666666666666666,9428.3,UPI,YESBANK,CARD_EXPIRED,22,RETRY_NOW,0
0.75,1.0,8094.81,UPI,KOTAK,BANK_TIMEOUT,7,NO_ACTION,0
0.9534883720930233,0.5,3630.52,NETBANKING,AXIS,AUTHENTICATION_FAILED,15,SEND_REMINDER,1
0.9056603773584906,0.6,6855.22,CARD,AXIS,NETWORK_ERROR,7,RETRY_NOW,1
0.8148148148148148,0.06666666666666667,7006.82,UPI,YESBANK,AUTHENTICATION_FAILED,6,RETRY_NOW,0
0.8434782608695652,0.5,4816.93,WALLET,KOTAK,LIMIT_EXCEEDED,5,SEND_REMINDER,0
0.7714285714285715,0.25,7175.41,WALLET,SBI,AUTHENTICATION_FAILED,6,RETRY_LATER,0
0.9702970297029703,0.3333333333333333,3290.42,CARD,ICICI,INSUFFICIENT_FUNDS,10,SEND_REMINDER,1
0.7857142857142857,0.3333333333333333,8444.93,CARD,YESBANK,INSUFFICIENT_FUNDS,18,NO_ACTION,0
0.9333333333333333,0.4,7407.17,UPI,KOTAK,LIMIT_EXCEEDED,4,SEND_REMINDER,1
0.7619047619047619,0.35,4253.82,CARD,AXIS,BANK_TIMEOUT,20,NO_ACTION,0
1.0,0.0,6622.64,WALLET,ICICI,AUTHENTICATION_FAILED,20,RETRY_LATER,1
0.7894736842105263,0.375,400.17,CARD,ICICI,AUTHENTICATION_FAILED,4,RETRY_LATER,1
0.88,0.6666666666666666,4059.76,WALLET,AXIS,NETWORK_ERROR,23,RETRY_LATER,1
0.84375,0.2,7913.21,WALLET,SBI,NETWORK_ERROR,8,RETRY_LATER,0
0.9615384615384616,0.5,3858.24,UPI,HDFC,NETWORK_ERROR,23,RETRY_NOW,1
0.8990825688073395,0.2727272727272727,3430.21,WALLET,YESBANK,NETWORK_ERROR,12,RETRY_LATER,0
0.8981481481481481,0.5454545454545454,9902.2,NETBANKING,HDFC,CARD_EXPIRED,8,RETRY_NOW,1
0.7083333333333334,0.14285714285714285,2760.59,UPI,ICICI,LIMIT_EXCEEDED,7,SEND_REMINDER,0
0.92,0.16666666666666666,7158.5,UPI,YESBANK,NETWORK_ERROR,8,NO_ACTION,0
0.7647058823529411,0.55,1159.97,UPI,SBI,AUTHENTICATION_FAILED,10,SEND_REMINDER,1
0.8615384615384616,0.8888888888888888,1705.89,UPI,HDFC,NETWORK_ERROR,23,NO_ACTION,0
1.0,0.0,7813.17,WALLET,SBI,INSUFFICIENT_FUNDS,19,SEND_REMINDER,1
0.6226415094339622,0.85,2934.82,WALLET,AXIS,AUTHENTICATION_FAILED,6,RETRY_LATER,1
0.7894736842105263,0.375,8704.17,CARD,ICICI,CARD_EXPIRED,0,SEND_REMINDER,1
0.91,0.2222222222222222,3251.32,NETBANKING,ICICI,AUTHENTICATION_FAILED,12,NO_ACTION,0
0.42857142857142855,0.16666666666666666,6304.41,NETBANKING,SBI,CARD_EXPIRED,6,SEND_REMINDER,0
0.7931034482758621,0.8333333333333334,5928.71,CARD,AXIS,LIMIT_EXCEEDED,19,RETRY_NOW,1
0.631578947368421,0.14285714285714285,1948.93,NETBANKING,HDFC,LIMIT_EXCEEDED,3,SEND_REMINDER,0
0.8571428571428571,0.0,7825.34,WALLET,AXIS,BANK_TIMEOUT,21,SEND_REMINDER,0
0.9565217391304348,1.0,4824.54,CARD,KOTAK,BANK_TIMEOUT,8,RETRY_LATER,1
0.8923076923076924,0.2857142857142857,2936.49,UPI,AXIS,INSUFFICIENT_FUNDS,6,SEND_REMINDER,1
0.9263157894736842,0.42857142857142855,3536.04,UPI,HDFC,NETWORK_ERROR,15,RETRY_NOW,0
0.5641025641025641,0.0,4363.59,CARD,HDFC,INSUFFICIENT_FUNDS,11,RETRY_NOW,0
0.23809523809523808,0.625,4673.06,UPI,KOTAK,AUTHENTICATION_FAILED,16,NO_ACTION,0
0.8769230769230769,0.125,8514.18,NETBANKING,YESBANK,BANK_TIMEOUT,2,SEND_REMINDER,0
0.45454545454545453,0.8333333333333334,7502.93,NETBANKING,ICICI,NETWORK_ERROR,19,RETRY_NOW,1
0.99,1.0,3366.73,NETBANKING,AXIS,LIMIT_EXCEEDED,16,SEND_REMINDER,1
0.972972972972973,0.0,6776.15,NETBANKING,HDFC,AUTHENTICATION_FAILED,22,RETRY_NOW,1
0.972972972972973,0.0,5656.8,CARD,YESBANK,BANK_TIMEOUT,16,RETRY_NOW,0
0.9166666666666666,1.0,7320.11,CARD,ICICI,BANK_TIMEOUT,10,RETRY_LATER,1
0.9148936170212766,0.625,4536.8,WALLET,KOTAK,BANK_TIMEOUT,8,RETRY_LATER,1
0.7741935483870968,0.35714285714285715,7269.62,NETBANKING,ICICI,INSUFFICIENT_FUNDS,21,RETRY_LATER,0
0.9516129032258065,0.3333333333333333,589.78,UPI,ICICI,CARD_EXPIRED,21,RETRY_LATER,1
0.96,1.0,7041.08,WALLET,KOTAK,AUTHENTICATION_FAILED,2,RETRY_LATER,1
0.9508196721311475,0.0,3376.94,WALLET,KOTAK,BANK_TIMEOUT,21,NO_ACTION,0
0.4482758620689655,0.4375,6344.2,UPI,YESBANK,CARD_EXPIRED,15,NO_ACTION,0
0.9523809523809523,0.6,5707.83,WALLET,YESBANK,INSUFFICIENT_FUNDS,11,NO_ACTION,0
0.9534883720930233,0.5,6250.82,WALLET,ICICI,BANK_TIMEOUT,11,NO_ACTION,0
0.8947368421052632,0.625,290.78,UPI,YESBANK,LIMIT_EXCEEDED,23,RETRY_NOW,1
0.7746478873239436,0.5625,2175.82,UPI,SBI,INSUFFICIENT_FUNDS,12,RETRY_NOW,0
1.0,0.0,9234.93,UPI,KOTAK,AUTHENTICATION_FAILED,21,RETRY_NOW,0
0.8785046728971962,0.15384615384615385,2407.56,NETBANKING,KOTAK,BANK_TIMEOUT,8,RETRY_NOW,1
0.7183098591549296,0.45,4281.79,CARD,AXIS,INSUFFICIENT_FUNDS,20,SEND_REMINDER,1
0.7727272727272727,0.3,4658.1,CARD,ICICI,CARD_EXPIRED,1,SEND_REMINDER,0
0.9381443298969072,1.0,4514.71,UPI,YESBANK,LIMIT_EXCEEDED,0,NO_ACTION,0
0.2962962962962963,0.15789473684210525,7514.91,UPI,KOTAK,NETWORK_ERROR,7,RETRY_NOW,0
0.45454545454545453,0.5,1554.43,UPI,YESBANK,INSUFFICIENT_FUNDS,22,SEND_REMINDER,1
0.7857142857142857,0.9166666666666666,8374.79,CARD,ICICI,BANK_TIMEOUT,8,SEND_REMINDER,1
0.72,0.5714285714285714,8967.86,UPI,HDFC,AUTHENTICATION_FAILED,20,RETRY_NOW,1
0.6744186046511628,0.14285714285714285,3423.36,WALLET,AXIS,AUTHENTICATION_FAILED,17,RETRY_NOW,0
0.8738738738738738,0.5714285714285714,3272.2,CARD,KOTAK,LIMIT_EXCEEDED,8,SEND_REMINDER,1
0.6785714285714286,0.7777777777777778,5823.18,UPI,HDFC,CARD_EXPIRED,2,RETRY_LATER,1
0.8571428571428571,0.0,333.89,UPI,HDFC,CARD_EXPIRED,10,SEND_REMINDER,1
0.8222222222222222,0.0,8232.96,UPI,AXIS,CARD_EXPIRED,4,RETRY_LATER,0
0.7222222222222222,0.26666666666666666,2736.1,NETBANKING,SBI,INSUFFICIENT_FUNDS,0,RETRY_NOW,0
0.9583333333333334,1.0,3422.04,UPI,YESBANK,CARD_EXPIRED,15,SEND_REMINDER,1
0.9253731343283582,0.6,2574.07,WALLET,HDFC,INSUFFICIENT_FUNDS,16,RETRY_LATER,0
0.75,1.0,6877.72,NETBANKING,YESBANK,INSUFFICIENT_FUNDS,15,SEND_REMINDER,1
0.8130841121495327,0.4,5687.02,NETBANKING,HDFC,LIMIT_EXCEEDED,22,RETRY_LATER,0
0.875,0.7142857142857143,4017.34,NETBANKING,YESBANK,AUTHENTICATION_FAILED,8,SEND_REMINDER,1
0.4594594594594595,0.65,6441.02,CARD,HDFC,CARD_EXPIRED,2,NO_ACTION,0
0.8292682926829268,0.14285714285714285,276.73,NETBANKING,SBI,INSUFFICIENT_FUNDS,23,RETRY_NOW,0
0.9178082191780822,0.8333333333333334,956.61,UPI,KOTAK,NETWORK_ERROR,20,RETRY_LATER,0
0.6976744186046512,0.07692307692307693,7736.8,NETBANKING,AXIS,BANK_TIMEOUT,15,NO_ACTION,0
0.9354838709677419,1.0,5247.85,CARD,ICICI,NETWORK_ERROR,10,NO_ACTION,0
0.9787234042553191,0.5,386.89,WALLET,ICICI,INSUFFICIENT_FUNDS,3,NO_ACTION,0
0.7291666666666666,0.3076923076923077,1971.28,NETBANKING,AXIS,CARD_EXPIRED,21,SEND_REMINDER,0
0.9411764705882353,0.0,3679.01,NETBANKING,AXIS,LIMIT_EXCEEDED,17,RETRY_NOW,1
0.7567567567567568,0.6666666666666666,9382.58,UPI,ICICI,CARD_EXPIRED,9,SEND_REMINDER,1
0.74,0.5384615384615384,7491.69,WALLET,YESBANK,NETWORK_ERROR,11,RETRY_NOW,0
0.7402597402597403,0.95,4366.68,NETBANKING,KOTAK,INSUFFICIENT_FUNDS,23,SEND_REMINDER,1
0.7727272727272727,0.3,8316.14,NETBANKING,ICICI,LIMIT_EXCEEDED,0,NO_ACTION,0
0.6825396825396826,0.9,6694.11,WALLET,AXIS,CARD_EXPIRED,0,SEND_REMINDER,0
0.5384615384615384,0.0,9644.95,WALLET,YESBANK,INSUFFICIENT_FUNDS,5,RETRY_LATER,0
0.34782608695652173,0.4,6999.32,WALLET,AXIS,INSUFFICIENT_FUNDS,0,SEND_REMINDER,0
1.0,0.0,4348.65,UPI,AXIS,CARD_EXPIRED,1,SEND_REMINDER,0
0.7432432432432432,0.8947368421052632,3107.38,NETBANKING,SBI,CARD_EXPIRED,14,RETRY_LATER,0
0.375,0.0,1133.75,CARD,YESBANK,NETWORK_ERROR,4,RETRY_NOW,0
0.4444444444444444,0.55,6409.7,UPI,SBI,BANK_TIMEOUT,0,NO_ACTION,0
0.9743589743589743,1.0,8601.13,UPI,YESBANK,AUTHENTICATION_FAILED,13,SEND_REMINDER,0
0.94,1.0,1306.9,WALLET,ICICI,BANK_TIMEOUT,22,SEND_REMINDER,1
0.9,0.0,313.65,NETBANKING,SBI,CARD_EXPIRED,1,SEND_REMINDER,0
0.8571428571428571,0.4,1212.16,NETBANKING,SBI,BANK_TIMEOUT,5,NO_ACTION,0
0.8148148148148148,0.2,3939.59,UPI,SBI,INSUFFICIENT_FUNDS,11,NO_ACTION,0
0.8222222222222222,0.0,4694.92,CARD,HDFC,CARD_EXPIRED,23,RETRY_NOW,0
1.0,0.0,3697.9,UPI,SBI,LIMIT_EXCEEDED,23,NO_ACTION,0
0.6923076923076923,0.9375,6601.49,UPI,ICICI,INSUFFICIENT_FUNDS,7,RETRY_LATER,0
0.8095238095238095,0.16666666666666666,4328.26,CARD,YESBANK,INSUFFICIENT_FUNDS,5,RETRY_NOW,0
0.9183673469387755,0.75,8172.73,UPI,HDFC,NETWORK_ERROR,21,NO_ACTION,0
0.9607843137254902,0.5,7674.11,UPI,ICICI,INSUFFICIENT_FUNDS,2,SEND_REMINDER,1
1.0,0.0,6586.69,WALLET,HDFC,INSUFFICIENT_FUNDS,1,RETRY_NOW,1
0.8571428571428571,0.0,6781.8,CARD,ICICI,BANK_TIMEOUT,13,RETRY_LATER,1
0.8780487804878049,0.6,2337.43,UPI,KOTAK,INSUFFICIENT_FUNDS,8,NO_ACTION,0
0.7647058823529411,0.55,1159.97,UPI,SBI,AUTHENTICATION_FAILED,10,NO_ACTION,0
0.9310344827586207,0.75,2245.2,CARD,AXIS,BANK_TIMEOUT,2,NO_ACTION,0
0.6216216216216216,1.0,1477.96,UPI,SBI,AUTHENTICATION_FAILED,13,RETRY_NOW,0
0.2916666666666667,0.0,4855.42,NETBANKING,YESBANK,NETWORK_ERROR,5,SEND_REMINDER,0
0.6595744680851063,0.1875,8587.35,NETBANKING,YESBANK,CARD_EXPIRED,15,SEND_REMINDER,0
0.86,0.21428571428571427,8793.07,NETBANKING,YESBANK,LIMIT_EXCEEDED,16,SEND_REMINDER,0
0.4666666666666667,0.125,3133.57,WALLET,HDFC,BANK_TIMEOUT,1,RETRY_LATER,1
0.8133333333333334,1.0,784.56,NETBANKING,YESBANK,AUTHENTICATION_FAILED,3,RETRY_LATER,1
0.8076923076923077,1.0,2930.73,WALLET,KOTAK,BANK_TIMEOUT,1,RETRY_NOW,0
0.9166666666666666,0.8,9959.28,WALLET,KOTAK,CARD_EXPIRED,4,RETRY_NOW,1
0.8761904761904762,0.3076923076923077,6585.93,UPI,ICICI,NETWORK_ERROR,20,SEND_REMINDER,0
0.9029126213592233,0.9,9520.41,CARD,HDFC,AUTHENTICATION_FAILED,17,SEND_REMINDER,1
0.8085106382978723,0.5555555555555556,6964.72,NETBANKING,YESBANK,AUTHENTICATION_FAILED,7,NO_ACTION,0
1.0,0.0,6778.92,CARD,YESBANK,INSUFFICIENT_FUNDS,3,NO_ACTION,0
0.6923076923076923,0.9375,6601.49,UPI,ICICI,INSUFFICIENT_FUNDS,7,NO_ACTION,0
0.8,0.17647058823529413,2398.39,UPI,KOTAK,LIMIT_EXCEEDED,17,NO_ACTION,0
0.6595744680851063,0.1875,3721.89,UPI,AXIS,LIMIT_EXCEEDED,18,SEND_REMINDER,1
0.8282828282828283,0.23529411764705882,5305.85,WALLET,ICICI,CARD_EXPIRED,15,NO_ACTION,0
0.36666666666666664,0.631578947368421,4406.49,NETBANKING,KOTAK,AUTHENTICATION_FAILED,13,RETRY_NOW,0
0.9375,0.0,2215.81,NETBANKING,YESBANK,AUTHENTICATION_FAILED,23,RETRY_LATER,1
0.8591549295774648,0.4,4804.87,WALLET,HDFC,INSUFFICIENT_FUNDS,15,RETRY_NOW,0
0.34615384615384615,0.7647058823529411,4961.5,WALLET,ICICI,NETWORK_ERROR,10,RETRY_LATER,0
0.9523809523809523,1.0,8931.97,UPI,ICICI,INSUFFICIENT_FUNDS,0,RETRY_LATER,1
1.0,0.0,6622.64,WALLET,ICICI,AUTHENTICATION_FAILED,20,RETRY_NOW,0
0.8924731182795699,0.4,3193.84,NETBANKING,AXIS,LIMIT_EXCEEDED,19,SEND_REMINDER,1
0.9032258064516129,1.0,4389.53,CARD,ICICI,INSUFFICIENT_FUNDS,4,RETRY_NOW,1
1.0,0.0,750.42,NETBANKING,SBI,CARD_EXPIRED,20,RETRY_NOW,0
0.7530864197530864,0.5,4366.33,UPI,SBI,CARD_EXPIRED,21,RETRY_LATER,0
1.0,0.0,7508.46,NETBANKING,HDFC,INSUFFICIENT_FUNDS,19,SEND_REMINDER,0
0.3,0.8571428571428571,3510.24,CARD,YESBANK,AUTHENTICATION_FAILED,9,RETRY_NOW,0
0.8709677419354839,0.5,6869.1,UPI,ICICI,BANK_TIMEOUT,3,SEND_REMINDER,1
0.8585858585858586,1.0,9689.72,CARD,YESBANK,CARD_EXPIRED,15,SEND_REMINDER,1
0.6808510638297872,0.8666666666666667,2738.23,CARD,AXIS,AUTHENTICATION_FAILED,1,SEND_REMINDER,0
0.9473684210526315,0.25,8117.84,UPI,KOTAK,LIMIT_EXCEEDED,8,NO_ACTION,0
0.7727272727272727,0.3,2055.5,WALLET,AXIS,INSUFFICIENT_FUNDS,14,RETRY_LATER,0
0.3,0.9285714285714286,7319.02,UPI,YESBANK,AUTHENTICATION_FAILED,19,NO_ACTION,0
0.6727272727272727,0.7222222222222222,7743.02,UPI,HDFC,NETWORK_ERROR,3,NO_ACTION,0
0.9333333333333333,0.0,9605.07,NETBANKING,YESBANK,NETWORK_ERROR,13,RETRY_LATER,1
0.8409090909090909,1.0,1312.87,WALLET,ICICI,LIMIT_EXCEEDED,16,RETRY_LATER,0
0.9104477611940298,0.0,1501.25,WALLET,AXIS,AUTHENTICATION_FAILED,2,RETRY_NOW,0
0.9333333333333333,0.0,1751.47,UPI,HDFC,LIMIT_EXCEEDED,5,SEND_REMINDER,1
0.6666666666666666,0.0,941.49,WALLET,HDFC,NETWORK_ERROR,0,RETRY_LATER,1
0.875,0.8571428571428571,7955.39,WALLET,ICICI,INSUFFICIENT_FUNDS,19,RETRY_NOW,0
0.8253968253968254,1.0,7330.06,CARD,HDFC,BANK_TIMEOUT,18,SEND_REMINDER,1
0.8902439024390244,1.0,3501.66,UPI,ICICI,CARD_EXPIRED,17,NO_ACTION,0
0.9473684210526315,0.0,5800.12,WALLET,HDFC,LIMIT_EXCEEDED,17,SEND_REMINDER,1
0.9629629629629629,0.6666666666666666,5468.53,NETBANKING,SBI,BANK_TIMEOUT,17,NO_ACTION,0
0.8421052631578947,0.0,9702.96,CARD,YESBANK,LIMIT_EXCEEDED,19,RETRY_NOW,1
0.8172043010752689,0.23529411764705882,9547.75,WALLET,YESBANK,AUTHENTICATION_FAILED,4,SEND_REMINDER,0
0.9081632653061225,0.5555555555555556,2257.75,WALLET,AXIS,BANK_TIMEOUT,4,SEND_REMINDER,1
0.8831168831168831,0.6666666666666666,2189.43,CARD,YESBANK,AUTHENTICATION_FAILED,21,RETRY_NOW,0
0.8208955223880597,0.5833333333333334,7090.3,CARD,HDFC,AUTHENTICATION_FAILED,7,RETRY_NOW,1
0.5641025641025641,0.0,4363.59,CARD,HDFC,INSUFFICIENT_FUNDS,11,RETRY_LATER,0
0.7647058823529411,0.125,7107.51,NETBANKING,ICICI,INSUFFICIENT_FUNDS,5,RETRY_NOW,1
0.8163265306122449,0.05555555555555555,9286.71,CARD,YESBANK,LIMIT_EXCEEDED,18,RETRY_NOW,0
0.8955223880597015,0.0,5673.8,UPI,HDFC,NETWORK_ERROR,12,RETRY_NOW,0
1.0,0.0,2993.73,UPI,KOTAK,AUTHENTICATION_FAILED,6,RETRY_LATER,0
0.7654320987654321,0.7368421052631579,5202.76,WALLET,YESBANK,INSUFFICIENT_FUNDS,2,RETRY_NOW,1
0.7763157894736842,0.29411764705882354,6483.82,CARD,SBI,LIMIT_EXCEEDED,9,NO_ACTION,0
0.7397260273972602,1.0,9380.44,CARD,HDFC,AUTHENTICATION_FAILED,20,NO_ACTION,0
0.6216216216216216,1.0,2447.3,UPI,KOTAK,LIMIT_EXCEEDED,16,NO_ACTION,0
0.9090909090909091,0.8571428571428571,7426.06,WALLET,KOTAK,AUTHENTICATION_FAILED,7,NO_ACTION,0
0.9210526315789473,0.3333333333333333,5168.84,NETBANKING,HDFC,NETWORK_ERROR,10,SEND_REMINDER,0
0.9473684210526315,0.0,9407.76,CARD,YESBANK,CARD_EXPIRED,14,SEND_REMINDER,1
0.725,0.5454545454545454,7429.16,NETBANKING,HDFC,AUTHENTICATION_FAILED,8,RETRY_NOW,0
0.9565217391304348,1.0,4824.54,CARD,KOTAK,BANK_TIMEOUT,8,RETRY_NOW,1
0.8080808080808081,0.7894736842105263,4250.96,WALLET,YESBANK,INSUFFICIENT_FUNDS,8,SEND_REMINDER,1
0.71875,0.3333333333333333,9085.23,NETBANKING,ICICI,NETWORK_ERROR,14,NO_ACTION,0
0.75,1.0,1644.18,NETBANKING,HDFC,AUTHENTICATION_FAILED,2,RETRY_LATER,0
0.5652173913043478,0.6,1154.77,WALLET,KOTAK,AUTHENTICATION_FAILED,12,NO_ACTION,0
0.7727272727272727,0.3,4658.1,CARD,ICICI,CARD_EXPIRED,1,RETRY_LATER,0
0.90625,0.0,6302.65,UPI,YESBANK,INSUFFICIENT_FUNDS,15,RETRY_LATER,0
0.7,0.5555555555555556,2278.9,CARD,ICICI,CARD_EXPIRED,22,RETRY_NOW,1
0.782608695652174,0.2,4002.37,NETBANKING,AXIS,LIMIT_EXCEEDED,6,RETRY_LATER,0
0.3333333333333333,0.55,4889.4,NETBANKING,YESBANK,AUTHENTICATION_FAILED,7,NO_ACTION,0
0.8390804597701149,0.42857142857142855,8636.16,CARD,YESBANK,INSUFFICIENT_FUNDS,21,SEND_REMINDER,0
0.7619047619047619,0.35,4253.82,CARD,AXIS,BANK_TIMEOUT,20,SEND_REMINDER,0
0.8208955223880597,0.5,8935.9,UPI,ICICI,LIMIT_EXCEEDED,21,RETRY_LATER,1
0.5,0.8333333333333334,7433.25,WALLET,ICICI,AUTHENTICATION_FAILED,4,RETRY_NOW,0
0.6923076923076923,0.5,3718.13,UPI,ICICI,CARD_EXPIRED,2,RETRY_LATER,0
0.8811881188118812,0.16666666666666666,2485.71,CARD,SBI,CARD_EXPIRED,14,NO_ACTION,0
0.8738738738738738,0.5714285714285714,5388.62,WALLET,KOTAK,AUTHENTICATION_FAILED,23,NO_ACTION,0
0.9038461538461539,0.6,9562.57,NETBANKING,KOTAK,CARD_EXPIRED,22,NO_ACTION,0
0.896551724137931,0.8888888888888888,2798.73,CARD,YESBANK,INSUFFICIENT_FUNDS,17,SEND_REMINDER,1
1.0,0.0,4226.66,NETBANKING,SBI,INSUFFICIENT_FUNDS,14,RETRY_LATER,0
0.96,1.0,2016.13,CARD,YESBANK,NETWORK_ERROR,15,SEND_REMINDER,1
0.7868852459016393,0.46153846153846156,4572.41,CARD,HDFC,BANK_TIMEOUT,1,NO_ACTION,0
0.8421052631578947,0.0,1387.74,WALLET,YESBANK,LIMIT_EXCEEDED,16,RETRY_LATER,0
0.7272727272727273,0.4166666666666667,6097.8,WALLET,HDFC,INSUFFICIENT_FUNDS,22,NO_ACTION,0
0.8076923076923077,1.0,9811.83,CARD,YESBANK,INSUFFICIENT_FUNDS,23,RETRY_NOW,1
0.8958333333333334,0.8,5767.52,WALLET,AXIS,INSUFFICIENT_FUNDS,15,SEND_REMINDER,1
0.7735849056603774,0.4166666666666667,7683.57,CARD,YESBANK,INSUFFICIENT_FUNDS,9,RETRY_NOW,0
0.9534883720930233,0.5,6250.82,WALLET,ICICI,BANK_TIMEOUT,11,RETRY_NOW,1
0.6724137931034483,0.10526315789473684,4926.95,WALLET,ICICI,NETWORK_ERROR,6,SEND_REMINDER,0
0.34615384615384615,0.7647058823529411,4961.5,WALLET,ICICI,NETWORK_ERROR,10,NO_ACTION,0
0.890625,0.42857142857142855,6074.79,CARD,YESBANK,LIMIT_EXCEEDED,1,RETRY_NOW,0
0.84,0.6875,561.53,NETBANKING,SBI,NETWORK_ERROR,19,RETRY_NOW,1
0.84,0.5,2362.54,NETBANKING,YESBANK,CARD_EXPIRED,6,RETRY_NOW,0
0.8947368421052632,0.625,3411.28,NETBANKING,KOTAK,LIMIT_EXCEEDED,16,SEND_REMINDER,1
0.8653846153846154,0.0,685.35,UPI,KOTAK,CARD_EXPIRED,2,RETRY_NOW,0
0.9803921568627451,0.0,7607.34,NETBANKING,ICICI,INSUFFICIENT_FUNDS,16,NO_ACTION,0
0.8421052631578947,0.6666666666666666,479.02,CARD,YESBANK,INSUFFICIENT_FUNDS,8,RETRY_LATER,1
0.7872340425531915,0.55,6301.17,CARD,KOTAK,LIMIT_EXCEEDED,19,NO_ACTION,0
0.8288288288288288,0.0,3148.99,NETBANKING,AXIS,LIMIT_EXCEEDED,3,SEND_REMINDER,0
0.972972972972973,0.0,6297.24,UPI,HDFC,LIMIT_EXCEEDED,2,RETRY_LATER,1
0.8923076923076924,0.2857142857142857,5912.16,CARD,YESBANK,NETWORK_ERROR,14,RETRY_NOW,1
0.6326530612244898,0.6666666666666666,7272.37,CARD,ICICI,AUTHENTICATION_FAILED,6,SEND_REMINDER,0
0.5263157894736842,1.0,1846.35,UPI,SBI,AUTHENTICATION_FAILED,10,SEND_REMINDER,1
0.9148936170212766,0.625,5493.56,WALLET,SBI,AUTHENTICATION_FAILED,13,SEND_REMINDER,1
0.5957446808510638,0.05263157894736842,5252.4,WALLET,HDFC,INSUFFICIENT_FUNDS,18,RETRY_NOW,0
0.7222222222222222,0.2,6799.22,UPI,KOTAK,NETWORK_ERROR,11,RETRY_LATER,0
0.9787234042553191,0.5,3388.88,WALLET,YESBANK,CARD_EXPIRED,14,NO_ACTION,0
0.7948717948717948,0.625,4793.6,WALLET,HDFC,INSUFFICIENT_FUNDS,4,SEND_REMINDER,0
0.8288288288288288,0.0,6099.65,NETBANKING,KOTAK,BANK_TIMEOUT,4,RETRY_LATER,1
0.25,0.3333333333333333,4075.81,NETBANKING,HDFC,BANK_TIMEOUT,1,RETRY_LATER,0
0.7397260273972602,0.47368421052631576,1052.53,UPI,AXIS,AUTHENTICATION_FAILED,5,SEND_REMINDER,1
0.25925925925925924,0.1,7566.28,WALLET,AXIS,NETWORK_ERROR,21,RETRY_NOW,0
0.9702970297029703,0.3333333333333333,7171.94,NETBANKING,YESBANK,INSUFFICIENT_FUNDS,9,SEND_REMINDER,0
0.7111111111111111,0.9230769230769231,1567.79,UPI,HDFC,BANK_TIMEOUT,18,RETRY_LATER,0
0.9325842696629213,1.0,7337.38,NETBANKING,AXIS,CARD_EXPIRED,2,RETRY_LATER,0
0.8,1.0,3250.91,NETBANKING,KOTAK,NETWORK_ERROR,19,NO_ACTION,0
0.32142857142857145,0.9473684210526315,1532.8,CARD,HDFC,LIMIT_EXCEEDED,18,NO_ACTION,0
0.9010989010989011,0.8888888888888888,3712.75,WALLET,ICICI,CARD_EXPIRED,8,RETRY_NOW,1
0.7692307692307693,1.0,3439.26,WALLET,KOTAK,BANK_TIMEOUT,11,SEND_REMINDER,0
0.98989898989899,1.0,3982.59,WALLET,HDFC,INSUFFICIENT_FUNDS,14,NO_ACTION,0
0.5384615384615384,0.8333333333333334,1272.31,NETBANKING,SBI,CARD_EXPIRED,2,RETRY_NOW,0
0.75,0.6,8831.43,NETBANKING,SBI,CARD_EXPIRED,6,NO_ACTION,0
0.8508771929824561,0.8823529411764706,1159.74,CARD,AXIS,CARD_EXPIRED,5,RETRY_NOW,0
0.8981481481481481,0.5454545454545454,177.36,NETBANKING,HDFC,CARD_EXPIRED,16,RETRY_LATER,1
0.765625,0.4,5069.37,WALLET,ICICI,AUTHENTICATION_FAILED,16,NO_ACTION,0
0.8709677419354839,0.5,7342.0,UPI,KOTAK,LIMIT_EXCEEDED,9,RETRY_NOW,1
0.8636363636363636,0.3333333333333333,5805.35,NETBANKING,HDFC,INSUFFICIENT_FUNDS,21,RETRY_LATER,0
0.6,0.7222222222222222,6194.54,UPI,HDFC,INSUFFICIENT_FUNDS,18,SEND_REMINDER,0
0.7945205479452054,0.7333333333333333,9857.86,UPI,YESBANK,AUTHENTICATION_FAILED,12,NO_ACTION,0
0.6226415094339622,0.15,6192.81,CARD,AXIS,NETWORK_ERROR,9,RETRY_LATER,0
0.8507462686567164,0.7,3656.14,WALLET,AXIS,INSUFFICIENT_FUNDS,8,NO_ACTION,0
0.8831168831168831,0.7777777777777778,5028.37,WALLET,AXIS,BANK_TIMEOUT,20,RETRY_NOW,1
0.7906976744186046,0.5555555555555556,7266.44,CARD,ICICI,NETWORK_ERROR,17,RETRY_LATER,1
0.4666666666666667,0.125,6174.83,NETBANKING,YESBANK,BANK_TIMEOUT,11,SEND_REMINDER,0
0.9325842696629213,1.0,7337.38,NETBANKING,AXIS,CARD_EXPIRED,2,NO_ACTION,0
0.9230769230769231,0.6,8677.41,WALLET,HDFC,INSUFFICIENT_FUNDS,13,RETRY_LATER,0
1.0,0.0,2090.69,NETBANKING,AXIS,CARD_EXPIRED,10,SEND_REMINDER,1
0.9411764705882353,0.5,6979.7,CARD,SBI,NETWORK_ERROR,19,RETRY_LATER,1
0.8850574712643678,0.2,7460.68,NETBANKING,KOTAK,LIMIT_EXCEEDED,20,RETRY_NOW,0
0.2857142857142857,0.5,9775.27,NETBANKING,YESBANK,BANK_TIMEOUT,0,RETRY_NOW,1
0.6774193548387096,0.4,9078.46,CARD,KOTAK,BANK_TIMEOUT,0,NO_ACTION,0
0.8295454545454546,0.2,5185.13,WALLET,ICICI,NETWORK_ERROR,16,RETRY_NOW,0
0.8266666666666667,0.6923076923076923,5018.18,WALLET,ICICI,BANK_TIMEOUT,14,SEND_REMINDER,0
0.6764705882352942,0.2727272727272727,5894.2,CARD,AXIS,BANK_TIMEOUT,7,RETRY_NOW,1
0.717948717948718,0.45454545454545453,8427.31,WALLET,ICICI,NETWORK_ERROR,0,SEND_REMINDER,0
0.8433734939759037,0.6923076923076923,3714.71,CARD,SBI,LIMIT_EXCEEDED,22,SEND_REMINDER,1
0.5925925925925926,0.6363636363636364,7096.96,NETBANKING,AXIS,CARD_EXPIRED,0,SEND_REMINDER,1
0.9607843137254902,0.25,3044.73,UPI,KOTAK,AUTHENTICATION_FAILED,18,RETRY_NOW,0
0.6808510638297872,0.8666666666666667,8320.49,UPI,SBI,INSUFFICIENT_FUNDS,8,RETRY_LATER,0
0.9444444444444444,0.2,5069.41,NETBANKING,HDFC,BANK_TIMEOUT,4,RETRY_NOW,0
0.9117647058823529,0.3333333333333333,9121.05,NETBANKING,YESBANK,BANK_TIMEOUT,14,RETRY_NOW,0
0.975609756097561,0.0,4852.51,WALLET,YESBANK,INSUFFICIENT_FUNDS,11,NO_ACTION,0
0.8,0.17647058823529413,9043.95,NETBANKING,YESBANK,CARD_EXPIRED,3,NO_ACTION,0
0.8627450980392157,1.0,4223.55,CARD,AXIS,CARD_EXPIRED,22,SEND_REMINDER,1
0.8,0.15384615384615385,7030.89,UPI,AXIS,NETWORK_ERROR,20,RETRY_NOW,0
0.922077922077922,0.16666666666666666,6118.12,WALLET,YESBANK,CARD_EXPIRED,0,NO_ACTION,0
0.883495145631068,0.75,8582.41,UPI,AXIS,INSUFFICIENT_FUNDS,7,RETRY_LATER,0
0.9866666666666667,0.0,7871.66,NETBANKING,KOTAK,NETWORK_ERROR,10,RETRY_NOW,1
0.6779661016949152,1.0,2553.19,UPI,YESBANK,NETWORK_ERROR,2,RETRY_NOW,1
0.3,0.8571428571428571,9536.68,UPI,SBI,CARD_EXPIRED,5,NO_ACTION,0
0.8230088495575221,0.75,8877.69,UPI,YESBANK,INSUFFICIENT_FUNDS,12,RETRY_LATER,0
0.8902439024390244,1.0,5200.35,CARD,KOTAK,INSUFFICIENT_FUNDS,20,NO_ACTION,0
0.95,0.0,136.51,NETBANKING,KOTAK,INSUFFICIENT_FUNDS,17,NO_ACTION,0
0.9811320754716981,1.0,4010.51,CARD,KOTAK,INSUFFICIENT_FUNDS,7,NO_ACTION,0
0.9381443298969072,1.0,5672.47,UPI,YESBANK,CARD_EXPIRED,17,RETRY_LATER,1
0.9375,0.5,497.58,NETBANKING,HDFC,LIMIT_EXCEEDED,10,RETRY_LATER,1
0.8125,0.5833333333333334,9812.4,CARD,YESBANK,CARD_EXPIRED,4,NO_ACTION,0
0.7763157894736842,0.29411764705882354,2380.35,NETBANKING,YESBANK,BANK_TIMEOUT,22,NO_ACTION,0
0.9294117647058824,0.6666666666666666,9707.61,NETBANKING,AXIS,INSUFFICIENT_FUNDS,17,SEND_REMINDER,1
0.8285714285714286,0.5,9784.85,UPI,KOTAK,LIMIT_EXCEEDED,20,SEND_REMINDER,0
0.8571428571428571,0.14285714285714285,2459.09,UPI,ICICI,INSUFFICIENT_FUNDS,16,SEND_REMINDER,1
1.0,0.0,3640.97,CARD,HDFC,AUTHENTICATION_FAILED,20,RETRY_LATER,0
0.9607843137254902,0.5,331.55,WALLET,ICICI,NETWORK_ERROR,12,NO_ACTION,0
0.9,0.0,313.65,NETBANKING,SBI,CARD_EXPIRED,1,RETRY_LATER,0
0.9375,0.5,6560.38,WALLET,YESBANK,NETWORK_ERROR,21,RETRY_NOW,0
0.9,0.0,3189.62,UPI,KOTAK,CARD_EXPIRED,18,RETRY_LATER,1
0.9523809523809523,0.2,1083.75,CARD,YESBANK,LIMIT_EXCEEDED,5,RETRY_LATER,0
0.9873417721518988,0.0,6637.24,UPI,AXIS,CARD_EXPIRED,6,SEND_REMINDER,1
0.8928571428571429,0.6666666666666666,2288.84,WALLET,AXIS,NETWORK_ERROR,18,SEND_REMINDER,1
0.5277777777777778,0.6470588235294118,8817.68,UPI,YESBANK,LIMIT_EXCEEDED,3,RETRY_LATER,0
0.8928571428571429,0.6666666666666666,9730.08,CARD,SBI,LIMIT_EXCEEDED,21,RETRY_LATER,1
0.8955223880597015,0.0,5673.8,UPI,HDFC,NETWORK_ERROR,12,NO_ACTION,0
0.8130841121495327,0.4,4214.77,UPI,SBI,INSUFFICIENT_FUNDS,12,RETRY_NOW,1
0.7407407407407407,0.35714285714285715,6963.87,NETBANKING,ICICI,NETWORK_ERROR,23,RETRY_NOW,0
0.375,0.0,1847.81,NETBANKING,SBI,BANK_TIMEOUT,1,SEND_REMINDER,0
0.975609756097561,0.0,6241.9,NETBANKING,AXIS,AUTHENTICATION_FAILED,6,RETRY_LATER,1
0.7764705882352941,0.3684210526315789,112.3,UPI,YESBANK,BANK_TIMEOUT,19,RETRY_NOW,1
0.2962962962962963,0.15789473684210525,1686.22,CARD,HDFC,INSUFFICIENT_FUNDS,12,NO_ACTION,0
0.8518518518518519,0.0,9286.71,WALLET,KOTAK,NETWORK_ERROR,8,NO_ACTION,0
0.5,0.6363636363636364,9184.61,CARD,HDFC,LIMIT_EXCEEDED,1,SEND_REMINDER,1
0.8253968253968254,1.0,7120.63,NETBANKING,YESBANK,AUTHENTICATION_FAILED,13,SEND_REMINDER,1
0.8421052631578947,0.0,1387.74,WALLET,YESBANK,LIMIT_EXCEEDED,16,RETRY_NOW,0
0.2631578947368421,0.21428571428571427,9312.67,WALLET,KOTAK,BANK_TIMEOUT,12,RETRY_LATER,0
0.872093023255814,0.09090909090909091,4545.29,NETBANKING,SBI,NETWORK_ERROR,11,RETRY_LATER,0
0.6825396825396826,1.0,5318.49,UPI,KOTAK,INSUFFICIENT_FUNDS,5,NO_ACTION,0
0.7701149425287356,0.05,6228.82,WALLET,YESBANK,LIMIT_EXCEEDED,15,SEND_REMINDER,1
0.9506172839506173,1.0,467.62,UPI,KOTAK,INSUFFICIENT_FUNDS,1,NO_ACTION,0
0.7183098591549296,0.3,3470.82,WALLET,KOTAK,CARD_EXPIRED,16,RETRY_LATER,0
0.8653846153846154,0.0,179.18,CARD,HDFC,CARD_EXPIRED,6,RETRY_LATER,0
0.5365853658536586,0.21052631578947367,7577.95,CARD,AXIS,NETWORK_ERROR,20,RETRY_LATER,1
0.9032258064516129,1.0,4389.53,CARD,ICICI,INSUFFICIENT_FUNDS,4,NO_ACTION,0
0.9523809523809523,1.0,739.13,NETBANKING,KOTAK,AUTHENTICATION_FAILED,13,SEND_REMINDER,1
0.6808510638297872,0.3333333333333333,2279.37,CARD,ICICI,INSUFFICIENT_FUNDS,17,RETRY_LATER,0
0.9655172413793104,0.5,4606.27,CARD,AXIS,AUTHENTICATION_FAILED,17,RETRY_LATER,0
0.717948717948718,0.18181818181818182,2195.09,CARD,YESBANK,LIMIT_EXCEEDED,3,NO_ACTION,0
0.9801980198019802,0.0,816.87,NETBANKING,HDFC,INSUFFICIENT_FUNDS,12,RETRY_NOW,0
0.8372093023255814,0.21428571428571427,5826.63,CARD,KOTAK,NETWORK_ERROR,9,RETRY_LATER,1
0.6744186046511628,0.14285714285714285,6270.95,CARD,YESBANK,NETWORK_ERROR,6,RETRY_NOW,0
0.8333333333333334,0.0,5805.01,NETBANKING,SBI,BANK_TIMEOUT,21,RETRY_NOW,1
0.900990099009901,0.6,1594.94,WALLET,ICICI,CARD_EXPIRED,20,NO_ACTION,0
0.8125,0.5833333333333334,9766.3,NETBANKING,KOTAK,LIMIT_EXCEEDED,8,RETRY_LATER,1
0.8674698795180723,0.9090909090909091,7325.34,CARD,YESBANK,CARD_EXPIRED,4,RETRY_LATER,1
0.8764044943820225,0.18181818181818182,7665.24,NETBANKING,AXIS,INSUFFICIENT_FUNDS,3,RETRY_NOW,0
0.8461538461538461,1.0,5703.25,WALLET,AXIS,AUTHENTICATION_FAILED,1,RETRY_LATER,0
0.8307692307692308,0.5454545454545454,5300.7,NETBANKING,KOTAK,CARD_EXPIRED,4,RETRY_LATER,0
0.7802197802197802,0.3,9640.35,NETBANKING,ICICI,INSUFFICIENT_FUNDS,0,RETRY_LATER,0
0.6216216216216216,1.0,2411.27,CARD,AXIS,LIMIT_EXCEEDED,2,SEND_REMINDER,0
0.9523809523809523,0.2,3044.67,NETBANKING,SBI,NETWORK_ERROR,12,SEND_REMINDER,1
0.875,0.8333333333333334,4005.7,CARD,YESBANK,AUTHENTICATION_FAILED,0,SEND_REMINDER,1
0.9310344827586207,0.75,512.78,UPI,SBI,LIMIT_EXCEEDED,13,NO_ACTION,0
0.9552238805970149,0.0,2893.98,NETBANKING,ICICI,BANK_TIMEOUT,9,SEND_REMINDER,0
0.9625,0.0,181.21,NETBANKING,AXIS,AUTHENTICATION_FAILED,23,NO_ACTION,0
0.7192982456140351,0.3125,3287.98,NETBANKING,ICICI,AUTHENTICATION_FAILED,18,SEND_REMINDER,1
0.8369565217391305,0.4,5367.43,UPI,AXIS,LIMIT_EXCEEDED,12,RETRY_NOW,1
0.7605633802816901,0.0,2446.08,WALLET,SBI,NETWORK_ERROR,18,RETRY_NOW,0
0.5555555555555556,0.4,5953.43,NETBANKING,YESBANK,NETWORK_ERROR,13,RETRY_LATER,0
0.9081632653061225,0.5555555555555556,7249.42,WALLET,ICICI,CARD_EXPIRED,11,RETRY_NOW,0
0.3,0.8571428571428571,9449.51,CARD,HDFC,CARD_EXPIRED,14,SEND_REMINDER,1
0.8095238095238095,0.16666666666666666,4328.26,CARD,YESBANK,INSUFFICIENT_FUNDS,5,NO_ACTION,0
0.8461538461538461,0.5,1933.85,UPI,ICICI,BANK_TIMEOUT,3,RETRY_LATER,1
0.6595744680851063,0.1875,8587.35,NETBANKING,YESBANK,CARD_EXPIRED,15,RETRY_NOW,0
0.8979591836734694,0.3,5659.92,NETBANKING,YESBANK,NETWORK_ERROR,20,SEND_REMINDER,0
0.8375,0.3076923076923077,9472.75,WALLET,KOTAK,AUTHENTICATION_FAILED,4,NO_ACTION,0
0.7802197802197802,0.75,911.51,CARD,YESBANK,CARD_EXPIRED,0,NO_ACTION,0
0.8823529411764706,0.75,8890.94,UPI,YESBANK,LIMIT_EXCEEDED,20,NO_ACTION,0
0.9795918367346939,0.5,5541.3,CARD,YESBANK,CARD_EXPIRED,17,NO_ACTION,0
0.2631578947368421,0.21428571428571427,1540.52,CARD,ICICI,BANK_TIMEOUT,5,RETRY_LATER,1
0.9811320754716981,1.0,2253.3,WALLET,ICICI,BANK_TIMEOUT,2,RETRY_LATER,1
0.9113924050632911,0.7142857142857143,8862.56,CARD,HDFC,BANK_TIMEOUT,12,SEND_REMINDER,0
0.625,0.0,7905.28,CARD,KOTAK,INSUFFICIENT_FUNDS,10,RETRY_NOW,0
0.9042553191489362,0.8888888888888888,1447.22,WALLET,HDFC,AUTHENTICATION_FAILED,19,NO_ACTION,0
0.6071428571428571,0.5454545454545454,7491.35,WALLET,ICICI,LIMIT_EXCEEDED,0,SEND_REMINDER,0
0.8484848484848485,0.8,1372.99,WALLET,YESBANK,NETWORK_ERROR,9,RETRY_LATER,1
0.7906976744186046,0.5555555555555556,1492.72,WALLET,KOTAK,INSUFFICIENT_FUNDS,11,RETRY_LATER,1
0.8028169014084507,0.5,1875.61,CARD,ICICI,BANK_TIMEOUT,7,SEND_REMINDER,0
0.7857142857142857,0.9166666666666666,8374.79,CARD,ICICI,BANK_TIMEOUT,8,RETRY_LATER,1
0.9166666666666666,0.8,3202.42,CARD,YESBANK,AUTHENTICATION_FAILED,16,RETRY_LATER,1
0.32142857142857145,0.9473684210526315,1532.8,CARD,HDFC,LIMIT_EXCEEDED,18,RETRY_NOW,0
0.9339622641509434,0.5714285714285714,5870.94,UPI,KOTAK,AUTHENTICATION_FAILED,14,RETRY_NOW,1
0.8831168831168831,0.6666666666666666,2189.43,CARD,YESBANK,AUTHENTICATION_FAILED,21,NO_ACTION,0
0.9714285714285714,1.0,4617.88,NETBANKING,SBI,CARD_EXPIRED,20,RETRY_LATER,1
0.8028169014084507,0.5,4404.78,UPI,HDFC,BANK_TIMEOUT,1,RETRY_LATER,1
0.970873786407767,1.0,9733.15,NETBANKING,YESBANK,INSUFFICIENT_FUNDS,15,SEND_REMINDER,1
0.7468354430379747,0.95,2400.32,WALLET,ICICI,NETWORK_ERROR,12,NO_ACTION,0
0.723404255319149,0.3076923076923077,5131.16,NETBANKING,HDFC,INSUFFICIENT_FUNDS,4,RETRY_NOW,1
0.6779661016949152,1.0,2268.42,NETBANKING,KOTAK,AUTHENTICATION_FAILED,23,RETRY_NOW,1
0.8444444444444444,0.14285714285714285,9071.54,WALLET,HDFC,INSUFFICIENT_FUNDS,22,RETRY_NOW,0
0.25925925925925924,0.1,1239.76,NETBANKING,ICICI,INSUFFICIENT_FUNDS,20,SEND_REMINDER,0
0.9523809523809523,0.2,3044.67,NETBANKING,SBI,NETWORK_ERROR,12,RETRY_LATER,1
0.5384615384615384,0.25,6346.44,NETBANKING,HDFC,BANK_TIMEOUT,0,RETRY_NOW,1
0.5,0.05,5356.24,NETBANKING,HDFC,LIMIT_EXCEEDED,0,NO_ACTION,0
0.8125,0.3333333333333333,9263.78,WALLET,ICICI,LIMIT_EXCEEDED,20,RETRY_NOW,1
0.6851851851851852,0.7058823529411765,4264.49,CARD,SBI,NETWORK_ERROR,3,SEND_REMINDER,0
0.84,0.25,3675.57,UPI,KOTAK,CARD_EXPIRED,14,NO_ACTION,0
0.8636363636363636,0.3333333333333333,5805.35,NETBANKING,HDFC,INSUFFICIENT_FUNDS,21,RETRY_NOW,0
0.8947368421052632,1.0,1498.95,CARD,HDFC,BANK_TIMEOUT,7,NO_ACTION,0
0.9345794392523364,0.5714285714285714,1436.84,CARD,KOTAK,CARD_EXPIRED,9,RETRY_LATER,0
0.8771929824561403,0.7857142857142857,7634.23,CARD,AXIS,LIMIT_EXCEEDED,13,NO_ACTION,0
0.5681818181818182,0.3157894736842105,7807.97,UPI,ICICI,NETWORK_ERROR,15,RETRY_LATER,1
0.6938775510204082,0.8666666666666667,1868.22,WALLET,AXIS,LIMIT_EXCEEDED,13,SEND_REMINDER,1
0.8653846153846154,0.0,2626.11,NETBANKING,ICICI,INSUFFICIENT_FUNDS,11,SEND_REMINDER,1
0.8947368421052632,1.0,1498.95,CARD,HDFC,BANK_TIMEOUT,7,RETRY_NOW,0
0.8787878787878788,0.625,2512.14,UPI,KOTAK,AUTHENTICATION_FAILED,19,RETRY_LATER,1
0.9090909090909091,0.5,6141.74,CARD,ICICI,NETWORK_ERROR,15,SEND_REMINDER,1
0.7692307692307693,1.0,618.14,UPI,SBI,INSUFFICIENT_FUNDS,13,NO_ACTION,0
0.8303571428571429,0.3684210526315789,890.14,UPI,SBI,CARD_EXPIRED,21,RETRY_NOW,0
0.8247422680412371,1.0,1015.59,UPI,KOTAK,BANK_TIMEOUT,22,NO_ACTION,0
0.8431372549019608,0.0,4711.33,UPI,YESBANK,INSUFFICIENT_FUNDS,2,RETRY_LATER,0
0.8260869565217391,0.75,5117.18,NETBANKING,HDFC,AUTHENTICATION_FAILED,7,RETRY_NOW,0
0.8556701030927835,0.9285714285714286,5350.08,UPI,SBI,LIMIT_EXCEEDED,3,NO_ACTION,0
0.9259259259259259,0.5,9628.9,UPI,AXIS,LIMIT_EXCEEDED,17,NO_ACTION,0
0.8947368421052632,0.6666666666666666,6444.99,CARD,ICICI,AUTHENTICATION_FAILED,7,NO_ACTION,0
0.5833333333333334,0.2,276.62,CARD,HDFC,AUTHENTICATION_FAILED,14,RETRY_LATER,0
0.9345794392523364,0.5714285714285714,5148.14,WALLET,ICICI,INSUFFICIENT_FUNDS,11,RETRY_LATER,0
0.9333333333333333,0.6666666666666666,9697.44,NETBANKING,ICICI,BANK_TIMEOUT,17,SEND_REMINDER,1
0.5555555555555556,0.4,5867.57,CARD,YESBANK,LIMIT_EXCEEDED,16,RETRY_LATER,0
0.8425925925925926,0.47058823529411764,9167.27,NETBANKING,YESBANK,LIMIT_EXCEEDED,9,RETRY_NOW,0
0.9213483146067416,1.0,5140.95,NETBANKING,ICICI,LIMIT_EXCEEDED,10,SEND_REMINDER,0
0.7875,0.5294117647058824,7798.74,NETBANKING,SBI,NETWORK_ERROR,8,NO_ACTION,0
0.8085106382978723,0.5,7937.14,WALLET,AXIS,BANK_TIMEOUT,8,RETRY_NOW,0
0.525,0.631578947368421,3605.56,CARD,AXIS,INSUFFICIENT_FUNDS,23,SEND_REMINDER,1
0.8490566037735849,0.9375,170.28,NETBANKING,ICICI,AUTHENTICATION_FAILED,1,RETRY_LATER,1
0.9142857142857143,0.5,547.4,CARD,AXIS,AUTHENTICATION_FAILED,4,NO_ACTION,0
0.9107142857142857,0.8,421.28,CARD,AXIS,BANK_TIMEOUT,13,SEND_REMINDER,0
0.32142857142857145,0.9473684210526315,1824.69,UPI,HDFC,AUTHENTICATION_FAILED,13,SEND_REMINDER,1
0.974025974025974,1.0,2846.91,CARD,ICICI,INSUFFICIENT_FUNDS,14,RETRY_LATER,0
0.9,0.875,9315.92,UPI,SBI,BANK_TIMEOUT,23,NO_ACTION,0
0.5833333333333334,0.2,276.62,CARD,HDFC,AUTHENTICATION_FAILED,14,NO_ACTION,0
0.9444444444444444,0.2,1440.73,CARD,HDFC,CARD_EXPIRED,21,RETRY_LATER,0
0.9761904761904762,0.5,3694.87,WALLET,ICICI,LIMIT_EXCEEDED,4,SEND_REMINDER,1
0.48,0.23076923076923078,2149.15,CARD,HDFC,INSUFFICIENT_FUNDS,21,RETRY_LATER,0
0.5,0.4,1887.47,CARD,AXIS,BANK_TIMEOUT,4,RETRY_NOW,1
0.55,0.3333333333333333,2456.95,CARD,HDFC,INSUFFICIENT_FUNDS,19,RETRY_NOW,0
0.8301886792452831,0.3333333333333333,4228.01,UPI,YESBANK,BANK_TIMEOUT,0,SEND_REMINDER,0
0.7857142857142857,0.3333333333333333,1972.81,CARD,SBI,CARD_EXPIRED,18,NO_ACTION,0
0.7755102040816326,0.6363636363636364,6115.09,NETBANKING,KOTAK,INSUFFICIENT_FUNDS,1,SEND_REMINDER,0
1.0,0.0,7152.36,WALLET,ICICI,AUTHENTICATION_FAILED,8,RETRY_NOW,0
0.9636363636363636,0.0,4870.97,UPI,HDFC,LIMIT_EXCEEDED,18,NO_ACTION,0
0.34615384615384615,0.5882352941176471,4826.66,NETBANKING,KOTAK,LIMIT_EXCEEDED,19,SEND_REMINDER,0
0.5,0.09090909090909091,3452.36,WALLET,SBI,CARD_EXPIRED,17,RETRY_LATER,0
0.703125,0.0,4362.49,CARD,AXIS,AUTHENTICATION_FAILED,12,SEND_REMINDER,0
0.5384615384615384,0.2777777777777778,6664.69,WALLET,SBI,CARD_EXPIRED,1,RETRY_NOW,0
0.8823529411764706,0.0,6596.91,WALLET,YESBANK,INSUFFICIENT_FUNDS,5,RETRY_LATER,0
0.8571428571428571,0.4,6829.69,UPI,AXIS,LIMIT_EXCEEDED,6,RETRY_NOW,1
0.8676470588235294,0.8888888888888888,8360.31,NETBANKING,AXIS,INSUFFICIENT_FUNDS,16,RETRY_LATER,0
0.6410256410256411,0.14285714285714285,2295.71,UPI,KOTAK,BANK_TIMEOUT,22,RETRY_LATER,0
0.782608695652174,0.4666666666666667,9297.06,NETBANKING,ICICI,AUTHENTICATION_FAILED,14,NO_ACTION,0
0.7142857142857143,0.5,2494.18,UPI,YESBANK,AUTHENTICATION_FAILED,17,RETRY_LATER,0
0.47619047619047616,0.09090909090909091,4277.89,CARD,AXIS,NETWORK_ERROR,16,RETRY_LATER,1
0.5714285714285714,0.0,9709.67,NETBANKING,KOTAK,AUTHENTICATION_FAILED,15,NO_ACTION,0
0.8333333333333334,0.09090909090909091,9948.03,UPI,KOTAK,NETWORK_ERROR,7,RETRY_NOW,1
0.8369565217391305,0.4,4901.49,UPI,YESBANK,CARD_EXPIRED,4,RETRY_LATER,1
0.8115942028985508,1.0,3771.3,WALLET,SBI,LIMIT_EXCEEDED,20,NO_ACTION,0
0.9850746268656716,0.0,7404.87,WALLET,ICICI,INSUFFICIENT_FUNDS,5,NO_ACTION,0
0.8243243243243243,0.9230769230769231,9043.8,NETBANKING,AXIS,BANK_TIMEOUT,4,RETRY_LATER,1
0.8627450980392157,1.0,8072.71,UPI,YESBANK,AUTHENTICATION_FAILED,20,RETRY_LATER,1
0.7802197802197802,0.75,8635.37,UPI,ICICI,NETWORK_ERROR,2,SEND_REMINDER,1
0.8333333333333334,0.25,7371.39,WALLET,ICICI,INSUFFICIENT_FUNDS,0,SEND_REMINDER,0
0.9428571428571428,1.0,7636.16,NETBANKING,ICICI,LIMIT_EXCEEDED,21,RETRY_NOW,1
0.8586956521739131,0.0,9406.52,UPI,KOTAK,NETWORK_ERROR,3,RETRY_LATER,1
0.9764705882352941,0.0,6766.6,UPI,AXIS,LIMIT_EXCEEDED,11,RETRY_NOW,0
0.96875,0.3333333333333333,8356.53,CARD,SBI,LIMIT_EXCEEDED,21,RETRY_NOW,0
0.8909090909090909,0.25,3686.11,WALLET,ICICI,NETWORK_ERROR,2,RETRY_NOW,0
0.6764705882352942,0.2727272727272727,5894.2,CARD,AXIS,BANK_TIMEOUT,7,SEND_REMINDER,0
0.7272727272727273,0.4166666666666667,593.55,CARD,YESBANK,AUTHENTICATION_FAILED,22,SEND_REMINDER,0
0.3333333333333333,0.0,7795.65,CARD,AXIS,INSUFFICIENT_FUNDS,2,RETRY_NOW,0
0.9117647058823529,0.0,1218.72,NETBANKING,KOTAK,BANK_TIMEOUT,6,RETRY_NOW,0
0.9761904761904762,0.5,810.75,NETBANKING,AXIS,CARD_EXPIRED,5,NO_ACTION,0
0.725,0.5454545454545454,7429.16,NETBANKING,HDFC,AUTHENTICATION_FAILED,8,RETRY_LATER,0
0.8484848484848485,0.8,1372.99,WALLET,YESBANK,NETWORK_ERROR,9,NO_ACTION,0
0.6551724137931034,0.75,9641.45,UPI,SBI,BANK_TIMEOUT,14,NO_ACTION,0
0.7419354838709677,0.3125,9013.67,UPI,HDFC,NETWORK_ERROR,19,SEND_REMINDER,0
0.9195402298850575,0.2857142857142857,6925.41,WALLET,KOTAK,LIMIT_EXCEEDED,18,RETRY_NOW,0
0.391304347826087,0.9285714285714286,3468.17,NETBANKING,ICICI,LIMIT_EXCEEDED,16,NO_ACTION,0
0.7704918032786885,0.7142857142857143,5900.63,WALLET,SBI,CARD_EXPIRED,23,SEND_REMINDER,0
0.8679245283018868,0.2857142857142857,8154.37,UPI,ICICI,CARD_EXPIRED,13,SEND_REMINDER,0
0.5555555555555556,0.5,866.59,UPI,HDFC,NETWORK_ERROR,0,RETRY_LATER,1
0.5833333333333334,0.2,2047.12,UPI,HDFC,NETWORK_ERROR,8,RETRY_NOW,1
0.92,1.0,2044.31,UPI,ICICI,BANK_TIMEOUT,22,RETRY_LATER,1
0.5714285714285714,1.0,3584.06,NETBANKING,ICICI,INSUFFICIENT_FUNDS,7,RETRY_NOW,0
0.7849462365591398,0.85,2518.7,CARD,SBI,AUTHENTICATION_FAILED,12,RETRY_LATER,0
0.7857142857142857,0.3333333333333333,9019.86,UPI,HDFC,INSUFFICIENT_FUNDS,2,NO_ACTION,0
0.7407407407407407,0.7142857142857143,113.24,NETBANKING,KOTAK,BANK_TIMEOUT,3,RETRY_NOW,1
0.8764044943820225,0.18181818181818182,7665.24,NETBANKING,AXIS,INSUFFICIENT_FUNDS,3,RETRY_LATER,0
0.717948717948718,0.45454545454545453,8427.31,WALLET,ICICI,NETWORK_ERROR,0,RETRY_NOW,1
0.65,1.0,5460.83,UPI,AXIS,CARD_EXPIRED,9,RETRY_NOW,1
0.9787234042553191,0.5,2211.63,CARD,KOTAK,NETWORK_ERROR,8,NO_ACTION,0
0.6153846153846154,0.8,4054.41,UPI,HDFC,AUTHENTICATION_FAILED,21,RETRY_LATER,0
0.8333333333333334,0.9,3487.0,WALLET,SBI,NETWORK_ERROR,7,RETRY_NOW,0
0.6153846153846154,0.8,2829.0,NETBANKING,HDFC,AUTHENTICATION_FAILED,22,RETRY_NOW,1
0.75,0.16666666666666666,8635.57,UPI,HDFC,BANK_TIMEOUT,19,RETRY_LATER,1
0.8691588785046729,0.7857142857142857,5034.85,UPI,ICICI,CARD_EXPIRED,16,NO_ACTION,0
0.48,0.6923076923076923,4777.05,UPI,HDFC,INSUFFICIENT_FUNDS,0,RETRY_LATER,0
0.8392857142857143,0.0,2973.45,CARD,KOTAK,CARD_EXPIRED,6,RETRY_LATER,0
0.47619047619047616,0.09090909090909091,5556.96,CARD,KOTAK,AUTHENTICATION_FAILED,2,NO_ACTION,0
0.6326530612244898,0.6666666666666666,9211.83,UPI,HDFC,LIMIT_EXCEEDED,3,NO_ACTION,0
0.5652173913043478,0.6,5650.01,CARD,SBI,LIMIT_EXCEEDED,7,RETRY_LATER,1
0.7142857142857143,0.25,2831.35,NETBANKING,HDFC,CARD_EXPIRED,15,RETRY_LATER,0
0.9104477611940298,0.0,3639.67,WALLET,AXIS,LIMIT_EXCEEDED,4,SEND_REMINDER,0
0.8155339805825242,0.42105263157894735,5893.93,NETBANKING,KOTAK,LIMIT_EXCEEDED,6,RETRY_NOW,0
1.0,0.0,1683.74,WALLET,AXIS,BANK_TIMEOUT,0,NO_ACTION,0
0.8615384615384616,0.8888888888888888,1997.23,CARD,KOTAK,BANK_TIMEOUT,13,RETRY_NOW,1
1.0,0.0,2226.24,NETBANKING,AXIS,NETWORK_ERROR,4,RETRY_LATER,1
0.7272727272727273,0.4166666666666667,7828.05,NETBANKING,AXIS,LIMIT_EXCEEDED,11,RETRY_NOW,0
0.9259259259259259,0.5,3507.85,CARD,YESBANK,CARD_EXPIRED,21,SEND_REMINDER,1
0.94,0.16666666666666666,6337.92,CARD,HDFC,BANK_TIMEOUT,11,RETRY_NOW,1
0.896551724137931,0.8888888888888888,1822.0,NETBANKING,HDFC,NETWORK_ERROR,3,NO_ACTION,0
0.825,0.0,8201.62,NETBANKING,HDFC,LIMIT_EXCEEDED,9,SEND_REMINDER,1
0.95,0.5,6233.68,CARD,AXIS,NETWORK_ERROR,11,RETRY_NOW,1
0.7285714285714285,1.0,5611.0,UPI,AXIS,NETWORK_ERROR,1,SEND_REMINDER,0
0.9326923076923077,0.7142857142857143,9620.94,UPI,HDFC,AUTHENTICATION_FAILED,3,NO_ACTION,0
0.9247311827956989,0.14285714285714285,2409.03,NETBANKING,AXIS,LIMIT_EXCEEDED,1,SEND_REMINDER,0
0.75,1.0,8338.43,WALLET,ICICI,CARD_EXPIRED,1,NO_ACTION,0
0.525,0.631578947368421,9737.92,NETBANKING,HDFC,LIMIT_EXCEEDED,12,RETRY_NOW,0
0.6,0.0,7245.02,WALLET,KOTAK,BANK_TIMEOUT,20,RETRY_NOW,0
0.8152173913043478,0.9411764705882353,4492.07,CARD,HDFC,AUTHENTICATION_FAILED,13,SEND_REMINDER,1
0.8434782608695652,0.5,8305.33,WALLET,AXIS,AUTHENTICATION_FAILED,22,NO_ACTION,0
0.9603960396039604,0.0,5469.96,CARD,KOTAK,NETWORK_ERROR,4,SEND_REMINDER,0
0.9705882352941176,1.0,9921.87,WALLET,ICICI,NETWORK_ERROR,2,RETRY_NOW,1
0.7361111111111112,0.631578947368421,1954.08,NETBANKING,KOTAK,LIMIT_EXCEEDED,8,RETRY_NOW,0
0.6825396825396826,0.9,6694.11,WALLET,AXIS,CARD_EXPIRED,0,RETRY_NOW,1
0.25925925925925924,0.1,1870.68,WALLET,HDFC,INSUFFICIENT_FUNDS,13,NO_ACTION,0
0.98989898989899,1.0,3574.32,UPI,ICICI,CARD_EXPIRED,2,RETRY_NOW,0
0.8130841121495327,0.55,6874.97,NETBANKING,YESBANK,BANK_TIMEOUT,3,RETRY_NOW,1
0.9534883720930233,1.0,1529.13,WALLET,ICICI,BANK_TIMEOUT,18,RETRY_NOW,1
0.896551724137931,0.3333333333333333,8576.79,WALLET,ICICI,AUTHENTICATION_FAILED,9,SEND_REMINDER,1
0.8227848101265823,0.14285714285714285,8561.36,UPI,KOTAK,AUTHENTICATION_FAILED,13,RETRY_NOW,0
0.7692307692307693,1.0,2716.32,NETBANKING,SBI,AUTHENTICATION_FAILED,6,NO_ACTION,0
0.9523809523809523,1.0,6466.42,UPI,HDFC,NETWORK_ERROR,17,RETRY_NOW,1
0.6666666666666666,0.5294117647058824,5669.45,NETBANKING,ICICI,BANK_TIMEOUT,4,SEND_REMINDER,0
0.8425925925925926,0.47058823529411764,2497.86,WALLET,AXIS,INSUFFICIENT_FUNDS,11,SEND_REMINDER,1
0.8080808080808081,0.7894736842105263,7844.3,NETBANKING,ICICI,INSUFFICIENT_FUNDS,16,RETRY_LATER,1
0.9615384615384616,0.5,5059.79,WALLET,HDFC,INSUFFICIENT_FUNDS,5,SEND_REMINDER,1
1.0,0.0,256.1,UPI,AXIS,BANK_TIMEOUT,0,NO_ACTION,0
0.95,0.2,7821.89,NETBANKING,YESBANK,BANK_TIMEOUT,19,SEND_REMINDER,1
0.6052631578947368,0.4,8979.76,WALLET,KOTAK,LIMIT_EXCEEDED,13,SEND_REMINDER,0
0.8924731182795699,0.4,2944.65,WALLET,AXIS,LIMIT_EXCEEDED,13,SEND_REMINDER,0
0.9473684210526315,0.25,7356.55,NETBANKING,ICICI,BANK_TIMEOUT,6,RETRY_NOW,0
0.7647058823529411,0.125,9794.97,UPI,ICICI,BANK_TIMEOUT,3,SEND_REMINDER,0
0.6666666666666666,0.5714285714285714,6296.93,NETBANKING,HDFC,INSUFFICIENT_FUNDS,12,SEND_REMINDER,1
0.7402597402597403,1.0,6179.9,WALLET,HDFC,BANK_TIMEOUT,16,RETRY_NOW,1
0.375,0.0,9925.33,WALLET,SBI,BANK_TIMEOUT,6,SEND_REMINDER,0
0.5652173913043478,0.6,1154.77,WALLET,KOTAK,AUTHENTICATION_FAILED,12,RETRY_LATER,0
0.8407079646017699,0.8888888888888888,5833.16,WALLET,HDFC,LIMIT_EXCEEDED,6,RETRY_NOW,1
0.9534883720930233,0.5,3630.52,NETBANKING,AXIS,AUTHENTICATION_FAILED,15,RETRY_LATER,1
0.5,0.6428571428571429,7739.83,NETBANKING,SBI,INSUFFICIENT_FUNDS,8,NO_ACTION,0
0.851063829787234,0.8571428571428571,8460.29,WALLET,SBI,BANK_TIMEOUT,22,NO_ACTION,0
0.48,0.6923076923076923,4777.05,UPI,HDFC,INSUFFICIENT_FUNDS,0,RETRY_NOW,0
0.8695652173913043,0.75,5244.84,CARD,HDFC,LIMIT_EXCEEDED,21,SEND_REMINDER,0
0.978021978021978,0.0,9759.65,NETBANKING,ICICI,AUTHENTICATION_FAILED,18,SEND_REMINDER,0
0.8571428571428571,0.0,2505.5,CARD,KOTAK,AUTHENTICATION_FAILED,8,RETRY_LATER,0
0.7142857142857143,0.25,1952.22,UPI,YESBANK,BANK_TIMEOUT,13,RETRY_NOW,0
0.48,0.6923076923076923,4777.05,UPI,HDFC,INSUFFICIENT_FUNDS,0,NO_ACTION,0
0.7654320987654321,0.7368421052631579,5202.76,WALLET,YESBANK,INSUFFICIENT_FUNDS,2,SEND_REMINDER,1
1.0,0.0,2993.73,UPI,KOTAK,AUTHENTICATION_FAILED,6,NO_ACTION,0
0.9204545454545454,0.14285714285714285,9523.29,WALLET,HDFC,CARD_EXPIRED,9,RETRY_NOW,1
0.2631578947368421,0.21428571428571427,9312.67,WALLET,KOTAK,BANK_TIMEOUT,12,SEND_REMINDER,0
0.8571428571428571,0.7142857142857143,6159.14,WALLET,SBI,INSUFFICIENT_FUNDS,15,RETRY_NOW,0
0.6041666666666666,0.10526315789473684,1954.99,UPI,HDFC,LIMIT_EXCEEDED,10,RETRY_LATER,1
0.9090909090909091,0.5,7171.19,NETBANKING,KOTAK,NETWORK_ERROR,10,SEND_REMINDER,0
0.8260869565217391,0.4,761.49,CARD,SBI,BANK_TIMEOUT,8,RETRY_LATER,1
0.9896907216494846,1.0,5026.96,WALLET,AXIS,LIMIT_EXCEEDED,6,RETRY_NOW,1
0.975609756097561,0.0,996.34,NETBANKING,HDFC,AUTHENTICATION_FAILED,2,SEND_REMINDER,0
0.9764705882352941,0.0,6766.6,UPI,AXIS,LIMIT_EXCEEDED,11,SEND_REMINDER,0
0.2631578947368421,0.21428571428571427,9312.67,WALLET,KOTAK,BANK_TIMEOUT,12,RETRY_NOW,0
0.9705882352941176,1.0,9921.87,WALLET,ICICI,NETWORK_ERROR,2,NO_ACTION,0
0.8888888888888888,0.875,6503.21,UPI,ICICI,BANK_TIMEOUT,17,RETRY_NOW,1
1.0,0.0,578.9,WALLET,YESBANK,CARD_EXPIRED,0,SEND_REMINDER,0
0.38461538461538464,1.0,1271.17,UPI,KOTAK,LIMIT_EXCEEDED,11,RETRY_LATER,1
0.34782608695652173,0.4,6999.32,WALLET,AXIS,INSUFFICIENT_FUNDS,0,RETRY_LATER,1
0.6428571428571429,0.55,9880.19,WALLET,AXIS,AUTHENTICATION_FAILED,22,SEND_REMINDER,0
0.9213483146067416,1.0,8408.15,CARD,HDFC,AUTHENTICATION_FAILED,18,RETRY_LATER,1
0.8365384615384616,0.7058823529411765,3130.16,UPI,AXIS,BANK_TIMEOUT,2,RETRY_NOW,1
0.9292929292929293,0.0,1127.77,UPI,KOTAK,BANK_TIMEOUT,20,NO_ACTION,0
0.4444444444444444,0.55,4300.81,UPI,AXIS,CARD_EXPIRED,1,NO_ACTION,0
0.8285714285714286,0.5,9382.15,CARD,YESBANK,INSUFFICIENT_FUNDS,15,SEND_REMINDER,1
0.7407407407407407,0.7142857142857143,2335.08,NETBANKING,YESBANK,AUTHENTICATION_FAILED,0,SEND_REMINDER,1
0.7945205479452054,0.7333333333333333,5979.53,WALLET,AXIS,CARD_EXPIRED,7,RETRY_LATER,1
0.8809523809523809,1.0,9120.85,UPI,ICICI,BANK_TIMEOUT,9,RETRY_LATER,1
0.890625,0.42857142857142855,8026.76,CARD,YESBANK,BANK_TIMEOUT,21,SEND_REMINDER,0
0.723404255319149,0.3076923076923077,5243.64,WALLET,SBI,BANK_TIMEOUT,18,RETRY_NOW,1
0.5652173913043478,0.6,4182.1,CARD,HDFC,LIMIT_EXCEEDED,19,RETRY_LATER,0
0.6851851851851852,0.7058823529411765,4899.97,CARD,YESBANK,NETWORK_ERROR,10,RETRY_LATER,0
0.8131868131868132,0.29411764705882354,3091.83,NETBANKING,SBI,BANK_TIMEOUT,23,NO_ACTION,0
0.82,1.0,2476.46,UPI,SBI,BANK_TIMEOUT,18,SEND_REMINDER,1
0.8762886597938144,0.25,7782.28,UPI,AXIS,LIMIT_EXCEEDED,19,SEND_REMINDER,0
0.8571428571428571,0.0,6344.39,UPI,AXIS,NETWORK_ERROR,12,NO_ACTION,0
0.8508771929824561,0.8823529411764706,1159.74,CARD,AXIS,CARD_EXPIRED,5,NO_ACTION,0
0.9090909090909091,0.0,9045.8,NETBANKING,KOTAK,BANK_TIMEOUT,10,RETRY_NOW,0
0.6938775510204082,0.06666666666666667,8485.13,NETBANKING,ICICI,AUTHENTICATION_FAILED,18,RETRY_LATER,0
1.0,0.0,578.9,WALLET,YESBANK,CARD_EXPIRED,0,RETRY_LATER,0
0.75,0.2857142857142857,6434.94,CARD,YESBANK,CARD_EXPIRED,14,SEND_REMINDER,0
0.8695652173913043,0.08333333333333333,671.52,CARD,KOTAK,CARD_EXPIRED,22,NO_ACTION,0
0.9333333333333333,0.25,8134.06,WALLET,AXIS,NETWORK_ERROR,7,RETRY_NOW,0
0.9540229885057471,0.5,4719.82,CARD,HDFC,AUTHENTICATION_FAILED,8,NO_ACTION,0
0.8666666666666667,1.0,6200.7,CARD,YESBANK,CARD_EXPIRED,2,NO_ACTION,0
0.7916666666666666,0.05,7573.86,UPI,ICICI,AUTHENTICATION_FAILED,10,SEND_REMINDER,0
0.8969072164948454,0.2,9379.8,UPI,ICICI,INSUFFICIENT_FUNDS,3,SEND_REMINDER,1
0.9680851063829787,0.6666666666666666,489.44,UPI,YESBANK,BANK_TIMEOUT,2,RETRY_NOW,0
0.7702702702702703,0.058823529411764705,2251.23,CARD,YESBANK,INSUFFICIENT_FUNDS,1,SEND_REMINDER,0
1.0,0.0,8619.02,NETBANKING,HDFC,NETWORK_ERROR,10,RETRY_NOW,0
0.8596491228070176,0.5625,9957.96,UPI,KOTAK,AUTHENTICATION_FAILED,16,RETRY_LATER,0
0.6428571428571429,0.55,4848.03,CARD,HDFC,INSUFFICIENT_FUNDS,8,RETRY_LATER,1
0.8222222222222222,0.1875,2088.2,UPI,KOTAK,INSUFFICIENT_FUNDS,0,RETRY_NOW,1
0.4375,0.2777777777777778,1357.57,NETBANKING,SBI,AUTHENTICATION_FAILED,0,SEND_REMINDER,0
0.8571428571428571,0.8571428571428571,3778.02,WALLET,KOTAK,BANK_TIMEOUT,0,RETRY_NOW,1
0.9210526315789473,1.0,7544.14,WALLET,KOTAK,AUTHENTICATION_FAILED,23,RETRY_LATER,1
0.2631578947368421,0.9285714285714286,8727.53,WALLET,ICICI,AUTHENTICATION_FAILED,5,NO_ACTION,0
0.8275862068965517,0.3333333333333333,556.8,UPI,ICICI,NETWORK_ERROR,21,SEND_REMINDER,0
0.9166666666666666,0.0,3506.92,CARD,HDFC,BANK_TIMEOUT,0,SEND_REMINDER,0
0.2857142857142857,0.5,7573.55,NETBANKING,ICICI,BANK_TIMEOUT,0,RETRY_LATER,0
0.25925925925925924,0.8,4050.99,NETBANKING,HDFC,INSUFFICIENT_FUNDS,19,RETRY_NOW,0
0.3333333333333333,0.55,4889.4,NETBANKING,YESBANK,AUTHENTICATION_FAILED,7,SEND_REMINDER,1
0.4375,0.9444444444444444,3409.02,NETBANKING,ICICI,INSUFFICIENT_FUNDS,10,RETRY_LATER,0
0.38461538461538464,1.0,1271.17,UPI,KOTAK,LIMIT_EXCEEDED,11,SEND_REMINDER,0
0.7183098591549296,0.45,6246.2,WALLET,SBI,LIMIT_EXCEEDED,12,SEND_REMINDER,0
0.8974358974358975,0.25,8104.15,CARD,KOTAK,BANK_TIMEOUT,18,SEND_REMINDER,1
0.8631578947368421,0.9230769230769231,6179.52,NETBANKING,HDFC,LIMIT_EXCEEDED,22,SEND_REMINDER,0
0.75,0.29411764705882354,9589.4,WALLET,ICICI,AUTHENTICATION_FAILED,22,RETRY_LATER,1
0.8064516129032258,0.6666666666666666,1413.77,CARD,SBI,CARD_EXPIRED,18,NO_ACTION,0
0.8888888888888888,0.875,9653.15,WALLET,SBI,INSUFFICIENT_FUNDS,16,RETRY_LATER,0
0.8571428571428571,1.0,698.47,WALLET,KOTAK,INSUFFICIENT_FUNDS,3,RETRY_LATER,1
0.9333333333333333,0.0,1751.47,UPI,HDFC,LIMIT_EXCEEDED,5,RETRY_LATER,0
0.8125,0.2,6938.19,WALLET,AXIS,BANK_TIMEOUT,15,RETRY_NOW,1
0.5277777777777778,0.6470588235294118,9309.28,WALLET,YESBANK,NETWORK_ERROR,8,RETRY_LATER,1
0.6444444444444445,0.625,1605.95,UPI,AXIS,LIMIT_EXCEEDED,10,SEND_REMINDER,0
0.7727272727272727,0.3,3847.73,UPI,AXIS,CARD_EXPIRED,16,SEND_REMINDER,0
0.8831168831168831,0.7777777777777778,4963.38,NETBANKING,KOTAK,INSUFFICIENT_FUNDS,3,SEND_REMINDER,1
0.2727272727272727,0.375,4736.53,UPI,SBI,LIMIT_EXCEEDED,21,RETRY_LATER,0
0.6785714285714286,0.7777777777777778,5362.21,NETBANKING,YESBANK,CARD_EXPIRED,5,SEND_REMINDER,0
0.845360824742268,0.3333333333333333,2506.96,UPI,KOTAK,AUTHENTICATION_FAILED,10,RETRY_NOW,1
0.47619047619047616,0.09090909090909091,4924.7,UPI,ICICI,CARD_EXPIRED,17,SEND_REMINDER,0
0.898989898989899,0.1,2035.83,CARD,YESBANK,LIMIT_EXCEEDED,3,NO_ACTION,0
0.96875,0.6666666666666666,9523.74,NETBANKING,AXIS,CARD_EXPIRED,20,NO_ACTION,0
0.8888888888888888,0.2857142857142857,9207.86,CARD,ICICI,INSUFFICIENT_FUNDS,19,RETRY_NOW,0
1.0,0.0,9946.2,WALLET,KOTAK,LIMIT_EXCEEDED,12,RETRY_NOW,0
0.8155339805825242,0.42105263157894735,5893.93,NETBANKING,KOTAK,LIMIT_EXCEEDED,6,NO_ACTION,0
0.7272727272727273,0.4166666666666667,9669.45,WALLET,ICICI,BANK_TIMEOUT,17,RETRY_LATER,0
0.8222222222222222,0.1875,5076.6,NETBANKING,HDFC,INSUFFICIENT_FUNDS,5,NO_ACTION,0
0.822429906542056,0.47368421052631576,9433.06,CARD,AXIS,BANK_TIMEOUT,17,RETRY_NOW,0
0.9885057471264368,1.0,2942.97,CARD,ICICI,CARD_EXPIRED,11,SEND_REMINDER,1
0.9444444444444444,0.2,8067.78,UPI,YESBANK,LIMIT_EXCEEDED,22,SEND_REMINDER,0
0.8148148148148148,0.06666666666666667,2282.86,NETBANKING,HDFC,INSUFFICIENT_FUNDS,5,RETRY_LATER,0
0.88,0.6666666666666666,1585.51,NETBANKING,AXIS,NETWORK_ERROR,11,RETRY_NOW,0
0.7285714285714285,1.0,3868.5,CARD,SBI,AUTHENTICATION_FAILED,12,SEND_REMINDER,1
0.8909090909090909,0.25,3686.11,WALLET,ICICI,NETWORK_ERROR,2,RETRY_LATER,1
0.25925925925925924,0.8,8519.41,NETBANKING,YESBANK,BANK_TIMEOUT,3,RETRY_NOW,0
0.8974358974358975,0.25,3397.68,WALLET,ICICI,BANK_TIMEOUT,6,NO_ACTION,0
0.84,0.6875,9848.08,WALLET,ICICI,INSUFFICIENT_FUNDS,17,RETRY_LATER,0
0.631578947368421,0.14285714285714285,5967.2,NETBANKING,AXIS,NETWORK_ERROR,1,RETRY_LATER,1
0.8653846153846154,0.0,5392.03,NETBANKING,ICICI,CARD_EXPIRED,4,RETRY_NOW,0
0.9743589743589743,0.0,1754.22,CARD,HDFC,LIMIT_EXCEEDED,5,SEND_REMINDER,0
0.8725490196078431,0.38461538461538464,7633.03,NETBANKING,HDFC,CARD_EXPIRED,18,SEND_REMINDER,0
1.0,0.0,4348.65,UPI,AXIS,CARD_EXPIRED,1,RETRY_NOW,0
0.7931034482758621,0.8333333333333334,5928.71,CARD,AXIS,LIMIT_EXCEEDED,19,NO_ACTION,0
0.8764044943820225,0.18181818181818182,4120.84,NETBANKING,KOTAK,NETWORK_ERROR,19,RETRY_LATER,1
0.65,0.7857142857142857,8525.74,NETBANKING,KOTAK,NETWORK_ERROR,5,RETRY_NOW,1
0.9117647058823529,0.0,1218.72,NETBANKING,KOTAK,BANK_TIMEOUT,6,RETRY_LATER,1
0.6923076923076923,0.75,1980.49,CARD,YESBANK,INSUFFICIENT_FUNDS,4,RETRY_LATER,0
0.8765432098765432,0.5,9518.99,WALLET,ICICI,LIMIT_EXCEEDED,4,NO_ACTION,0
0.8571428571428571,0.2,8045.33,UPI,SBI,NETWORK_ERROR,2,RETRY_NOW,1
0.926829268292683,0.6666666666666666,5944.97,CARD,KOTAK,BANK_TIMEOUT,14,RETRY_LATER,1
0.978021978021978,0.0,2983.5,CARD,AXIS,CARD_EXPIRED,6,RETRY_LATER,1
0.65,1.0,2053.75,WALLET,AXIS,BANK_TIMEOUT,20,SEND_REMINDER,0
0.8928571428571429,0.6666666666666666,2288.84,WALLET,AXIS,NETWORK_ERROR,18,NO_ACTION,0
0.5333333333333333,0.35714285714285715,1865.91,UPI,HDFC,CARD_EXPIRED,12,RETRY_NOW,0
0.631578947368421,0.14285714285714285,9950.91,CARD,KOTAK,NETWORK_ERROR,0,RETRY_LATER,0
0.8679245283018868,0.2857142857142857,4468.55,CARD,ICICI,NETWORK_ERROR,23,RETRY_NOW,0
0.75,0.6428571428571429,7224.84,CARD,SBI,LIMIT_EXCEEDED,11,NO_ACTION,0
0.891566265060241,0.4444444444444444,9083.49,WALLET,ICICI,LIMIT_EXCEEDED,3,NO_ACTION,0
0.9081632653061225,0.5555555555555556,2257.75,WALLET,AXIS,BANK_TIMEOUT,4,RETRY_LATER,1
0.9,0.2,5242.13,UPI,ICICI,BANK_TIMEOUT,17,RETRY_LATER,1
0.9850746268656716,0.0,2434.37,NETBANKING,ICICI,NETWORK_ERROR,8,NO_ACTION,0
0.6904761904761905,0.6153846153846154,5920.58,WALLET,YESBANK,INSUFFICIENT_FUNDS,10,NO_ACTION,0
0.8421052631578947,0.6666666666666666,1145.76,CARD,AXIS,LIMIT_EXCEEDED,3,RETRY_LATER,1
0.8235294117647058,1.0,2007.22,CARD,YESBANK,BANK_TIMEOUT,17,RETRY_LATER,1
0.8653846153846154,0.0,685.35,UPI,KOTAK,CARD_EXPIRED,2,NO_ACTION,0
0.8085106382978723,0.5555555555555556,6401.16,UPI,ICICI,NETWORK_ERROR,5,SEND_REMINDER,0
0.9210526315789473,1.0,9873.57,WALLET,HDFC,AUTHENTICATION_FAILED,16,RETRY_LATER,0
0.8571428571428571,0.4,6829.69,UPI,AXIS,LIMIT_EXCEEDED,6,NO_ACTION,0
0.8620689655172413,0.75,4425.71,UPI,KOTAK,BANK_TIMEOUT,6,NO_ACTION,0
0.8494623655913979,0.35714285714285715,1659.2,WALLET,HDFC,INSUFFICIENT_FUNDS,10,NO_ACTION,0
0.7638888888888888,0.17647058823529413,8909.17,NETBANKING,HDFC,BANK_TIMEOUT,13,SEND_REMINDER,0
0.7419354838709677,0.3125,9013.67,UPI,HDFC,NETWORK_ERROR,19,NO_ACTION,0
0.8214285714285714,0.8,6217.66,NETBANKING,ICICI,NETWORK_ERROR,6,SEND_REMINDER,1
0.7049180327868853,0.5555555555555556,6335.28,UPI,AXIS,BANK_TIMEOUT,14,SEND_REMINDER,0
0.8428571428571429,0.8181818181818182,9007.56,CARD,ICICI,INSUFFICIENT_FUNDS,21,RETRY_NOW,0
0.8488372093023255,0.5384615384615384,9169.07,UPI,SBI,LIMIT_EXCEEDED,19,SEND_REMINDER,0
0.8627450980392157,1.0,1017.92,WALLET,ICICI,CARD_EXPIRED,8,NO_ACTION,0
0.8769230769230769,0.125,8702.52,NETBANKING,YESBANK,INSUFFICIENT_FUNDS,18,NO_ACTION,0
0.9743589743589743,1.0,8601.13,UPI,YESBANK,AUTHENTICATION_FAILED,13,RETRY_NOW,0
1.0,0.0,6463.02,UPI,ICICI,LIMIT_EXCEEDED,21,RETRY_LATER,0
0.9702970297029703,0.3333333333333333,6845.12,WALLET,KOTAK,INSUFFICIENT_FUNDS,9,RETRY_LATER,0
0.6129032258064516,0.5833333333333334,1326.38,NETBANKING,SBI,INSUFFICIENT_FUNDS,14,RETRY_LATER,1
1.0,0.0,9234.93,UPI,KOTAK,AUTHENTICATION_FAILED,21,RETRY_LATER,1
0.703125,0.47368421052631576,4426.94,CARD,SBI,AUTHENTICATION_FAILED,18,RETRY_LATER,0
0.765625,0.4,5069.37,WALLET,ICICI,AUTHENTICATION_FAILED,16,RETRY_NOW,0
0.9534883720930233,1.0,1529.13,WALLET,ICICI,BANK_TIMEOUT,18,SEND_REMINDER,0
0.8061224489795918,0.7368421052631579,3818.54,UPI,ICICI,NETWORK_ERROR,1,NO_ACTION,0
0.8260869565217391,0.4,7767.39,WALLET,AXIS,LIMIT_EXCEEDED,17,SEND_REMINDER,0
0.8372093023255814,0.21428571428571427,4723.66,UPI,SBI,INSUFFICIENT_FUNDS,0,NO_ACTION,0
0.5,0.6666666666666666,4525.38,CARD,HDFC,INSUFFICIENT_FUNDS,2,SEND_REMINDER,1
0.9253731343283582,0.6,4350.44,UPI,YESBANK,LIMIT_EXCEEDED,4,RETRY_NOW,0
0.6666666666666666,0.125,3693.65,CARD,AXIS,LIMIT_EXCEEDED,16,RETRY_NOW,0
0.9523809523809523,0.2,4783.76,UPI,HDFC,BANK_TIMEOUT,11,RETRY_LATER,1
0.8765432098765432,0.5,812.77,CARD,ICICI,LIMIT_EXCEEDED,6,SEND_REMINDER,0
0.8350515463917526,0.8125,9651.22,UPI,HDFC,CARD_EXPIRED,5,SEND_REMINDER,1
0.6904761904761905,0.07692307692307693,5968.01,WALLET,KOTAK,BANK_TIMEOUT,20,SEND_REMINDER,0
0.96875,0.3333333333333333,5174.23,WALLET,SBI,LIMIT_EXCEEDED,14,SEND_REMINDER,0
0.96,1.0,2219.99,WALLET,ICICI,CARD_EXPIRED,3,RETRY_NOW,1
0.5555555555555556,0.4,617.05,UPI,HDFC,CARD_EXPIRED,13,NO_ACTION,0
0.9072164948453608,0.4444444444444444,3288.65,WALLET,HDFC,LIMIT_EXCEEDED,9,RETRY_NOW,1
0.7532467532467533,0.3684210526315789,467.66,CARD,ICICI,CARD_EXPIRED,18,SEND_REMINDER,1
0.9873417721518988,0.0,6169.01,UPI,ICICI,INSUFFICIENT_FUNDS,21,SEND_REMINDER,1
0.75,1.0,4072.27,WALLET,HDFC,INSUFFICIENT_FUNDS,14,NO_ACTION,0
0.8823529411764706,1.0,3150.51,UPI,YESBANK,CARD_EXPIRED,5,SEND_REMINDER,1
0.872093023255814,0.09090909090909091,7016.21,UPI,SBI,INSUFFICIENT_FUNDS,4,RETRY_NOW,0
0.9625,0.0,8848.35,NETBANKING,KOTAK,LIMIT_EXCEEDED,1,SEND_REMINDER,1
0.9523809523809523,1.0,2208.78,UPI,ICICI,INSUFFICIENT_FUNDS,3,RETRY_LATER,1
0.9113924050632911,0.7142857142857143,2619.1,UPI,KOTAK,AUTHENTICATION_FAILED,17,RETRY_LATER,0
0.88,0.0,8749.66,WALLET,YESBANK,INSUFFICIENT_FUNDS,5,SEND_REMINDER,1
0.8777777777777778,0.6363636363636364,1844.7,UPI,ICICI,BANK_TIMEOUT,6,NO_ACTION,0
0.6976744186046512,0.07692307692307693,7736.8,NETBANKING,AXIS,BANK_TIMEOUT,15,SEND_REMINDER,1
0.7391304347826086,0.16666666666666666,5611.67,NETBANKING,AXIS,AUTHENTICATION_FAILED,21,NO_ACTION,0
0.85,0.5555555555555556,8779.89,CARD,HDFC,INSUFFICIENT_FUNDS,15,RETRY_NOW,0
0.8876404494382022,0.9,6545.43,WALLET,YESBANK,NETWORK_ERROR,22,RETRY_LATER,1
0.98989898989899,1.0,3982.59,WALLET,HDFC,INSUFFICIENT_FUNDS,14,RETRY_LATER,1
0.7,0.5555555555555556,2278.9,CARD,ICICI,CARD_EXPIRED,22,SEND_REMINDER,1
0.8444444444444444,0.14285714285714285,2175.54,UPI,SBI,NETWORK_ERROR,11,RETRY_NOW,0
0.7868852459016393,0.46153846153846156,2144.24,WALLET,YESBANK,CARD_EXPIRED,16,NO_ACTION,0
0.91,0.2222222222222222,526.44,CARD,SBI,BANK_TIMEOUT,18,RETRY_NOW,1
0.8910891089108911,0.0,5451.55,WALLET,ICICI,AUTHENTICATION_FAILED,12,SEND_REMINDER,0
0.8902439024390244,1.0,2243.01,WALLET,KOTAK,INSUFFICIENT_FUNDS,1,RETRY_NOW,0
0.9166666666666666,1.0,2744.0,WALLET,ICICI,INSUFFICIENT_FUNDS,8,RETRY_NOW,0
0.7875,0.5294117647058824,5149.33,WALLET,ICICI,CARD_EXPIRED,12,RETRY_NOW,1
0.8888888888888888,0.2857142857142857,1039.93,NETBANKING,KOTAK,NETWORK_ERROR,11,SEND_REMINDER,0
0.45454545454545453,0.5,2600.71,UPI,YESBANK,AUTHENTICATION_FAILED,5,RETRY_NOW,0
0.8981481481481481,0.5454545454545454,9902.2,NETBANKING,HDFC,CARD_EXPIRED,8,SEND_REMINDER,0
0.797752808988764,0.1111111111111111,6978.83,NETBANKING,HDFC,INSUFFICIENT_FUNDS,2,RETRY_NOW,0
0.5238095238095238,0.7,7924.48,CARD,HDFC,CARD_EXPIRED,6,SEND_REMINDER,0
0.9833333333333333,1.0,5596.07,UPI,SBI,LIMIT_EXCEEDED,3,SEND_REMINDER,1
0.7419354838709677,0.3125,2999.81,UPI,AXIS,NETWORK_ERROR,16,RETRY_NOW,1
0.5681818181818182,0.3157894736842105,2800.24,CARD,YESBANK,AUTHENTICATION_FAILED,9,RETRY_NOW,0
0.9375,0.0,5866.02,UPI,HDFC,BANK_TIMEOUT,1,SEND_REMINDER,0
0.9411764705882353,0.5,9060.92,WALLET,YESBANK,AUTHENTICATION_FAILED,16,SEND_REMINDER,0
0.7,0.3333333333333333,9128.34,NETBANKING,SBI,INSUFFICIENT_FUNDS,16,RETRY_NOW,0
0.6774193548387096,0.4,4462.09,UPI,HDFC,CARD_EXPIRED,17,SEND_REMINDER,1
0.8625,0.18181818181818182,9414.66,WALLET,AXIS,LIMIT_EXCEEDED,19,NO_ACTION,0
0.9117647058823529,0.3333333333333333,9833.48,NETBANKING,YESBANK,NETWORK_ERROR,1,RETRY_LATER,1
1.0,0.0,2400.83,CARD,ICICI,INSUFFICIENT_FUNDS,1,NO_ACTION,0
0.9213483146067416,1.0,6176.92,NETBANKING,HDFC,AUTHENTICATION_FAILED,10,NO_ACTION,0
0.8526315789473684,0.2857142857142857,3128.47,WALLET,YESBANK,BANK_TIMEOUT,7,RETRY_LATER,0
0.7802197802197802,0.3,7255.5,WALLET,YESBANK,LIMIT_EXCEEDED,3,RETRY_LATER,0
0.9,1.0,3122.64,CARD,SBI,INSUFFICIENT_FUNDS,5,NO_ACTION,0
0.8028169014084507,0.5,1838.8,UPI,HDFC,CARD_EXPIRED,13,NO_ACTION,0
0.6326530612244898,0.6666666666666666,9211.83,UPI,HDFC,LIMIT_EXCEEDED,3,SEND_REMINDER,1
0.8333333333333334,0.09090909090909091,3741.39,CARD,SBI,CARD_EXPIRED,15,RETRY_LATER,0
0.8172043010752689,0.23529411764705882,5728.04,CARD,HDFC,BANK_TIMEOUT,5,RETRY_NOW,1
0.927710843373494,0.8333333333333334,8860.75,CARD,KOTAK,CARD_EXPIRED,6,RETRY_NOW,0
0.7285714285714285,0.7894736842105263,3729.58,NETBANKING,ICICI,INSUFFICIENT_FUNDS,19,SEND_REMINDER,1
0.8229166666666666,0.7647058823529411,3526.17,UPI,AXIS,CARD_EXPIRED,8,SEND_REMINDER,0
0.6909090909090909,0.23529411764705882,7034.65,WALLET,SBI,LIMIT_EXCEEDED,15,RETRY_LATER,1
0.8648648648648649,0.4,1021.2,WALLET,ICICI,CARD_EXPIRED,2,NO_ACTION,0
0.8837209302325582,0.2,6199.96,WALLET,AXIS,BANK_TIMEOUT,19,SEND_REMINDER,0
0.9333333333333333,0.6666666666666666,426.4,UPI,AXIS,AUTHENTICATION_FAILED,14,NO_ACTION,0
0.8222222222222222,0.0,4694.92,CARD,HDFC,CARD_EXPIRED,23,RETRY_LATER,1
0.9879518072289156,0.0,4668.65,CARD,SBI,CARD_EXPIRED,2,SEND_REMINDER,0
0.7846153846153846,0.7857142857142857,3237.2,WALLET,SBI,NETWORK_ERROR,15,SEND_REMINDER,1
1.0,0.0,8217.1,WALLET,YESBANK,AUTHENTICATION_FAILED,4,RETRY_LATER,0
0.8157894736842105,0.0,5292.93,UPI,SBI,BANK_TIMEOUT,6,RETRY_LATER,0
0.8307692307692308,0.5454545454545454,6263.47,NETBANKING,YESBANK,CARD_EXPIRED,1,RETRY_NOW,0
0.703125,0.47368421052631576,4426.94,CARD,SBI,AUTHENTICATION_FAILED,18,NO_ACTION,0
0.8115942028985508,1.0,3771.3,WALLET,SBI,LIMIT_EXCEEDED,20,SEND_REMINDER,1
0.9625,0.0,6284.81,NETBANKING,YESBANK,BANK_TIMEOUT,20,RETRY_LATER,0
0.8409090909090909,1.0,8114.22,CARD,YESBANK,LIMIT_EXCEEDED,17,SEND_REMINDER,1
0.6785714285714286,0.8333333333333334,5251.84,WALLET,AXIS,LIMIT_EXCEEDED,13,SEND_REMINDER,1
0.4444444444444444,0.55,5680.65,WALLET,KOTAK,INSUFFICIENT_FUNDS,16,SEND_REMINDER,0
0.8596491228070176,0.5625,9957.96,UPI,KOTAK,AUTHENTICATION_FAILED,16,NO_ACTION,0
0.9827586206896551,0.0,9798.86,NETBANKING,YESBANK,INSUFFICIENT_FUNDS,23,NO_ACTION,0
0.9876543209876543,1.0,4789.22,NETBANKING,KOTAK,BANK_TIMEOUT,23,RETRY_LATER,1
0.9534883720930233,0.5,6732.53,CARD,AXIS,CARD_EXPIRED,11,RETRY_NOW,0
0.99,1.0,8651.95,CARD,ICICI,CARD_EXPIRED,12,RETRY_LATER,0
0.8656716417910447,0.4444444444444444,1950.64,UPI,ICICI,BANK_TIMEOUT,18,SEND_REMINDER,0
0.9811320754716981,1.0,5503.55,CARD,SBI,LIMIT_EXCEEDED,12,NO_ACTION,0
0.9764705882352941,0.0,8959.73,NETBANKING,KOTAK,CARD_EXPIRED,11,RETRY_NOW,0
0.9210526315789473,1.0,2242.21,UPI,ICICI,INSUFFICIENT_FUNDS,4,RETRY_NOW,0
0.6724137931034483,0.10526315789473684,4926.95,WALLET,ICICI,NETWORK_ERROR,6,NO_ACTION,0
0.9555555555555556,0.0,9383.95,UPI,KOTAK,CARD_EXPIRED,17,RETRY_NOW,0
0.3,0.9285714285714286,5547.0,NETBANKING,HDFC,AUTHENTICATION_FAILED,3,SEND_REMINDER,1
0.6428571428571429,0.55,8603.92,WALLET,KOTAK,AUTHENTICATION_FAILED,16,RETRY_NOW,1
0.9333333333333333,0.75,2760.31,UPI,HDFC,AUTHENTICATION_FAILED,7,NO_ACTION,0
0.9607843137254902,0.5,155.62,NETBANKING,KOTAK,BANK_TIMEOUT,16,RETRY_LATER,1
0.845360824742268,0.3333333333333333,7959.21,CARD,HDFC,BANK_TIMEOUT,22,RETRY_NOW,0
0.8434782608695652,0.5,5758.45,CARD,AXIS,NETWORK_ERROR,22,SEND_REMINDER,1
0.7361111111111112,0.631578947368421,9722.51,CARD,SBI,INSUFFICIENT_FUNDS,7,RETRY_NOW,1
0.9166666666666666,1.0,3750.19,NETBANKING,AXIS,AUTHENTICATION_FAILED,19,SEND_REMINDER,1
0.5,0.6428571428571429,9514.04,WALLET,AXIS,NETWORK_ERROR,3,RETRY_NOW,1
0.9117647058823529,0.3333333333333333,2935.12,WALLET,KOTAK,CARD_EXPIRED,6,RETRY_LATER,0
0.7285714285714285,0.7894736842105263,4366.29,NETBANKING,AXIS,LIMIT_EXCEEDED,17,NO_ACTION,0
0.65,0.7857142857142857,7837.24,UPI,YESBANK,INSUFFICIENT_FUNDS,22,RETRY_NOW,0
0.6825396825396826,1.0,7306.51,CARD,HDFC,CARD_EXPIRED,16,RETRY_LATER,1
0.9333333333333333,0.4,6018.5,NETBANKING,SBI,AUTHENTICATION_FAILED,11,RETRY_NOW,1
0.5294117647058824,0.75,9921.59,CARD,YESBANK,INSUFFICIENT_FUNDS,15,SEND_REMINDER,0
0.979381443298969,0.5,5876.19,NETBANKING,HDFC,INSUFFICIENT_FUNDS,20,SEND_REMINDER,1
0.9345794392523364,0.2857142857142857,7048.3,CARD,YESBANK,BANK_TIMEOUT,18,NO_ACTION,0
0.7432432432432432,0.8947368421052632,6951.76,CARD,SBI,NETWORK_ERROR,19,NO_ACTION,0
0.3076923076923077,0.4444444444444444,4948.74,CARD,ICICI,AUTHENTICATION_FAILED,11,RETRY_NOW,0
0.7142857142857143,0.5,2494.18,UPI,YESBANK,AUTHENTICATION_FAILED,17,RETRY_NOW,1
0.9204545454545454,0.14285714285714285,1244.05,WALLET,HDFC,LIMIT_EXCEEDED,12,RETRY_LATER,1
0.7291666666666666,0.3076923076923077,1971.28,NETBANKING,AXIS,CARD_EXPIRED,21,NO_ACTION,0
0.7654320987654321,0.7368421052631579,7027.05,NETBANKING,ICICI,LIMIT_EXCEEDED,4,RETRY_LATER,1
0.875,0.8333333333333334,9123.79,NETBANKING,KOTAK,INSUFFICIENT_FUNDS,6,RETRY_NOW,1
0.8173076923076923,0.3684210526315789,2855.93,CARD,ICICI,BANK_TIMEOUT,9,RETRY_NOW,1
0.9583333333333334,1.0,3422.04,UPI,YESBANK,CARD_EXPIRED,15,RETRY_LATER,1
0.8541666666666666,0.42857142857142855,8159.35,CARD,YESBANK,INSUFFICIENT_FUNDS,3,RETRY_LATER,0
0.43333333333333335,0.5294117647058824,335.91,NETBANKING,YESBANK,LIMIT_EXCEEDED,10,NO_ACTION,0
0.7777777777777778,1.0,3273.13,CARD,AXIS,NETWORK_ERROR,22,SEND_REMINDER,0
0.6923076923076923,0.75,1980.49,CARD,YESBANK,INSUFFICIENT_FUNDS,4,RETRY_NOW,0
0.96,1.0,9049.39,NETBANKING,AXIS,INSUFFICIENT_FUNDS,22,RETRY_NOW,1
0.9827586206896551,0.0,4680.53,CARD,KOTAK,LIMIT_EXCEEDED,18,RETRY_NOW,0
0.6428571428571429,0.55,8603.92,WALLET,KOTAK,AUTHENTICATION_FAILED,16,RETRY_LATER,0
0.7285714285714285,1.0,5611.0,UPI,AXIS,NETWORK_ERROR,1,NO_ACTION,0
1.0,0.0,9766.16,NETBANKING,HDFC,INSUFFICIENT_FUNDS,15,RETRY_LATER,0
0.47058823529411764,0.7777777777777778,5943.65,CARD,KOTAK,INSUFFICIENT_FUNDS,19,RETRY_LATER,0
0.7428571428571429,0.8888888888888888,7054.13,CARD,HDFC,AUTHENTICATION_FAILED,17,RETRY_NOW,1
0.78125,0.7142857142857143,6600.96,NETBANKING,YESBANK,LIMIT_EXCEEDED,12,RETRY_NOW,0
0.625,0.0,5738.2,UPI,ICICI,INSUFFICIENT_FUNDS,14,NO_ACTION,0
0.7764705882352941,0.3684210526315789,112.3,UPI,YESBANK,BANK_TIMEOUT,19,NO_ACTION,0
0.8777777777777778,0.8181818181818182,6896.08,NETBANKING,ICICI,AUTHENTICATION_FAILED,6,RETRY_NOW,0
0.9523809523809523,1.0,6543.02,NETBANKING,KOTAK,LIMIT_EXCEEDED,12,NO_ACTION,0
0.8333333333333334,0.0,3917.69,WALLET,HDFC,CARD_EXPIRED,21,RETRY_LATER,0
0.4090909090909091,0.5384615384615384,3656.05,WALLET,KOTAK,CARD_EXPIRED,22,RETRY_NOW,1
0.8148148148148148,0.06666666666666667,8685.93,NETBANKING,SBI,NETWORK_ERROR,17,SEND_REMINDER,0
0.5384615384615384,0.2777777777777778,698.51,CARD,ICICI,CARD_EXPIRED,22,SEND_REMINDER,0
0.8333333333333334,0.9,8446.72,UPI,AXIS,CARD_EXPIRED,3,RETRY_NOW,0
0.6923076923076923,0.9375,4754.61,NETBANKING,ICICI,NETWORK_ERROR,3,RETRY_NOW,1
0.8421052631578947,0.3333333333333333,6337.88,NETBANKING,HDFC,BANK_TIMEOUT,10,NO_ACTION,0
0.7333333333333333,1.0,927.71,WALLET,YESBANK,INSUFFICIENT_FUNDS,22,RETRY_NOW,0
0.8777777777777778,0.6363636363636364,2219.93,NETBANKING,KOTAK,NETWORK_ERROR,23,SEND_REMINDER,0
0.9230769230769231,0.6,6140.4,WALLET,SBI,LIMIT_EXCEEDED,15,RETRY_NOW,1
0.8936170212765957,0.1,361.74,NETBANKING,KOTAK,LIMIT_EXCEEDED,7,RETRY_LATER,1
0.7625,0.3157894736842105,9010.37,NETBANKING,AXIS,NETWORK_ERROR,3,NO_ACTION,0
0.8208955223880597,0.5833333333333334,4169.91,CARD,YESBANK,INSUFFICIENT_FUNDS,5,NO_ACTION,0
0.8347826086956521,0.7368421052631579,3269.05,UPI,HDFC,AUTHENTICATION_FAILED,16,RETRY_LATER,0
0.8235294117647058,0.2777777777777778,6991.99,UPI,KOTAK,BANK_TIMEOUT,4,SEND_REMINDER,0
0.2,0.4,2407.93,WALLET,ICICI,LIMIT_EXCEEDED,12,NO_ACTION,0
0.9680851063829787,0.6666666666666666,489.44,UPI,YESBANK,BANK_TIMEOUT,2,NO_ACTION,0
0.9428571428571428,1.0,1954.58,UPI,KOTAK,BANK_TIMEOUT,22,NO_ACTION,0
0.8,1.0,7269.38,CARD,SBI,AUTHENTICATION_FAILED,16,RETRY_LATER,0
0.84,0.25,6256.59,NETBANKING,AXIS,BANK_TIMEOUT,21,NO_ACTION,0
0.6458333333333334,0.6470588235294118,4051.01,UPI,YESBANK,LIMIT_EXCEEDED,20,NO_ACTION,0
0.6071428571428571,0.5454545454545454,8436.09,NETBANKING,ICICI,NETWORK_ERROR,6,RETRY_LATER,1
0.9795918367346939,0.5,5541.3,CARD,YESBANK,CARD_EXPIRED,17,RETRY_LATER,1
0.7272727272727273,0.4166666666666667,6097.8,WALLET,HDFC,INSUFFICIENT_FUNDS,22,SEND_REMINDER,1
0.9714285714285714,0.0,1275.39,UPI,HDFC,LIMIT_EXCEEDED,4,RETRY_LATER,1
0.9565217391304348,0.0,2818.9,WALLET,ICICI,CARD_EXPIRED,11,NO_ACTION,0
0.6875,1.0,9804.11,CARD,ICICI,LIMIT_EXCEEDED,23,SEND_REMINDER,0
0.8404255319148937,0.6,5109.65,UPI,AXIS,LIMIT_EXCEEDED,6,RETRY_NOW,0
0.7692307692307693,1.0,6081.45,NETBANKING,ICICI,LIMIT_EXCEEDED,6,RETRY_LATER,1
0.8404255319148937,0.6,4332.9,UPI,SBI,INSUFFICIENT_FUNDS,18,SEND_REMINDER,0
0.42857142857142855,0.125,3934.67,CARD,KOTAK,BANK_TIMEOUT,11,NO_ACTION,0
0.890625,0.42857142857142855,6074.79,CARD,YESBANK,LIMIT_EXCEEDED,1,NO_ACTION,0
1.0,0.0,272.49,NETBANKING,YESBANK,LIMIT_EXCEEDED,11,RETRY_NOW,1
0.9896907216494846,1.0,5026.96,WALLET,AXIS,LIMIT_EXCEEDED,6,NO_ACTION,0
1.0,0.0,1515.51,UPI,KOTAK,CARD_EXPIRED,2,RETRY_NOW,1
0.9345794392523364,0.5714285714285714,9804.93,CARD,AXIS,AUTHENTICATION_FAILED,15,RETRY_LATER,0
0.7391304347826086,0.16666666666666666,1542.57,UPI,KOTAK,BANK_TIMEOUT,2,RETRY_LATER,1
0.8148148148148148,0.06666666666666667,146.65,WALLET,YESBANK,INSUFFICIENT_FUNDS,5,RETRY_NOW,0
0.7931034482758621,0.8333333333333334,7543.86,CARD,HDFC,BANK_TIMEOUT,8,SEND_REMINDER,0
0.8653846153846154,0.0,179.18,CARD,HDFC,CARD_EXPIRED,6,NO_ACTION,0
0.898989898989899,0.1,2035.83,CARD,YESBANK,LIMIT_EXCEEDED,3,RETRY_LATER,0
0.8924731182795699,0.4,2652.85,WALLET,SBI,CARD_EXPIRED,19,RETRY_NOW,0
0.8070175438596491,0.36363636363636365,159.3,CARD,YESBANK,LIMIT_EXCEEDED,22,RETRY_NOW,0
0.7692307692307693,1.0,2856.81,NETBANKING,KOTAK,AUTHENTICATION_FAILED,5,SEND_REMINDER,1
0.8392857142857143,0.2222222222222222,9395.81,NETBANKING,ICICI,LIMIT_EXCEEDED,8,NO_ACTION,0
0.7397260273972602,1.0,9380.44,CARD,HDFC,AUTHENTICATION_FAILED,20,SEND_REMINDER,1
0.8936170212765957,0.0,7337.67,WALLET,SBI,LIMIT_EXCEEDED,4,RETRY_LATER,1
0.71875,0.3333333333333333,9085.23,NETBANKING,ICICI,NETWORK_ERROR,14,RETRY_LATER,1
0.9523809523809523,1.0,2153.73,NETBANKING,YESBANK,INSUFFICIENT_FUNDS,3,SEND_REMINDER,1
0.6842105263157895,0.7777777777777778,5154.21,WALLET,ICICI,LIMIT_EXCEEDED,15,RETRY_LATER,0
0.9759036144578314,0.0,594.08,NETBANKING,HDFC,LIMIT_EXCEEDED,17,SEND_REMINDER,0
0.9696969696969697,0.0,5008.4,UPI,SBI,NETWORK_ERROR,5,RETRY_LATER,1
0.88,0.0,6911.34,NETBANKING,YESBANK,BANK_TIMEOUT,16,SEND_REMINDER,0
0.96875,0.6666666666666666,9523.74,NETBANKING,AXIS,CARD_EXPIRED,20,SEND_REMINDER,1
0.7727272727272727,0.3,4350.58,NETBANKING,SBI,CARD_EXPIRED,5,SEND_REMINDER,0
0.8387096774193549,0.7333333333333333,7504.42,NETBANKING,AXIS,AUTHENTICATION_FAILED,21,RETRY_LATER,0
0.6923076923076923,0.9375,4754.61,NETBANKING,ICICI,NETWORK_ERROR,3,NO_ACTION,0
0.9583333333333334,1.0,1619.72,CARD,HDFC,AUTHENTICATION_FAILED,7,SEND_REMINDER,0
0.88,0.0,3887.63,WALLET,AXIS,BANK_TIMEOUT,9,NO_ACTION,0
0.8282828282828283,0.7647058823529411,3377.26,WALLET,YESBANK,BANK_TIMEOUT,4,RETRY_LATER,1
0.9245283018867925,0.75,4199.76,CARD,AXIS,CARD_EXPIRED,22,SEND_REMINDER,0
0.9523809523809523,0.0,5094.6,NETBANKING,AXIS,NETWORK_ERROR,20,SEND_REMINDER,1
0.8279569892473119,0.1875,6450.44,CARD,AXIS,AUTHENTICATION_FAILED,13,RETRY_LATER,1
0.9333333333333333,0.16666666666666666,8011.76,NETBANKING,SBI,NETWORK_ERROR,21,NO_ACTION,0
0.803921568627451,1.0,1059.41,UPI,AXIS,INSUFFICIENT_FUNDS,0,RETRY_LATER,0
0.8301886792452831,0.3333333333333333,7844.75,WALLET,KOTAK,NETWORK_ERROR,22,NO_ACTION,0
0.9444444444444444,0.2,8067.78,UPI,YESBANK,LIMIT_EXCEEDED,22,NO_ACTION,0
0.703125,0.0,4362.49,CARD,AXIS,AUTHENTICATION_FAILED,12,RETRY_LATER,0
0.8173076923076923,0.3684210526315789,2011.64,UPI,AXIS,BANK_TIMEOUT,17,RETRY_NOW,1
0.6129032258064516,0.5833333333333334,3835.06,WALLET,KOTAK,NETWORK_ERROR,3,RETRY_LATER,1
0.8130841121495327,0.4,9704.2,NETBANKING,KOTAK,BANK_TIMEOUT,14,NO_ACTION,0
0.9166666666666666,0.0,1053.25,NETBANKING,ICICI,LIMIT_EXCEEDED,0,SEND_REMINDER,0
0.8888888888888888,0.2857142857142857,9207.86,CARD,ICICI,INSUFFICIENT_FUNDS,19,RETRY_LATER,1
0.9583333333333334,1.0,384.01,WALLET,AXIS,BANK_TIMEOUT,5,NO_ACTION,0
0.7654320987654321,0.7368421052631579,6543.41,UPI,SBI,NETWORK_ERROR,2,RETRY_NOW,1
0.8591549295774648,0.4,5785.15,UPI,SBI,AUTHENTICATION_FAILED,22,NO_ACTION,0
0.8783783783783784,0.0,7558.7,NETBANKING,YESBANK,LIMIT_EXCEEDED,10,RETRY_NOW,0
0.8518518518518519,0.0,5137.28,CARD,AXIS,AUTHENTICATION_FAILED,2,RETRY_NOW,1
0.9603960396039604,0.0,8076.89,NETBANKING,SBI,LIMIT_EXCEEDED,19,SEND_REMINDER,0
0.8701298701298701,0.9,4869.29,UPI,SBI,CARD_EXPIRED,6,RETRY_NOW,0
0.9166666666666666,1.0,7972.89,WALLET,KOTAK,NETWORK_ERROR,14,SEND_REMINDER,1
1.0,0.0,1203.58,WALLET,HDFC,LIMIT_EXCEEDED,8,NO_ACTION,0
0.927710843373494,0.0,2967.32,UPI,AXIS,LIMIT_EXCEEDED,19,RETRY_LATER,1
0.9333333333333333,0.6666666666666666,332.27,CARD,SBI,AUTHENTICATION_FAILED,23,RETRY_LATER,0
0.9204545454545454,0.14285714285714285,1244.05,WALLET,HDFC,LIMIT_EXCEEDED,12,NO_ACTION,0
0.8,0.17647058823529413,2398.39,UPI,KOTAK,LIMIT_EXCEEDED,17,RETRY_NOW,1
0.696969696969697,0.6,2781.82,WALLET,AXIS,INSUFFICIENT_FUNDS,20,RETRY_NOW,0
0.9886363636363636,1.0,7572.65,UPI,YESBANK,BANK_TIMEOUT,23,RETRY_NOW,1
0.3333333333333333,0.55,4889.4,NETBANKING,YESBANK,AUTHENTICATION_FAILED,7,RETRY_LATER,1
0.8148148148148148,0.8,9435.77,NETBANKING,HDFC,CARD_EXPIRED,21,RETRY_LATER,1
0.8260869565217391,0.4,7767.39,WALLET,AXIS,LIMIT_EXCEEDED,17,RETRY_LATER,0
0.7402597402597403,0.35,7435.02,CARD,SBI,AUTHENTICATION_FAILED,2,RETRY_LATER,1
0.5348837209302325,0.4,460.48,UPI,KOTAK,INSUFFICIENT_FUNDS,7,NO_ACTION,0
0.9827586206896551,0.0,2729.62,CARD,SBI,CARD_EXPIRED,4,RETRY_NOW,0
0.8591549295774648,0.4,7103.34,NETBANKING,YESBANK,CARD_EXPIRED,13,SEND_REMINDER,0
0.8222222222222222,0.875,9356.62,UPI,ICICI,LIMIT_EXCEEDED,17,RETRY_LATER,1
0.8170731707317073,1.0,4967.1,UPI,HDFC,CARD_EXPIRED,22,RETRY_NOW,1
0.6052631578947368,0.2,6101.3,WALLET,KOTAK,AUTHENTICATION_FAILED,10,NO_ACTION,0
0.8369565217391305,0.4,1709.88,UPI,YESBANK,NETWORK_ERROR,9,RETRY_NOW,1
0.8591549295774648,0.4,5964.05,CARD,SBI,NETWORK_ERROR,18,RETRY_NOW,0
0.7868852459016393,0.46153846153846156,5542.05,UPI,SBI,AUTHENTICATION_FAILED,5,NO_ACTION,0
