success_rate,recovery_rate,amount,payment_method,bank,failure_code,hour,action,success
0.4,0.6666666666666666,4594.55,UPI,YESBANK,BANK_TIMEOUT,16,NO_ACTION,0
0.6984126984126984,0.42105263157894735,7250.64,UPI,YESBANK,LIMIT_EXCEEDED,20,SEND_REMINDER,1
0.7076923076923077,0.7894736842105263,135.92,NETBANKING,SBI,INSUFFICIENT_FUNDS,0,RETRY_NOW,1
0.4,0.6666666666666666,8432.53,UPI,HDFC,CARD_EXPIRED,3,RETRY_LATER,0
0.8095238095238095,0.25,1953.99,NETBANKING,YESBANK,BANK_TIMEOUT,10,RETRY_LATER,1
0.5714285714285714,0.0,8878.69,NETBANKING,SBI,NETWORK_ERROR,18,RETRY_LATER,0
0.9032258064516129,0.5,8512.42,NETBANKING,HDFC,CARD_EXPIRED,18,RETRY_LATER,0
0.782608695652174,0.5,2538.77,NETBANKING,AXIS,INSUFFICIENT_FUNDS,16,RETRY_NOW,0
0.8131868131868132,0.5882352941176471,1766.81,CARD,ICICI,LIMIT_EXCEEDED,11,RETRY_NOW,0
0.7948717948717948,0.5,813.12,CARD,AXIS,NETWORK_ERROR,16,SEND_REMINDER,0
0.7956989247311828,0.3684210526315789,7175.42,WALLET,SBI,NETWORK_ERROR,19,SEND_REMINDER,1
0.8333333333333334,1.0,8433.27,NETBANKING,HDFC,CARD_EXPIRED,14,SEND_REMINDER,1
0.717391304347826,0.6153846153846154,9131.14,WALLET,YESBANK,AUTHENTICATION_FAILED,0,RETRY_NOW,0
0.6818181818181818,0.8571428571428571,191.84,WALLET,YESBANK,NETWORK_ERROR,7,RETRY_NOW,1
0.7647058823529411,0.375,5616.19,CARD,ICICI,LIMIT_EXCEEDED,6,RETRY_NOW,0
0.6363636363636364,0.75,4849.45,NETBANKING,KOTAK,BANK_TIMEOUT,6,NO_ACTION,0
0.5714285714285714,0.0,9439.52,WALLET,KOTAK,INSUFFICIENT_FUNDS,2,RETRY_LATER,0
0.8888888888888888,0.0,6482.48,NETBANKING,ICICI,AUTHENTICATION_FAILED,22,NO_ACTION,0
0.3333333333333333,1.0,5721.44,NETBANKING,YESBANK,CARD_EXPIRED,4,RETRY_LATER,1
0.7096774193548387,0.4444444444444444,9014.58,CARD,ICICI,NETWORK_ERROR,21,RETRY_LATER,1
0.7333333333333333,0.5,1597.36,UPI,HDFC,AUTHENTICATION_FAILED,5,RETRY_NOW,0
0.8,0.3333333333333333,4138.11,UPI,YESBANK,NETWORK_ERROR,10,SEND_REMINDER,1
0.9090909090909091,1.0,4746.16,UPI,AXIS,LIMIT_EXCEEDED,5,SEND_REMINDER,0
0.6881720430107527,0.5862068965517241,7877.02,CARD,KOTAK,NETWORK_ERROR,8,NO_ACTION,0
0.6875,0.4666666666666667,8283.73,UPI,HDFC,INSUFFICIENT_FUNDS,9,SEND_REMINDER,1
0.6833333333333333,0.5526315789473685,6662.0,WALLET,KOTAK,LIMIT_EXCEEDED,9,NO_ACTION,0
0.6875,0.5,8693.93,CARD,YESBANK,LIMIT_EXCEEDED,5,RETRY_LATER,1
0.8,0.0,2728.41,CARD,KOTAK,INSUFFICIENT_FUNDS,11,RETRY_NOW,0
0.8695652173913043,0.3333333333333333,9593.33,UPI,YESBANK,BANK_TIMEOUT,6,NO_ACTION,0
0.631578947368421,0.14285714285714285,8500.25,CARD,YESBANK,CARD_EXPIRED,20,RETRY_LATER,0
0.7115384615384616,0.6,5337.09,CARD,AXIS,AUTHENTICATION_FAILED,16,NO_ACTION,0
0.7142857142857143,0.65,2693.11,WALLET,AXIS,BANK_TIMEOUT,20,NO_ACTION,0
0.6666666666666666,1.0,6607.78,WALLET,KOTAK,LIMIT_EXCEEDED,2,NO_ACTION,0
0.6229508196721312,0.34782608695652173,1396.73,UPI,AXIS,BANK_TIMEOUT,2,RETRY_NOW,1
0.8,0.5294117647058824,1954.76,NETBANKING,ICICI,AUTHENTICATION_FAILED,13,SEND_REMINDER,1
0.7333333333333333,0.5,5715.26,NETBANKING,YESBANK,INSUFFICIENT_FUNDS,5,RETRY_NOW,0
0.9175257731958762,0.5,7811.73,UPI,AXIS,AUTHENTICATION_FAILED,5,NO_ACTION,0
0.75,0.3333333333333333,6879.43,WALLET,HDFC,CARD_EXPIRED,3,SEND_REMINDER,1
0.7738095238095238,0.3157894736842105,9205.5,WALLET,KOTAK,AUTHENTICATION_FAILED,22,SEND_REMINDER,1
0.7397260273972602,0.42105263157894735,4495.49,WALLET,SBI,INSUFFICIENT_FUNDS,9,NO_ACTION,0
0.7017543859649122,0.47058823529411764,5243.15,NETBANKING,KOTAK,BANK_TIMEOUT,23,RETRY_NOW,0
0.8,0.5,6414.73,UPI,SBI,AUTHENTICATION_FAILED,11,RETRY_LATER,1
0.6071428571428571,0.6363636363636364,1450.65,WALLET,SBI,LIMIT_EXCEEDED,19,RETRY_NOW,0
0.8421052631578947,0.3333333333333333,2157.04,UPI,YESBANK,CARD_EXPIRED,23,SEND_REMINDER,0
0.7032967032967034,0.4444444444444444,8045.44,CARD,KOTAK,NETWORK_ERROR,11,NO_ACTION,0
0.7592592592592593,0.5384615384615384,8064.09,CARD,YESBANK,BANK_TIMEOUT,23,RETRY_LATER,1
0.8715596330275229,0.42857142857142855,2825.02,CARD,AXIS,NETWORK_ERROR,19,NO_ACTION,0
0.9534883720930233,1.0,3137.85,UPI,KOTAK,BANK_TIMEOUT,16,NO_ACTION,0
0.8421052631578947,0.6666666666666666,9885.51,UPI,YESBANK,BANK_TIMEOUT,9,RETRY_LATER,1
0.7641509433962265,0.4,6973.92,NETBANKING,KOTAK,INSUFFICIENT_FUNDS,17,NO_ACTION,0
0.6818181818181818,0.7142857142857143,7872.08,WALLET,HDFC,BANK_TIMEOUT,8,SEND_REMINDER,1
0.6236559139784946,0.6,5835.38,CARD,KOTAK,NETWORK_ERROR,14,NO_ACTION,0
0.8918918918918919,0.75,8886.58,WALLET,YESBANK,AUTHENTICATION_FAILED,19,RETRY_LATER,0
0.5833333333333334,0.4,365.5,NETBANKING,KOTAK,BANK_TIMEOUT,8,NO_ACTION,0
0.7592592592592593,0.46153846153846156,3109.55,WALLET,KOTAK,LIMIT_EXCEEDED,2,RETRY_NOW,0
0.6666666666666666,0.16666666666666666,7537.52,UPI,YESBANK,INSUFFICIENT_FUNDS,1,NO_ACTION,0
0.8813559322033898,0.14285714285714285,3640.32,NETBANKING,AXIS,CARD_EXPIRED,12,NO_ACTION,0
0.72,0.5714285714285714,5836.22,UPI,HDFC,BANK_TIMEOUT,19,RETRY_NOW,0
0.6619718309859155,0.4583333333333333,190.39,NETBANKING,ICICI,BANK_TIMEOUT,19,RETRY_NOW,0
0.75,1.0,8827.68,UPI,HDFC,NETWORK_ERROR,3,SEND_REMINDER,1
0.6705882352941176,0.6785714285714286,2728.9,WALLET,KOTAK,INSUFFICIENT_FUNDS,1,SEND_REMINDER,1
0.9253731343283582,0.5,4294.46,CARD,SBI,INSUFFICIENT_FUNDS,18,RETRY_LATER,0
0.8387096774193549,0.0,3685.12,UPI,SBI,AUTHENTICATION_FAILED,5,NO_ACTION,0
0.4,0.3333333333333333,8235.91,UPI,KOTAK,INSUFFICIENT_FUNDS,20,RETRY_NOW,0
0.7746478873239436,0.375,7043.08,UPI,ICICI,AUTHENTICATION_FAILED,14,RETRY_NOW,1
0.0,1.0,4758.97,WALLET,KOTAK,CARD_EXPIRED,11,SEND_REMINDER,1
0.9090909090909091,0.0,4160.07,CARD,KOTAK,CARD_EXPIRED,11,NO_ACTION,0
0.7777777777777778,0.5,567.18,WALLET,HDFC,NETWORK_ERROR,6,RETRY_LATER,0
0.7333333333333333,0.35,1411.43,UPI,HDFC,INSUFFICIENT_FUNDS,18,RETRY_LATER,0
0.8985507246376812,0.42857142857142855,2930.74,UPI,HDFC,LIMIT_EXCEEDED,0,RETRY_LATER,1
0.6,0.65,8325.61,WALLET,YESBANK,LIMIT_EXCEEDED,15,SEND_REMINDER,0
0.6271186440677966,0.6818181818181818,5978.34,NETBANKING,ICICI,NETWORK_ERROR,1,RETRY_NOW,0
0.782608695652174,0.4,8822.82,NETBANKING,AXIS,AUTHENTICATION_FAILED,22,RETRY_LATER,0
0.6565656565656566,0.5,8326.43,NETBANKING,AXIS,LIMIT_EXCEEDED,20,RETRY_NOW,0
0.8125,0.5555555555555556,440.0,NETBANKING,ICICI,INSUFFICIENT_FUNDS,4,SEND_REMINDER,0
0.8307692307692308,0.18181818181818182,6672.43,UPI,AXIS,AUTHENTICATION_FAILED,1,RETRY_NOW,1
0.7115384615384616,0.6,1959.57,WALLET,AXIS,CARD_EXPIRED,9,SEND_REMINDER,0
0.6590909090909091,0.4,7765.88,CARD,HDFC,NETWORK_ERROR,11,SEND_REMINDER,1
0.6,0.5,6446.08,UPI,SBI,BANK_TIMEOUT,1,RETRY_NOW,1
0.8888888888888888,1.0,9078.32,CARD,HDFC,NETWORK_ERROR,13,NO_ACTION,0
0.6904761904761905,0.23076923076923078,9783.66,CARD,ICICI,AUTHENTICATION_FAILED,22,NO_ACTION,0
0.8301886792452831,0.5555555555555556,7604.62,NETBANKING,HDFC,LIMIT_EXCEEDED,22,RETRY_LATER,1
0.782608695652174,0.85,5213.24,UPI,KOTAK,CARD_EXPIRED,18,RETRY_NOW,0
0.6867469879518072,0.46153846153846156,7420.54,WALLET,SBI,NETWORK_ERROR,16,RETRY_LATER,1
0.9105691056910569,0.6363636363636364,5157.57,UPI,HDFC,INSUFFICIENT_FUNDS,5,SEND_REMINDER,1
0.6949152542372882,0.5,4317.86,CARD,HDFC,INSUFFICIENT_FUNDS,6,SEND_REMINDER,1
0.7272727272727273,0.3333333333333333,7360.63,WALLET,YESBANK,LIMIT_EXCEEDED,8,NO_ACTION,0
0.7317073170731707,0.2727272727272727,5683.6,UPI,KOTAK,NETWORK_ERROR,22,RETRY_LATER,1
0.6511627906976745,0.6666666666666666,6578.38,UPI,KOTAK,LIMIT_EXCEEDED,23,SEND_REMINDER,1
0.625,0.6666666666666666,1568.22,UPI,HDFC,LIMIT_EXCEEDED,18,SEND_REMINDER,1
0.7258064516129032,0.47058823529411764,5665.71,WALLET,YESBANK,AUTHENTICATION_FAILED,18,RETRY_NOW,0
0.8,0.6666666666666666,7553.35,UPI,HDFC,CARD_EXPIRED,7,NO_ACTION,0
0.0,1.0,3644.45,NETBANKING,YESBANK,CARD_EXPIRED,14,RETRY_NOW,1
0.5625,0.42857142857142855,3564.16,CARD,AXIS,AUTHENTICATION_FAILED,17,RETRY_NOW,1
0.9577464788732394,0.3333333333333333,7444.59,NETBANKING,ICICI,INSUFFICIENT_FUNDS,1,RETRY_NOW,0
0.7222222222222222,0.5,7199.22,WALLET,ICICI,INSUFFICIENT_FUNDS,8,SEND_REMINDER,1
0.6666666666666666,0.7777777777777778,4683.57,NETBANKING,AXIS,CARD_EXPIRED,6,NO_ACTION,0
0.7073170731707317,0.4583333333333333,1639.33,NETBANKING,AXIS,CARD_EXPIRED,8,RETRY_LATER,1
0.7076923076923077,0.47368421052631576,6221.3,CARD,SBI,AUTHENTICATION_FAILED,14,RETRY_NOW,0
0.8636363636363636,0.7777777777777778,7329.76,NETBANKING,ICICI,CARD_EXPIRED,2,RETRY_LATER,1
0.44,0.5,5597.59,WALLET,SBI,CARD_EXPIRED,1,SEND_REMINDER,1
0.7123287671232876,0.38095238095238093,1619.4,WALLET,YESBANK,LIMIT_EXCEEDED,0,RETRY_LATER,0
0.6349206349206349,0.4782608695652174,8393.85,NETBANKING,ICICI,NETWORK_ERROR,13,NO_ACTION,0
0.6666666666666666,0.3333333333333333,6832.98,CARD,AXIS,CARD_EXPIRED,22,RETRY_LATER,0
0.7619047619047619,0.4,2046.8,UPI,HDFC,LIMIT_EXCEEDED,1,SEND_REMINDER,1
0.6666666666666666,0.5714285714285714,7163.73,UPI,ICICI,CARD_EXPIRED,2,NO_ACTION,0
0.6857142857142857,0.45454545454545453,3171.69,NETBANKING,KOTAK,INSUFFICIENT_FUNDS,4,RETRY_LATER,0
0.7692307692307693,0.6666666666666666,8023.01,CARD,YESBANK,AUTHENTICATION_FAILED,3,RETRY_LATER,0
0.6363636363636364,0.5,3391.71,UPI,ICICI,INSUFFICIENT_FUNDS,20,RETRY_NOW,0
0.6346153846153846,0.631578947368421,2638.31,WALLET,SBI,NETWORK_ERROR,0,RETRY_NOW,1
0.43333333333333335,0.4117647058823529,3026.03,WALLET,YESBANK,AUTHENTICATION_FAILED,23,RETRY_NOW,0
0.75,0.3333333333333333,8378.16,CARD,AXIS,NETWORK_ERROR,2,NO_ACTION,0
0.7931034482758621,0.5,834.61,UPI,ICICI,AUTHENTICATION_FAILED,12,NO_ACTION,0
0.6696428571428571,0.6756756756756757,9203.56,NETBANKING,AXIS,INSUFFICIENT_FUNDS,21,NO_ACTION,0
0.7441860465116279,0.5454545454545454,8466.5,UPI,SBI,INSUFFICIENT_FUNDS,15,NO_ACTION,0
0.8137254901960784,0.42105263157894735,4219.51,WALLET,SBI,INSUFFICIENT_FUNDS,7,RETRY_NOW,0
0.7540983606557377,0.4666666666666667,5493.88,UPI,KOTAK,NETWORK_ERROR,20,RETRY_NOW,0
0.47368421052631576,0.3,5775.21,WALLET,HDFC,NETWORK_ERROR,16,NO_ACTION,0
0.7058823529411765,0.4,6287.1,WALLET,AXIS,INSUFFICIENT_FUNDS,12,SEND_REMINDER,0
0.7352941176470589,0.4444444444444444,1182.31,WALLET,ICICI,BANK_TIMEOUT,14,RETRY_NOW,1
0.7692307692307693,0.4166666666666667,4229.65,NETBANKING,SBI,NETWORK_ERROR,10,NO_ACTION,0
0.7974683544303798,0.5,4609.74,UPI,YESBANK,NETWORK_ERROR,16,SEND_REMINDER,0
0.7195121951219512,0.782608695652174,9999.19,NETBANKING,KOTAK,INSUFFICIENT_FUNDS,2,RETRY_LATER,0
0.8977272727272727,0.6666666666666666,5027.96,CARD,KOTAK,INSUFFICIENT_FUNDS,17,SEND_REMINDER,1
0.7747747747747747,0.6,7065.34,CARD,AXIS,CARD_EXPIRED,6,RETRY_LATER,0
0.7368421052631579,0.6,544.08,UPI,SBI,CARD_EXPIRED,12,SEND_REMINDER,1
0.839622641509434,0.5882352941176471,5827.36,WALLET,YESBANK,INSUFFICIENT_FUNDS,5,RETRY_NOW,1
0.8292682926829268,0.14285714285714285,6881.65,CARD,ICICI,AUTHENTICATION_FAILED,7,NO_ACTION,0
0.8144329896907216,0.6666666666666666,8552.04,CARD,KOTAK,NETWORK_ERROR,5,NO_ACTION,0
0.8382352941176471,0.6363636363636364,8077.44,CARD,YESBANK,NETWORK_ERROR,17,RETRY_NOW,1
0.8095238095238095,0.25,4316.21,WALLET,ICICI,INSUFFICIENT_FUNDS,8,NO_ACTION,0
0.8933333333333333,0.25,5189.41,CARD,AXIS,AUTHENTICATION_FAILED,9,NO_ACTION,0
0.5714285714285714,0.0,160.79,WALLET,SBI,CARD_EXPIRED,9,RETRY_NOW,0
0.6691729323308271,0.6363636363636364,3360.89,NETBANKING,ICICI,INSUFFICIENT_FUNDS,5,RETRY_LATER,0
0.6595744680851063,0.5,7883.53,NETBANKING,YESBANK,BANK_TIMEOUT,21,RETRY_NOW,1
0.94,0.3333333333333333,3686.16,NETBANKING,AXIS,NETWORK_ERROR,7,RETRY_LATER,1
0.7747747747747747,0.6,7065.34,CARD,AXIS,CARD_EXPIRED,6,SEND_REMINDER,1
0.5,0.0,6234.87,NETBANKING,AXIS,AUTHENTICATION_FAILED,9,SEND_REMINDER,0
0.72,0.2857142857142857,2882.52,CARD,ICICI,AUTHENTICATION_FAILED,4,RETRY_NOW,1
0.7,0.3333333333333333,1684.75,WALLET,YESBANK,BANK_TIMEOUT,2,RETRY_NOW,0
0.6428571428571429,0.7,6559.07,UPI,SBI,LIMIT_EXCEEDED,14,NO_ACTION,0
0.8363636363636363,0.7777777777777778,4654.62,WALLET,SBI,CARD_EXPIRED,9,NO_ACTION,0
0.78,0.45454545454545453,5339.78,CARD,ICICI,NETWORK_ERROR,22,SEND_REMINDER,0
0.5161290322580645,0.6,594.63,WALLET,HDFC,AUTHENTICATION_FAILED,21,RETRY_NOW,1
0.8,1.0,8625.8,NETBANKING,ICICI,INSUFFICIENT_FUNDS,19,SEND_REMINDER,1
0.6,0.0,1598.37,UPI,HDFC,BANK_TIMEOUT,4,SEND_REMINDER,0
0.7857142857142857,0.6666666666666666,4830.62,CARD,HDFC,INSUFFICIENT_FUNDS,8,RETRY_NOW,0
0.8125,0.5333333333333333,5560.45,NETBANKING,HDFC,BANK_TIMEOUT,6,RETRY_LATER,1
0.75,0.14285714285714285,9084.55,CARD,SBI,CARD_EXPIRED,9,SEND_REMINDER,0
0.7596153846153846,0.28,3063.46,CARD,SBI,LIMIT_EXCEEDED,23,RETRY_LATER,1
0.7377049180327869,0.4375,8650.23,NETBANKING,SBI,LIMIT_EXCEEDED,7,SEND_REMINDER,1
0.6666666666666666,0.2631578947368421,9794.27,WALLET,AXIS,BANK_TIMEOUT,8,SEND_REMINDER,0
0.7096774193548387,0.6666666666666666,1758.16,CARD,HDFC,CARD_EXPIRED,17,RETRY_LATER,1
0.7636363636363637,0.6923076923076923,4997.21,WALLET,AXIS,CARD_EXPIRED,19,SEND_REMINDER,1
0.8148148148148148,0.5,5773.43,UPI,KOTAK,INSUFFICIENT_FUNDS,20,RETRY_LATER,0
0.7777777777777778,0.6666666666666666,4921.22,CARD,YESBANK,NETWORK_ERROR,9,RETRY_NOW,1
0.6,0.0,2547.59,NETBANKING,HDFC,INSUFFICIENT_FUNDS,0,NO_ACTION,0
0.7916666666666666,0.5,8652.29,NETBANKING,HDFC,INSUFFICIENT_FUNDS,23,SEND_REMINDER,0
0.0,0.0,8486.05,NETBANKING,KOTAK,CARD_EXPIRED,14,SEND_REMINDER,0
0.8888888888888888,0.4,6412.6,CARD,ICICI,BANK_TIMEOUT,5,NO_ACTION,0
0.6818181818181818,0.42857142857142855,736.62,WALLET,HDFC,INSUFFICIENT_FUNDS,22,SEND_REMINDER,1
0.6341463414634146,0.6,8712.09,CARD,HDFC,LIMIT_EXCEEDED,8,RETRY_NOW,0
0.6,0.0,8208.03,NETBANKING,YESBANK,CARD_EXPIRED,10,RETRY_LATER,0
0.5454545454545454,0.8,6588.67,CARD,SBI,INSUFFICIENT_FUNDS,21,RETRY_LATER,1
0.7710843373493976,0.42105263157894735,8464.09,WALLET,KOTAK,CARD_EXPIRED,2,RETRY_NOW,0
0.782608695652174,0.85,5213.24,UPI,KOTAK,CARD_EXPIRED,18,NO_ACTION,0
0.5333333333333333,0.42857142857142855,891.93,UPI,YESBANK,CARD_EXPIRED,12,RETRY_LATER,0
0.782608695652174,0.85,5213.24,UPI,KOTAK,CARD_EXPIRED,18,RETRY_LATER,1
0.776595744680851,0.5714285714285714,3306.78,NETBANKING,SBI,BANK_TIMEOUT,13,RETRY_NOW,0
0.6206896551724138,0.5454545454545454,6702.42,WALLET,YESBANK,NETWORK_ERROR,16,SEND_REMINDER,1
0.8,0.5555555555555556,208.76,NETBANKING,KOTAK,AUTHENTICATION_FAILED,18,NO_ACTION,0
0.8181818181818182,0.3125,5245.92,UPI,KOTAK,LIMIT_EXCEEDED,23,NO_ACTION,0
0.8,0.5,8762.13,CARD,ICICI,LIMIT_EXCEEDED,16,NO_ACTION,0
0.797979797979798,0.5,7117.57,NETBANKING,ICICI,AUTHENTICATION_FAILED,0,RETRY_LATER,0
0.7286821705426356,0.42857142857142855,9717.71,UPI,KOTAK,AUTHENTICATION_FAILED,7,SEND_REMINDER,0
0.8070175438596491,0.6363636363636364,8269.24,CARD,KOTAK,INSUFFICIENT_FUNDS,10,SEND_REMINDER,1
0.7916666666666666,0.5,8652.29,NETBANKING,HDFC,INSUFFICIENT_FUNDS,23,NO_ACTION,0
0.6904761904761905,0.5384615384615384,6012.65,NETBANKING,YESBANK,LIMIT_EXCEEDED,2,RETRY_LATER,1
0.6818181818181818,0.4642857142857143,9758.16,CARD,ICICI,NETWORK_ERROR,3,RETRY_LATER,0
0.6,0.53125,432.78,UPI,YESBANK,NETWORK_ERROR,3,RETRY_NOW,1
0.6666666666666666,0.4,161.7,UPI,SBI,AUTHENTICATION_FAILED,10,RETRY_NOW,1
0.6015625,0.4117647058823529,4323.3,WALLET,HDFC,INSUFFICIENT_FUNDS,17,RETRY_LATER,1
0.6582278481012658,0.5185185185185185,1697.14,WALLET,SBI,INSUFFICIENT_FUNDS,0,RETRY_LATER,1
0.7586206896551724,0.42857142857142855,9023.85,CARD,ICICI,AUTHENTICATION_FAILED,15,NO_ACTION,0
0.7528089887640449,0.6363636363636364,358.05,NETBANKING,AXIS,INSUFFICIENT_FUNDS,10,SEND_REMINDER,1
0.5384615384615384,0.6666666666666666,8218.82,CARD,HDFC,INSUFFICIENT_FUNDS,9,RETRY_NOW,0
0.725,0.18181818181818182,1593.21,UPI,YESBANK,BANK_TIMEOUT,2,NO_ACTION,0
0.7848101265822784,0.4117647058823529,5903.89,WALLET,HDFC,AUTHENTICATION_FAILED,8,SEND_REMINDER,0
0.7777777777777778,0.5,9543.11,WALLET,ICICI,NETWORK_ERROR,2,RETRY_NOW,0
0.660377358490566,0.3888888888888889,3741.43,WALLET,KOTAK,INSUFFICIENT_FUNDS,15,NO_ACTION,0
0.6323529411764706,0.44,4159.97,CARD,HDFC,NETWORK_ERROR,4,SEND_REMINDER,0
0.6341463414634146,0.5111111111111111,9838.27,CARD,ICICI,CARD_EXPIRED,18,NO_ACTION,0
0.4090909090909091,0.38461538461538464,2151.62,CARD,HDFC,NETWORK_ERROR,12,RETRY_NOW,1
0.8736842105263158,0.4166666666666667,8966.29,CARD,AXIS,BANK_TIMEOUT,22,RETRY_NOW,1
0.6666666666666666,0.5,7120.77,WALLET,HDFC,LIMIT_EXCEEDED,2,RETRY_LATER,1
0.6666666666666666,0.0,7602.1,UPI,ICICI,AUTHENTICATION_FAILED,9,NO_ACTION,0
0.8426966292134831,0.6428571428571429,3709.16,CARD,SBI,INSUFFICIENT_FUNDS,19,SEND_REMINDER,1
0.8311688311688312,0.46153846153846156,5417.8,CARD,HDFC,NETWORK_ERROR,16,NO_ACTION,0
0.8962264150943396,0.6363636363636364,2013.38,UPI,YESBANK,INSUFFICIENT_FUNDS,19,RETRY_NOW,0
0.6875,0.2,2936.42,WALLET,AXIS,CARD_EXPIRED,10,SEND_REMINDER,1
0.5,1.0,1764.84,NETBANKING,SBI,LIMIT_EXCEEDED,10,RETRY_NOW,0
0.8504672897196262,0.5,3348.52,CARD,YESBANK,BANK_TIMEOUT,3,RETRY_NOW,1
0.8648648648648649,0.6,2066.62,NETBANKING,AXIS,BANK_TIMEOUT,1,NO_ACTION,0
0.7380952380952381,0.5909090909090909,8209.14,CARD,ICICI,INSUFFICIENT_FUNDS,4,RETRY_LATER,0
0.625,0.6666666666666666,6516.54,UPI,HDFC,AUTHENTICATION_FAILED,12,SEND_REMINDER,0
0.7727272727272727,0.4,475.03,WALLET,YESBANK,INSUFFICIENT_FUNDS,11,SEND_REMINDER,1
0.7526881720430108,0.30434782608695654,6278.65,UPI,YESBANK,NETWORK_ERROR,20,RETRY_LATER,1
0.8461538461538461,0.5714285714285714,6569.04,WALLET,ICICI,AUTHENTICATION_FAILED,7,NO_ACTION,0
0.6909090909090909,0.5882352941176471,2272.86,CARD,AXIS,NETWORK_ERROR,7,SEND_REMINDER,0
0.625,0.3333333333333333,2746.8,WALLET,AXIS,LIMIT_EXCEEDED,11,RETRY_LATER,0
0.8021978021978022,0.7777777777777778,7162.7,UPI,HDFC,AUTHENTICATION_FAILED,0,NO_ACTION,0
0.5930232558139535,0.42857142857142855,3301.18,WALLET,ICICI,INSUFFICIENT_FUNDS,19,SEND_REMINDER,1
0.6444444444444445,0.5,6331.0,NETBANKING,HDFC,AUTHENTICATION_FAILED,3,NO_ACTION,0
0.851063829787234,0.5714285714285714,4685.36,UPI,YESBANK,NETWORK_ERROR,16,NO_ACTION,0
0.6,0.5,1576.83,UPI,ICICI,CARD_EXPIRED,9,RETRY_LATER,0
0.627906976744186,0.46875,3067.86,WALLET,KOTAK,INSUFFICIENT_FUNDS,20,SEND_REMINDER,1
0.7692307692307693,0.6666666666666666,5510.82,CARD,KOTAK,LIMIT_EXCEEDED,2,RETRY_LATER,1
0.75,0.4,338.3,UPI,HDFC,LIMIT_EXCEEDED,9,SEND_REMINDER,1
0.782608695652174,0.5,2538.77,NETBANKING,AXIS,INSUFFICIENT_FUNDS,16,NO_ACTION,0
0.5737704918032787,0.5769230769230769,7899.3,NETBANKING,SBI,LIMIT_EXCEEDED,9,RETRY_LATER,0
0.8888888888888888,0.0,5976.47,CARD,HDFC,LIMIT_EXCEEDED,6,RETRY_LATER,1
0.0,0.0,657.3,NETBANKING,HDFC,NETWORK_ERROR,3,SEND_REMINDER,0
0.6304347826086957,0.47058823529411764,8948.44,NETBANKING,KOTAK,AUTHENTICATION_FAILED,11,SEND_REMINDER,1
0.7719298245614035,0.6153846153846154,1637.07,UPI,KOTAK,INSUFFICIENT_FUNDS,13,RETRY_NOW,0
0.8378378378378378,0.3333333333333333,6264.1,WALLET,HDFC,BANK_TIMEOUT,12,RETRY_LATER,1
0.6,0.5,7944.68,WALLET,SBI,NETWORK_ERROR,2,RETRY_NOW,0
0.9230769230769231,0.0,3959.47,UPI,HDFC,AUTHENTICATION_FAILED,9,SEND_REMINDER,1
0.65625,0.6363636363636364,3364.68,CARD,ICICI,AUTHENTICATION_FAILED,3,RETRY_NOW,0
0.6,0.0,1649.48,NETBANKING,SBI,BANK_TIMEOUT,14,SEND_REMINDER,0
0.8703703703703703,0.5714285714285714,8301.18,NETBANKING,AXIS,NETWORK_ERROR,6,RETRY_LATER,1
0.8157894736842105,0.42857142857142855,3392.19,NETBANKING,ICICI,INSUFFICIENT_FUNDS,5,RETRY_LATER,1
0.7542372881355932,0.7586206896551724,9285.43,CARD,SBI,LIMIT_EXCEEDED,7,RETRY_NOW,1
0.6551724137931034,0.7,473.06,UPI,HDFC,BANK_TIMEOUT,10,SEND_REMINDER,1
0.5675675675675675,0.375,1069.1,CARD,YESBANK,NETWORK_ERROR,20,RETRY_NOW,1
0.863013698630137,0.7,2877.14,UPI,HDFC,BANK_TIMEOUT,23,RETRY_LATER,1
0.8688524590163934,0.25,9519.31,WALLET,HDFC,LIMIT_EXCEEDED,15,NO_ACTION,0
0.7111111111111111,0.6923076923076923,4966.4,WALLET,YESBANK,INSUFFICIENT_FUNDS,3,NO_ACTION,0
0.6944444444444444,0.5454545454545454,9531.75,NETBANKING,HDFC,INSUFFICIENT_FUNDS,23,NO_ACTION,0
0.7401574803149606,0.45454545454545453,1354.29,WALLET,KOTAK,LIMIT_EXCEEDED,1,NO_ACTION,0
0.78,0.5454545454545454,1603.54,WALLET,HDFC,LIMIT_EXCEEDED,4,SEND_REMINDER,0
0.7777777777777778,0.7916666666666666,299.95,WALLET,YESBANK,LIMIT_EXCEEDED,17,SEND_REMINDER,0
0.6774193548387096,0.4,9538.85,NETBANKING,SBI,NETWORK_ERROR,19,RETRY_NOW,1
0.7575757575757576,0.625,3926.89,WALLET,SBI,LIMIT_EXCEEDED,23,NO_ACTION,0
0.9117647058823529,0.6666666666666666,9202.79,NETBANKING,SBI,LIMIT_EXCEEDED,11,RETRY_NOW,0
0.8888888888888888,0.5,5783.79,CARD,SBI,BANK_TIMEOUT,14,NO_ACTION,0
0.660377358490566,0.5277777777777778,3031.86,CARD,HDFC,BANK_TIMEOUT,13,RETRY_LATER,1
0.717391304347826,0.23076923076923078,5698.68,NETBANKING,HDFC,BANK_TIMEOUT,10,SEND_REMINDER,0
0.8181818181818182,0.5,6232.88,NETBANKING,HDFC,BANK_TIMEOUT,23,RETRY_NOW,1
0.69,0.3870967741935484,6920.28,UPI,AXIS,NETWORK_ERROR,20,RETRY_NOW,0
0.6829268292682927,0.6153846153846154,7111.8,NETBANKING,AXIS,LIMIT_EXCEEDED,19,SEND_REMINDER,1
0.6190476190476191,0.5625,2608.21,CARD,KOTAK,CARD_EXPIRED,6,SEND_REMINDER,1
0.7258064516129032,0.6470588235294118,5836.32,WALLET,KOTAK,BANK_TIMEOUT,11,RETRY_LATER,1
0.7666666666666667,0.7142857142857143,3844.71,CARD,SBI,CARD_EXPIRED,10,NO_ACTION,0
0.7222222222222222,0.5333333333333333,7277.22,NETBANKING,SBI,AUTHENTICATION_FAILED,13,RETRY_NOW,1
0.9298245614035088,0.5,4380.65,NETBANKING,YESBANK,LIMIT_EXCEEDED,23,NO_ACTION,0
0.7272727272727273,0.3333333333333333,1202.21,NETBANKING,ICICI,INSUFFICIENT_FUNDS,13,RETRY_LATER,0
0.8,0.375,4916.36,CARD,AXIS,CARD_EXPIRED,23,RETRY_NOW,1
0.775,0.6111111111111112,7531.37,WALLET,KOTAK,INSUFFICIENT_FUNDS,2,RETRY_LATER,0
0.6538461538461539,0.3888888888888889,6055.92,NETBANKING,SBI,CARD_EXPIRED,22,NO_ACTION,0
0.7368421052631579,0.8,449.42,NETBANKING,ICICI,LIMIT_EXCEEDED,7,SEND_REMINDER,1
0.6666666666666666,0.4,161.7,UPI,SBI,AUTHENTICATION_FAILED,10,NO_ACTION,0
0.7246376811594203,0.3684210526315789,2679.24,CARD,ICICI,NETWORK_ERROR,12,RETRY_NOW,1
0.7924528301886793,0.5909090909090909,4898.83,NETBANKING,HDFC,BANK_TIMEOUT,18,NO_ACTION,0
0.8846153846153846,0.3333333333333333,4563.0,NETBANKING,KOTAK,CARD_EXPIRED,2,NO_ACTION,0
0.7210884353741497,0.43902439024390244,4526.26,UPI,KOTAK,LIMIT_EXCEEDED,9,RETRY_NOW,0
0.6617647058823529,0.6956521739130435,4974.87,NETBANKING,HDFC,CARD_EXPIRED,11,SEND_REMINDER,1
0.8043478260869565,0.4444444444444444,1964.06,WALLET,KOTAK,INSUFFICIENT_FUNDS,21,RETRY_NOW,0
0.6,0.3,6649.65,NETBANKING,AXIS,INSUFFICIENT_FUNDS,9,RETRY_LATER,1
0.8,0.16666666666666666,3110.53,UPI,HDFC,BANK_TIMEOUT,15,RETRY_LATER,1
0.7692307692307693,0.5555555555555556,5600.84,CARD,ICICI,BANK_TIMEOUT,10,NO_ACTION,0
0.8518518518518519,0.5,3078.79,CARD,YESBANK,CARD_EXPIRED,19,RETRY_LATER,0
0.890625,0.42857142857142855,225.78,UPI,ICICI,BANK_TIMEOUT,22,RETRY_NOW,1
0.7837837837837838,0.75,9682.11,UPI,SBI,CARD_EXPIRED,2,NO_ACTION,0
0.9393939393939394,1.0,2301.83,UPI,SBI,AUTHENTICATION_FAILED,7,RETRY_NOW,0
0.8524590163934426,0.5555555555555556,1215.3,CARD,HDFC,LIMIT_EXCEEDED,11,SEND_REMINDER,1
0.84,0.75,1314.04,NETBANKING,AXIS,BANK_TIMEOUT,10,RETRY_LATER,1
0.7692307692307693,0.6666666666666666,966.07,UPI,HDFC,LIMIT_EXCEEDED,13,RETRY_LATER,1
0.9047619047619048,0.3333333333333333,486.87,WALLET,SBI,AUTHENTICATION_FAILED,10,NO_ACTION,0
0.4,0.6666666666666666,4594.55,UPI,YESBANK,BANK_TIMEOUT,16,SEND_REMINDER,0
0.6551724137931034,0.4,3596.1,CARD,HDFC,LIMIT_EXCEEDED,15,RETRY_LATER,0
0.7377049180327869,0.5,5510.66,NETBANKING,AXIS,INSUFFICIENT_FUNDS,11,RETRY_NOW,0
0.8317757009345794,0.6666666666666666,7575.67,NETBANKING,SBI,NETWORK_ERROR,14,NO_ACTION,0
0.4166666666666667,0.7142857142857143,2272.89,UPI,YESBANK,INSUFFICIENT_FUNDS,13,SEND_REMINDER,1
0.7272727272727273,0.37037037037037035,9164.15,NETBANKING,SBI,INSUFFICIENT_FUNDS,11,RETRY_NOW,0
0.7844827586206896,0.44,1858.5,NETBANKING,KOTAK,INSUFFICIENT_FUNDS,22,SEND_REMINDER,0
0.9285714285714286,0.5,239.62,NETBANKING,YESBANK,BANK_TIMEOUT,1,RETRY_NOW,1
0.7017543859649122,0.47058823529411764,5243.15,NETBANKING,KOTAK,BANK_TIMEOUT,23,NO_ACTION,0
0.45454545454545453,0.3333333333333333,4701.0,WALLET,YESBANK,LIMIT_EXCEEDED,7,SEND_REMINDER,0
0.6666666666666666,0.6071428571428571,4814.13,CARD,HDFC,LIMIT_EXCEEDED,2,SEND_REMINDER,1
0.8979591836734694,0.4,466.25,WALLET,YESBANK,NETWORK_ERROR,2,RETRY_NOW,0
0.5,0.5,2605.45,UPI,AXIS,AUTHENTICATION_FAILED,9,RETRY_NOW,0
0.45454545454545453,0.4166666666666667,8987.64,WALLET,YESBANK,LIMIT_EXCEEDED,12,NO_ACTION,0
0.7777777777777778,0.5,6306.57,UPI,ICICI,INSUFFICIENT_FUNDS,14,SEND_REMINDER,1
0.7076923076923077,0.6842105263157895,4483.03,UPI,ICICI,INSUFFICIENT_FUNDS,3,RETRY_NOW,1
0.7413793103448276,0.5333333333333333,6946.21,CARD,HDFC,BANK_TIMEOUT,2,RETRY_NOW,0
0.7924528301886793,0.5909090909090909,4898.83,NETBANKING,HDFC,BANK_TIMEOUT,18,RETRY_LATER,1
0.6875,0.44,8421.82,WALLET,KOTAK,NETWORK_ERROR,6,SEND_REMINDER,0
0.9294117647058824,0.5,1911.34,WALLET,SBI,AUTHENTICATION_FAILED,9,NO_ACTION,0
0.8333333333333334,0.4,5177.17,WALLET,YESBANK,NETWORK_ERROR,15,SEND_REMINDER,1
0.5,0.5,7239.56,UPI,SBI,NETWORK_ERROR,3,RETRY_NOW,1
0.5,0.0,6234.87,NETBANKING,AXIS,AUTHENTICATION_FAILED,9,RETRY_LATER,0
0.8472222222222222,0.7272727272727273,2097.42,NETBANKING,SBI,CARD_EXPIRED,6,SEND_REMINDER,0
0.6222222222222222,0.6470588235294118,3143.7,WALLET,AXIS,CARD_EXPIRED,17,SEND_REMINDER,1
0.7368421052631579,0.5714285714285714,4725.46,UPI,YESBANK,LIMIT_EXCEEDED,9,NO_ACTION,0
0.6666666666666666,0.0,897.74,WALLET,HDFC,CARD_EXPIRED,15,RETRY_LATER,0
0.6910569105691057,0.5,2693.28,CARD,KOTAK,BANK_TIMEOUT,11,NO_ACTION,0
0.708029197080292,0.475,1722.2,WALLET,HDFC,BANK_TIMEOUT,6,NO_ACTION,0
0.9285714285714286,0.5,239.62,NETBANKING,YESBANK,BANK_TIMEOUT,1,NO_ACTION,0
0.8928571428571429,0.6666666666666666,1962.72,UPI,HDFC,NETWORK_ERROR,7,NO_ACTION,0
0.6944444444444444,0.5454545454545454,9531.75,NETBANKING,HDFC,INSUFFICIENT_FUNDS,23,SEND_REMINDER,1
0.746031746031746,0.375,1940.72,CARD,SBI,BANK_TIMEOUT,2,NO_ACTION,0
0.7333333333333333,0.25,8203.88,UPI,KOTAK,NETWORK_ERROR,5,SEND_REMINDER,0
0.76,0.4166666666666667,5158.02,CARD,AXIS,AUTHENTICATION_FAILED,16,RETRY_LATER,0
0.6363636363636364,0.25,9718.27,NETBANKING,ICICI,NETWORK_ERROR,14,RETRY_LATER,1
0.8333333333333334,0.42857142857142855,9121.08,CARD,AXIS,BANK_TIMEOUT,23,SEND_REMINDER,1
0.6438356164383562,0.5384615384615384,6852.52,UPI,ICICI,CARD_EXPIRED,9,NO_ACTION,0
0.7333333333333333,0.7,1608.8,NETBANKING,SBI,BANK_TIMEOUT,18,RETRY_LATER,1
0.6,0.625,6168.15,NETBANKING,ICICI,CARD_EXPIRED,10,RETRY_LATER,0
0.0,0.0,1174.83,UPI,SBI,BANK_TIMEOUT,6,NO_ACTION,0
0.7123287671232876,0.38095238095238093,1619.4,WALLET,YESBANK,LIMIT_EXCEEDED,0,RETRY_NOW,0
0.6,0.6666666666666666,6983.32,WALLET,KOTAK,LIMIT_EXCEEDED,21,RETRY_NOW,0
0.6976744186046512,0.5384615384615384,4246.91,UPI,AXIS,AUTHENTICATION_FAILED,2,NO_ACTION,0
0.8297872340425532,0.625,9725.61,WALLET,YESBANK,INSUFFICIENT_FUNDS,23,RETRY_NOW,0
0.75,1.0,3744.81,WALLET,KOTAK,CARD_EXPIRED,11,NO_ACTION,0
0.7894736842105263,0.5,2773.77,NETBANKING,AXIS,INSUFFICIENT_FUNDS,13,RETRY_LATER,1
0.5806451612903226,0.5384615384615384,8063.27,NETBANKING,SBI,AUTHENTICATION_FAILED,14,RETRY_LATER,0
0.8,1.0,8359.37,UPI,AXIS,CARD_EXPIRED,18,RETRY_NOW,0
0.7301587301587301,0.5882352941176471,891.16,UPI,AXIS,CARD_EXPIRED,17,RETRY_NOW,1
0.6972477064220184,0.5454545454545454,1131.53,WALLET,HDFC,AUTHENTICATION_FAILED,8,NO_ACTION,0
0.5,0.0,7337.83,CARD,ICICI,LIMIT_EXCEEDED,18,SEND_REMINDER,0
0.7719298245614035,0.3076923076923077,1304.07,WALLET,SBI,NETWORK_ERROR,4,RETRY_NOW,1
0.8,1.0,7833.35,WALLET,HDFC,CARD_EXPIRED,5,RETRY_LATER,1
0.76,0.5833333333333334,1300.81,CARD,SBI,CARD_EXPIRED,17,SEND_REMINDER,0
0.8904109589041096,0.5,887.67,UPI,ICICI,INSUFFICIENT_FUNDS,9,SEND_REMINDER,1
0.9523809523809523,0.0,6631.38,CARD,ICICI,BANK_TIMEOUT,13,RETRY_NOW,1
0.7142857142857143,0.65,2693.11,WALLET,AXIS,BANK_TIMEOUT,20,RETRY_LATER,0
0.8831168831168831,0.7777777777777778,2712.31,WALLET,SBI,LIMIT_EXCEEDED,13,RETRY_LATER,0
0.7631578947368421,0.6666666666666666,1975.94,CARD,SBI,AUTHENTICATION_FAILED,19,NO_ACTION,0
0.7301587301587301,0.6470588235294118,2488.76,CARD,AXIS,BANK_TIMEOUT,13,RETRY_LATER,1
0.8421052631578947,0.6666666666666666,3739.09,CARD,YESBANK,CARD_EXPIRED,12,RETRY_NOW,0
0.7346938775510204,0.6923076923076923,450.07,WALLET,AXIS,CARD_EXPIRED,14,RETRY_NOW,1
0.7045454545454546,0.5384615384615384,9762.79,CARD,ICICI,INSUFFICIENT_FUNDS,15,RETRY_NOW,0
0.8314606741573034,0.6,1818.29,NETBANKING,AXIS,NETWORK_ERROR,6,SEND_REMINDER,1
0.6153846153846154,0.5333333333333333,8212.11,NETBANKING,KOTAK,BANK_TIMEOUT,19,SEND_REMINDER,0
0.7142857142857143,0.75,782.47,WALLET,YESBANK,LIMIT_EXCEEDED,6,NO_ACTION,0
0.5,1.0,7124.4,CARD,ICICI,NETWORK_ERROR,14,NO_ACTION,0
0.42857142857142855,0.5,1770.35,NETBANKING,ICICI,INSUFFICIENT_FUNDS,8,RETRY_LATER,0
0.47058823529411764,0.3333333333333333,7559.06,UPI,AXIS,CARD_EXPIRED,5,RETRY_LATER,1
0.7307692307692307,0.6428571428571429,832.94,WALLET,KOTAK,CARD_EXPIRED,8,NO_ACTION,0
0.782608695652174,0.6,5160.67,CARD,HDFC,INSUFFICIENT_FUNDS,19,NO_ACTION,0
0.4166666666666667,0.7142857142857143,2272.89,UPI,YESBANK,INSUFFICIENT_FUNDS,13,NO_ACTION,0
0.7361111111111112,0.3684210526315789,6467.42,CARD,KOTAK,NETWORK_ERROR,8,SEND_REMINDER,0
0.8041237113402062,0.5789473684210527,2401.04,NETBANKING,AXIS,INSUFFICIENT_FUNDS,6,SEND_REMINDER,0
0.7428571428571429,0.2962962962962963,8409.59,WALLET,KOTAK,BANK_TIMEOUT,22,NO_ACTION,0
0.7441860465116279,0.45454545454545453,180.34,CARD,YESBANK,LIMIT_EXCEEDED,5,RETRY_LATER,1
0.9534883720930233,1.0,3137.85,UPI,KOTAK,BANK_TIMEOUT,16,RETRY_LATER,1
0.9,0.0,9312.01,NETBANKING,SBI,AUTHENTICATION_FAILED,1,SEND_REMINDER,1
0.5,0.3333333333333333,1485.9,WALLET,YESBANK,LIMIT_EXCEEDED,5,SEND_REMINDER,0
0.782608695652174,0.5,5677.58,WALLET,SBI,AUTHENTICATION_FAILED,5,SEND_REMINDER,1
0.7777777777777778,0.5,6861.7,NETBANKING,YESBANK,INSUFFICIENT_FUNDS,3,RETRY_LATER,0
0.8571428571428571,0.5,3253.96,NETBANKING,KOTAK,CARD_EXPIRED,11,NO_ACTION,0
0.5714285714285714,0.6,890.41,NETBANKING,KOTAK,NETWORK_ERROR,10,SEND_REMINDER,0
0.6666666666666666,1.0,7523.76,NETBANKING,AXIS,AUTHENTICATION_FAILED,23,RETRY_LATER,1
0.6916666666666667,0.32432432432432434,1559.47,WALLET,AXIS,INSUFFICIENT_FUNDS,12,NO_ACTION,0
0.8421052631578947,0.6666666666666666,2080.16,UPI,HDFC,NETWORK_ERROR,4,RETRY_LATER,0
0.8285714285714286,0.2777777777777778,9653.63,WALLET,YESBANK,LIMIT_EXCEEDED,17,NO_ACTION,0
0.5714285714285714,0.3333333333333333,6838.18,WALLET,ICICI,LIMIT_EXCEEDED,13,RETRY_LATER,0
0.7777777777777778,0.6666666666666666,600.45,NETBANKING,ICICI,LIMIT_EXCEEDED,15,SEND_REMINDER,0
0.8314606741573034,0.5333333333333333,4480.55,UPI,ICICI,AUTHENTICATION_FAILED,11,NO_ACTION,0
0.7966101694915254,0.25,5595.81,NETBANKING,YESBANK,NETWORK_ERROR,7,NO_ACTION,0
0.75,0.6818181818181818,1101.96,CARD,KOTAK,NETWORK_ERROR,13,NO_ACTION,0
0.78,0.45454545454545453,649.57,CARD,AXIS,INSUFFICIENT_FUNDS,14,RETRY_LATER,1
0.8904109589041096,0.5,887.67,UPI,ICICI,INSUFFICIENT_FUNDS,9,RETRY_NOW,1
0.7272727272727273,0.3333333333333333,7360.63,WALLET,YESBANK,LIMIT_EXCEEDED,8,SEND_REMINDER,1
0.7575757575757576,0.625,9150.92,UPI,SBI,LIMIT_EXCEEDED,23,RETRY_LATER,1
0.8488372093023255,0.38461538461538464,2553.57,CARD,HDFC,INSUFFICIENT_FUNDS,19,RETRY_NOW,1
0.5909090909090909,0.6296296296296297,9999.03,NETBANKING,HDFC,NETWORK_ERROR,8,RETRY_NOW,1
0.7380952380952381,0.6363636363636364,5191.25,WALLET,HDFC,LIMIT_EXCEEDED,15,RETRY_NOW,1
0.6935483870967742,0.3157894736842105,1091.12,UPI,HDFC,CARD_EXPIRED,23,RETRY_LATER,1
0.7777777777777778,0.375,7547.14,WALLET,AXIS,LIMIT_EXCEEDED,22,NO_ACTION,0
0.8488372093023255,0.38461538461538464,2553.57,CARD,HDFC,INSUFFICIENT_FUNDS,19,NO_ACTION,0
0.7875,0.8235294117647058,8557.26,NETBANKING,AXIS,AUTHENTICATION_FAILED,7,RETRY_LATER,1
0.0,1.0,2613.81,UPI,ICICI,LIMIT_EXCEEDED,18,RETRY_NOW,0
0.8333333333333334,0.0,3523.41,NETBANKING,SBI,LIMIT_EXCEEDED,14,RETRY_LATER,1
0.7291666666666666,0.5384615384615384,6188.75,WALLET,SBI,NETWORK_ERROR,12,SEND_REMINDER,1
0.7837837837837838,0.75,4165.17,WALLET,ICICI,CARD_EXPIRED,21,SEND_REMINDER,1
0.5,1.0,5600.63,CARD,KOTAK,LIMIT_EXCEEDED,4,SEND_REMINDER,1
0.0,0.0,9362.57,WALLET,AXIS,NETWORK_ERROR,8,NO_ACTION,0
0.6470588235294118,0.6666666666666666,5157.12,UPI,HDFC,BANK_TIMEOUT,7,NO_ACTION,0
0.66,0.5882352941176471,4147.4,UPI,SBI,INSUFFICIENT_FUNDS,20,RETRY_LATER,1
0.42857142857142855,0.5,2729.41,CARD,KOTAK,BANK_TIMEOUT,7,NO_ACTION,0
0.8666666666666667,0.75,1210.8,UPI,ICICI,BANK_TIMEOUT,16,NO_ACTION,0
0.7654320987654321,0.47368421052631576,438.07,NETBANKING,SBI,BANK_TIMEOUT,15,RETRY_NOW,0
0.7083333333333334,0.42857142857142855,650.6,UPI,KOTAK,NETWORK_ERROR,20,SEND_REMINDER,1
0.7777777777777778,0.4166666666666667,9645.66,NETBANKING,AXIS,BANK_TIMEOUT,1,RETRY_LATER,1
0.6,0.0,2198.66,WALLET,ICICI,CARD_EXPIRED,14,SEND_REMINDER,0
0.7551020408163265,0.75,5017.39,UPI,AXIS,INSUFFICIENT_FUNDS,7,RETRY_LATER,0
0.8064516129032258,0.3333333333333333,1306.61,CARD,ICICI,AUTHENTICATION_FAILED,4,NO_ACTION,0
0.8,0.5,9151.11,UPI,AXIS,CARD_EXPIRED,8,RETRY_NOW,0
0.6475409836065574,0.627906976744186,5386.81,WALLET,SBI,CARD_EXPIRED,19,RETRY_LATER,0
0.6991869918699187,0.7027027027027027,9600.94,UPI,SBI,CARD_EXPIRED,13,RETRY_NOW,0
0.6666666666666666,0.0,4772.04,NETBANKING,KOTAK,BANK_TIMEOUT,23,SEND_REMINDER,1
0.8,0.375,1222.82,CARD,HDFC,AUTHENTICATION_FAILED,0,NO_ACTION,0
0.6949152542372882,0.5,6528.11,UPI,HDFC,BANK_TIMEOUT,4,RETRY_LATER,1
0.7,0.5,8131.01,CARD,AXIS,LIMIT_EXCEEDED,0,SEND_REMINDER,1
0.7096774193548387,0.4444444444444444,6745.01,CARD,ICICI,LIMIT_EXCEEDED,15,RETRY_LATER,0
0.6640625,0.5348837209302325,1605.79,UPI,SBI,CARD_EXPIRED,7,NO_ACTION,0
0.711340206185567,0.4642857142857143,8620.47,CARD,ICICI,NETWORK_ERROR,17,SEND_REMINDER,1
0.75,0.2,792.67,NETBANKING,KOTAK,BANK_TIMEOUT,15,RETRY_LATER,0
0.7608695652173914,0.36363636363636365,4469.14,WALLET,AXIS,LIMIT_EXCEEDED,13,RETRY_LATER,1
0.6111111111111112,0.5714285714285714,7113.55,CARD,KOTAK,INSUFFICIENT_FUNDS,5,NO_ACTION,0
0.6923076923076923,0.6666666666666666,6105.39,WALLET,HDFC,CARD_EXPIRED,0,NO_ACTION,0
0.7647058823529411,0.3333333333333333,1990.9,UPI,SBI,CARD_EXPIRED,12,NO_ACTION,0
0.7755102040816326,0.36363636363636365,2213.5,UPI,KOTAK,BANK_TIMEOUT,3,RETRY_NOW,0
0.7868852459016393,0.38461538461538464,3245.68,WALLET,KOTAK,AUTHENTICATION_FAILED,8,NO_ACTION,0
0.8928571428571429,0.5,6723.71,WALLET,ICICI,INSUFFICIENT_FUNDS,2,NO_ACTION,0
0.8181818181818182,0.5,3519.98,NETBANKING,ICICI,BANK_TIMEOUT,9,NO_ACTION,0
0.6181818181818182,0.7142857142857143,4053.11,NETBANKING,KOTAK,CARD_EXPIRED,0,RETRY_NOW,1
0.6944444444444444,0.2727272727272727,8276.17,NETBANKING,SBI,BANK_TIMEOUT,23,SEND_REMINDER,0
0.89,0.36363636363636365,4412.82,NETBANKING,KOTAK,LIMIT_EXCEEDED,7,RETRY_LATER,1
0.6666666666666666,1.0,9023.87,CARD,SBI,AUTHENTICATION_FAILED,6,RETRY_NOW,0
0.9113924050632911,0.7142857142857143,5321.73,CARD,YESBANK,LIMIT_EXCEEDED,8,RETRY_LATER,1
0.8333333333333334,0.0,5825.38,NETBANKING,YESBANK,BANK_TIMEOUT,17,RETRY_NOW,0
0.8214285714285714,0.6,1186.37,UPI,ICICI,AUTHENTICATION_FAILED,6,NO_ACTION,0
0.7428571428571429,0.4444444444444444,2032.92,NETBANKING,AXIS,CARD_EXPIRED,12,SEND_REMINDER,1
0.8333333333333334,0.0,9980.36,CARD,KOTAK,AUTHENTICATION_FAILED,10,NO_ACTION,0
0.8641975308641975,0.7272727272727273,9206.54,NETBANKING,AXIS,NETWORK_ERROR,2,RETRY_NOW,0
0.8368794326241135,0.4782608695652174,9502.11,CARD,ICICI,NETWORK_ERROR,16,NO_ACTION,0
0.6875,0.6,788.63,UPI,ICICI,BANK_TIMEOUT,14,RETRY_LATER,1
0.8387096774193549,0.6,9428.69,NETBANKING,YESBANK,INSUFFICIENT_FUNDS,21,RETRY_LATER,1
0.7424242424242424,0.35294117647058826,8274.65,WALLET,ICICI,INSUFFICIENT_FUNDS,1,RETRY_LATER,0
0.0,0.5,4505.64,CARD,ICICI,AUTHENTICATION_FAILED,3,RETRY_NOW,0
0.7090909090909091,0.625,6848.48,NETBANKING,SBI,LIMIT_EXCEEDED,6,RETRY_LATER,0
0.9,0.5,2044.13,UPI,HDFC,CARD_EXPIRED,4,NO_ACTION,0
0.6222222222222222,0.6470588235294118,9723.35,CARD,ICICI,NETWORK_ERROR,9,SEND_REMINDER,0
0.7659574468085106,0.5,8734.22,UPI,ICICI,INSUFFICIENT_FUNDS,8,RETRY_LATER,0
0.9038461538461539,0.2,2863.04,UPI,AXIS,INSUFFICIENT_FUNDS,7,RETRY_NOW,0
0.0,0.0,8806.86,UPI,KOTAK,CARD_EXPIRED,10,NO_ACTION,0
0.803030303030303,0.46153846153846156,247.47,CARD,HDFC,LIMIT_EXCEEDED,6,SEND_REMINDER,0
0.8070175438596491,0.45454545454545453,9185.2,CARD,KOTAK,NETWORK_ERROR,19,RETRY_LATER,0
0.9230769230769231,0.5,3368.48,NETBANKING,ICICI,BANK_TIMEOUT,0,RETRY_NOW,1
0.6216216216216216,0.35714285714285715,1103.07,CARD,AXIS,INSUFFICIENT_FUNDS,0,SEND_REMINDER,0
0.5769230769230769,0.5454545454545454,6825.53,NETBANKING,KOTAK,CARD_EXPIRED,13,RETRY_LATER,0
0.7857142857142857,0.5,2311.59,CARD,AXIS,INSUFFICIENT_FUNDS,10,NO_ACTION,0
0.8714285714285714,0.1111111111111111,4151.11,CARD,ICICI,NETWORK_ERROR,0,SEND_REMINDER,1
0.7,0.5833333333333334,1771.43,WALLET,AXIS,BANK_TIMEOUT,20,RETRY_NOW,1
0.7777777777777778,0.6666666666666666,600.45,NETBANKING,ICICI,LIMIT_EXCEEDED,15,NO_ACTION,0
0.68,0.5625,9345.6,NETBANKING,SBI,BANK_TIMEOUT,1,NO_ACTION,0
0.9183673469387755,0.5833333333333334,9931.33,UPI,HDFC,NETWORK_ERROR,0,SEND_REMINDER,1
0.72,0.5714285714285714,7529.98,UPI,SBI,CARD_EXPIRED,22,RETRY_LATER,0
0.5,0.5,197.71,WALLET,HDFC,CARD_EXPIRED,2,NO_ACTION,0
0.7835051546391752,0.5714285714285714,9486.18,NETBANKING,HDFC,LIMIT_EXCEEDED,11,RETRY_LATER,1
0.8636363636363636,0.6666666666666666,700.71,NETBANKING,HDFC,LIMIT_EXCEEDED,19,NO_ACTION,0
0.8,0.6666666666666666,6473.19,CARD,AXIS,INSUFFICIENT_FUNDS,4,NO_ACTION,0
0.8055555555555556,0.14285714285714285,3709.35,WALLET,YESBANK,LIMIT_EXCEEDED,1,SEND_REMINDER,0
0.8279569892473119,0.3125,5291.68,UPI,YESBANK,CARD_EXPIRED,15,RETRY_NOW,1
0.7391304347826086,0.3333333333333333,6016.88,UPI,YESBANK,BANK_TIMEOUT,11,RETRY_LATER,0
0.8245614035087719,0.4,1022.89,NETBANKING,ICICI,BANK_TIMEOUT,5,NO_ACTION,0
0.7619047619047619,0.3333333333333333,6049.96,NETBANKING,AXIS,INSUFFICIENT_FUNDS,0,SEND_REMINDER,0
0.84,0.25,6221.94,CARD,SBI,NETWORK_ERROR,22,NO_ACTION,0
0.6111111111111112,0.5714285714285714,7834.53,CARD,YESBANK,INSUFFICIENT_FUNDS,9,NO_ACTION,0
0.9354838709677419,0.5,5351.88,NETBANKING,HDFC,CARD_EXPIRED,14,SEND_REMINDER,1
0.801980198019802,0.6,7035.59,WALLET,YESBANK,AUTHENTICATION_FAILED,15,RETRY_LATER,1
0.891566265060241,0.5555555555555556,8146.6,WALLET,KOTAK,CARD_EXPIRED,10,SEND_REMINDER,1
0.6666666666666666,0.6111111111111112,1213.07,WALLET,ICICI,BANK_TIMEOUT,18,SEND_REMINDER,0
0.71875,0.5555555555555556,3840.56,WALLET,YESBANK,LIMIT_EXCEEDED,15,RETRY_LATER,1
0.0,0.0,5856.79,WALLET,AXIS,CARD_EXPIRED,19,RETRY_NOW,0
0.875,0.0,6648.65,NETBANKING,KOTAK,AUTHENTICATION_FAILED,0,RETRY_NOW,0
0.8260869565217391,0.5,5640.54,WALLET,AXIS,CARD_EXPIRED,4,SEND_REMINDER,1
0.7142857142857143,0.8333333333333334,1308.87,CARD,YESBANK,BANK_TIMEOUT,22,NO_ACTION,0
0.8571428571428571,0.5,3253.96,NETBANKING,KOTAK,CARD_EXPIRED,11,RETRY_NOW,1
0.8082191780821918,0.42857142857142855,8327.03,CARD,YESBANK,AUTHENTICATION_FAILED,20,NO_ACTION,0
0.6716417910447762,0.4090909090909091,9078.01,NETBANKING,YESBANK,NETWORK_ERROR,17,NO_ACTION,0
0.475,0.42857142857142855,8252.47,NETBANKING,SBI,NETWORK_ERROR,8,NO_ACTION,0
0.8214285714285714,0.3,7176.39,WALLET,SBI,INSUFFICIENT_FUNDS,21,RETRY_LATER,0
0.7475728155339806,0.6153846153846154,7413.87,CARD,ICICI,INSUFFICIENT_FUNDS,19,RETRY_LATER,0
0.8125,0.16666666666666666,3156.69,UPI,SBI,LIMIT_EXCEEDED,22,RETRY_NOW,0
0.7906976744186046,0.3333333333333333,6045.96,NETBANKING,KOTAK,AUTHENTICATION_FAILED,7,RETRY_LATER,0
0.7362637362637363,0.625,1270.59,NETBANKING,KOTAK,AUTHENTICATION_FAILED,1,RETRY_NOW,1
0.6588235294117647,0.41379310344827586,590.03,NETBANKING,ICICI,AUTHENTICATION_FAILED,10,NO_ACTION,0
0.7333333333333333,0.75,5284.19,NETBANKING,ICICI,BANK_TIMEOUT,11,RETRY_LATER,1
0.6666666666666666,0.0,3485.99,UPI,KOTAK,CARD_EXPIRED,3,RETRY_LATER,1
0.6111111111111112,0.2857142857142857,7821.65,CARD,YESBANK,LIMIT_EXCEEDED,3,RETRY_NOW,1
0.6721311475409836,0.45,9537.84,CARD,HDFC,LIMIT_EXCEEDED,20,NO_ACTION,0
0.75,0.5,9184.96,CARD,KOTAK,INSUFFICIENT_FUNDS,13,NO_ACTION,0
0.71875,0.3333333333333333,6252.4,WALLET,AXIS,LIMIT_EXCEEDED,8,RETRY_LATER,0
0.9565217391304348,0.3333333333333333,3787.68,CARD,KOTAK,CARD_EXPIRED,4,NO_ACTION,0
0.6923076923076923,0.25,9492.6,UPI,AXIS,CARD_EXPIRED,9,NO_ACTION,0
0.75,0.0,2419.23,WALLET,HDFC,NETWORK_ERROR,1,SEND_REMINDER,0
0.46153846153846156,0.7142857142857143,7840.77,UPI,SBI,AUTHENTICATION_FAILED,22,NO_ACTION,0
0.6388888888888888,0.38461538461538464,8097.53,WALLET,SBI,INSUFFICIENT_FUNDS,20,NO_ACTION,0
0.7872340425531915,0.4,6569.26,NETBANKING,KOTAK,BANK_TIMEOUT,20,RETRY_LATER,0
0.8082191780821918,0.6428571428571429,4357.34,UPI,YESBANK,CARD_EXPIRED,10,RETRY_NOW,0
0.85,0.5,7305.27,CARD,YESBANK,LIMIT_EXCEEDED,6,RETRY_NOW,0
0.8,0.5,9388.83,NETBANKING,SBI,INSUFFICIENT_FUNDS,19,SEND_REMINDER,1
0.693069306930693,0.6129032258064516,4033.99,WALLET,KOTAK,AUTHENTICATION_FAILED,11,NO_ACTION,0
0.6744186046511628,0.5,4004.72,UPI,HDFC,AUTHENTICATION_FAILED,0,RETRY_NOW,1
0.5,0.5,4101.74,NETBANKING,AXIS,CARD_EXPIRED,2,SEND_REMINDER,1
0.8461538461538461,0.5,3854.25,WALLET,ICICI,CARD_EXPIRED,5,SEND_REMINDER,1
0.6136363636363636,0.5294117647058824,6886.33,WALLET,YESBANK,NETWORK_ERROR,0,NO_ACTION,0
0.7631578947368421,0.6666666666666666,1975.94,CARD,SBI,AUTHENTICATION_FAILED,19,RETRY_NOW,1
0.7837837837837838,0.5,504.13,WALLET,YESBANK,AUTHENTICATION_FAILED,10,NO_ACTION,0
0.8275862068965517,0.0,598.83,UPI,ICICI,LIMIT_EXCEEDED,19,RETRY_NOW,1
0.6470588235294118,0.5,7596.62,WALLET,ICICI,BANK_TIMEOUT,1,RETRY_LATER,0
0.7464788732394366,0.3333333333333333,3820.3,WALLET,KOTAK,BANK_TIMEOUT,2,NO_ACTION,0
0.5,1.0,5600.63,CARD,KOTAK,LIMIT_EXCEEDED,4,RETRY_NOW,0
0.7407407407407407,0.7142857142857143,923.56,NETBANKING,ICICI,AUTHENTICATION_FAILED,0,RETRY_LATER,1
0.5454545454545454,0.8,2793.38,NETBANKING,SBI,LIMIT_EXCEEDED,6,NO_ACTION,0
0.7301587301587301,0.5882352941176471,2337.42,CARD,YESBANK,INSUFFICIENT_FUNDS,7,RETRY_LATER,1
0.78125,0.5,1335.76,CARD,AXIS,LIMIT_EXCEEDED,16,NO_ACTION,0
0.8307692307692308,0.18181818181818182,6672.43,UPI,AXIS,AUTHENTICATION_FAILED,1,RETRY_LATER,0
0.6274509803921569,0.631578947368421,1095.71,UPI,HDFC,CARD_EXPIRED,22,RETRY_NOW,0
0.7941176470588235,0.42857142857142855,605.61,NETBANKING,AXIS,LIMIT_EXCEEDED,23,RETRY_LATER,0
0.8571428571428571,0.45454545454545453,8521.86,NETBANKING,YESBANK,LIMIT_EXCEEDED,12,NO_ACTION,0
0.6956521739130435,0.5714285714285714,5435.89,UPI,KOTAK,INSUFFICIENT_FUNDS,9,RETRY_LATER,1
0.6538461538461539,0.3888888888888889,6055.92,NETBANKING,SBI,CARD_EXPIRED,22,RETRY_LATER,0
0.7767857142857143,0.52,4984.34,CARD,ICICI,CARD_EXPIRED,19,RETRY_LATER,0
0.79,0.7619047619047619,459.89,NETBANKING,KOTAK,NETWORK_ERROR,12,RETRY_NOW,1
0.8970588235294118,0.14285714285714285,9173.57,NETBANKING,SBI,AUTHENTICATION_FAILED,10,NO_ACTION,0
0.5,0.42857142857142855,5856.75,WALLET,HDFC,NETWORK_ERROR,2,NO_ACTION,0
0.9016393442622951,0.6666666666666666,8539.07,NETBANKING,KOTAK,NETWORK_ERROR,3,NO_ACTION,0
0.7777777777777778,0.5,4804.94,WALLET,SBI,BANK_TIMEOUT,1,RETRY_LATER,1
0.8,1.0,2033.51,WALLET,ICICI,AUTHENTICATION_FAILED,15,NO_ACTION,0
0.863013698630137,0.7,2877.14,UPI,HDFC,BANK_TIMEOUT,23,RETRY_NOW,1
0.782608695652174,0.8,5564.7,NETBANKING,KOTAK,LIMIT_EXCEEDED,22,NO_ACTION,0
0.6486486486486487,0.3076923076923077,3914.05,CARD,ICICI,AUTHENTICATION_FAILED,8,NO_ACTION,0
0.6190476190476191,0.5,6473.24,CARD,YESBANK,LIMIT_EXCEEDED,22,RETRY_LATER,0
0.625,0.5,5812.98,WALLET,YESBANK,AUTHENTICATION_FAILED,7,SEND_REMINDER,1
0.9195402298850575,0.42857142857142855,3717.12,UPI,AXIS,AUTHENTICATION_FAILED,6,RETRY_LATER,1
0.7416666666666667,0.4838709677419355,8395.72,CARD,YESBANK,AUTHENTICATION_FAILED,13,RETRY_NOW,0
0.7941176470588235,0.42857142857142855,3367.77,UPI,HDFC,BANK_TIMEOUT,17,RETRY_LATER,1
0.6615384615384615,0.45454545454545453,7165.05,WALLET,KOTAK,AUTHENTICATION_FAILED,5,RETRY_NOW,0
0.8409090909090909,0.42857142857142855,2884.7,NETBANKING,HDFC,AUTHENTICATION_FAILED,11,RETRY_NOW,1
0.7692307692307693,0.6666666666666666,966.07,UPI,HDFC,LIMIT_EXCEEDED,13,SEND_REMINDER,1
0.696969696969697,0.35,2440.26,UPI,YESBANK,AUTHENTICATION_FAILED,16,RETRY_NOW,0
0.8688524590163934,0.625,1077.21,CARD,SBI,CARD_EXPIRED,18,NO_ACTION,0
0.6410256410256411,0.5,7780.31,WALLET,HDFC,CARD_EXPIRED,21,NO_ACTION,0
0.9166666666666666,0.0,8928.62,NETBANKING,ICICI,LIMIT_EXCEEDED,20,RETRY_NOW,0
0.9393939393939394,1.0,2301.83,UPI,SBI,AUTHENTICATION_FAILED,7,RETRY_LATER,1
0.7888888888888889,0.5789473684210527,738.61,NETBANKING,AXIS,NETWORK_ERROR,11,NO_ACTION,0
0.6274509803921569,0.5789473684210527,6921.56,CARD,AXIS,LIMIT_EXCEEDED,15,RETRY_NOW,0
0.7833333333333333,0.5384615384615384,3725.12,CARD,HDFC,CARD_EXPIRED,7,RETRY_NOW,0
0.5,0.4583333333333333,4668.72,CARD,HDFC,BANK_TIMEOUT,4,RETRY_LATER,0
0.7631578947368421,0.7222222222222222,1781.42,WALLET,SBI,AUTHENTICATION_FAILED,15,NO_ACTION,0
0.7333333333333333,0.5,5634.82,WALLET,KOTAK,BANK_TIMEOUT,19,NO_ACTION,0
0.5,0.0,3665.42,NETBANKING,AXIS,NETWORK_ERROR,18,RETRY_LATER,0
0.8260869565217391,0.25,256.01,CARD,ICICI,CARD_EXPIRED,2,NO_ACTION,0
0.9473684210526315,0.0,8368.17,UPI,HDFC,BANK_TIMEOUT,19,NO_ACTION,0
0.65625,0.18181818181818182,8876.03,UPI,SBI,AUTHENTICATION_FAILED,0,RETRY_LATER,1
0.5,0.8,5621.53,WALLET,ICICI,AUTHENTICATION_FAILED,10,SEND_REMINDER,1
0.5,0.0,2835.46,NETBANKING,KOTAK,LIMIT_EXCEEDED,21,SEND_REMINDER,1
0.6346153846153846,0.631578947368421,3780.02,UPI,AXIS,AUTHENTICATION_FAILED,5,RETRY_NOW,0
0.7804878048780488,0.7777777777777778,8292.25,CARD,YESBANK,LIMIT_EXCEEDED,8,SEND_REMINDER,0
0.7,0.47619047619047616,9282.85,WALLET,YESBANK,BANK_TIMEOUT,5,NO_ACTION,0
0.9444444444444444,0.6666666666666666,7993.15,NETBANKING,YESBANK,BANK_TIMEOUT,7,SEND_REMINDER,1
0.8214285714285714,1.0,9770.59,CARD,HDFC,INSUFFICIENT_FUNDS,2,RETRY_NOW,0
0.7796610169491526,0.46153846153846156,910.81,CARD,YESBANK,CARD_EXPIRED,17,RETRY_NOW,0
0.8141592920353983,0.38095238095238093,3486.63,UPI,ICICI,INSUFFICIENT_FUNDS,8,SEND_REMINDER,1
0.7428571428571429,0.3888888888888889,6210.3,NETBANKING,KOTAK,BANK_TIMEOUT,19,NO_ACTION,0
0.6363636363636364,0.6666666666666666,2105.36,UPI,AXIS,AUTHENTICATION_FAILED,17,SEND_REMINDER,0
0.8260869565217391,0.25,6808.59,CARD,ICICI,AUTHENTICATION_FAILED,20,SEND_REMINDER,1
0.725,0.18181818181818182,2019.28,WALLET,YESBANK,CARD_EXPIRED,4,NO_ACTION,0
0.0,0.0,8306.32,NETBANKING,SBI,CARD_EXPIRED,13,SEND_REMINDER,0
0.7647058823529411,0.3333333333333333,3354.05,CARD,HDFC,AUTHENTICATION_FAILED,0,NO_ACTION,0
0.7,0.6666666666666666,7287.14,NETBANKING,ICICI,CARD_EXPIRED,7,RETRY_LATER,0
0.0,0.5,8371.06,WALLET,KOTAK,AUTHENTICATION_FAILED,21,RETRY_NOW,0
0.7241379310344828,0.5,1053.93,NETBANKING,HDFC,AUTHENTICATION_FAILED,3,RETRY_NOW,1
0.7142857142857143,0.5,6673.95,WALLET,HDFC,NETWORK_ERROR,22,NO_ACTION,0
0.875,0.4,5031.88,UPI,SBI,AUTHENTICATION_FAILED,19,SEND_REMINDER,0
0.6984126984126984,0.5263157894736842,1883.74,NETBANKING,AXIS,INSUFFICIENT_FUNDS,10,NO_ACTION,0
0.8095238095238095,0.25,4316.21,WALLET,ICICI,INSUFFICIENT_FUNDS,8,RETRY_LATER,1
0.7254901960784313,0.42857142857142855,632.69,NETBANKING,AXIS,BANK_TIMEOUT,6,SEND_REMINDER,0
0.8448275862068966,0.5,603.61,CARD,HDFC,BANK_TIMEOUT,4,RETRY_NOW,0
0.8448275862068966,0.5,603.61,CARD,HDFC,BANK_TIMEOUT,4,RETRY_LATER,1
0.7857142857142857,0.6666666666666666,2101.98,WALLET,KOTAK,BANK_TIMEOUT,7,RETRY_LATER,1
0.6515151515151515,0.43478260869565216,9340.54,WALLET,YESBANK,NETWORK_ERROR,3,NO_ACTION,0
0.851063829787234,0.7142857142857143,9360.11,WALLET,ICICI,NETWORK_ERROR,12,NO_ACTION,0
0.6463414634146342,0.4482758620689655,8367.3,UPI,YESBANK,NETWORK_ERROR,3,NO_ACTION,0
0.7608695652173914,0.7272727272727273,5759.61,NETBANKING,HDFC,NETWORK_ERROR,23,RETRY_NOW,1
0.8461538461538461,0.5,5840.54,NETBANKING,ICICI,INSUFFICIENT_FUNDS,16,NO_ACTION,0
0.0,0.0,8306.32,NETBANKING,SBI,CARD_EXPIRED,13,RETRY_NOW,0
0.9259259259259259,0.5,8100.91,CARD,SBI,NETWORK_ERROR,2,SEND_REMINDER,1
0.0,1.0,5007.21,UPI,SBI,LIMIT_EXCEEDED,14,NO_ACTION,0
0.66,0.5882352941176471,4147.4,UPI,SBI,INSUFFICIENT_FUNDS,20,SEND_REMINDER,0
0.6617647058823529,0.34782608695652173,8348.84,WALLET,SBI,NETWORK_ERROR,15,NO_ACTION,0
0.6666666666666666,0.6111111111111112,1213.07,WALLET,ICICI,BANK_TIMEOUT,18,RETRY_LATER,1
0.7123287671232876,0.38095238095238093,1619.4,WALLET,YESBANK,LIMIT_EXCEEDED,0,NO_ACTION,0
0.8181818181818182,0.2,8813.16,UPI,ICICI,CARD_EXPIRED,3,SEND_REMINDER,0
0.9016393442622951,0.6666666666666666,8539.07,NETBANKING,KOTAK,NETWORK_ERROR,3,SEND_REMINDER,1
0.9523809523809523,0.0,485.13,UPI,YESBANK,LIMIT_EXCEEDED,23,NO_ACTION,0
0.6923076923076923,0.6666666666666666,6105.39,WALLET,HDFC,CARD_EXPIRED,0,RETRY_NOW,1
0.7272727272727273,1.0,486.81,NETBANKING,ICICI,BANK_TIMEOUT,5,RETRY_LATER,1
0.7333333333333333,0.625,4679.14,CARD,YESBANK,BANK_TIMEOUT,22,NO_ACTION,0
0.8641975308641975,0.5454545454545454,1694.88,WALLET,HDFC,BANK_TIMEOUT,20,NO_ACTION,0
0.8085106382978723,0.3333333333333333,5971.06,CARD,HDFC,NETWORK_ERROR,11,RETRY_LATER,0
0.8095238095238095,0.375,4677.04,NETBANKING,YESBANK,CARD_EXPIRED,7,RETRY_LATER,0
0.7115384615384616,0.6,5337.09,CARD,AXIS,AUTHENTICATION_FAILED,16,SEND_REMINDER,0
0.8909090909090909,0.6666666666666666,8349.18,WALLET,HDFC,INSUFFICIENT_FUNDS,3,SEND_REMINDER,1
0.9193548387096774,0.6,7771.93,CARD,KOTAK,NETWORK_ERROR,7,SEND_REMINDER,1
0.8333333333333334,0.42857142857142855,9121.08,CARD,AXIS,BANK_TIMEOUT,23,NO_ACTION,0
0.6410256410256411,0.5,1375.13,UPI,YESBANK,LIMIT_EXCEEDED,13,RETRY_LATER,0
0.782608695652174,0.6666666666666666,4381.25,NETBANKING,KOTAK,CARD_EXPIRED,3,SEND_REMINDER,1
0.6,0.0,1598.37,UPI,HDFC,BANK_TIMEOUT,4,RETRY_LATER,0
0.7162162162162162,0.38095238095238093,2917.13,WALLET,HDFC,BANK_TIMEOUT,18,SEND_REMINDER,0
0.7012987012987013,0.5217391304347826,2017.72,NETBANKING,ICICI,INSUFFICIENT_FUNDS,21,RETRY_LATER,0
0.775,0.4444444444444444,3328.7,CARD,SBI,INSUFFICIENT_FUNDS,19,NO_ACTION,0
0.6509433962264151,0.43243243243243246,4119.46,NETBANKING,ICICI,NETWORK_ERROR,19,RETRY_LATER,1
0.5,0.3333333333333333,3073.78,WALLET,SBI,INSUFFICIENT_FUNDS,8,RETRY_NOW,0
0.7464788732394366,0.3333333333333333,3820.3,WALLET,KOTAK,BANK_TIMEOUT,2,SEND_REMINDER,0
0.75,1.0,8827.68,UPI,HDFC,NETWORK_ERROR,3,RETRY_LATER,1
0.6304347826086957,0.47058823529411764,8948.44,NETBANKING,KOTAK,AUTHENTICATION_FAILED,11,NO_ACTION,0
0.746031746031746,0.375,1940.72,CARD,SBI,BANK_TIMEOUT,2,RETRY_LATER,1
0.8817204301075269,0.6363636363636364,9685.07,UPI,YESBANK,BANK_TIMEOUT,17,SEND_REMINDER,0
0.8072289156626506,0.5,4620.21,UPI,HDFC,LIMIT_EXCEEDED,9,RETRY_LATER,1
0.7368421052631579,0.6,544.08,UPI,SBI,CARD_EXPIRED,12,NO_ACTION,0
0.6551724137931034,0.7,7349.4,UPI,ICICI,BANK_TIMEOUT,15,NO_ACTION,0
0.8928571428571429,0.5,2384.88,UPI,HDFC,CARD_EXPIRED,12,NO_ACTION,0
0.875,0.0,6756.32,CARD,KOTAK,NETWORK_ERROR,15,NO_ACTION,0
0.7647058823529411,0.75,9925.27,UPI,SBI,CARD_EXPIRED,5,RETRY_NOW,0
0.7096774193548387,0.4444444444444444,4645.93,NETBANKING,HDFC,AUTHENTICATION_FAILED,0,SEND_REMINDER,0
0.7333333333333333,0.5,4444.04,NETBANKING,SBI,AUTHENTICATION_FAILED,9,RETRY_NOW,1
0.9090909090909091,0.25,8578.31,NETBANKING,HDFC,AUTHENTICATION_FAILED,18,RETRY_NOW,0
0.6666666666666666,0.3333333333333333,389.55,CARD,KOTAK,LIMIT_EXCEEDED,7,RETRY_NOW,1
0.6075949367088608,0.5161290322580645,7790.8,NETBANKING,KOTAK,INSUFFICIENT_FUNDS,7,RETRY_NOW,0
0.6666666666666666,0.3684210526315789,9981.36,CARD,YESBANK,CARD_EXPIRED,13,RETRY_NOW,0
0.6363636363636364,0.25,1931.39,CARD,HDFC,LIMIT_EXCEEDED,15,RETRY_NOW,0
0.64,0.6666666666666666,7573.56,WALLET,HDFC,BANK_TIMEOUT,5,RETRY_NOW,0
0.46808510638297873,0.52,7513.0,WALLET,AXIS,INSUFFICIENT_FUNDS,22,RETRY_NOW,0
0.7,0.6666666666666666,6357.68,UPI,YESBANK,NETWORK_ERROR,6,RETRY_LATER,0
0.6666666666666666,0.4444444444444444,5334.16,NETBANKING,ICICI,AUTHENTICATION_FAILED,9,SEND_REMINDER,1
0.8736842105263158,0.4166666666666667,8966.29,CARD,AXIS,BANK_TIMEOUT,22,NO_ACTION,0
0.8070175438596491,0.45454545454545453,9185.2,CARD,KOTAK,NETWORK_ERROR,19,NO_ACTION,0
0.7894736842105263,0.75,6867.36,WALLET,KOTAK,NETWORK_ERROR,2,RETRY_LATER,0
0.7888888888888889,0.5789473684210527,4005.22,CARD,HDFC,LIMIT_EXCEEDED,8,RETRY_LATER,1
0.6666666666666666,0.4782608695652174,5532.5,UPI,AXIS,CARD_EXPIRED,23,RETRY_NOW,1
0.855072463768116,0.6,9839.93,WALLET,YESBANK,INSUFFICIENT_FUNDS,11,RETRY_NOW,0
0.5555555555555556,0.75,8348.11,CARD,AXIS,NETWORK_ERROR,11,SEND_REMINDER,0
0.7142857142857143,0.5,5063.84,NETBANKING,SBI,CARD_EXPIRED,12,NO_ACTION,0
0.5098039215686274,0.48,3202.38,UPI,HDFC,NETWORK_ERROR,3,RETRY_NOW,0
0.8125,0.5555555555555556,3166.47,NETBANKING,AXIS,CARD_EXPIRED,0,RETRY_NOW,0
0.6590909090909091,0.5,7764.82,WALLET,KOTAK,BANK_TIMEOUT,22,RETRY_LATER,1
0.631578947368421,0.5714285714285714,5911.8,UPI,SBI,BANK_TIMEOUT,13,RETRY_NOW,0
0.9180327868852459,0.6,3073.64,UPI,KOTAK,AUTHENTICATION_FAILED,15,NO_ACTION,0
0.6438356164383562,0.5384615384615384,6852.52,UPI,ICICI,CARD_EXPIRED,9,RETRY_LATER,0
0.46153846153846156,0.5714285714285714,5241.71,CARD,ICICI,LIMIT_EXCEEDED,15,NO_ACTION,0
0.6964285714285714,0.4117647058823529,7549.28,NETBANKING,KOTAK,INSUFFICIENT_FUNDS,12,RETRY_NOW,1
0.7777777777777778,1.0,4664.58,NETBANKING,HDFC,LIMIT_EXCEEDED,14,SEND_REMINDER,1
0.9108910891089109,0.5555555555555556,7613.52,WALLET,ICICI,BANK_TIMEOUT,22,SEND_REMINDER,0
0.7058823529411765,0.8,8349.15,NETBANKING,HDFC,AUTHENTICATION_FAILED,11,NO_ACTION,0
0.631578947368421,0.5714285714285714,5286.8,NETBANKING,AXIS,NETWORK_ERROR,17,SEND_REMINDER,1
0.76,0.4166666666666667,2237.08,WALLET,YESBANK,BANK_TIMEOUT,4,RETRY_LATER,1
0.6607142857142857,0.5789473684210527,3102.38,WALLET,KOTAK,INSUFFICIENT_FUNDS,23,NO_ACTION,0
0.6944444444444444,0.45454545454545453,8253.34,NETBANKING,AXIS,NETWORK_ERROR,7,NO_ACTION,0
0.7745098039215687,0.5652173913043478,5663.47,NETBANKING,ICICI,NETWORK_ERROR,17,RETRY_LATER,0
0.77,0.34782608695652173,5507.68,CARD,YESBANK,CARD_EXPIRED,3,SEND_REMINDER,0
0.8208955223880597,0.4166666666666667,2779.87,UPI,ICICI,CARD_EXPIRED,2,SEND_REMINDER,1
0.6521739130434783,0.625,8955.09,CARD,HDFC,LIMIT_EXCEEDED,21,SEND_REMINDER,0
0.7941176470588235,0.42857142857142855,8540.18,WALLET,AXIS,CARD_EXPIRED,10,SEND_REMINDER,0
0.7333333333333333,0.375,1609.06,CARD,YESBANK,NETWORK_ERROR,16,NO_ACTION,0
0.6236559139784946,0.6,5835.38,CARD,KOTAK,NETWORK_ERROR,14,RETRY_NOW,1
0.6727272727272727,0.5,8848.37,NETBANKING,ICICI,NETWORK_ERROR,18,NO_ACTION,0
0.49056603773584906,0.48148148148148145,4363.23,WALLET,KOTAK,INSUFFICIENT_FUNDS,4,RETRY_NOW,1
0.7,0.3333333333333333,7126.33,CARD,KOTAK,LIMIT_EXCEEDED,15,NO_ACTION,0
0.8571428571428571,1.0,9489.04,NETBANKING,HDFC,LIMIT_EXCEEDED,21,RETRY_NOW,0
0.6233766233766234,0.4482758620689655,368.89,NETBANKING,AXIS,AUTHENTICATION_FAILED,4,RETRY_LATER,0
0.7027027027027027,0.45454545454545453,1164.95,CARD,KOTAK,LIMIT_EXCEEDED,8,RETRY_NOW,0
0.92,0.5,6071.8,WALLET,SBI,CARD_EXPIRED,23,RETRY_LATER,0
0.7477477477477478,0.4642857142857143,9225.29,NETBANKING,ICICI,INSUFFICIENT_FUNDS,4,RETRY_NOW,0
0.8045977011494253,0.5294117647058824,5692.55,UPI,KOTAK,BANK_TIMEOUT,21,RETRY_NOW,1
0.717391304347826,0.6153846153846154,9131.14,WALLET,YESBANK,AUTHENTICATION_FAILED,0,NO_ACTION,0
0.8,0.8,6042.6,CARD,ICICI,NETWORK_ERROR,6,RETRY_NOW,0
0.7831325301204819,0.3333333333333333,4187.35,CARD,YESBANK,CARD_EXPIRED,23,SEND_REMINDER,1
0.7837837837837838,0.75,9682.11,UPI,SBI,CARD_EXPIRED,2,RETRY_NOW,0
0.6823529411764706,0.6666666666666666,6530.41,CARD,ICICI,NETWORK_ERROR,21,SEND_REMINDER,0
0.8571428571428571,0.5,3253.96,NETBANKING,KOTAK,CARD_EXPIRED,11,SEND_REMINDER,0
0.75,0.0,2271.99,UPI,KOTAK,NETWORK_ERROR,7,SEND_REMINDER,0
0.8571428571428571,0.6923076923076923,1150.65,WALLET,YESBANK,CARD_EXPIRED,16,SEND_REMINDER,0
0.6893203883495146,0.59375,9651.08,CARD,ICICI,AUTHENTICATION_FAILED,23,SEND_REMINDER,1
0.7777777777777778,0.5,1669.09,CARD,HDFC,BANK_TIMEOUT,6,RETRY_NOW,0
0.6601941747572816,0.5142857142857142,4047.97,WALLET,AXIS,CARD_EXPIRED,0,RETRY_LATER,0
0.891566265060241,0.6666666666666666,9444.3,CARD,KOTAK,AUTHENTICATION_FAILED,10,SEND_REMINDER,0
0.7428571428571429,0.5555555555555556,1078.9,WALLET,KOTAK,AUTHENTICATION_FAILED,14,RETRY_LATER,1
0.9,0.5,3183.32,UPI,KOTAK,AUTHENTICATION_FAILED,1,RETRY_NOW,0
0.7210884353741497,0.43902439024390244,4526.26,UPI,KOTAK,LIMIT_EXCEEDED,9,RETRY_LATER,1
0.7333333333333333,0.75,4193.65,WALLET,HDFC,AUTHENTICATION_FAILED,14,RETRY_NOW,1
0.4594594594594595,0.45,6647.22,WALLET,YESBANK,NETWORK_ERROR,5,SEND_REMINDER,0
0.75,0.5,1294.7,UPI,ICICI,LIMIT_EXCEEDED,6,SEND_REMINDER,1
0.8,0.6363636363636364,6904.46,CARD,YESBANK,NETWORK_ERROR,12,RETRY_LATER,1
0.76,0.4166666666666667,5158.02,CARD,AXIS,AUTHENTICATION_FAILED,16,NO_ACTION,0
0.6818181818181818,0.5714285714285714,8409.15,NETBANKING,HDFC,BANK_TIMEOUT,16,NO_ACTION,0
0.7777777777777778,1.0,2380.97,WALLET,ICICI,AUTHENTICATION_FAILED,14,RETRY_NOW,1
0.6617647058823529,0.6956521739130435,4974.87,NETBANKING,HDFC,CARD_EXPIRED,11,NO_ACTION,0
0.7894736842105263,0.4166666666666667,8118.28,UPI,YESBANK,INSUFFICIENT_FUNDS,0,SEND_REMINDER,1
0.9078947368421053,0.5714285714285714,9588.92,CARD,YESBANK,NETWORK_ERROR,19,RETRY_LATER,1
0.6666666666666666,0.75,1699.0,UPI,ICICI,NETWORK_ERROR,9,NO_ACTION,0
0.8,1.0,8627.5,CARD,ICICI,LIMIT_EXCEEDED,13,RETRY_LATER,1
0.8181818181818182,0.5,2999.52,NETBANKING,YESBANK,LIMIT_EXCEEDED,19,RETRY_NOW,1
0.6984126984126984,0.42105263157894735,7250.64,UPI,YESBANK,LIMIT_EXCEEDED,20,NO_ACTION,0
0.65625,0.5454545454545454,4948.61,CARD,KOTAK,AUTHENTICATION_FAILED,11,NO_ACTION,0
0.5571428571428572,0.5806451612903226,2823.42,CARD,KOTAK,LIMIT_EXCEEDED,5,RETRY_LATER,0
0.76,0.4166666666666667,7708.01,NETBANKING,AXIS,CARD_EXPIRED,2,RETRY_LATER,0
0.8235294117647058,0.5555555555555556,9698.76,NETBANKING,YESBANK,BANK_TIMEOUT,5,SEND_REMINDER,1
0.8095238095238095,0.25,4316.21,WALLET,ICICI,INSUFFICIENT_FUNDS,8,SEND_REMINDER,0
0.6363636363636364,0.25,6336.0,UPI,SBI,BANK_TIMEOUT,9,RETRY_NOW,0
0.75,0.6521739130434783,8902.8,CARD,YESBANK,LIMIT_EXCEEDED,2,SEND_REMINDER,0
0.9833333333333333,0.0,3652.68,NETBANKING,KOTAK,NETWORK_ERROR,12,RETRY_LATER,0
0.8617021276595744,0.7692307692307693,847.23,WALLET,YESBANK,INSUFFICIENT_FUNDS,6,SEND_REMINDER,1
0.7,0.3333333333333333,4107.15,NETBANKING,YESBANK,LIMIT_EXCEEDED,19,RETRY_LATER,0
0.6666666666666666,0.5217391304347826,6778.05,UPI,YESBANK,LIMIT_EXCEEDED,20,RETRY_LATER,0
0.8571428571428571,1.0,535.99,NETBANKING,AXIS,CARD_EXPIRED,13,RETRY_NOW,0
0.7560975609756098,0.6,5192.99,CARD,KOTAK,BANK_TIMEOUT,1,RETRY_LATER,1
0.6,0.5,7994.91,UPI,ICICI,LIMIT_EXCEEDED,20,SEND_REMINDER,0
0.8,0.0,2728.41,CARD,KOTAK,INSUFFICIENT_FUNDS,11,SEND_REMINDER,0
0.8,0.0,341.97,UPI,AXIS,CARD_EXPIRED,15,NO_ACTION,0
0.7931034482758621,0.6666666666666666,3467.6,CARD,SBI,LIMIT_EXCEEDED,20,RETRY_LATER,0
0.7413793103448276,0.5333333333333333,4664.0,CARD,AXIS,BANK_TIMEOUT,2,SEND_REMINDER,1
0.8918918918918919,0.75,8886.58,WALLET,YESBANK,AUTHENTICATION_FAILED,19,SEND_REMINDER,0
0.8571428571428571,0.0,173.4,WALLET,AXIS,LIMIT_EXCEEDED,18,RETRY_LATER,1
0.8181818181818182,0.8333333333333334,4680.03,NETBANKING,KOTAK,AUTHENTICATION_FAILED,4,NO_ACTION,0
0.6075949367088608,0.5161290322580645,7790.8,NETBANKING,KOTAK,INSUFFICIENT_FUNDS,7,NO_ACTION,0
0.8,0.0,2266.32,CARD,SBI,BANK_TIMEOUT,10,SEND_REMINDER,0
0.8,0.5,8762.13,CARD,ICICI,LIMIT_EXCEEDED,16,RETRY_NOW,1
0.696969696969697,0.45,4061.19,WALLET,AXIS,INSUFFICIENT_FUNDS,17,SEND_REMINDER,1
0.7844827586206896,0.44,1858.5,NETBANKING,KOTAK,INSUFFICIENT_FUNDS,22,RETRY_LATER,1
0.8260869565217391,0.25,6808.59,CARD,ICICI,AUTHENTICATION_FAILED,20,NO_ACTION,0
0.7833333333333333,0.6153846153846154,1468.72,NETBANKING,KOTAK,BANK_TIMEOUT,17,RETRY_NOW,1
0.75,0.0,7910.74,UPI,ICICI,AUTHENTICATION_FAILED,15,RETRY_LATER,1
0.75,0.5,2846.86,NETBANKING,SBI,INSUFFICIENT_FUNDS,23,SEND_REMINDER,0
0.6111111111111112,0.35714285714285715,109.88,CARD,YESBANK,LIMIT_EXCEEDED,18,RETRY_LATER,0
0.8645833333333334,0.3076923076923077,2677.87,UPI,ICICI,BANK_TIMEOUT,13,RETRY_NOW,1
0.7523809523809524,0.5769230769230769,3912.09,CARD,HDFC,AUTHENTICATION_FAILED,8,RETRY_LATER,0
0.5609756097560976,0.5,3717.54,NETBANKING,AXIS,INSUFFICIENT_FUNDS,1,RETRY_LATER,0
0.6814814814814815,0.3953488372093023,7846.96,UPI,ICICI,BANK_TIMEOUT,13,SEND_REMINDER,1
0.6382978723404256,0.7058823529411765,1051.17,UPI,KOTAK,CARD_EXPIRED,12,SEND_REMINDER,0
0.5263157894736842,0.6111111111111112,9980.33,WALLET,KOTAK,LIMIT_EXCEEDED,9,SEND_REMINDER,1
0.6704545454545454,0.5862068965517241,5257.83,WALLET,YESBANK,LIMIT_EXCEEDED,10,RETRY_LATER,0
0.5882352941176471,0.42857142857142855,7894.59,NETBANKING,ICICI,CARD_EXPIRED,13,NO_ACTION,0
0.75,0.5,2461.75,WALLET,KOTAK,LIMIT_EXCEEDED,10,NO_ACTION,0
0.5211267605633803,0.5588235294117647,9252.91,CARD,AXIS,AUTHENTICATION_FAILED,14,RETRY_LATER,0
0.5,0.0,693.96,WALLET,KOTAK,INSUFFICIENT_FUNDS,21,SEND_REMINDER,1
0.46153846153846156,0.5714285714285714,1911.58,CARD,HDFC,LIMIT_EXCEEDED,12,SEND_REMINDER,1
0.8,1.0,8137.96,CARD,AXIS,INSUFFICIENT_FUNDS,16,RETRY_NOW,0
0.4,0.3333333333333333,1280.21,UPI,ICICI,INSUFFICIENT_FUNDS,17,NO_ACTION,0
0.6615384615384615,0.5,5777.55,CARD,AXIS,LIMIT_EXCEEDED,2,NO_ACTION,0
0.7857142857142857,0.5,2311.59,CARD,AXIS,INSUFFICIENT_FUNDS,10,RETRY_LATER,0
0.9230769230769231,0.75,2813.01,CARD,ICICI,BANK_TIMEOUT,7,RETRY_NOW,1
0.75,0.375,2460.7,NETBANKING,HDFC,CARD_EXPIRED,0,NO_ACTION,0
0.8928571428571429,0.6666666666666666,1962.72,UPI,HDFC,NETWORK_ERROR,7,RETRY_NOW,0
0.6875,0.4666666666666667,8283.73,UPI,HDFC,INSUFFICIENT_FUNDS,9,NO_ACTION,0
0.6363636363636364,0.25,1931.39,CARD,HDFC,LIMIT_EXCEEDED,15,SEND_REMINDER,0
0.6949152542372882,0.5,6528.11,UPI,HDFC,BANK_TIMEOUT,4,NO_ACTION,0
0.7166666666666667,0.4411764705882353,8561.33,UPI,SBI,CARD_EXPIRED,17,RETRY_NOW,0
0.7230769230769231,0.2777777777777778,4475.97,WALLET,YESBANK,CARD_EXPIRED,8,RETRY_LATER,0
0.6285714285714286,0.5384615384615384,3753.74,CARD,YESBANK,LIMIT_EXCEEDED,3,NO_ACTION,0
0.7285714285714285,0.6842105263157895,3207.19,UPI,KOTAK,CARD_EXPIRED,11,NO_ACTION,0
0.0,1.0,7692.72,WALLET,HDFC,NETWORK_ERROR,10,SEND_REMINDER,1
0.8461538461538461,0.5,3854.25,WALLET,ICICI,CARD_EXPIRED,5,RETRY_NOW,1
0.8421052631578947,0.5,9333.65,CARD,HDFC,INSUFFICIENT_FUNDS,11,RETRY_LATER,1
0.75,0.8333333333333334,6423.52,NETBANKING,SBI,BANK_TIMEOUT,20,RETRY_NOW,0
0.0,0.6666666666666666,2194.13,WALLET,ICICI,NETWORK_ERROR,9,RETRY_NOW,0
0.8518518518518519,0.5,2009.95,WALLET,ICICI,LIMIT_EXCEEDED,7,SEND_REMINDER,1
0.7894736842105263,0.75,2172.71,CARD,HDFC,CARD_EXPIRED,3,RETRY_LATER,1
0.0,0.0,1746.51,CARD,YESBANK,BANK_TIMEOUT,15,RETRY_NOW,0
0.6785714285714286,0.4444444444444444,8179.23,WALLET,KOTAK,CARD_EXPIRED,0,RETRY_NOW,0
0.6666666666666666,0.5,9396.55,NETBANKING,ICICI,NETWORK_ERROR,13,NO_ACTION,0
0.8173913043478261,0.47619047619047616,5583.15,CARD,YESBANK,CARD_EXPIRED,3,SEND_REMINDER,1
0.6923076923076923,0.5,7926.95,WALLET,ICICI,BANK_TIMEOUT,4,RETRY_NOW,1
0.6666666666666666,0.45454545454545453,968.93,WALLET,KOTAK,AUTHENTICATION_FAILED,16,SEND_REMINDER,0
0.8888888888888888,0.5,9766.44,CARD,HDFC,LIMIT_EXCEEDED,7,RETRY_LATER,0
0.7872340425531915,0.6,3634.59,CARD,KOTAK,INSUFFICIENT_FUNDS,22,SEND_REMINDER,1
0.8823529411764706,0.5,691.22,NETBANKING,ICICI,CARD_EXPIRED,6,RETRY_LATER,0
0.6153846153846154,0.8,3359.54,UPI,ICICI,LIMIT_EXCEEDED,21,RETRY_LATER,0
0.6808510638297872,0.3333333333333333,2139.04,NETBANKING,ICICI,LIMIT_EXCEEDED,16,SEND_REMINDER,1
0.875,0.4,5031.88,UPI,SBI,AUTHENTICATION_FAILED,19,RETRY_NOW,0
0.5,1.0,9879.49,UPI,KOTAK,LIMIT_EXCEEDED,4,SEND_REMINDER,1
0.8333333333333334,1.0,5186.86,WALLET,SBI,CARD_EXPIRED,12,RETRY_NOW,1
0.6935483870967742,0.3157894736842105,1091.12,UPI,HDFC,CARD_EXPIRED,23,RETRY_NOW,1
0.7160493827160493,0.5217391304347826,5148.94,CARD,SBI,CARD_EXPIRED,8,SEND_REMINDER,0
0.5894736842105263,0.5897435897435898,3762.92,CARD,ICICI,NETWORK_ERROR,12,SEND_REMINDER,1
0.7857142857142857,0.6666666666666666,590.48,WALLET,SBI,NETWORK_ERROR,13,SEND_REMINDER,0
0.9375,0.3333333333333333,8723.62,CARD,ICICI,BANK_TIMEOUT,11,RETRY_LATER,0
0.5238095238095238,0.6,5751.04,CARD,KOTAK,NETWORK_ERROR,17,SEND_REMINDER,0
0.8,0.5,2421.81,NETBANKING,SBI,INSUFFICIENT_FUNDS,9,RETRY_NOW,0
0.6666666666666666,0.5,2882.43,WALLET,AXIS,BANK_TIMEOUT,13,RETRY_LATER,1
0.813953488372093,0.375,4444.02,CARD,SBI,INSUFFICIENT_FUNDS,3,SEND_REMINDER,0
0.55,0.5555555555555556,6428.91,CARD,ICICI,LIMIT_EXCEEDED,21,RETRY_LATER,0
0.5,0.3333333333333333,1485.9,WALLET,YESBANK,LIMIT_EXCEEDED,5,NO_ACTION,0
0.75,0.0,8351.82,UPI,YESBANK,AUTHENTICATION_FAILED,23,SEND_REMINDER,0
0.6578947368421053,0.5384615384615384,1100.19,UPI,KOTAK,BANK_TIMEOUT,3,SEND_REMINDER,1
0.7755102040816326,0.36363636363636365,2565.33,CARD,AXIS,BANK_TIMEOUT,5,RETRY_NOW,0
0.6666666666666666,0.0,3436.11,UPI,ICICI,BANK_TIMEOUT,9,NO_ACTION,0
0.875,0.3333333333333333,9970.07,CARD,YESBANK,NETWORK_ERROR,8,SEND_REMINDER,0
0.7333333333333333,0.75,4149.25,CARD,HDFC,NETWORK_ERROR,13,SEND_REMINDER,0
0.5454545454545454,0.48,3942.94,WALLET,SBI,CARD_EXPIRED,2,RETRY_LATER,0
0.7906976744186046,0.5555555555555556,8392.1,CARD,YESBANK,INSUFFICIENT_FUNDS,18,RETRY_NOW,0
0.6666666666666666,0.75,6450.42,CARD,YESBANK,LIMIT_EXCEEDED,18,RETRY_NOW,0
0.8235294117647058,0.5555555555555556,9698.76,NETBANKING,YESBANK,BANK_TIMEOUT,5,NO_ACTION,0
0.9130434782608695,0.25,1075.25,UPI,YESBANK,CARD_EXPIRED,20,NO_ACTION,0
0.8983050847457628,0.3333333333333333,3292.62,CARD,KOTAK,AUTHENTICATION_FAILED,22,RETRY_NOW,1
0.6707317073170732,0.4074074074074074,3556.8,CARD,HDFC,CARD_EXPIRED,8,RETRY_NOW,0
0.6875,0.44,8421.82,WALLET,KOTAK,NETWORK_ERROR,6,NO_ACTION,0
0.625,0.5238095238095238,2178.31,NETBANKING,YESBANK,NETWORK_ERROR,5,NO_ACTION,0
0.6351351351351351,0.5555555555555556,6219.34,CARD,HDFC,LIMIT_EXCEEDED,11,SEND_REMINDER,1
0.8333333333333334,0.0,7647.22,UPI,HDFC,CARD_EXPIRED,17,RETRY_NOW,0
0.6,0.0,2198.66,WALLET,ICICI,CARD_EXPIRED,14,RETRY_NOW,0
0.6935483870967742,0.3157894736842105,1091.12,UPI,HDFC,CARD_EXPIRED,23,SEND_REMINDER,0
0.71875,0.3333333333333333,7466.15,UPI,SBI,BANK_TIMEOUT,17,SEND_REMINDER,1
0.9,0.5,4668.24,UPI,AXIS,NETWORK_ERROR,21,SEND_REMINDER,0
0.775,0.6666666666666666,9179.12,WALLET,AXIS,CARD_EXPIRED,7,RETRY_LATER,0
0.6880733944954128,0.5588235294117647,7607.93,WALLET,KOTAK,AUTHENTICATION_FAILED,5,RETRY_NOW,1
0.8368794326241135,0.4782608695652174,9502.11,CARD,ICICI,NETWORK_ERROR,16,SEND_REMINDER,0
0.8125,0.3333333333333333,1659.85,WALLET,KOTAK,LIMIT_EXCEEDED,15,SEND_REMINDER,1
0.9130434782608695,0.5,730.7,NETBANKING,YESBANK,CARD_EXPIRED,15,SEND_REMINDER,1
0.6666666666666666,0.3333333333333333,6908.4,WALLET,AXIS,CARD_EXPIRED,18,RETRY_LATER,0
0.8181818181818182,0.625,3368.74,WALLET,HDFC,BANK_TIMEOUT,20,RETRY_LATER,1
0.6206896551724138,0.45454545454545453,1158.06,UPI,HDFC,LIMIT_EXCEEDED,15,SEND_REMINDER,1
0.7608695652173914,0.7272727272727273,5759.61,NETBANKING,HDFC,NETWORK_ERROR,23,RETRY_LATER,1
0.6744186046511628,0.5,4004.72,UPI,HDFC,AUTHENTICATION_FAILED,0,NO_ACTION,0
0.7878787878787878,0.42857142857142855,6032.19,CARD,AXIS,AUTHENTICATION_FAILED,3,RETRY_NOW,0
0.6935483870967742,0.2631578947368421,8559.73,NETBANKING,HDFC,INSUFFICIENT_FUNDS,5,RETRY_LATER,0
0.7592592592592593,0.46153846153846156,9484.18,NETBANKING,AXIS,NETWORK_ERROR,11,NO_ACTION,0
0.6216216216216216,0.35714285714285715,1103.07,CARD,AXIS,INSUFFICIENT_FUNDS,0,NO_ACTION,0
0.8333333333333334,0.4,9697.23,NETBANKING,SBI,LIMIT_EXCEEDED,15,RETRY_NOW,1
0.775,0.4444444444444444,3328.7,CARD,SBI,INSUFFICIENT_FUNDS,19,RETRY_LATER,0
0.6746987951807228,0.48148148148148145,9926.67,WALLET,ICICI,INSUFFICIENT_FUNDS,8,RETRY_LATER,0
0.46153846153846156,0.5714285714285714,5241.71,CARD,ICICI,LIMIT_EXCEEDED,15,RETRY_LATER,0
0.717391304347826,0.46153846153846156,4558.17,NETBANKING,SBI,AUTHENTICATION_FAILED,3,NO_ACTION,0
0.7777777777777778,0.6,6805.32,CARD,YESBANK,AUTHENTICATION_FAILED,6,SEND_REMINDER,0
0.6363636363636364,0.4166666666666667,9117.22,CARD,SBI,CARD_EXPIRED,17,SEND_REMINDER,0
0.5,0.6666666666666666,4327.49,UPI,ICICI,BANK_TIMEOUT,13,SEND_REMINDER,0
0.8840579710144928,0.375,4790.25,CARD,SBI,LIMIT_EXCEEDED,4,SEND_REMINDER,1
0.7777777777777778,0.5,5347.25,CARD,YESBANK,BANK_TIMEOUT,10,RETRY_NOW,0
0.5930232558139535,0.42857142857142855,3301.18,WALLET,ICICI,INSUFFICIENT_FUNDS,19,NO_ACTION,0
0.5,1.0,8713.44,NETBANKING,HDFC,LIMIT_EXCEEDED,21,RETRY_NOW,0
0.625,0.5,5336.17,NETBANKING,HDFC,AUTHENTICATION_FAILED,8,SEND_REMINDER,0
0.5,0.5,2605.45,UPI,AXIS,AUTHENTICATION_FAILED,9,RETRY_LATER,0
0.8571428571428571,0.6923076923076923,1150.65,WALLET,YESBANK,CARD_EXPIRED,16,NO_ACTION,0
0.7857142857142857,0.5,9619.9,CARD,AXIS,INSUFFICIENT_FUNDS,10,RETRY_NOW,1
0.6567164179104478,0.391304347826087,3487.28,UPI,HDFC,INSUFFICIENT_FUNDS,22,RETRY_NOW,0
0.6,0.25,811.69,CARD,SBI,LIMIT_EXCEEDED,11,RETRY_LATER,0
0.8947368421052632,0.5,6873.02,WALLET,AXIS,BANK_TIMEOUT,17,RETRY_NOW,0
0.8518518518518519,0.75,4854.56,WALLET,SBI,NETWORK_ERROR,12,SEND_REMINDER,1
0.5909090909090909,0.5277777777777778,790.73,WALLET,YESBANK,INSUFFICIENT_FUNDS,21,SEND_REMINDER,0
0.5714285714285714,0.6666666666666666,4604.73,WALLET,KOTAK,NETWORK_ERROR,10,SEND_REMINDER,0
0.6,0.5,7944.68,WALLET,SBI,NETWORK_ERROR,2,SEND_REMINDER,0
0.8181818181818182,0.625,5862.12,WALLET,HDFC,INSUFFICIENT_FUNDS,6,RETRY_NOW,1
0.8333333333333334,0.0,5825.38,NETBANKING,YESBANK,BANK_TIMEOUT,17,SEND_REMINDER,0
0.47619047619047616,0.6363636363636364,4689.81,WALLET,SBI,AUTHENTICATION_FAILED,20,SEND_REMINDER,0
0.7962962962962963,0.5454545454545454,3799.79,CARD,AXIS,BANK_TIMEOUT,7,RETRY_NOW,1
0.6875,0.4666666666666667,8283.73,UPI,HDFC,INSUFFICIENT_FUNDS,9,RETRY_NOW,0
0.6388888888888888,0.5384615384615384,633.13,NETBANKING,HDFC,BANK_TIMEOUT,7,NO_ACTION,0
0.8532110091743119,0.5,5224.56,UPI,KOTAK,NETWORK_ERROR,3,NO_ACTION,0
0.625,0.5,5812.98,WALLET,YESBANK,AUTHENTICATION_FAILED,7,RETRY_NOW,0
0.6875,0.4,9452.74,UPI,AXIS,LIMIT_EXCEEDED,19,SEND_REMINDER,1
0.8181818181818182,0.6,5898.18,WALLET,HDFC,LIMIT_EXCEEDED,19,RETRY_LATER,1
0.6931818181818182,0.5555555555555556,5950.55,UPI,HDFC,CARD_EXPIRED,22,RETRY_LATER,0
0.7547169811320755,0.46153846153846156,1690.38,UPI,SBI,LIMIT_EXCEEDED,20,RETRY_NOW,1
0.875,0.5,2851.94,CARD,SBI,CARD_EXPIRED,5,RETRY_NOW,0
0.6617647058823529,0.6521739130434783,6006.97,NETBANKING,YESBANK,CARD_EXPIRED,2,RETRY_NOW,1
0.8021978021978022,0.5555555555555556,8578.19,NETBANKING,KOTAK,CARD_EXPIRED,1,RETRY_NOW,0
0.7540983606557377,0.4666666666666667,5493.88,UPI,KOTAK,NETWORK_ERROR,20,SEND_REMINDER,0
0.7894736842105263,0.5,5617.81,WALLET,HDFC,NETWORK_ERROR,11,SEND_REMINDER,0
0.7692307692307693,0.0,6698.04,WALLET,AXIS,AUTHENTICATION_FAILED,1,NO_ACTION,0
0.8666666666666667,0.5,3737.4,NETBANKING,KOTAK,NETWORK_ERROR,10,SEND_REMINDER,0
0.6956521739130435,0.35714285714285715,7027.6,NETBANKING,HDFC,NETWORK_ERROR,8,RETRY_LATER,0
0.625,0.0,6476.38,NETBANKING,AXIS,CARD_EXPIRED,5,RETRY_LATER,0
0.7142857142857143,0.5,3613.41,NETBANKING,AXIS,CARD_EXPIRED,12,SEND_REMINDER,1
0.8333333333333334,1.0,5696.09,WALLET,YESBANK,BANK_TIMEOUT,9,NO_ACTION,0
0.7340425531914894,0.48,2118.33,CARD,HDFC,LIMIT_EXCEEDED,17,SEND_REMINDER,0
0.7358490566037735,0.7142857142857143,7219.67,CARD,KOTAK,AUTHENTICATION_FAILED,8,RETRY_LATER,0
0.0,1.0,9009.3,NETBANKING,YESBANK,LIMIT_EXCEEDED,9,NO_ACTION,0
0.8181818181818182,0.5,962.0,WALLET,YESBANK,LIMIT_EXCEEDED,16,SEND_REMINDER,0
0.6,0.5,1576.83,UPI,ICICI,CARD_EXPIRED,9,NO_ACTION,0
0.6,0.0,5676.32,WALLET,ICICI,AUTHENTICATION_FAILED,14,RETRY_NOW,0
0.6756756756756757,0.4166666666666667,9984.82,NETBANKING,KOTAK,CARD_EXPIRED,18,RETRY_NOW,1
0.8,0.3333333333333333,1401.63,NETBANKING,AXIS,AUTHENTICATION_FAILED,2,NO_ACTION,0
0.5882352941176471,0.5714285714285714,195.31,UPI,ICICI,NETWORK_ERROR,19,SEND_REMINDER,0
0.6176470588235294,0.6153846153846154,2438.19,CARD,ICICI,AUTHENTICATION_FAILED,18,RETRY_LATER,0
0.8024691358024691,0.6875,5188.95,WALLET,AXIS,AUTHENTICATION_FAILED,12,NO_ACTION,0
0.7857142857142857,0.6666666666666666,590.48,WALLET,SBI,NETWORK_ERROR,13,RETRY_LATER,1
0.8144329896907216,0.6666666666666666,8552.04,CARD,KOTAK,NETWORK_ERROR,5,RETRY_NOW,0
0.7222222222222222,0.8,4802.72,CARD,YESBANK,BANK_TIMEOUT,3,RETRY_NOW,1
0.8387096774193549,0.4,9611.19,NETBANKING,SBI,NETWORK_ERROR,9,RETRY_LATER,0
0.4444444444444444,0.4,6373.78,NETBANKING,AXIS,BANK_TIMEOUT,2,SEND_REMINDER,0
0.7710843373493976,0.42105263157894735,8464.09,WALLET,KOTAK,CARD_EXPIRED,2,RETRY_LATER,0
0.6388888888888888,0.38461538461538464,8097.53,WALLET,SBI,INSUFFICIENT_FUNDS,20,RETRY_LATER,0
0.8421052631578947,0.6666666666666666,8602.94,CARD,ICICI,LIMIT_EXCEEDED,17,RETRY_LATER,0
0.9076923076923077,0.5,9391.1,WALLET,ICICI,NETWORK_ERROR,8,NO_ACTION,0
0.7352941176470589,0.4444444444444444,1182.31,WALLET,ICICI,BANK_TIMEOUT,14,NO_ACTION,0
0.7272727272727273,0.0,9396.03,WALLET,YESBANK,NETWORK_ERROR,7,RETRY_LATER,0
0.9615384615384616,0.6666666666666666,7021.45,UPI,YESBANK,AUTHENTICATION_FAILED,13,RETRY_NOW,0
0.6470588235294118,0.5,1532.98,WALLET,SBI,AUTHENTICATION_FAILED,15,NO_ACTION,0
0.8053097345132744,0.45454545454545453,4844.76,WALLET,KOTAK,BANK_TIMEOUT,11,NO_ACTION,0
0.7647058823529411,0.5,3535.7,NETBANKING,KOTAK,INSUFFICIENT_FUNDS,17,SEND_REMINDER,0
0.912621359223301,0.2222222222222222,3732.16,CARD,HDFC,AUTHENTICATION_FAILED,4,RETRY_LATER,1
0.6,0.0,2547.59,NETBANKING,HDFC,INSUFFICIENT_FUNDS,0,RETRY_NOW,0
0.7226890756302521,0.5151515151515151,9572.61,NETBANKING,HDFC,INSUFFICIENT_FUNDS,14,RETRY_LATER,0
0.7902097902097902,0.3333333333333333,3877.77,NETBANKING,AXIS,AUTHENTICATION_FAILED,22,RETRY_NOW,0
0.9230769230769231,1.0,3997.61,UPI,YESBANK,CARD_EXPIRED,10,RETRY_LATER,0
0.8904109589041096,0.375,9464.31,CARD,ICICI,AUTHENTICATION_FAILED,16,NO_ACTION,0
0.7049180327868853,0.3333333333333333,8899.84,CARD,YESBANK,CARD_EXPIRED,4,RETRY_NOW,0
0.5972222222222222,0.5862068965517241,1053.15,WALLET,HDFC,AUTHENTICATION_FAILED,22,RETRY_NOW,0
0.7380952380952381,0.5151515151515151,8728.05,CARD,KOTAK,NETWORK_ERROR,3,RETRY_LATER,0
0.4090909090909091,0.38461538461538464,2151.62,CARD,HDFC,NETWORK_ERROR,12,SEND_REMINDER,0
0.6153846153846154,0.3,5537.4,CARD,HDFC,NETWORK_ERROR,20,RETRY_LATER,1
0.49056603773584906,0.48148148148148145,6591.54,CARD,ICICI,NETWORK_ERROR,6,SEND_REMINDER,1
0.5,0.0,7920.93,UPI,SBI,AUTHENTICATION_FAILED,14,SEND_REMINDER,0
0.75,0.0,4984.72,UPI,AXIS,BANK_TIMEOUT,5,RETRY_NOW,0
0.8316831683168316,0.7058823529411765,9422.9,NETBANKING,KOTAK,CARD_EXPIRED,11,RETRY_LATER,0
0.6666666666666666,0.6086956521739131,4675.23,WALLET,HDFC,CARD_EXPIRED,6,SEND_REMINDER,1
0.6612903225806451,0.42857142857142855,7688.96,UPI,AXIS,NETWORK_ERROR,13,RETRY_NOW,1
0.6842105263157895,0.6666666666666666,6340.42,UPI,KOTAK,BANK_TIMEOUT,20,NO_ACTION,0
0.8571428571428571,0.45454545454545453,8521.86,NETBANKING,YESBANK,LIMIT_EXCEEDED,12,RETRY_NOW,0
0.7692307692307693,0.8,2887.75,CARD,KOTAK,INSUFFICIENT_FUNDS,8,RETRY_NOW,0
0.75,0.6666666666666666,8404.79,UPI,YESBANK,LIMIT_EXCEEDED,20,RETRY_LATER,0
0.8421052631578947,0.5,1225.71,UPI,YESBANK,CARD_EXPIRED,0,RETRY_LATER,0
0.8333333333333334,1.0,5696.09,WALLET,YESBANK,BANK_TIMEOUT,9,SEND_REMINDER,1
0.7777777777777778,0.6,6805.32,CARD,YESBANK,AUTHENTICATION_FAILED,6,RETRY_LATER,0
0.6744186046511628,0.5714285714285714,5165.59,CARD,YESBANK,NETWORK_ERROR,0,NO_ACTION,0
0.6233766233766234,0.4482758620689655,5208.02,CARD,HDFC,BANK_TIMEOUT,18,RETRY_NOW,1
0.7327586206896551,0.6129032258064516,7246.64,CARD,AXIS,INSUFFICIENT_FUNDS,20,NO_ACTION,0
0.75,0.25,1995.54,UPI,AXIS,BANK_TIMEOUT,19,RETRY_LATER,1
0.6666666666666666,0.0,6582.3,WALLET,YESBANK,INSUFFICIENT_FUNDS,6,RETRY_NOW,0
0.5882352941176471,0.42857142857142855,7894.59,NETBANKING,ICICI,CARD_EXPIRED,13,RETRY_NOW,1
0.7333333333333333,0.45,5235.7,WALLET,YESBANK,NETWORK_ERROR,10,RETRY_NOW,1
0.7469879518072289,0.3333333333333333,4055.94,WALLET,YESBANK,AUTHENTICATION_FAILED,6,RETRY_LATER,0
0.94,0.0,4771.67,NETBANKING,SBI,NETWORK_ERROR,3,RETRY_LATER,0
0.8727272727272727,0.8571428571428571,7915.37,CARD,AXIS,CARD_EXPIRED,18,SEND_REMINDER,1
0.7916666666666666,0.7,8205.26,NETBANKING,YESBANK,BANK_TIMEOUT,15,NO_ACTION,0
0.6666666666666666,0.625,9130.71,NETBANKING,SBI,CARD_EXPIRED,8,SEND_REMINDER,0
0.6111111111111112,0.5,518.55,NETBANKING,KOTAK,NETWORK_ERROR,20,SEND_REMINDER,0
0.6818181818181818,0.2857142857142857,5864.48,UPI,HDFC,NETWORK_ERROR,12,RETRY_NOW,0
0.6,0.625,2241.52,NETBANKING,HDFC,NETWORK_ERROR,3,SEND_REMINDER,0
0.8024691358024691,0.5,1990.43,UPI,ICICI,BANK_TIMEOUT,5,RETRY_NOW,0
0.7058823529411765,0.5,4815.94,CARD,HDFC,INSUFFICIENT_FUNDS,17,NO_ACTION,0
0.6206896551724138,0.5454545454545454,6702.42,WALLET,YESBANK,NETWORK_ERROR,16,NO_ACTION,0
0.7142857142857143,1.0,9381.13,NETBANKING,AXIS,INSUFFICIENT_FUNDS,7,RETRY_LATER,0
0.7272727272727273,0.0,9396.03,WALLET,YESBANK,NETWORK_ERROR,7,NO_ACTION,0
0.7,0.6666666666666666,2441.81,CARD,HDFC,NETWORK_ERROR,7,NO_ACTION,0
0.8181818181818182,0.5,556.68,CARD,YESBANK,CARD_EXPIRED,15,SEND_REMINDER,1
0.6515151515151515,0.6086956521739131,9298.28,NETBANKING,SBI,INSUFFICIENT_FUNDS,5,RETRY_LATER,0
0.5925925925925926,0.45454545454545453,7785.83,UPI,HDFC,NETWORK_ERROR,4,RETRY_LATER,1
0.47058823529411764,0.3333333333333333,7559.06,UPI,AXIS,CARD_EXPIRED,5,SEND_REMINDER,0
0.7058823529411765,0.4,807.28,WALLET,HDFC,NETWORK_ERROR,2,RETRY_NOW,1
0.8,0.0,2805.98,UPI,ICICI,AUTHENTICATION_FAILED,20,SEND_REMINDER,1
0.7927927927927928,0.6956521739130435,8526.75,CARD,ICICI,NETWORK_ERROR,16,RETRY_NOW,0
0.8316831683168316,0.7058823529411765,7380.3,UPI,HDFC,AUTHENTICATION_FAILED,17,RETRY_NOW,0
0.25,0.5,4082.07,WALLET,SBI,LIMIT_EXCEEDED,0,RETRY_LATER,0
0.9166666666666666,0.0,7006.86,NETBANKING,ICICI,LIMIT_EXCEEDED,22,RETRY_NOW,0
0.5,0.0,6234.87,NETBANKING,AXIS,AUTHENTICATION_FAILED,9,NO_ACTION,0
0.8529411764705882,0.6,5098.58,UPI,HDFC,LIMIT_EXCEEDED,9,RETRY_LATER,1
0.82,0.5555555555555556,6465.46,CARD,KOTAK,INSUFFICIENT_FUNDS,3,RETRY_NOW,0
0.8064516129032258,0.6666666666666666,8635.55,CARD,YESBANK,CARD_EXPIRED,19,RETRY_NOW,0
0.6285714285714286,0.15384615384615385,9546.5,CARD,HDFC,INSUFFICIENT_FUNDS,18,SEND_REMINDER,0
0.8108108108108109,0.42857142857142855,3711.64,UPI,ICICI,CARD_EXPIRED,1,NO_ACTION,0
0.7692307692307693,0.4583333333333333,6648.75,CARD,HDFC,AUTHENTICATION_FAILED,18,RETRY_LATER,0
0.9024390243902439,0.5,8916.08,UPI,ICICI,NETWORK_ERROR,2,SEND_REMINDER,0
0.7804878048780488,0.5555555555555556,9281.07,NETBANKING,HDFC,AUTHENTICATION_FAILED,23,RETRY_NOW,0
0.7758620689655172,0.5384615384615384,4053.94,UPI,ICICI,NETWORK_ERROR,19,RETRY_NOW,1
0.7386363636363636,0.6086956521739131,1810.52,CARD,KOTAK,BANK_TIMEOUT,13,RETRY_LATER,1
0.5641025641025641,0.5294117647058824,1763.13,UPI,SBI,INSUFFICIENT_FUNDS,11,NO_ACTION,0
0.8214285714285714,0.4,8493.98,WALLET,AXIS,CARD_EXPIRED,17,SEND_REMINDER,0
0.6363636363636364,0.625,2164.71,CARD,ICICI,LIMIT_EXCEEDED,1,RETRY_NOW,0
0.6666666666666666,0.6111111111111112,1213.07,WALLET,ICICI,BANK_TIMEOUT,18,RETRY_NOW,1
0.7777777777777778,0.5,9022.12,UPI,YESBANK,AUTHENTICATION_FAILED,0,NO_ACTION,0
0.8387096774193549,0.4,3375.04,WALLET,AXIS,CARD_EXPIRED,12,SEND_REMINDER,0
0.8378378378378378,0.5833333333333334,4508.41,NETBANKING,AXIS,AUTHENTICATION_FAILED,12,RETRY_NOW,1
0.0,0.0,657.3,NETBANKING,HDFC,NETWORK_ERROR,3,RETRY_NOW,1
0.7333333333333333,0.75,4149.25,CARD,HDFC,NETWORK_ERROR,13,RETRY_NOW,0
0.7142857142857143,0.75,782.47,WALLET,YESBANK,LIMIT_EXCEEDED,6,RETRY_LATER,0
0.8666666666666667,0.3333333333333333,2211.32,WALLET,KOTAK,NETWORK_ERROR,13,SEND_REMINDER,0
0.8285714285714286,0.4166666666666667,209.01,WALLET,AXIS,CARD_EXPIRED,8,NO_ACTION,0
0.6785714285714286,0.4444444444444444,8179.23,WALLET,KOTAK,CARD_EXPIRED,0,RETRY_LATER,0
0.7818181818181819,0.6666666666666666,7543.09,UPI,AXIS,CARD_EXPIRED,15,RETRY_NOW,1
0.6,0.5,4987.99,CARD,SBI,INSUFFICIENT_FUNDS,16,SEND_REMINDER,0
0.9404761904761905,0.6,5333.3,WALLET,HDFC,LIMIT_EXCEEDED,21,SEND_REMINDER,1
0.8,0.0,6970.4,WALLET,SBI,AUTHENTICATION_FAILED,10,RETRY_NOW,1
0.8194444444444444,0.6153846153846154,3970.13,NETBANKING,ICICI,INSUFFICIENT_FUNDS,1,NO_ACTION,0
0.9166666666666666,0.0,9310.32,WALLET,SBI,CARD_EXPIRED,22,RETRY_NOW,0
0.9047619047619048,0.25,2719.0,WALLET,KOTAK,AUTHENTICATION_FAILED,9,NO_ACTION,0
0.44,0.5,5597.59,WALLET,SBI,CARD_EXPIRED,1,NO_ACTION,0
0.4,0.6666666666666666,8432.53,UPI,HDFC,CARD_EXPIRED,3,SEND_REMINDER,0
0.9090909090909091,0.4,7214.43,CARD,KOTAK,LIMIT_EXCEEDED,18,RETRY_LATER,0
0.7926829268292683,0.5294117647058824,8130.89,CARD,KOTAK,CARD_EXPIRED,21,RETRY_LATER,0
0.7916666666666666,0.6,3309.97,CARD,AXIS,NETWORK_ERROR,2,SEND_REMINDER,1
0.6785714285714286,0.5555555555555556,2911.27,NETBANKING,KOTAK,CARD_EXPIRED,21,RETRY_LATER,0
0.9473684210526315,1.0,1776.93,CARD,SBI,CARD_EXPIRED,3,NO_ACTION,0
0.9054054054054054,0.7142857142857143,267.84,NETBANKING,ICICI,AUTHENTICATION_FAILED,17,RETRY_NOW,1
0.375,0.4,2926.26,CARD,KOTAK,LIMIT_EXCEEDED,20,SEND_REMINDER,0
0.9833333333333333,0.0,3652.68,NETBANKING,KOTAK,NETWORK_ERROR,12,SEND_REMINDER,0
0.8333333333333334,0.75,6512.61,UPI,AXIS,CARD_EXPIRED,21,RETRY_NOW,0
0.7840909090909091,0.631578947368421,6954.85,UPI,ICICI,NETWORK_ERROR,2,RETRY_LATER,1
0.72,0.5714285714285714,7529.98,UPI,SBI,CARD_EXPIRED,22,RETRY_NOW,1
0.9456521739130435,0.6,9410.32,UPI,SBI,INSUFFICIENT_FUNDS,5,NO_ACTION,0
0.625,0.42857142857142855,4443.96,WALLET,SBI,AUTHENTICATION_FAILED,23,NO_ACTION,0
0.5,1.0,5600.63,CARD,KOTAK,LIMIT_EXCEEDED,4,NO_ACTION,0
0.7241379310344828,0.5,8877.32,WALLET,KOTAK,INSUFFICIENT_FUNDS,12,RETRY_LATER,0
0.0,0.5,6015.8,NETBANKING,AXIS,NETWORK_ERROR,21,RETRY_NOW,0
0.75,0.5,5551.99,CARD,HDFC,LIMIT_EXCEEDED,22,RETRY_NOW,0
0.6896551724137931,0.5555555555555556,697.58,NETBANKING,AXIS,LIMIT_EXCEEDED,13,RETRY_LATER,1
0.8412698412698413,0.65,7851.95,WALLET,SBI,NETWORK_ERROR,2,SEND_REMINDER,1
0.5333333333333333,0.42857142857142855,891.93,UPI,YESBANK,CARD_EXPIRED,12,NO_ACTION,0
0.7222222222222222,0.6,4374.76,NETBANKING,ICICI,CARD_EXPIRED,1,RETRY_NOW,0
0.8082191780821918,0.42857142857142855,3432.72,CARD,HDFC,BANK_TIMEOUT,10,NO_ACTION,0
0.927710843373494,0.3333333333333333,9407.37,UPI,YESBANK,BANK_TIMEOUT,1,RETRY_LATER,0
0.8888888888888888,0.0,5976.47,CARD,HDFC,LIMIT_EXCEEDED,6,RETRY_NOW,0
0.75,0.5555555555555556,8675.53,CARD,HDFC,INSUFFICIENT_FUNDS,15,SEND_REMINDER,1
0.813953488372093,0.375,7865.38,WALLET,SBI,LIMIT_EXCEEDED,11,RETRY_LATER,1
0.6612903225806451,0.42857142857142855,7688.96,UPI,AXIS,NETWORK_ERROR,13,RETRY_LATER,0
0.5,0.3333333333333333,1062.93,NETBANKING,ICICI,CARD_EXPIRED,15,RETRY_NOW,0
0.5454545454545454,0.8,2343.16,WALLET,HDFC,INSUFFICIENT_FUNDS,19,RETRY_NOW,0
0.5833333333333334,0.3,2531.84,NETBANKING,AXIS,AUTHENTICATION_FAILED,21,RETRY_LATER,0
0.6231884057971014,0.6538461538461539,6621.37,WALLET,AXIS,BANK_TIMEOUT,4,SEND_REMINDER,1
0.625,0.3333333333333333,4116.97,NETBANKING,ICICI,CARD_EXPIRED,17,NO_ACTION,0
0.6410256410256411,0.5,1375.13,UPI,YESBANK,LIMIT_EXCEEDED,13,NO_ACTION,0
0.7090909090909091,0.625,6848.48,NETBANKING,SBI,LIMIT_EXCEEDED,6,RETRY_NOW,1
0.8125,0.3333333333333333,6629.36,UPI,SBI,BANK_TIMEOUT,20,SEND_REMINDER,0
0.7835051546391752,0.6190476190476191,6839.05,CARD,YESBANK,INSUFFICIENT_FUNDS,17,RETRY_NOW,0
0.6521739130434783,0.875,6452.38,CARD,KOTAK,NETWORK_ERROR,16,SEND_REMINDER,0
0.6216216216216216,0.5714285714285714,8245.89,CARD,SBI,AUTHENTICATION_FAILED,16,SEND_REMINDER,0
0.7833333333333333,0.5384615384615384,1611.95,CARD,YESBANK,CARD_EXPIRED,17,SEND_REMINDER,1
0.8333333333333334,0.4,9697.23,NETBANKING,SBI,LIMIT_EXCEEDED,15,NO_ACTION,0
0.7307692307692307,0.4642857142857143,4107.05,WALLET,HDFC,BANK_TIMEOUT,0,RETRY_LATER,1
0.6716417910447762,0.7272727272727273,7789.42,NETBANKING,HDFC,BANK_TIMEOUT,7,SEND_REMINDER,0
0.6825396825396826,0.6,8989.53,CARD,HDFC,LIMIT_EXCEEDED,8,SEND_REMINDER,0
0.6153846153846154,0.6,7385.51,CARD,HDFC,NETWORK_ERROR,1,RETRY_LATER,0
0.78,0.45454545454545453,649.57,CARD,AXIS,INSUFFICIENT_FUNDS,14,RETRY_NOW,0
0.8,0.5454545454545454,9672.65,CARD,ICICI,CARD_EXPIRED,15,RETRY_LATER,0
0.8918918918918919,0.25,1043.17,CARD,YESBANK,CARD_EXPIRED,10,NO_ACTION,0
0.8,0.375,5220.62,CARD,AXIS,AUTHENTICATION_FAILED,19,SEND_REMINDER,0
0.8947368421052632,0.5,6873.02,WALLET,AXIS,BANK_TIMEOUT,17,SEND_REMINDER,0
0.631578947368421,0.4897959183673469,1804.45,WALLET,ICICI,NETWORK_ERROR,12,RETRY_LATER,1
0.7209302325581395,0.5833333333333334,1677.17,UPI,AXIS,BANK_TIMEOUT,16,SEND_REMINDER,1
0.8301886792452831,0.4444444444444444,7751.73,CARD,YESBANK,BANK_TIMEOUT,14,SEND_REMINDER,1
0.8210526315789474,0.29411764705882354,7717.7,UPI,KOTAK,BANK_TIMEOUT,12,NO_ACTION,0
0.6666666666666666,0.2,5250.41,UPI,SBI,INSUFFICIENT_FUNDS,10,NO_ACTION,0
0.7291666666666666,0.5384615384615384,6188.75,WALLET,SBI,NETWORK_ERROR,12,RETRY_NOW,0
0.8823529411764706,0.5,9656.64,NETBANKING,ICICI,INSUFFICIENT_FUNDS,1,RETRY_NOW,0
0.5555555555555556,0.75,1484.52,WALLET,AXIS,NETWORK_ERROR,1,NO_ACTION,0
0.7948717948717948,0.25,7989.4,UPI,YESBANK,LIMIT_EXCEEDED,5,RETRY_LATER,0
0.8235294117647058,0.6666666666666666,4629.98,CARD,YESBANK,INSUFFICIENT_FUNDS,8,NO_ACTION,0
0.6857142857142857,0.45454545454545453,3171.69,NETBANKING,KOTAK,INSUFFICIENT_FUNDS,4,RETRY_NOW,0
0.7948717948717948,0.5625,2353.34,CARD,AXIS,BANK_TIMEOUT,12,RETRY_NOW,1
0.9285714285714286,0.5,239.62,NETBANKING,YESBANK,BANK_TIMEOUT,1,RETRY_LATER,1
0.7112676056338029,0.4146341463414634,6974.87,WALLET,HDFC,NETWORK_ERROR,11,RETRY_LATER,0
0.8,0.5,8187.35,CARD,ICICI,BANK_TIMEOUT,13,SEND_REMINDER,0
0.6428571428571429,0.4,1803.35,WALLET,ICICI,CARD_EXPIRED,21,NO_ACTION,0
0.813953488372093,0.375,4444.02,CARD,SBI,INSUFFICIENT_FUNDS,3,RETRY_NOW,1
0.75,0.2,9936.56,CARD,HDFC,LIMIT_EXCEEDED,8,RETRY_LATER,0
0.8082191780821918,0.42857142857142855,3432.72,CARD,HDFC,BANK_TIMEOUT,10,SEND_REMINDER,1
0.7931034482758621,0.3333333333333333,2886.9,NETBANKING,KOTAK,CARD_EXPIRED,9,SEND_REMINDER,0
0.7361111111111112,0.3684210526315789,6467.42,CARD,KOTAK,NETWORK_ERROR,8,RETRY_LATER,1
0.896551724137931,1.0,9964.3,NETBANKING,AXIS,BANK_TIMEOUT,13,SEND_REMINDER,0
0.7719298245614035,0.3076923076923077,1304.07,WALLET,SBI,NETWORK_ERROR,4,SEND_REMINDER,1
0.7777777777777778,0.0,1005.87,NETBANKING,SBI,NETWORK_ERROR,11,RETRY_LATER,1
0.5,1.0,4623.61,UPI,YESBANK,LIMIT_EXCEEDED,19,SEND_REMINDER,0
0.75,0.5,3684.86,NETBANKING,SBI,LIMIT_EXCEEDED,2,NO_ACTION,0
0.9090909090909091,1.0,7518.71,NETBANKING,KOTAK,CARD_EXPIRED,8,NO_ACTION,0
0.8846153846153846,0.3333333333333333,4563.0,NETBANKING,KOTAK,CARD_EXPIRED,2,RETRY_NOW,0
0.6470588235294118,0.4444444444444444,3659.3,CARD,SBI,AUTHENTICATION_FAILED,1,SEND_REMINDER,1
0.6444444444444445,0.5,6331.0,NETBANKING,HDFC,AUTHENTICATION_FAILED,3,RETRY_NOW,0
0.673469387755102,0.5625,4097.89,UPI,HDFC,AUTHENTICATION_FAILED,8,NO_ACTION,0
0.8,0.5,6090.17,UPI,SBI,NETWORK_ERROR,4,RETRY_NOW,1
0.7125,0.30434782608695654,5545.36,NETBANKING,HDFC,CARD_EXPIRED,6,RETRY_LATER,0
0.6379310344827587,0.47619047619047616,7662.63,WALLET,YESBANK,CARD_EXPIRED,19,RETRY_LATER,1
0.9130434782608695,1.0,5336.77,WALLET,KOTAK,AUTHENTICATION_FAILED,16,SEND_REMINDER,1
0.6,0.0,9565.45,CARD,ICICI,INSUFFICIENT_FUNDS,20,NO_ACTION,0
0.8571428571428571,0.5,1958.81,CARD,SBI,LIMIT_EXCEEDED,9,RETRY_LATER,0
0.912621359223301,0.2222222222222222,3732.16,CARD,HDFC,AUTHENTICATION_FAILED,4,RETRY_NOW,0
0.8695652173913043,0.6666666666666666,1770.21,CARD,ICICI,CARD_EXPIRED,13,RETRY_LATER,1
0.7096774193548387,0.4444444444444444,9014.58,CARD,ICICI,NETWORK_ERROR,21,NO_ACTION,0
0.8888888888888888,0.4,6412.6,CARD,ICICI,BANK_TIMEOUT,5,SEND_REMINDER,1
0.42857142857142855,0.5,365.36,NETBANKING,HDFC,CARD_EXPIRED,7,SEND_REMINDER,0
0.5714285714285714,0.16666666666666666,7879.72,NETBANKING,KOTAK,NETWORK_ERROR,13,RETRY_LATER,1
0.776595744680851,0.42857142857142855,5811.51,CARD,AXIS,CARD_EXPIRED,16,RETRY_LATER,0
0.7428571428571429,0.3333333333333333,4995.98,UPI,SBI,NETWORK_ERROR,14,RETRY_LATER,1
0.5882352941176471,0.42857142857142855,9196.33,WALLET,ICICI,INSUFFICIENT_FUNDS,13,RETRY_NOW,1
0.6666666666666666,0.25,2830.2,WALLET,AXIS,INSUFFICIENT_FUNDS,5,NO_ACTION,0
0.6521739130434783,0.875,6452.38,CARD,KOTAK,NETWORK_ERROR,16,RETRY_NOW,0
0.6666666666666666,0.5,6334.72,WALLET,SBI,LIMIT_EXCEEDED,11,RETRY_LATER,0
0.45454545454545453,0.4166666666666667,8987.64,WALLET,YESBANK,LIMIT_EXCEEDED,12,SEND_REMINDER,0
0.75,1.0,7134.11,NETBANKING,ICICI,NETWORK_ERROR,6,SEND_REMINDER,1
0.6323529411764706,0.52,4911.68,WALLET,YESBANK,AUTHENTICATION_FAILED,9,RETRY_NOW,0
0.9615384615384616,0.6,3247.42,CARD,ICICI,INSUFFICIENT_FUNDS,20,RETRY_NOW,0
0.8214285714285714,0.35,6959.24,WALLET,AXIS,AUTHENTICATION_FAILED,21,RETRY_NOW,1
0.75,0.8333333333333334,6423.52,NETBANKING,SBI,BANK_TIMEOUT,20,NO_ACTION,0
0.7105263157894737,0.8181818181818182,3186.31,CARD,HDFC,AUTHENTICATION_FAILED,7,NO_ACTION,0
0.7727272727272727,0.4,475.03,WALLET,YESBANK,INSUFFICIENT_FUNDS,11,RETRY_NOW,0
0.7295081967213115,0.42424242424242425,6519.84,CARD,YESBANK,AUTHENTICATION_FAILED,21,RETRY_LATER,0
0.7692307692307693,0.0,2782.91,NETBANKING,SBI,BANK_TIMEOUT,15,SEND_REMINDER,0
0.7428571428571429,0.3888888888888889,3657.55,UPI,ICICI,AUTHENTICATION_FAILED,14,NO_ACTION,0
0.6666666666666666,0.0,5657.31,CARD,KOTAK,NETWORK_ERROR,0,NO_ACTION,0
0.6052631578947368,0.6,5156.57,WALLET,HDFC,NETWORK_ERROR,5,NO_ACTION,0
0.6551724137931034,0.2,1864.53,WALLET,YESBANK,NETWORK_ERROR,20,SEND_REMINDER,0
0.6470588235294118,0.5833333333333334,261.25,CARD,ICICI,BANK_TIMEOUT,23,NO_ACTION,0
0.9523809523809523,0.0,6631.38,CARD,ICICI,BANK_TIMEOUT,13,SEND_REMINDER,0
0.7017543859649122,0.5294117647058824,6876.33,CARD,AXIS,LIMIT_EXCEEDED,19,RETRY_LATER,1
0.5357142857142857,0.6153846153846154,1470.36,WALLET,YESBANK,AUTHENTICATION_FAILED,8,SEND_REMINDER,0
0.7045454545454546,0.3076923076923077,9300.23,WALLET,ICICI,CARD_EXPIRED,3,RETRY_NOW,0
0.7195121951219512,0.782608695652174,9999.19,NETBANKING,KOTAK,INSUFFICIENT_FUNDS,2,NO_ACTION,0
0.7142857142857143,0.5,1695.74,UPI,SBI,BANK_TIMEOUT,22,NO_ACTION,0
0.8888888888888888,0.4,6412.6,CARD,ICICI,BANK_TIMEOUT,5,RETRY_LATER,0
0.796875,0.46153846153846156,7011.11,WALLET,YESBANK,BANK_TIMEOUT,16,RETRY_LATER,1
0.7685185185185185,0.8,3085.47,CARD,ICICI,CARD_EXPIRED,0,SEND_REMINDER,1
0.9183673469387755,0.5833333333333334,9931.33,UPI,HDFC,NETWORK_ERROR,0,RETRY_NOW,1
0.5357142857142857,0.6153846153846154,5007.52,UPI,KOTAK,CARD_EXPIRED,20,RETRY_LATER,0
0.6785714285714286,0.2777777777777778,5434.62,NETBANKING,ICICI,BANK_TIMEOUT,9,RETRY_NOW,0
0.8368794326241135,0.4782608695652174,9502.11,CARD,ICICI,NETWORK_ERROR,16,RETRY_LATER,1
0.6,0.0,5676.32,WALLET,ICICI,AUTHENTICATION_FAILED,14,NO_ACTION,0
0.7,0.47619047619047616,1304.13,NETBANKING,KOTAK,INSUFFICIENT_FUNDS,9,SEND_REMINDER,0
0.6756756756756757,0.3333333333333333,4214.95,NETBANKING,YESBANK,BANK_TIMEOUT,14,SEND_REMINDER,0
0.631578947368421,0.2857142857142857,2690.69,UPI,YESBANK,BANK_TIMEOUT,17,RETRY_LATER,1
0.7142857142857143,0.75,485.06,UPI,SBI,INSUFFICIENT_FUNDS,9,NO_ACTION,0
0.6,0.25,5655.6,NETBANKING,HDFC,INSUFFICIENT_FUNDS,17,RETRY_NOW,0
0.6153846153846154,0.4,5490.86,CARD,KOTAK,BANK_TIMEOUT,23,RETRY_NOW,1
0.7926829268292683,0.47058823529411764,9120.45,NETBANKING,YESBANK,INSUFFICIENT_FUNDS,6,RETRY_LATER,0
0.8928571428571429,0.3333333333333333,2444.56,WALLET,HDFC,BANK_TIMEOUT,3,SEND_REMINDER,1
0.72,0.5714285714285714,5836.22,UPI,HDFC,BANK_TIMEOUT,19,RETRY_LATER,0
0.6,0.0,1780.1,CARD,SBI,AUTHENTICATION_FAILED,5,RETRY_NOW,0
0.5882352941176471,0.42857142857142855,5912.22,UPI,ICICI,INSUFFICIENT_FUNDS,0,RETRY_NOW,0
0.7313432835820896,0.6111111111111112,6504.07,WALLET,AXIS,INSUFFICIENT_FUNDS,9,NO_ACTION,0
0.6909090909090909,0.5294117647058824,6782.38,NETBANKING,KOTAK,LIMIT_EXCEEDED,14,NO_ACTION,0
0.6351351351351351,0.3333333333333333,9333.27,WALLET,SBI,INSUFFICIENT_FUNDS,18,RETRY_NOW,0
0.7976190476190477,0.5882352941176471,6939.41,NETBANKING,YESBANK,AUTHENTICATION_FAILED,19,RETRY_LATER,0
0.5,0.0,3665.42,NETBANKING,AXIS,NETWORK_ERROR,18,SEND_REMINDER,0
0.6206896551724138,0.45454545454545453,1158.06,UPI,HDFC,LIMIT_EXCEEDED,15,RETRY_NOW,0
0.75,0.5714285714285714,3524.04,CARD,KOTAK,NETWORK_ERROR,10,RETRY_NOW,0
0.6956521739130435,0.35714285714285715,7027.6,NETBANKING,HDFC,NETWORK_ERROR,8,NO_ACTION,0
0.7096774193548387,0.4444444444444444,6745.01,CARD,ICICI,LIMIT_EXCEEDED,15,RETRY_NOW,1
0.6470588235294118,0.5555555555555556,4997.33,CARD,KOTAK,LIMIT_EXCEEDED,19,NO_ACTION,0
0.75,0.5,5252.84,CARD,AXIS,BANK_TIMEOUT,22,RETRY_LATER,0
0.7755102040816326,0.36363636363636365,2565.33,CARD,AXIS,BANK_TIMEOUT,5,RETRY_LATER,0
0.75,0.8333333333333334,7033.81,NETBANKING,AXIS,CARD_EXPIRED,0,RETRY_LATER,1
0.7941176470588235,0.42857142857142855,3367.77,UPI,HDFC,BANK_TIMEOUT,17,RETRY_NOW,0
0.7142857142857143,0.7,2385.35,UPI,SBI,CARD_EXPIRED,18,RETRY_NOW,0
0.8928571428571429,0.5,4919.96,NETBANKING,AXIS,INSUFFICIENT_FUNDS,21,RETRY_NOW,0
0.6226415094339622,0.45,3516.16,NETBANKING,AXIS,AUTHENTICATION_FAILED,23,NO_ACTION,0
0.6818181818181818,0.2857142857142857,2565.29,CARD,ICICI,CARD_EXPIRED,12,SEND_REMINDER,0
0.782608695652174,0.6,5160.67,CARD,HDFC,INSUFFICIENT_FUNDS,19,RETRY_NOW,1
0.7407407407407407,0.42857142857142855,2237.45,NETBANKING,KOTAK,AUTHENTICATION_FAILED,19,SEND_REMINDER,0
0.7902097902097902,0.3333333333333333,3877.77,NETBANKING,AXIS,AUTHENTICATION_FAILED,22,NO_ACTION,0
0.9213483146067416,0.5714285714285714,9184.76,CARD,YESBANK,NETWORK_ERROR,3,SEND_REMINDER,0
0.7927927927927928,0.6956521739130435,8526.75,CARD,ICICI,NETWORK_ERROR,16,NO_ACTION,0
0.9473684210526315,0.0,8368.17,UPI,HDFC,BANK_TIMEOUT,19,SEND_REMINDER,0
0.625,0.3333333333333333,4116.97,NETBANKING,ICICI,CARD_EXPIRED,17,RETRY_NOW,0
0.7444444444444445,0.6086956521739131,2798.58,UPI,YESBANK,NETWORK_ERROR,17,SEND_REMINDER,1
0.3333333333333333,0.5,636.86,WALLET,ICICI,AUTHENTICATION_FAILED,7,SEND_REMINDER,0
0.9,0.0,299.51,WALLET,SBI,LIMIT_EXCEEDED,19,RETRY_NOW,0
0.6521739130434783,0.5,7598.32,CARD,AXIS,NETWORK_ERROR,8,NO_ACTION,0
0.9473684210526315,1.0,1776.93,CARD,SBI,CARD_EXPIRED,3,SEND_REMINDER,1
0.7916666666666666,0.5,8652.29,NETBANKING,HDFC,INSUFFICIENT_FUNDS,23,RETRY_NOW,1
0.6637168141592921,0.4473684210526316,3839.9,UPI,HDFC,LIMIT_EXCEEDED,17,RETRY_LATER,0
0.6956521739130435,0.47619047619047616,8166.59,WALLET,AXIS,NETWORK_ERROR,20,RETRY_NOW,0
0.75,0.875,175.47,WALLET,SBI,CARD_EXPIRED,10,NO_ACTION,0
0.9591836734693877,1.0,5176.06,WALLET,KOTAK,LIMIT_EXCEEDED,8,SEND_REMINDER,0
0.7654320987654321,0.47368421052631576,438.07,NETBANKING,SBI,BANK_TIMEOUT,15,SEND_REMINDER,1
0.75,0.4,1833.75,UPI,ICICI,AUTHENTICATION_FAILED,18,RETRY_NOW,1
0.6190476190476191,0.375,7177.76,CARD,AXIS,INSUFFICIENT_FUNDS,11,RETRY_LATER,0
0.725,0.18181818181818182,1593.21,UPI,YESBANK,BANK_TIMEOUT,2,RETRY_NOW,0
0.777027027027027,0.5151515151515151,5112.37,CARD,AXIS,BANK_TIMEOUT,20,NO_ACTION,0
0.7547169811320755,0.46153846153846156,4191.56,UPI,ICICI,CARD_EXPIRED,21,NO_ACTION,0
0.9130434782608695,1.0,5336.77,WALLET,KOTAK,AUTHENTICATION_FAILED,16,RETRY_NOW,1
0.75,0.4117647058823529,8366.76,UPI,ICICI,LIMIT_EXCEEDED,23,SEND_REMINDER,0
0.7166666666666667,0.47058823529411764,2024.96,NETBANKING,ICICI,BANK_TIMEOUT,13,RETRY_NOW,1
0.7,0.6666666666666666,7287.14,NETBANKING,ICICI,CARD_EXPIRED,7,NO_ACTION,0
0.8387096774193549,0.0,3685.12,UPI,SBI,AUTHENTICATION_FAILED,5,RETRY_NOW,0
0.926829268292683,1.0,7400.75,NETBANKING,ICICI,AUTHENTICATION_FAILED,21,RETRY_NOW,1
0.7647058823529411,0.5,3493.35,NETBANKING,SBI,INSUFFICIENT_FUNDS,12,SEND_REMINDER,1
0.7428571428571429,0.7777777777777778,9271.4,WALLET,SBI,CARD_EXPIRED,20,NO_ACTION,0
0.7203389830508474,0.45454545454545453,5532.76,CARD,YESBANK,BANK_TIMEOUT,22,SEND_REMINDER,0
0.6111111111111112,0.5714285714285714,7834.53,CARD,YESBANK,INSUFFICIENT_FUNDS,9,RETRY_NOW,0
0.82,0.3333333333333333,9158.01,UPI,YESBANK,AUTHENTICATION_FAILED,19,RETRY_NOW,0
0.6666666666666666,0.0,3485.99,UPI,KOTAK,CARD_EXPIRED,3,SEND_REMINDER,1
0.8157894736842105,0.42857142857142855,134.85,NETBANKING,KOTAK,INSUFFICIENT_FUNDS,15,NO_ACTION,0
0.7441860465116279,0.4090909090909091,2788.32,NETBANKING,AXIS,NETWORK_ERROR,3,RETRY_LATER,1
0.3333333333333333,0.5,9079.96,NETBANKING,ICICI,INSUFFICIENT_FUNDS,16,RETRY_NOW,0
0.8529411764705882,0.4,3058.28,UPI,KOTAK,CARD_EXPIRED,0,NO_ACTION,0
0.8759124087591241,0.5294117647058824,7426.67,NETBANKING,SBI,BANK_TIMEOUT,22,RETRY_NOW,0
0.8695652173913043,0.5,2226.55,NETBANKING,YESBANK,BANK_TIMEOUT,5,RETRY_NOW,1
0.7719298245614035,0.46153846153846156,2434.03,CARD,SBI,AUTHENTICATION_FAILED,7,RETRY_NOW,0
0.7719298245614035,0.6153846153846154,1637.07,UPI,KOTAK,INSUFFICIENT_FUNDS,13,RETRY_LATER,0
0.6931818181818182,0.4444444444444444,8831.64,WALLET,HDFC,NETWORK_ERROR,1,SEND_REMINDER,0
0.75,0.7666666666666667,8007.29,UPI,KOTAK,LIMIT_EXCEEDED,11,NO_ACTION,0
0.7777777777777778,0.6666666666666666,600.45,NETBANKING,ICICI,LIMIT_EXCEEDED,15,RETRY_LATER,0
0.8888888888888888,0.5714285714285714,161.65,UPI,SBI,AUTHENTICATION_FAILED,15,SEND_REMINDER,0
0.7413793103448276,0.5333333333333333,6946.21,CARD,HDFC,BANK_TIMEOUT,2,RETRY_LATER,1
0.9349593495934959,0.25,326.06,CARD,ICICI,LIMIT_EXCEEDED,11,RETRY_LATER,1
0.7012987012987013,0.43478260869565216,4295.72,WALLET,AXIS,NETWORK_ERROR,21,NO_ACTION,0
0.75,0.0,7910.74,UPI,ICICI,AUTHENTICATION_FAILED,15,NO_ACTION,0
0.6986301369863014,0.45454545454545453,7317.18,CARD,KOTAK,BANK_TIMEOUT,21,SEND_REMINDER,1
0.9090909090909091,0.6,6672.34,CARD,SBI,NETWORK_ERROR,7,NO_ACTION,0
0.6666666666666666,0.5,8983.66,WALLET,YESBANK,LIMIT_EXCEEDED,2,NO_ACTION,0
0.7,0.3333333333333333,1847.71,WALLET,SBI,CARD_EXPIRED,13,SEND_REMINDER,0
0.8285714285714286,0.4166666666666667,209.01,WALLET,AXIS,CARD_EXPIRED,8,RETRY_NOW,0
0.6747967479674797,0.45,5968.78,NETBANKING,SBI,INSUFFICIENT_FUNDS,9,RETRY_LATER,1
0.9333333333333333,0.0,6422.63,NETBANKING,SBI,AUTHENTICATION_FAILED,4,RETRY_NOW,0
0.5714285714285714,0.3333333333333333,8460.11,UPI,ICICI,LIMIT_EXCEEDED,23,SEND_REMINDER,0
0.8714285714285714,0.5555555555555556,8858.9,WALLET,KOTAK,INSUFFICIENT_FUNDS,15,NO_ACTION,0
0.5,0.5,4450.81,NETBANKING,KOTAK,INSUFFICIENT_FUNDS,10,RETRY_LATER,0
0.25,1.0,7835.82,NETBANKING,YESBANK,BANK_TIMEOUT,7,NO_ACTION,0
0.6363636363636364,1.0,9022.1,CARD,KOTAK,INSUFFICIENT_FUNDS,15,RETRY_NOW,1
0.6363636363636364,0.5833333333333334,8943.88,NETBANKING,HDFC,BANK_TIMEOUT,7,RETRY_LATER,1
0.7894736842105263,0.75,2172.71,CARD,HDFC,CARD_EXPIRED,3,SEND_REMINDER,1
0.8073394495412844,0.6190476190476191,4833.01,UPI,SBI,NETWORK_ERROR,21,RETRY_LATER,1
0.9047619047619048,0.5,859.66,NETBANKING,SBI,INSUFFICIENT_FUNDS,18,NO_ACTION,0
0.7666666666666667,0.47619047619047616,6362.36,CARD,ICICI,NETWORK_ERROR,7,RETRY_NOW,1
0.9444444444444444,0.6666666666666666,7993.15,NETBANKING,YESBANK,BANK_TIMEOUT,7,NO_ACTION,0
0.625,0.6666666666666666,8667.91,UPI,HDFC,LIMIT_EXCEEDED,20,RETRY_LATER,0
0.8604651162790697,0.3333333333333333,8505.06,WALLET,ICICI,LIMIT_EXCEEDED,23,SEND_REMINDER,0
0.6705882352941176,0.6785714285714286,2728.9,WALLET,KOTAK,INSUFFICIENT_FUNDS,1,NO_ACTION,0
0.7777777777777778,0.5,5738.56,CARD,ICICI,AUTHENTICATION_FAILED,11,RETRY_NOW,0
0.7666666666666667,0.7142857142857143,2210.01,CARD,SBI,NETWORK_ERROR,20,RETRY_NOW,1
0.9175257731958762,0.5,7811.73,UPI,AXIS,AUTHENTICATION_FAILED,5,RETRY_NOW,1
0.7777777777777778,0.3,8600.66,WALLET,SBI,CARD_EXPIRED,1,RETRY_NOW,1
0.55,0.3333333333333333,2635.23,UPI,AXIS,NETWORK_ERROR,17,SEND_REMINDER,0
0.7012987012987013,0.43478260869565216,6201.62,UPI,ICICI,LIMIT_EXCEEDED,7,NO_ACTION,0
0.71875,0.6666666666666666,1151.59,CARD,HDFC,AUTHENTICATION_FAILED,10,RETRY_LATER,0
0.65,0.42857142857142855,8104.72,UPI,KOTAK,CARD_EXPIRED,2,SEND_REMINDER,1
0.6666666666666666,0.6666666666666666,416.33,NETBANKING,ICICI,CARD_EXPIRED,23,RETRY_LATER,1
0.7142857142857143,0.5,6775.01,WALLET,KOTAK,BANK_TIMEOUT,10,NO_ACTION,0
0.8333333333333334,0.4,8453.55,NETBANKING,HDFC,LIMIT_EXCEEDED,0,RETRY_LATER,1
0.7388059701492538,0.7142857142857143,2685.13,CARD,ICICI,NETWORK_ERROR,12,RETRY_LATER,0
0.6666666666666666,0.36585365853658536,7023.03,CARD,YESBANK,INSUFFICIENT_FUNDS,21,RETRY_LATER,1
0.6153846153846154,0.5,5005.09,CARD,YESBANK,INSUFFICIENT_FUNDS,20,RETRY_NOW,0
0.7941176470588235,0.42857142857142855,1250.64,CARD,YESBANK,INSUFFICIENT_FUNDS,7,SEND_REMINDER,1
0.803921568627451,0.3,6728.13,WALLET,ICICI,NETWORK_ERROR,5,SEND_REMINDER,0
0.6,0.25,3019.46,UPI,SBI,BANK_TIMEOUT,0,NO_ACTION,0
0.47619047619047616,0.6363636363636364,4689.81,WALLET,SBI,AUTHENTICATION_FAILED,20,NO_ACTION,0
0.6666666666666666,0.42857142857142855,7356.37,NETBANKING,ICICI,AUTHENTICATION_FAILED,17,SEND_REMINDER,0
0.6666666666666666,0.42857142857142855,7230.53,NETBANKING,ICICI,INSUFFICIENT_FUNDS,17,RETRY_LATER,0
0.7543859649122807,0.8571428571428571,9292.73,WALLET,HDFC,LIMIT_EXCEEDED,16,NO_ACTION,0
0.7652173913043478,0.4444444444444444,1145.82,WALLET,KOTAK,INSUFFICIENT_FUNDS,5,NO_ACTION,0
0.6463414634146342,0.4482758620689655,8367.3,UPI,YESBANK,NETWORK_ERROR,3,RETRY_NOW,0
0.7307692307692307,0.8571428571428571,7415.5,UPI,ICICI,NETWORK_ERROR,8,RETRY_LATER,1
0.6923076923076923,0.5,556.63,NETBANKING,AXIS,LIMIT_EXCEEDED,11,RETRY_LATER,1
0.5,0.0,3665.42,NETBANKING,AXIS,NETWORK_ERROR,18,NO_ACTION,0
0.5652173913043478,0.5,5312.08,CARD,KOTAK,AUTHENTICATION_FAILED,7,RETRY_LATER,1
0.65625,0.6363636363636364,4723.03,CARD,HDFC,CARD_EXPIRED,13,RETRY_LATER,0
0.7666666666666667,0.47619047619047616,6362.36,CARD,ICICI,NETWORK_ERROR,7,NO_ACTION,0
0.6944444444444444,0.45454545454545453,8253.34,NETBANKING,AXIS,NETWORK_ERROR,7,RETRY_NOW,1
0.45454545454545453,0.3333333333333333,4701.0,WALLET,YESBANK,LIMIT_EXCEEDED,7,NO_ACTION,0
0.6535433070866141,0.45454545454545453,1592.09,WALLET,SBI,CARD_EXPIRED,19,RETRY_LATER,0
0.7763157894736842,0.5882352941176471,2458.5,CARD,AXIS,CARD_EXPIRED,12,SEND_REMINDER,0
0.7368421052631579,0.4,7840.91,WALLET,HDFC,BANK_TIMEOUT,11,NO_ACTION,0
0.7142857142857143,0.75,6069.86,WALLET,ICICI,CARD_EXPIRED,1,RETRY_LATER,1
0.7222222222222222,0.4,5846.44,NETBANKING,YESBANK,INSUFFICIENT_FUNDS,3,RETRY_NOW,1
0.0,1.0,7276.9,WALLET,SBI,LIMIT_EXCEEDED,6,RETRY_LATER,0
0.5930232558139535,0.42857142857142855,3301.18,WALLET,ICICI,INSUFFICIENT_FUNDS,19,RETRY_LATER,0
0.680327868852459,0.4358974358974359,9745.43,UPI,HDFC,LIMIT_EXCEEDED,11,SEND_REMINDER,0
0.75,0.4666666666666667,4352.22,UPI,YESBANK,CARD_EXPIRED,21,SEND_REMINDER,0
0.7407407407407407,0.7142857142857143,2195.59,WALLET,ICICI,NETWORK_ERROR,2,NO_ACTION,0
0.625,0.6666666666666666,1657.11,CARD,HDFC,AUTHENTICATION_FAILED,15,RETRY_LATER,1
0.7540983606557377,0.7333333333333333,6006.07,WALLET,KOTAK,NETWORK_ERROR,6,RETRY_LATER,1
0.7096774193548387,0.4444444444444444,4645.93,NETBANKING,HDFC,AUTHENTICATION_FAILED,0,RETRY_LATER,1
0.8387096774193549,0.4,9611.19,NETBANKING,SBI,NETWORK_ERROR,9,NO_ACTION,0
0.8714285714285714,0.5555555555555556,3237.42,WALLET,HDFC,LIMIT_EXCEEDED,8,SEND_REMINDER,1
0.6666666666666666,0.0,9539.67,WALLET,KOTAK,INSUFFICIENT_FUNDS,1,RETRY_NOW,0
0.75,0.5,2846.86,NETBANKING,SBI,INSUFFICIENT_FUNDS,23,RETRY_NOW,0
0.7916666666666666,0.0,1615.16,UPI,KOTAK,CARD_EXPIRED,20,SEND_REMINDER,0
0.64,0.6666666666666666,7573.56,WALLET,HDFC,BANK_TIMEOUT,5,NO_ACTION,0
0.8181818181818182,0.5,4625.03,UPI,ICICI,INSUFFICIENT_FUNDS,0,SEND_REMINDER,0
0.625,0.6666666666666666,6516.54,UPI,HDFC,AUTHENTICATION_FAILED,12,NO_ACTION,0
0.4666666666666667,0.5,3517.86,CARD,SBI,INSUFFICIENT_FUNDS,23,RETRY_NOW,0
0.0,0.0,8247.2,WALLET,SBI,BANK_TIMEOUT,16,NO_ACTION,0
0.7333333333333333,0.75,4149.25,CARD,HDFC,NETWORK_ERROR,13,NO_ACTION,0
0.7333333333333333,0.375,2876.16,NETBANKING,KOTAK,LIMIT_EXCEEDED,0,SEND_REMINDER,0
0.7777777777777778,0.4166666666666667,9645.66,NETBANKING,AXIS,BANK_TIMEOUT,1,SEND_REMINDER,1
0.6785714285714286,0.4444444444444444,8179.23,WALLET,KOTAK,CARD_EXPIRED,0,NO_ACTION,0
0.7401574803149606,0.5757575757575758,4143.68,NETBANKING,YESBANK,CARD_EXPIRED,13,SEND_REMINDER,1
0.680327868852459,0.6666666666666666,2724.42,WALLET,ICICI,AUTHENTICATION_FAILED,16,RETRY_NOW,1
0.8333333333333334,0.5555555555555556,4606.95,CARD,ICICI,AUTHENTICATION_FAILED,22,SEND_REMINDER,1
0.8235294117647058,0.3333333333333333,3043.45,UPI,ICICI,AUTHENTICATION_FAILED,7,SEND_REMINDER,0
0.3333333333333333,0.5,6555.0,UPI,SBI,BANK_TIMEOUT,20,NO_ACTION,0
0.9090909090909091,0.4,7214.43,CARD,KOTAK,LIMIT_EXCEEDED,18,NO_ACTION,0
0.9761904761904762,1.0,9097.64,NETBANKING,ICICI,NETWORK_ERROR,4,SEND_REMINDER,1
0.8076923076923077,0.4,8372.33,CARD,YESBANK,BANK_TIMEOUT,7,SEND_REMINDER,1
0.8484848484848485,0.5,7475.87,UPI,YESBANK,LIMIT_EXCEEDED,6,RETRY_LATER,1
0.8269230769230769,0.5555555555555556,395.04,UPI,AXIS,BANK_TIMEOUT,17,RETRY_NOW,0
0.6875,0.7,5068.77,WALLET,ICICI,NETWORK_ERROR,7,SEND_REMINDER,0
0.5925925925925926,0.45454545454545453,5744.02,CARD,SBI,INSUFFICIENT_FUNDS,1,SEND_REMINDER,1
0.8823529411764706,1.0,6527.34,UPI,KOTAK,CARD_EXPIRED,2,NO_ACTION,0
0.7375,0.47619047619047616,6748.09,NETBANKING,HDFC,AUTHENTICATION_FAILED,6,RETRY_LATER,0
0.75,0.5238095238095238,4652.49,UPI,ICICI,INSUFFICIENT_FUNDS,1,NO_ACTION,0
0.7831325301204819,0.3333333333333333,4187.35,CARD,YESBANK,CARD_EXPIRED,23,RETRY_LATER,0
0.75,0.16666666666666666,7065.81,CARD,KOTAK,LIMIT_EXCEEDED,17,RETRY_NOW,0
0.8688524590163934,0.625,1703.8,UPI,ICICI,NETWORK_ERROR,8,SEND_REMINDER,0
0.8217821782178217,0.4444444444444444,4849.82,CARD,AXIS,LIMIT_EXCEEDED,20,RETRY_LATER,0
0.6666666666666666,0.4444444444444444,3897.98,NETBANKING,ICICI,BANK_TIMEOUT,9,RETRY_LATER,1
0.631578947368421,0.5714285714285714,5286.8,NETBANKING,AXIS,NETWORK_ERROR,17,RETRY_LATER,1
0.725,0.5909090909090909,5353.28,CARD,ICICI,BANK_TIMEOUT,19,NO_ACTION,0
0.75,0.5833333333333334,5835.58,UPI,AXIS,NETWORK_ERROR,19,NO_ACTION,0
0.9574468085106383,1.0,2917.39,CARD,AXIS,NETWORK_ERROR,22,RETRY_LATER,1
0.8695652173913043,0.5,2226.55,NETBANKING,YESBANK,BANK_TIMEOUT,5,SEND_REMINDER,0
0.8909090909090909,0.6666666666666666,4984.66,UPI,AXIS,INSUFFICIENT_FUNDS,22,SEND_REMINDER,0
0.8571428571428571,0.6923076923076923,1150.65,WALLET,YESBANK,CARD_EXPIRED,16,RETRY_NOW,0
0.6470588235294118,0.3888888888888889,7507.85,UPI,AXIS,INSUFFICIENT_FUNDS,8,RETRY_LATER,0
0.7162162162162162,0.2857142857142857,5386.49,UPI,KOTAK,LIMIT_EXCEEDED,13,SEND_REMINDER,0
0.6470588235294118,0.5,5250.52,WALLET,ICICI,LIMIT_EXCEEDED,12,NO_ACTION,0
0.5,0.5,9237.43,CARD,KOTAK,LIMIT_EXCEEDED,15,NO_ACTION,0
0.5,1.0,8508.57,CARD,AXIS,CARD_EXPIRED,0,NO_ACTION,0
0.9,1.0,3480.75,CARD,HDFC,CARD_EXPIRED,5,NO_ACTION,0
0.6373626373626373,0.45454545454545453,7717.11,WALLET,SBI,AUTHENTICATION_FAILED,12,RETRY_NOW,0
0.717391304347826,0.46153846153846156,1967.48,WALLET,SBI,AUTHENTICATION_FAILED,10,SEND_REMINDER,0
0.631578947368421,0.14285714285714285,5565.53,NETBANKING,HDFC,BANK_TIMEOUT,19,RETRY_LATER,1
0.9047619047619048,0.5,859.66,NETBANKING,SBI,INSUFFICIENT_FUNDS,18,RETRY_LATER,1
0.7978723404255319,0.631578947368421,1885.62,WALLET,KOTAK,BANK_TIMEOUT,23,NO_ACTION,0
0.76,0.5833333333333334,1300.81,CARD,SBI,CARD_EXPIRED,17,NO_ACTION,0
0.8,0.3,2546.01,UPI,ICICI,AUTHENTICATION_FAILED,21,NO_ACTION,0
0.6607142857142857,0.5789473684210527,3102.38,WALLET,KOTAK,INSUFFICIENT_FUNDS,23,RETRY_LATER,1
0.8,0.5,5610.19,UPI,YESBANK,LIMIT_EXCEEDED,11,RETRY_NOW,0
0.8813559322033898,0.14285714285714285,3640.32,NETBANKING,AXIS,CARD_EXPIRED,12,RETRY_NOW,0
0.813953488372093,0.625,1251.53,WALLET,HDFC,BANK_TIMEOUT,4,RETRY_NOW,0
0.7096774193548387,0.4444444444444444,9014.58,CARD,ICICI,NETWORK_ERROR,21,RETRY_NOW,0
0.5714285714285714,0.0,160.79,WALLET,SBI,CARD_EXPIRED,9,RETRY_LATER,0
0.8301886792452831,0.5555555555555556,3359.61,UPI,YESBANK,CARD_EXPIRED,22,SEND_REMINDER,1
0.7358490566037735,0.42857142857142855,5101.97,WALLET,KOTAK,INSUFFICIENT_FUNDS,6,RETRY_NOW,0
0.7525773195876289,0.375,8106.36,NETBANKING,KOTAK,AUTHENTICATION_FAILED,20,NO_ACTION,0
0.9,0.5,3511.9,NETBANKING,AXIS,CARD_EXPIRED,19,NO_ACTION,0
0.7865168539325843,0.42105263157894735,1519.56,CARD,ICICI,AUTHENTICATION_FAILED,18,RETRY_NOW,0
0.6153846153846154,0.5,5005.09,CARD,YESBANK,INSUFFICIENT_FUNDS,20,NO_ACTION,0
0.7567567567567568,0.6666666666666666,7942.5,NETBANKING,YESBANK,INSUFFICIENT_FUNDS,3,RETRY_NOW,0
0.7333333333333333,0.75,4149.25,CARD,HDFC,NETWORK_ERROR,13,RETRY_LATER,1
0.8,0.375,3875.98,WALLET,ICICI,BANK_TIMEOUT,20,SEND_REMINDER,0
0.8095238095238095,0.5,6073.32,WALLET,SBI,INSUFFICIENT_FUNDS,4,SEND_REMINDER,1
0.7699115044247787,0.5769230769230769,2689.92,UPI,AXIS,INSUFFICIENT_FUNDS,21,RETRY_NOW,0
0.8,0.5,7309.55,CARD,SBI,LIMIT_EXCEEDED,11,SEND_REMINDER,1
0.4583333333333333,0.3076923076923077,3333.95,CARD,ICICI,AUTHENTICATION_FAILED,7,RETRY_LATER,0
0.76,0.4166666666666667,7708.01,NETBANKING,AXIS,CARD_EXPIRED,2,NO_ACTION,0
0.7,0.6666666666666666,2231.05,UPI,YESBANK,AUTHENTICATION_FAILED,14,SEND_REMINDER,1
0.7619047619047619,0.3333333333333333,6049.96,NETBANKING,AXIS,INSUFFICIENT_FUNDS,0,RETRY_NOW,0
0.6119402985074627,0.4230769230769231,106.14,NETBANKING,HDFC,BANK_TIMEOUT,15,RETRY_NOW,0
0.8070175438596491,0.6363636363636364,8269.24,CARD,KOTAK,INSUFFICIENT_FUNDS,10,RETRY_LATER,1
0.6938775510204082,0.6,8993.23,WALLET,ICICI,CARD_EXPIRED,23,SEND_REMINDER,1
0.6851851851851852,0.5882352941176471,5685.81,WALLET,ICICI,BANK_TIMEOUT,15,RETRY_LATER,1
0.7362637362637363,0.625,1270.59,NETBANKING,KOTAK,AUTHENTICATION_FAILED,1,SEND_REMINDER,1
0.7789473684210526,0.47619047619047616,4124.91,CARD,KOTAK,LIMIT_EXCEEDED,9,RETRY_LATER,0
0.7333333333333333,0.75,9375.79,CARD,YESBANK,CARD_EXPIRED,12,SEND_REMINDER,0
0.6666666666666666,0.3333333333333333,6908.4,WALLET,AXIS,CARD_EXPIRED,18,NO_ACTION,0
0.0,1.0,5007.21,UPI,SBI,LIMIT_EXCEEDED,14,RETRY_NOW,0
0.6623376623376623,0.5,7504.39,NETBANKING,SBI,LIMIT_EXCEEDED,8,RETRY_LATER,0
0.6,0.5,8502.31,UPI,HDFC,AUTHENTICATION_FAILED,7,SEND_REMINDER,1
0.7959183673469388,0.8,456.73,NETBANKING,YESBANK,NETWORK_ERROR,6,NO_ACTION,0
0.6935483870967742,0.3157894736842105,1091.12,UPI,HDFC,CARD_EXPIRED,23,NO_ACTION,0
0.7169811320754716,0.6,6657.57,WALLET,HDFC,LIMIT_EXCEEDED,20,RETRY_LATER,1
0.47058823529411764,0.4444444444444444,6812.53,NETBANKING,KOTAK,INSUFFICIENT_FUNDS,6,SEND_REMINDER,0
0.4666666666666667,0.75,2894.94,WALLET,SBI,BANK_TIMEOUT,16,SEND_REMINDER,1
0.6666666666666666,1.0,3858.76,UPI,YESBANK,INSUFFICIENT_FUNDS,15,NO_ACTION,0
0.9,0.0,6175.77,CARD,KOTAK,AUTHENTICATION_FAILED,19,SEND_REMINDER,0
0.9722222222222222,1.0,1169.55,UPI,KOTAK,NETWORK_ERROR,22,RETRY_LATER,1
0.8846153846153846,0.6666666666666666,8040.96,WALLET,KOTAK,INSUFFICIENT_FUNDS,12,RETRY_LATER,0
0.7327586206896551,0.6129032258064516,7246.64,CARD,AXIS,INSUFFICIENT_FUNDS,20,RETRY_NOW,0
0.6582278481012658,0.5185185185185185,1697.14,WALLET,SBI,INSUFFICIENT_FUNDS,0,SEND_REMINDER,0
0.8333333333333334,0.6,4913.49,NETBANKING,SBI,INSUFFICIENT_FUNDS,0,NO_ACTION,0
0.6617647058823529,0.34782608695652173,8360.42,CARD,AXIS,CARD_EXPIRED,12,SEND_REMINDER,0
0.8141592920353983,0.38095238095238093,3486.63,UPI,ICICI,INSUFFICIENT_FUNDS,8,RETRY_NOW,0
0.0,0.75,2915.09,WALLET,KOTAK,LIMIT_EXCEEDED,12,RETRY_LATER,0
0.7375,0.47619047619047616,1928.88,NETBANKING,ICICI,AUTHENTICATION_FAILED,13,SEND_REMINDER,0
0.7391304347826086,0.5,4638.36,UPI,SBI,CARD_EXPIRED,13,RETRY_LATER,0
0.6571428571428571,0.5,3915.28,UPI,SBI,LIMIT_EXCEEDED,15,RETRY_NOW,0
0.8045977011494253,0.5294117647058824,5692.55,UPI,KOTAK,BANK_TIMEOUT,21,NO_ACTION,0
0.4444444444444444,0.6,2874.58,UPI,KOTAK,LIMIT_EXCEEDED,8,RETRY_LATER,0
0.8275862068965517,0.0,598.83,UPI,ICICI,LIMIT_EXCEEDED,19,RETRY_LATER,1
0.7777777777777778,0.6,1603.25,CARD,SBI,INSUFFICIENT_FUNDS,19,SEND_REMINDER,0
0.6,0.25,5655.6,NETBANKING,HDFC,INSUFFICIENT_FUNDS,17,NO_ACTION,0
0.8333333333333334,0.5,6222.49,UPI,SBI,BANK_TIMEOUT,8,RETRY_LATER,0
0.7654320987654321,0.47368421052631576,4194.38,UPI,AXIS,NETWORK_ERROR,15,RETRY_NOW,0
0.7543859649122807,0.35714285714285715,5738.12,CARD,HDFC,CARD_EXPIRED,1,RETRY_LATER,1
0.7105263157894737,0.8181818181818182,3279.18,WALLET,AXIS,AUTHENTICATION_FAILED,23,NO_ACTION,0
0.5925925925925926,0.5909090909090909,5305.54,NETBANKING,YESBANK,CARD_EXPIRED,20,SEND_REMINDER,1
0.8,0.3333333333333333,314.38,WALLET,SBI,NETWORK_ERROR,11,RETRY_LATER,0
0.8636363636363636,0.3333333333333333,8350.5,UPI,HDFC,AUTHENTICATION_FAILED,21,RETRY_NOW,1
0.5833333333333334,0.6,2714.24,NETBANKING,ICICI,NETWORK_ERROR,20,RETRY_NOW,0
0.6206896551724138,0.45454545454545453,1158.06,UPI,HDFC,LIMIT_EXCEEDED,15,RETRY_LATER,1
0.65625,0.5454545454545454,3647.61,CARD,YESBANK,BANK_TIMEOUT,17,NO_ACTION,0
0.45454545454545453,0.3333333333333333,6131.4,WALLET,SBI,CARD_EXPIRED,22,RETRY_NOW,0
0.72,0.42857142857142855,6435.67,NETBANKING,HDFC,AUTHENTICATION_FAILED,2,RETRY_NOW,0
0.8571428571428571,1.0,8867.69,CARD,KOTAK,INSUFFICIENT_FUNDS,7,RETRY_NOW,1
0.5,0.5,8355.01,WALLET,HDFC,INSUFFICIENT_FUNDS,9,RETRY_NOW,0
0.8461538461538461,1.0,3184.54,NETBANKING,YESBANK,AUTHENTICATION_FAILED,6,NO_ACTION,0
0.7286821705426356,0.42857142857142855,1930.81,CARD,SBI,INSUFFICIENT_FUNDS,0,NO_ACTION,0
0.8875,0.1111111111111111,8192.47,NETBANKING,SBI,NETWORK_ERROR,2,RETRY_NOW,0
0.5833333333333334,0.4,7686.2,NETBANKING,ICICI,NETWORK_ERROR,12,NO_ACTION,0
0.0,1.0,5007.21,UPI,SBI,LIMIT_EXCEEDED,14,SEND_REMINDER,0
0.6363636363636364,0.5,8031.76,CARD,KOTAK,NETWORK_ERROR,12,RETRY_NOW,1
0.8285714285714286,0.6111111111111112,7408.54,NETBANKING,AXIS,LIMIT_EXCEEDED,2,SEND_REMINDER,1
0.8947368421052632,0.5,2047.42,WALLET,KOTAK,NETWORK_ERROR,22,RETRY_NOW,1
0.8461538461538461,0.16666666666666666,1802.27,CARD,KOTAK,BANK_TIMEOUT,7,SEND_REMINDER,0
0.7346938775510204,0.6923076923076923,450.07,WALLET,AXIS,CARD_EXPIRED,14,RETRY_LATER,0
0.6666666666666666,1.0,3858.76,UPI,YESBANK,INSUFFICIENT_FUNDS,15,RETRY_LATER,0
0.7307692307692307,0.7142857142857143,4519.6,UPI,KOTAK,NETWORK_ERROR,5,SEND_REMINDER,0
0.7241379310344828,0.375,9497.73,CARD,AXIS,BANK_TIMEOUT,6,RETRY_LATER,0
0.6328125,0.5106382978723404,8960.75,NETBANKING,AXIS,BANK_TIMEOUT,11,SEND_REMINDER,1
0.926829268292683,1.0,7400.75,NETBANKING,ICICI,AUTHENTICATION_FAILED,21,SEND_REMINDER,1
0.8137254901960784,0.42105263157894735,4219.51,WALLET,SBI,INSUFFICIENT_FUNDS,7,SEND_REMINDER,0
0.7777777777777778,0.375,1858.05,UPI,HDFC,INSUFFICIENT_FUNDS,6,RETRY_NOW,0
0.7714285714285715,0.75,735.67,WALLET,YESBANK,NETWORK_ERROR,11,NO_ACTION,0
0.7301587301587301,0.5882352941176471,2337.42,CARD,YESBANK,INSUFFICIENT_FUNDS,7,SEND_REMINDER,0
0.65625,0.5454545454545454,3869.11,WALLET,KOTAK,BANK_TIMEOUT,22,NO_ACTION,0
0.5737704918032787,0.5769230769230769,7899.3,NETBANKING,SBI,LIMIT_EXCEEDED,9,NO_ACTION,0
0.3333333333333333,1.0,884.95,WALLET,ICICI,CARD_EXPIRED,10,RETRY_LATER,0
0.6133333333333333,0.5517241379310345,6415.25,CARD,SBI,BANK_TIMEOUT,5,SEND_REMINDER,1
0.7052631578947368,0.5357142857142857,8987.6,UPI,AXIS,INSUFFICIENT_FUNDS,21,NO_ACTION,0
0.7558139534883721,0.5714285714285714,1667.57,NETBANKING,AXIS,AUTHENTICATION_FAILED,14,RETRY_NOW,1
0.7358490566037735,0.42857142857142855,5101.97,WALLET,KOTAK,INSUFFICIENT_FUNDS,6,RETRY_LATER,1
0.7666666666666667,0.7142857142857143,4001.48,CARD,KOTAK,NETWORK_ERROR,6,SEND_REMINDER,1
0.7555555555555555,0.45454545454545453,7945.44,CARD,AXIS,CARD_EXPIRED,13,RETRY_LATER,0
0.8275862068965517,0.0,598.83,UPI,ICICI,LIMIT_EXCEEDED,19,NO_ACTION,0
0.7555555555555555,0.45454545454545453,7945.44,CARD,AXIS,CARD_EXPIRED,13,NO_ACTION,0
0.9090909090909091,0.4,6465.53,UPI,AXIS,LIMIT_EXCEEDED,11,RETRY_LATER,1
0.8533333333333334,0.18181818181818182,5690.97,CARD,ICICI,INSUFFICIENT_FUNDS,11,RETRY_LATER,0
0.6,0.5,4987.99,CARD,SBI,INSUFFICIENT_FUNDS,16,RETRY_LATER,0
0.7065217391304348,0.4074074074074074,3093.02,UPI,KOTAK,LIMIT_EXCEEDED,2,RETRY_LATER,1
0.6567164179104478,0.5217391304347826,9021.92,CARD,YESBANK,INSUFFICIENT_FUNDS,22,RETRY_NOW,0
0.7857142857142857,0.5333333333333333,3261.91,CARD,HDFC,BANK_TIMEOUT,7,NO_ACTION,0
0.7192982456140351,0.5,5651.89,NETBANKING,SBI,LIMIT_EXCEEDED,18,NO_ACTION,0
0.7142857142857143,0.5,2768.68,NETBANKING,YESBANK,NETWORK_ERROR,6,NO_ACTION,0
0.76,0.4166666666666667,7708.01,NETBANKING,AXIS,CARD_EXPIRED,2,RETRY_NOW,0
0.6811594202898551,0.4090909090909091,3392.42,UPI,HDFC,LIMIT_EXCEEDED,21,RETRY_LATER,1
0.6744186046511628,0.5,4004.72,UPI,HDFC,AUTHENTICATION_FAILED,0,SEND_REMINDER,1
0.9,0.3333333333333333,6864.71,NETBANKING,AXIS,INSUFFICIENT_FUNDS,14,RETRY_LATER,0
0.4444444444444444,0.6,2800.89,NETBANKING,SBI,AUTHENTICATION_FAILED,6,SEND_REMINDER,0
0.9113924050632911,0.7142857142857143,2938.1,CARD,HDFC,LIMIT_EXCEEDED,12,SEND_REMINDER,1
0.7647058823529411,0.5,7459.18,UPI,YESBANK,INSUFFICIENT_FUNDS,1,NO_ACTION,0
0.7361111111111112,0.631578947368421,3742.41,NETBANKING,KOTAK,NETWORK_ERROR,16,SEND_REMINDER,0
0.4666666666666667,0.5,3517.86,CARD,SBI,INSUFFICIENT_FUNDS,23,RETRY_LATER,0
0.7636363636363637,0.6153846153846154,9005.22,CARD,AXIS,BANK_TIMEOUT,20,NO_ACTION,0
0.75,0.75,3388.23,WALLET,ICICI,BANK_TIMEOUT,4,SEND_REMINDER,0
0.6666666666666666,1.0,3789.48,NETBANKING,KOTAK,NETWORK_ERROR,12,SEND_REMINDER,0
0.75,0.0,1181.38,UPI,SBI,LIMIT_EXCEEDED,2,RETRY_LATER,1
0.4444444444444444,0.4,4875.4,CARD,YESBANK,NETWORK_ERROR,10,RETRY_LATER,0
0.6,0.7,6543.5,WALLET,SBI,CARD_EXPIRED,9,SEND_REMINDER,0
0.8082191780821918,0.5714285714285714,9978.16,WALLET,ICICI,INSUFFICIENT_FUNDS,19,RETRY_NOW,0
0.8,0.3333333333333333,4138.11,UPI,YESBANK,NETWORK_ERROR,10,RETRY_NOW,1
0.6363636363636364,0.5,8344.16,WALLET,HDFC,CARD_EXPIRED,17,SEND_REMINDER,0
0.7865168539325843,0.42105263157894735,1519.56,CARD,ICICI,AUTHENTICATION_FAILED,18,SEND_REMINDER,1
0.6333333333333333,0.8181818181818182,3475.79,UPI,AXIS,AUTHENTICATION_FAILED,15,RETRY_LATER,0
0.78125,0.35714285714285715,303.78,WALLET,YESBANK,LIMIT_EXCEEDED,4,NO_ACTION,0
0.6956521739130435,0.5714285714285714,3574.72,CARD,SBI,BANK_TIMEOUT,19,SEND_REMINDER,0
0.7954545454545454,0.6666666666666666,8333.62,CARD,YESBANK,CARD_EXPIRED,5,NO_ACTION,0
0.5862068965517241,0.5,2889.35,CARD,SBI,LIMIT_EXCEEDED,18,SEND_REMINDER,1
0.6777777777777778,0.4482758620689655,1260.47,CARD,AXIS,LIMIT_EXCEEDED,12,SEND_REMINDER,1
0.8085106382978723,0.5,4078.61,UPI,HDFC,CARD_EXPIRED,3,RETRY_LATER,0
0.6363636363636364,0.5833333333333334,8943.88,NETBANKING,HDFC,BANK_TIMEOUT,7,SEND_REMINDER,1
0.7111111111111111,0.5384615384615384,2674.7,CARD,ICICI,BANK_TIMEOUT,9,NO_ACTION,0
0.7976190476190477,0.5882352941176471,6939.41,NETBANKING,YESBANK,AUTHENTICATION_FAILED,19,NO_ACTION,0
0.6434782608695652,0.5365853658536586,956.16,CARD,AXIS,AUTHENTICATION_FAILED,0,RETRY_NOW,0
0.631578947368421,0.6428571428571429,8720.59,UPI,SBI,AUTHENTICATION_FAILED,11,RETRY_NOW,1
0.7391304347826086,0.5,8414.7,NETBANKING,SBI,LIMIT_EXCEEDED,20,RETRY_LATER,0
0.8157894736842105,0.2857142857142857,8313.58,NETBANKING,SBI,NETWORK_ERROR,19,RETRY_LATER,0
0.3333333333333333,0.5,3300.42,NETBANKING,KOTAK,LIMIT_EXCEEDED,9,SEND_REMINDER,0
0.7833333333333333,0.5384615384615384,3725.12,CARD,HDFC,CARD_EXPIRED,7,SEND_REMINDER,0
0.9473684210526315,0.0,8562.25,CARD,YESBANK,CARD_EXPIRED,13,RETRY_LATER,0
0.65,0.42857142857142855,1830.0,CARD,KOTAK,INSUFFICIENT_FUNDS,14,RETRY_NOW,0
0.8301886792452831,0.5555555555555556,7604.62,NETBANKING,HDFC,LIMIT_EXCEEDED,22,RETRY_NOW,1
0.7307692307692307,0.42857142857142855,545.03,WALLET,YESBANK,CARD_EXPIRED,11,SEND_REMINDER,1
0.6,0.0,2547.59,NETBANKING,HDFC,INSUFFICIENT_FUNDS,0,RETRY_LATER,0
0.9294117647058824,0.5,1911.34,WALLET,SBI,AUTHENTICATION_FAILED,9,RETRY_NOW,1
0.6440677966101694,0.6666666666666666,8099.48,UPI,AXIS,AUTHENTICATION_FAILED,0,SEND_REMINDER,0
0.6216216216216216,0.42857142857142855,4793.12,UPI,YESBANK,CARD_EXPIRED,23,RETRY_LATER,0
0.8484848484848485,0.7,2924.14,UPI,AXIS,AUTHENTICATION_FAILED,0,RETRY_NOW,0
0.7,0.4444444444444444,9030.5,WALLET,SBI,CARD_EXPIRED,18,SEND_REMINDER,0
0.9459459459459459,0.5,9706.04,UPI,HDFC,CARD_EXPIRED,10,RETRY_NOW,0
0.7777777777777778,0.4090909090909091,6301.87,NETBANKING,ICICI,AUTHENTICATION_FAILED,9,RETRY_NOW,0
0.65625,0.6363636363636364,9853.33,NETBANKING,KOTAK,INSUFFICIENT_FUNDS,18,RETRY_LATER,0
0.8813559322033898,0.14285714285714285,3640.32,NETBANKING,AXIS,CARD_EXPIRED,12,SEND_REMINDER,1
0.7297297297297297,0.4,1290.75,NETBANKING,HDFC,BANK_TIMEOUT,3,RETRY_NOW,1
0.7941176470588235,0.7142857142857143,8420.95,WALLET,HDFC,BANK_TIMEOUT,11,NO_ACTION,0
0.8,0.0,4221.9,NETBANKING,AXIS,BANK_TIMEOUT,20,RETRY_LATER,1
0.8214285714285714,0.5,2089.53,WALLET,YESBANK,LIMIT_EXCEEDED,23,RETRY_NOW,1
0.6944444444444444,0.45454545454545453,101.87,NETBANKING,YESBANK,CARD_EXPIRED,19,NO_ACTION,0
0.6065573770491803,0.6666666666666666,9386.37,CARD,AXIS,NETWORK_ERROR,16,NO_ACTION,0
0.7083333333333334,0.5142857142857142,6142.41,WALLET,SBI,CARD_EXPIRED,4,NO_ACTION,0
0.7297297297297297,0.7,4190.66,UPI,SBI,NETWORK_ERROR,17,SEND_REMINDER,0
0.9130434782608695,1.0,5336.77,WALLET,KOTAK,AUTHENTICATION_FAILED,16,RETRY_LATER,0
0.8414634146341463,0.46153846153846156,6457.43,CARD,AXIS,CARD_EXPIRED,8,SEND_REMINDER,1
0.6285714285714286,0.46153846153846156,1782.23,CARD,SBI,BANK_TIMEOUT,17,NO_ACTION,0
0.3333333333333333,0.5,9001.84,NETBANKING,YESBANK,NETWORK_ERROR,11,RETRY_LATER,0
0.9113924050632911,0.5714285714285714,890.63,UPI,ICICI,CARD_EXPIRED,11,RETRY_LATER,1
0.8260869565217391,0.5,1912.17,NETBANKING,KOTAK,BANK_TIMEOUT,20,NO_ACTION,0
0.6666666666666666,0.2,9044.72,WALLET,SBI,CARD_EXPIRED,19,SEND_REMINDER,0
0.6666666666666666,0.5,9583.67,CARD,YESBANK,NETWORK_ERROR,19,RETRY_LATER,1
0.6172839506172839,0.45161290322580644,9417.26,CARD,HDFC,CARD_EXPIRED,20,NO_ACTION,0
0.6153846153846154,0.6,4625.63,CARD,KOTAK,NETWORK_ERROR,5,RETRY_LATER,1
0.8714285714285714,0.5555555555555556,8858.9,WALLET,KOTAK,INSUFFICIENT_FUNDS,15,RETRY_LATER,0
0.4444444444444444,0.6,2874.58,UPI,KOTAK,LIMIT_EXCEEDED,8,RETRY_NOW,0
0.6666666666666666,1.0,5419.59,WALLET,SBI,CARD_EXPIRED,6,NO_ACTION,0
0.8076923076923077,0.5333333333333333,2255.04,CARD,AXIS,NETWORK_ERROR,15,RETRY_NOW,0
0.7692307692307693,0.6666666666666666,7180.77,CARD,HDFC,INSUFFICIENT_FUNDS,7,RETRY_LATER,1
0.72,0.2857142857142857,2882.52,CARD,ICICI,AUTHENTICATION_FAILED,4,SEND_REMINDER,0
0.7654320987654321,0.47368421052631576,4194.38,UPI,AXIS,NETWORK_ERROR,15,SEND_REMINDER,1
0.7083333333333334,0.42857142857142855,5218.75,NETBANKING,AXIS,AUTHENTICATION_FAILED,13,SEND_REMINDER,0
0.7647058823529411,0.3333333333333333,3354.05,CARD,HDFC,AUTHENTICATION_FAILED,0,RETRY_NOW,0
0.7526881720430108,0.30434782608695654,6278.65,UPI,YESBANK,NETWORK_ERROR,20,SEND_REMINDER,0
0.75,0.3333333333333333,9226.23,CARD,KOTAK,INSUFFICIENT_FUNDS,0,RETRY_NOW,1
0.75,0.8333333333333334,6423.52,NETBANKING,SBI,BANK_TIMEOUT,20,RETRY_LATER,1
0.6065573770491803,0.6666666666666666,9386.37,CARD,AXIS,NETWORK_ERROR,16,RETRY_LATER,1
0.7333333333333333,0.25,3910.25,NETBANKING,YESBANK,INSUFFICIENT_FUNDS,10,RETRY_NOW,1
0.6923076923076923,0.5,7926.95,WALLET,ICICI,BANK_TIMEOUT,4,NO_ACTION,0
0.8085106382978723,0.5,4078.61,UPI,HDFC,CARD_EXPIRED,3,RETRY_NOW,0
0.6328125,0.5106382978723404,8960.75,NETBANKING,AXIS,BANK_TIMEOUT,11,NO_ACTION,0
0.8461538461538461,0.5,7711.23,NETBANKING,ICICI,LIMIT_EXCEEDED,12,NO_ACTION,0
0.8421052631578947,0.5333333333333333,4163.5,CARD,HDFC,BANK_TIMEOUT,12,RETRY_NOW,1
0.8073394495412844,0.6190476190476191,4833.01,UPI,SBI,NETWORK_ERROR,21,RETRY_NOW,0
0.9327731092436975,0.375,4365.31,UPI,AXIS,CARD_EXPIRED,10,RETRY_LATER,1
0.7868852459016393,0.38461538461538464,2333.27,WALLET,KOTAK,CARD_EXPIRED,2,RETRY_LATER,0
0.6666666666666666,0.42857142857142855,7230.53,NETBANKING,ICICI,INSUFFICIENT_FUNDS,17,SEND_REMINDER,0
0.7777777777777778,0.5,8102.82,UPI,AXIS,AUTHENTICATION_FAILED,14,RETRY_NOW,0
0.7391304347826086,0.3333333333333333,3321.01,WALLET,SBI,BANK_TIMEOUT,22,NO_ACTION,0
0.8333333333333334,1.0,5186.86,WALLET,SBI,CARD_EXPIRED,12,SEND_REMINDER,1
0.717948717948718,0.5454545454545454,7230.5,UPI,YESBANK,LIMIT_EXCEEDED,4,RETRY_NOW,1
0.8285714285714286,0.6111111111111112,7408.54,NETBANKING,AXIS,LIMIT_EXCEEDED,2,NO_ACTION,0
0.6818181818181818,0.5714285714285714,8409.15,NETBANKING,HDFC,BANK_TIMEOUT,16,RETRY_NOW,0
0.7551020408163265,0.75,7973.7,CARD,AXIS,BANK_TIMEOUT,16,RETRY_NOW,0
0.7037037037037037,0.25,3617.28,CARD,KOTAK,INSUFFICIENT_FUNDS,9,RETRY_LATER,1
0.47368421052631576,0.3,5775.21,WALLET,HDFC,NETWORK_ERROR,16,RETRY_LATER,0
0.7777777777777778,0.5,8338.69,CARD,YESBANK,INSUFFICIENT_FUNDS,0,RETRY_NOW,0
0.8933333333333333,0.25,5189.41,CARD,AXIS,AUTHENTICATION_FAILED,9,RETRY_NOW,0
0.7368421052631579,0.5714285714285714,4725.46,UPI,YESBANK,LIMIT_EXCEEDED,9,RETRY_NOW,0
0.0,1.0,2613.81,UPI,ICICI,LIMIT_EXCEEDED,18,NO_ACTION,0
0.8641975308641975,0.7272727272727273,9206.54,NETBANKING,AXIS,NETWORK_ERROR,2,SEND_REMINDER,0
0.7647058823529411,0.375,5616.19,CARD,ICICI,LIMIT_EXCEEDED,6,SEND_REMINDER,1
0.725,0.6363636363636364,2138.69,CARD,AXIS,BANK_TIMEOUT,23,RETRY_NOW,1
0.6885245901639344,0.42105263157894735,1869.46,CARD,YESBANK,INSUFFICIENT_FUNDS,20,SEND_REMINDER,1
0.9393939393939394,1.0,1295.43,CARD,AXIS,INSUFFICIENT_FUNDS,11,RETRY_LATER,0
0.6938775510204082,0.4666666666666667,717.81,WALLET,SBI,INSUFFICIENT_FUNDS,6,NO_ACTION,0
0.6950354609929078,0.5348837209302325,3166.34,WALLET,HDFC,INSUFFICIENT_FUNDS,19,NO_ACTION,0
0.8314606741573034,0.5333333333333333,4480.55,UPI,ICICI,AUTHENTICATION_FAILED,11,SEND_REMINDER,1
0.7941176470588235,0.42857142857142855,1250.64,CARD,YESBANK,INSUFFICIENT_FUNDS,7,NO_ACTION,0
0.7804878048780488,0.5555555555555556,2506.73,WALLET,AXIS,CARD_EXPIRED,12,RETRY_NOW,0
0.5,0.0,2947.16,NETBANKING,SBI,AUTHENTICATION_FAILED,10,RETRY_NOW,1
0.6818181818181818,0.8571428571428571,191.84,WALLET,YESBANK,NETWORK_ERROR,7,NO_ACTION,0
0.8414634146341463,0.46153846153846156,6457.43,CARD,AXIS,CARD_EXPIRED,8,NO_ACTION,0
0.5625,0.42857142857142855,5451.8,WALLET,YESBANK,INSUFFICIENT_FUNDS,17,RETRY_LATER,0
0.7142857142857143,0.5,6775.01,WALLET,KOTAK,BANK_TIMEOUT,10,SEND_REMINDER,0
0.75,1.0,2728.53,UPI,ICICI,BANK_TIMEOUT,12,NO_ACTION,0
0.8095238095238095,0.6875,5586.08,NETBANKING,KOTAK,AUTHENTICATION_FAILED,4,SEND_REMINDER,0
0.6818181818181818,0.8571428571428571,191.84,WALLET,YESBANK,NETWORK_ERROR,7,SEND_REMINDER,0
0.78,0.45454545454545453,3150.67,UPI,KOTAK,LIMIT_EXCEEDED,13,SEND_REMINDER,1
0.6,0.6666666666666666,6983.32,WALLET,KOTAK,LIMIT_EXCEEDED,21,SEND_REMINDER,1
0.8918918918918919,0.25,1043.17,CARD,YESBANK,CARD_EXPIRED,10,RETRY_LATER,0
0.7777777777777778,0.4,7593.0,CARD,ICICI,AUTHENTICATION_FAILED,1,RETRY_LATER,1
0.7777777777777778,1.0,4664.58,NETBANKING,HDFC,LIMIT_EXCEEDED,14,NO_ACTION,0
0.8181818181818182,0.75,3048.86,CARD,HDFC,INSUFFICIENT_FUNDS,8,NO_ACTION,0
0.5555555555555556,0.4166666666666667,9011.33,UPI,AXIS,LIMIT_EXCEEDED,11,SEND_REMINDER,0
0.5862068965517241,0.5,2889.35,CARD,SBI,LIMIT_EXCEEDED,18,RETRY_LATER,0
0.5957446808510638,0.5263157894736842,4135.7,CARD,ICICI,NETWORK_ERROR,20,RETRY_LATER,0
0.7105263157894737,0.7727272727272727,2404.34,UPI,YESBANK,INSUFFICIENT_FUNDS,0,RETRY_LATER,0
0.711340206185567,0.5357142857142857,2131.34,CARD,HDFC,LIMIT_EXCEEDED,4,RETRY_NOW,1
0.75,0.6666666666666666,7920.1,UPI,KOTAK,INSUFFICIENT_FUNDS,4,RETRY_LATER,0
0.72,0.42857142857142855,2235.71,WALLET,ICICI,NETWORK_ERROR,23,RETRY_NOW,0
0.7352941176470589,0.4444444444444444,1661.36,UPI,AXIS,CARD_EXPIRED,21,NO_ACTION,0
0.6875,0.5,7010.26,NETBANKING,YESBANK,LIMIT_EXCEEDED,12,SEND_REMINDER,1
0.7692307692307693,0.8,2887.75,CARD,KOTAK,INSUFFICIENT_FUNDS,8,SEND_REMINDER,1
0.8333333333333334,0.25,7923.64,CARD,ICICI,AUTHENTICATION_FAILED,16,SEND_REMINDER,1
0.9411764705882353,0.0,9653.01,CARD,KOTAK,LIMIT_EXCEEDED,14,NO_ACTION,0
0.7945205479452054,0.5333333333333333,6868.94,WALLET,SBI,BANK_TIMEOUT,17,NO_ACTION,0
0.7125,0.30434782608695654,5545.36,NETBANKING,HDFC,CARD_EXPIRED,6,NO_ACTION,0
0.7,0.3333333333333333,1919.25,WALLET,HDFC,INSUFFICIENT_FUNDS,0,RETRY_LATER,1
0.855072463768116,0.6,9839.93,WALLET,YESBANK,INSUFFICIENT_FUNDS,11,RETRY_LATER,0
0.7692307692307693,0.6666666666666666,9688.05,UPI,SBI,BANK_TIMEOUT,7,NO_ACTION,0
0.6571428571428571,0.5,3915.28,UPI,SBI,LIMIT_EXCEEDED,15,SEND_REMINDER,0
0.8947368421052632,0.5,3207.59,NETBANKING,YESBANK,LIMIT_EXCEEDED,2,RETRY_NOW,0
0.8604651162790697,0.5,330.17,CARD,ICICI,AUTHENTICATION_FAILED,6,SEND_REMINDER,0
0.863013698630137,0.7,8470.29,NETBANKING,SBI,AUTHENTICATION_FAILED,23,RETRY_NOW,0
0.6666666666666666,0.16666666666666666,7537.52,UPI,YESBANK,INSUFFICIENT_FUNDS,1,SEND_REMINDER,1
0.819047619047619,0.42105263157894735,9416.21,UPI,AXIS,BANK_TIMEOUT,19,RETRY_NOW,0
0.9318181818181818,0.0,8229.22,WALLET,YESBANK,INSUFFICIENT_FUNDS,1,SEND_REMINDER,0
0.6875,0.2,2936.42,WALLET,AXIS,CARD_EXPIRED,10,RETRY_LATER,0
0.8888888888888888,0.5,5783.79,CARD,SBI,BANK_TIMEOUT,14,SEND_REMINDER,0
0.926829268292683,1.0,4713.17,NETBANKING,HDFC,CARD_EXPIRED,7,SEND_REMINDER,1
0.7272727272727273,0.6666666666666666,9549.78,NETBANKING,HDFC,INSUFFICIENT_FUNDS,14,RETRY_LATER,0
0.8,1.0,8625.8,NETBANKING,ICICI,INSUFFICIENT_FUNDS,19,RETRY_NOW,0
0.6133333333333333,0.5517241379310345,6415.25,CARD,SBI,BANK_TIMEOUT,5,RETRY_NOW,0
0.8709677419354839,0.75,2379.35,CARD,ICICI,NETWORK_ERROR,23,RETRY_LATER,1
0.7647058823529411,0.5,3493.35,NETBANKING,SBI,INSUFFICIENT_FUNDS,12,RETRY_NOW,1
0.8,0.5,1308.88,WALLET,HDFC,BANK_TIMEOUT,7,RETRY_NOW,1
0.7045454545454546,0.6923076923076923,3426.98,UPI,AXIS,NETWORK_ERROR,11,NO_ACTION,0
0.8888888888888888,1.0,7341.22,NETBANKING,ICICI,CARD_EXPIRED,11,RETRY_LATER,0
0.7962962962962963,0.36363636363636365,8062.61,CARD,HDFC,NETWORK_ERROR,15,SEND_REMINDER,0
0.7777777777777778,0.5,2875.83,UPI,KOTAK,LIMIT_EXCEEDED,3,NO_ACTION,0
0.8723404255319149,0.3333333333333333,6404.0,WALLET,SBI,CARD_EXPIRED,23,SEND_REMINDER,1
0.7307692307692307,0.5,3128.0,NETBANKING,SBI,LIMIT_EXCEEDED,23,RETRY_LATER,0
0.9327731092436975,0.375,4365.31,UPI,AXIS,CARD_EXPIRED,10,RETRY_NOW,0
0.6875,0.8,9088.91,NETBANKING,AXIS,LIMIT_EXCEEDED,9,RETRY_NOW,1
0.7857142857142857,0.5833333333333334,9979.31,CARD,AXIS,INSUFFICIENT_FUNDS,16,RETRY_NOW,0
0.5882352941176471,0.42857142857142855,5912.22,UPI,ICICI,INSUFFICIENT_FUNDS,0,SEND_REMINDER,1
0.6875,0.5333333333333333,7780.63,CARD,ICICI,LIMIT_EXCEEDED,7,SEND_REMINDER,1
0.8507462686567164,0.4,8314.03,CARD,AXIS,INSUFFICIENT_FUNDS,7,SEND_REMINDER,0
0.8382352941176471,0.6363636363636364,9661.65,CARD,YESBANK,INSUFFICIENT_FUNDS,18,SEND_REMINDER,1
0.6301369863013698,0.5555555555555556,6480.46,UPI,SBI,LIMIT_EXCEEDED,20,NO_ACTION,0
0.7692307692307693,0.3333333333333333,6121.51,UPI,ICICI,BANK_TIMEOUT,5,SEND_REMINDER,0
0.8928571428571429,0.5,6723.71,WALLET,ICICI,INSUFFICIENT_FUNDS,2,RETRY_NOW,1
0.8222222222222222,0.375,5690.48,UPI,KOTAK,INSUFFICIENT_FUNDS,7,SEND_REMINDER,0
0.5384615384615384,0.8333333333333334,5864.99,CARD,ICICI,AUTHENTICATION_FAILED,14,NO_ACTION,0
0.8666666666666667,0.5,5556.61,NETBANKING,KOTAK,INSUFFICIENT_FUNDS,9,SEND_REMINDER,1
0.8461538461538461,0.16666666666666666,5743.93,WALLET,HDFC,BANK_TIMEOUT,17,SEND_REMINDER,0
0.671875,0.6428571428571429,6178.73,CARD,YESBANK,BANK_TIMEOUT,3,RETRY_LATER,1
0.6666666666666666,0.3333333333333333,2147.61,UPI,KOTAK,BANK_TIMEOUT,0,RETRY_LATER,0
0.7564102564102564,0.5263157894736842,2657.36,NETBANKING,YESBANK,CARD_EXPIRED,8,SEND_REMINDER,0
0.8333333333333334,0.75,6512.61,UPI,AXIS,CARD_EXPIRED,21,SEND_REMINDER,1
0.6,0.6,8505.9,WALLET,YESBANK,BANK_TIMEOUT,15,RETRY_NOW,0
0.6470588235294118,0.5833333333333334,7062.86,NETBANKING,AXIS,BANK_TIMEOUT,14,RETRY_NOW,1
0.7837837837837838,0.75,4165.17,WALLET,ICICI,CARD_EXPIRED,21,RETRY_LATER,1
0.8072289156626506,0.5,4620.21,UPI,HDFC,LIMIT_EXCEEDED,9,SEND_REMINDER,0
0.7777777777777778,0.5,1580.27,UPI,KOTAK,NETWORK_ERROR,16,RETRY_NOW,1
0.7307692307692307,0.6428571428571429,3066.98,UPI,HDFC,CARD_EXPIRED,10,RETRY_LATER,1
0.5384615384615384,0.3333333333333333,3055.61,WALLET,SBI,CARD_EXPIRED,10,RETRY_NOW,0
0.9354838709677419,0.5,8258.94,CARD,AXIS,INSUFFICIENT_FUNDS,9,SEND_REMINDER,1
0.7888888888888889,0.5789473684210527,1463.43,WALLET,YESBANK,INSUFFICIENT_FUNDS,21,SEND_REMINDER,0
0.7936507936507936,0.6923076923076923,8536.19,NETBANKING,ICICI,NETWORK_ERROR,21,RETRY_NOW,0
0.0,0.0,657.3,NETBANKING,HDFC,NETWORK_ERROR,3,RETRY_LATER,0
0.7560975609756098,0.6,8794.01,NETBANKING,SBI,LIMIT_EXCEEDED,18,NO_ACTION,0
0.75,0.6875,7377.67,CARD,KOTAK,INSUFFICIENT_FUNDS,1,SEND_REMINDER,0
0.6271186440677966,0.5,9536.76,UPI,ICICI,NETWORK_ERROR,14,RETRY_NOW,1
0.47619047619047616,0.6363636363636364,4689.81,WALLET,SBI,AUTHENTICATION_FAILED,20,RETRY_NOW,1
0.7372262773722628,0.4444444444444444,7083.48,UPI,SBI,BANK_TIMEOUT,21,SEND_REMINDER,1
0.9097222222222222,0.5384615384615384,7493.7,UPI,AXIS,CARD_EXPIRED,7,NO_ACTION,0
0.8103448275862069,0.5454545454545454,8142.84,NETBANKING,HDFC,NETWORK_ERROR,7,RETRY_NOW,0
0.7301587301587301,0.6470588235294118,2488.76,CARD,AXIS,BANK_TIMEOUT,13,RETRY_NOW,0
0.6515151515151515,0.6086956521739131,9298.28,NETBANKING,SBI,INSUFFICIENT_FUNDS,5,NO_ACTION,0
0.782051282051282,0.35294117647058826,5357.75,NETBANKING,AXIS,BANK_TIMEOUT,15,SEND_REMINDER,1
0.5454545454545454,0.6,2797.8,WALLET,SBI,BANK_TIMEOUT,4,RETRY_LATER,1
0.8571428571428571,1.0,8867.69,CARD,KOTAK,INSUFFICIENT_FUNDS,7,SEND_REMINDER,1
0.9090909090909091,1.0,2406.45,WALLET,KOTAK,AUTHENTICATION_FAILED,8,RETRY_NOW,1
0.6666666666666666,0.0,3577.7,WALLET,HDFC,AUTHENTICATION_FAILED,16,RETRY_NOW,0
0.6666666666666666,0.0,4772.04,NETBANKING,KOTAK,BANK_TIMEOUT,23,RETRY_LATER,1
0.7941176470588235,0.7142857142857143,8420.95,WALLET,HDFC,BANK_TIMEOUT,11,RETRY_LATER,0
0.7430555555555556,0.40540540540540543,8027.67,WALLET,KOTAK,NETWORK_ERROR,7,RETRY_NOW,0
0.6764705882352942,0.45454545454545453,5363.85,CARD,YESBANK,AUTHENTICATION_FAILED,0,SEND_REMINDER,1
0.8194444444444444,0.6153846153846154,3970.13,NETBANKING,ICICI,INSUFFICIENT_FUNDS,1,RETRY_NOW,0
0.6198347107438017,0.43478260869565216,7321.54,NETBANKING,ICICI,INSUFFICIENT_FUNDS,18,NO_ACTION,0
0.8359375,0.5714285714285714,306.89,WALLET,YESBANK,BANK_TIMEOUT,18,NO_ACTION,0
0.6666666666666666,0.4444444444444444,3897.98,NETBANKING,ICICI,BANK_TIMEOUT,9,RETRY_NOW,0
0.9295774647887324,0.8,6144.61,NETBANKING,YESBANK,AUTHENTICATION_FAILED,13,NO_ACTION,0
0.7526881720430108,0.43478260869565216,3312.43,WALLET,YESBANK,INSUFFICIENT_FUNDS,4,SEND_REMINDER,0
0.75,1.0,1712.44,UPI,YESBANK,CARD_EXPIRED,17,NO_ACTION,0
0.6909090909090909,0.5294117647058824,6782.38,NETBANKING,KOTAK,LIMIT_EXCEEDED,14,RETRY_LATER,0
0.6071428571428571,0.5909090909090909,6203.29,WALLET,HDFC,BANK_TIMEOUT,19,RETRY_NOW,0
0.8082191780821918,0.5714285714285714,9978.16,WALLET,ICICI,INSUFFICIENT_FUNDS,19,SEND_REMINDER,0
0.7777777777777778,0.5,1701.54,UPI,SBI,AUTHENTICATION_FAILED,20,NO_ACTION,0
0.8333333333333334,0.5,5872.33,NETBANKING,AXIS,LIMIT_EXCEEDED,19,RETRY_LATER,0
0.9565217391304348,0.3333333333333333,9945.01,CARD,KOTAK,INSUFFICIENT_FUNDS,2,NO_ACTION,0
0.8333333333333334,0.75,9263.21,WALLET,HDFC,INSUFFICIENT_FUNDS,16,NO_ACTION,0
0.9354838709677419,1.0,5650.88,CARD,AXIS,CARD_EXPIRED,11,NO_ACTION,0
0.7692307692307693,0.0,6698.04,WALLET,AXIS,AUTHENTICATION_FAILED,1,RETRY_LATER,0
0.8715596330275229,0.42857142857142855,2825.02,CARD,AXIS,NETWORK_ERROR,19,SEND_REMINDER,0
0.65,0.2857142857142857,2938.5,NETBANKING,SBI,NETWORK_ERROR,9,NO_ACTION,0
0.6176470588235294,0.6153846153846154,2438.19,CARD,ICICI,AUTHENTICATION_FAILED,18,SEND_REMINDER,1
0.7647058823529411,0.3333333333333333,1990.9,UPI,SBI,CARD_EXPIRED,12,RETRY_LATER,0
0.5892857142857143,0.5652173913043478,4357.8,WALLET,YESBANK,NETWORK_ERROR,9,RETRY_LATER,1
0.872093023255814,0.2727272727272727,5309.52,CARD,KOTAK,NETWORK_ERROR,5,RETRY_NOW,0
0.5675675675675675,0.375,1192.95,UPI,AXIS,BANK_TIMEOUT,18,RETRY_LATER,0
0.8125,0.0,9799.01,WALLET,HDFC,BANK_TIMEOUT,12,NO_ACTION,0
0.4666666666666667,0.75,2894.94,WALLET,SBI,BANK_TIMEOUT,16,NO_ACTION,0
0.7663551401869159,0.44,9746.55,CARD,KOTAK,LIMIT_EXCEEDED,9,NO_ACTION,0
0.6097560975609756,0.3125,4129.22,NETBANKING,HDFC,CARD_EXPIRED,0,NO_ACTION,0
0.2,0.75,2846.94,NETBANKING,YESBANK,CARD_EXPIRED,4,RETRY_LATER,0
0.7361111111111112,0.3684210526315789,6467.42,CARD,KOTAK,NETWORK_ERROR,8,NO_ACTION,0
0.7722772277227723,0.4782608695652174,8136.72,CARD,SBI,INSUFFICIENT_FUNDS,3,SEND_REMINDER,0
0.8048780487804879,1.0,7291.5,UPI,ICICI,INSUFFICIENT_FUNDS,8,RETRY_NOW,0
0.7777777777777778,0.5,1208.31,UPI,HDFC,CARD_EXPIRED,14,RETRY_NOW,0
0.65,0.7142857142857143,6195.75,WALLET,KOTAK,LIMIT_EXCEEDED,0,NO_ACTION,0
0.9166666666666666,0.0,9310.32,WALLET,SBI,CARD_EXPIRED,22,NO_ACTION,0
0.6904761904761905,0.23076923076923078,9783.66,CARD,ICICI,AUTHENTICATION_FAILED,22,RETRY_NOW,1
0.7727272727272727,0.4,5087.28,CARD,YESBANK,INSUFFICIENT_FUNDS,6,NO_ACTION,0
0.9298245614035088,0.5,6039.39,UPI,KOTAK,LIMIT_EXCEEDED,6,NO_ACTION,0
0.7857142857142857,0.5833333333333334,2266.52,CARD,HDFC,AUTHENTICATION_FAILED,3,SEND_REMINDER,1
0.7209302325581395,0.4583333333333333,1856.57,CARD,SBI,AUTHENTICATION_FAILED,5,RETRY_NOW,1
0.7014925373134329,0.5,5800.09,CARD,KOTAK,CARD_EXPIRED,20,SEND_REMINDER,0
0.7692307692307693,0.5555555555555556,5600.84,CARD,ICICI,BANK_TIMEOUT,10,RETRY_NOW,0
0.863013698630137,0.7,2877.14,UPI,HDFC,BANK_TIMEOUT,23,NO_ACTION,0
0.79,0.7619047619047619,459.89,NETBANKING,KOTAK,NETWORK_ERROR,12,RETRY_LATER,1
0.8888888888888888,0.5,5783.79,CARD,SBI,BANK_TIMEOUT,14,RETRY_LATER,1
0.6666666666666666,0.391304347826087,8238.08,WALLET,KOTAK,INSUFFICIENT_FUNDS,16,RETRY_NOW,0
0.65,0.42857142857142855,1830.0,CARD,KOTAK,INSUFFICIENT_FUNDS,14,NO_ACTION,0
0.7894736842105263,0.5,4162.83,WALLET,ICICI,CARD_EXPIRED,18,RETRY_NOW,1
0.632,0.5217391304347826,2387.53,WALLET,ICICI,LIMIT_EXCEEDED,15,RETRY_NOW,0
0.8421052631578947,0.5,9333.65,CARD,HDFC,INSUFFICIENT_FUNDS,11,NO_ACTION,0
0.6190476190476191,0.375,7177.76,CARD,AXIS,INSUFFICIENT_FUNDS,11,RETRY_NOW,0
0.7383177570093458,0.6071428571428571,1122.84,NETBANKING,ICICI,NETWORK_ERROR,16,RETRY_LATER,1
0.7777777777777778,0.16666666666666666,9197.58,UPI,HDFC,AUTHENTICATION_FAILED,2,RETRY_LATER,0
0.6944444444444444,0.5454545454545454,6355.54,WALLET,HDFC,INSUFFICIENT_FUNDS,19,NO_ACTION,0
0.7777777777777778,0.5,1208.31,UPI,HDFC,CARD_EXPIRED,14,NO_ACTION,0
0.6216216216216216,0.5,1154.05,UPI,KOTAK,INSUFFICIENT_FUNDS,12,RETRY_LATER,0
0.6153846153846154,0.6,8607.65,CARD,KOTAK,INSUFFICIENT_FUNDS,20,NO_ACTION,0
0.9642857142857143,0.0,4232.78,NETBANKING,KOTAK,AUTHENTICATION_FAILED,13,SEND_REMINDER,1
0.7636363636363637,0.38461538461538464,8575.21,NETBANKING,ICICI,NETWORK_ERROR,15,RETRY_NOW,1
0.7804878048780488,0.5555555555555556,2506.73,WALLET,AXIS,CARD_EXPIRED,12,SEND_REMINDER,1
0.68,0.5625,9345.6,NETBANKING,SBI,BANK_TIMEOUT,1,SEND_REMINDER,1
0.3333333333333333,0.5,3453.47,WALLET,AXIS,AUTHENTICATION_FAILED,0,NO_ACTION,0
0.7012987012987013,0.43478260869565216,4295.72,WALLET,AXIS,NETWORK_ERROR,21,RETRY_LATER,1
0.5909090909090909,0.4444444444444444,4961.5,NETBANKING,SBI,NETWORK_ERROR,6,RETRY_NOW,0
0.625,0.4166666666666667,4192.77,UPI,YESBANK,CARD_EXPIRED,12,SEND_REMINDER,0
0.6136363636363636,0.35294117647058826,5929.73,WALLET,AXIS,CARD_EXPIRED,8,RETRY_NOW,0
0.8378378378378378,0.5,2826.3,CARD,ICICI,NETWORK_ERROR,4,NO_ACTION,0
0.6133333333333333,0.5517241379310345,6415.25,CARD,SBI,BANK_TIMEOUT,5,RETRY_LATER,1
0.5714285714285714,0.6666666666666666,2568.11,WALLET,SBI,AUTHENTICATION_FAILED,22,RETRY_NOW,1
0.7714285714285715,0.375,7009.82,UPI,SBI,NETWORK_ERROR,8,RETRY_LATER,0
0.9130434782608695,0.25,1075.25,UPI,YESBANK,CARD_EXPIRED,20,SEND_REMINDER,1
0.8333333333333334,0.0,5825.38,NETBANKING,YESBANK,BANK_TIMEOUT,17,RETRY_LATER,1
0.801980198019802,0.6,7035.59,WALLET,YESBANK,AUTHENTICATION_FAILED,15,RETRY_NOW,1
0.8072289156626506,0.6875,442.11,NETBANKING,KOTAK,LIMIT_EXCEEDED,8,SEND_REMINDER,0
0.8043478260869565,0.4444444444444444,1964.06,WALLET,KOTAK,INSUFFICIENT_FUNDS,21,RETRY_LATER,0
0.6727272727272727,0.3888888888888889,397.39,CARD,HDFC,CARD_EXPIRED,11,RETRY_NOW,1
0.6346153846153846,0.3684210526315789,1593.82,WALLET,ICICI,INSUFFICIENT_FUNDS,0,SEND_REMINDER,0
0.75,1.0,5998.97,NETBANKING,AXIS,CARD_EXPIRED,17,SEND_REMINDER,1
0.6923076923076923,0.6666666666666666,6105.39,WALLET,HDFC,CARD_EXPIRED,0,RETRY_LATER,1
0.5675675675675675,0.375,1069.1,CARD,YESBANK,NETWORK_ERROR,20,RETRY_LATER,0
0.5909090909090909,0.5555555555555556,6997.35,NETBANKING,HDFC,CARD_EXPIRED,14,NO_ACTION,0
0.6818181818181818,0.5714285714285714,2195.04,WALLET,ICICI,INSUFFICIENT_FUNDS,22,NO_ACTION,0
0.6538461538461539,0.3888888888888889,6055.92,NETBANKING,SBI,CARD_EXPIRED,22,RETRY_NOW,0
0.6842105263157895,0.5833333333333334,6505.92,WALLET,SBI,AUTHENTICATION_FAILED,9,NO_ACTION,0
0.7142857142857143,0.3125,2068.02,WALLET,ICICI,LIMIT_EXCEEDED,1,SEND_REMINDER,1
0.6666666666666666,0.6666666666666666,3492.67,CARD,ICICI,CARD_EXPIRED,5,RETRY_NOW,0
0.7166666666666667,0.4411764705882353,8561.33,UPI,SBI,CARD_EXPIRED,17,NO_ACTION,0
0.8305084745762712,0.3,3380.07,NETBANKING,SBI,LIMIT_EXCEEDED,16,NO_ACTION,0
0.6538461538461539,0.5925925925925926,5170.88,CARD,YESBANK,BANK_TIMEOUT,21,RETRY_LATER,1
0.8181818181818182,0.3125,5245.92,UPI,KOTAK,LIMIT_EXCEEDED,23,RETRY_LATER,1
0.8888888888888888,0.16666666666666666,8863.51,UPI,AXIS,CARD_EXPIRED,11,NO_ACTION,0
0.75,0.875,175.47,WALLET,SBI,CARD_EXPIRED,10,RETRY_LATER,0
0.0,0.75,2915.09,WALLET,KOTAK,LIMIT_EXCEEDED,12,SEND_REMINDER,1
0.7868852459016393,0.46153846153846156,3479.7,NETBANKING,SBI,NETWORK_ERROR,5,SEND_REMINDER,1
0.896551724137931,1.0,9964.3,NETBANKING,AXIS,BANK_TIMEOUT,13,NO_ACTION,0
0.7107438016528925,0.7428571428571429,4297.16,CARD,ICICI,LIMIT_EXCEEDED,3,RETRY_NOW,0
0.6,0.6,8505.9,WALLET,YESBANK,BANK_TIMEOUT,15,RETRY_LATER,1
0.664,0.5476190476190477,5076.04,UPI,AXIS,LIMIT_EXCEEDED,9,RETRY_LATER,1
0.6415094339622641,0.47368421052631576,681.72,WALLET,SBI,BANK_TIMEOUT,12,RETRY_NOW,1
0.75,0.4666666666666667,4420.41,CARD,YESBANK,INSUFFICIENT_FUNDS,22,RETRY_NOW,0
0.7652173913043478,0.4444444444444444,1145.82,WALLET,KOTAK,INSUFFICIENT_FUNDS,5,RETRY_NOW,1
0.632,0.5217391304347826,2387.53,WALLET,ICICI,LIMIT_EXCEEDED,15,SEND_REMINDER,0
0.0,0.0,692.94,NETBANKING,YESBANK,NETWORK_ERROR,17,RETRY_LATER,1
0.8333333333333334,0.5,7883.22,NETBANKING,KOTAK,CARD_EXPIRED,11,RETRY_NOW,1
0.5714285714285714,1.0,9481.49,NETBANKING,YESBANK,INSUFFICIENT_FUNDS,3,SEND_REMINDER,0
0.3333333333333333,0.25,4309.2,UPI,YESBANK,AUTHENTICATION_FAILED,8,NO_ACTION,0
0.5625,0.2857142857142857,8323.18,WALLET,AXIS,INSUFFICIENT_FUNDS,3,SEND_REMINDER,1
0.0,0.0,5856.79,WALLET,AXIS,CARD_EXPIRED,19,NO_ACTION,0
0.5,0.0,7337.83,CARD,ICICI,LIMIT_EXCEEDED,18,NO_ACTION,0
0.6567164179104478,0.391304347826087,3487.28,UPI,HDFC,INSUFFICIENT_FUNDS,22,NO_ACTION,0
0.9310344827586207,0.5,5299.21,UPI,KOTAK,LIMIT_EXCEEDED,18,NO_ACTION,0
0.6666666666666666,0.5,2882.43,WALLET,AXIS,BANK_TIMEOUT,13,SEND_REMINDER,0
0.6890756302521008,0.4864864864864865,7300.92,WALLET,KOTAK,LIMIT_EXCEEDED,4,RETRY_NOW,0
0.8,0.0,6682.66,NETBANKING,ICICI,CARD_EXPIRED,2,RETRY_NOW,0
0.8541666666666666,0.5714285714285714,1201.07,NETBANKING,AXIS,AUTHENTICATION_FAILED,2,RETRY_LATER,1
0.803921568627451,0.5,1318.53,NETBANKING,YESBANK,LIMIT_EXCEEDED,19,SEND_REMINDER,0
0.8769230769230769,0.25,6633.81,UPI,AXIS,CARD_EXPIRED,15,SEND_REMINDER,0
0.6,0.5,6446.08,UPI,SBI,BANK_TIMEOUT,1,RETRY_LATER,1
0.3333333333333333,0.25,4309.2,UPI,YESBANK,AUTHENTICATION_FAILED,8,RETRY_LATER,0
0.78,0.5454545454545454,1603.54,WALLET,HDFC,LIMIT_EXCEEDED,4,NO_ACTION,0
0.7368421052631579,0.4,4970.11,CARD,AXIS,INSUFFICIENT_FUNDS,13,RETRY_NOW,1
0.6666666666666666,0.6428571428571429,7489.06,NETBANKING,YESBANK,AUTHENTICATION_FAILED,20,SEND_REMINDER,1
0.7258064516129032,0.47058823529411764,5665.71,WALLET,YESBANK,AUTHENTICATION_FAILED,18,NO_ACTION,0
0.7083333333333334,0.42857142857142855,5218.75,NETBANKING,AXIS,AUTHENTICATION_FAILED,13,RETRY_LATER,0
0.75,0.4666666666666667,2542.06,CARD,YESBANK,INSUFFICIENT_FUNDS,2,RETRY_NOW,0
0.631578947368421,0.6428571428571429,4046.48,CARD,SBI,NETWORK_ERROR,10,NO_ACTION,0
0.851063829787234,0.7142857142857143,9360.11,WALLET,ICICI,NETWORK_ERROR,12,SEND_REMINDER,0
0.0,0.0,6561.88,NETBANKING,YESBANK,BANK_TIMEOUT,6,RETRY_NOW,0
0.8021978021978022,0.5555555555555556,8578.19,NETBANKING,KOTAK,CARD_EXPIRED,1,NO_ACTION,0
0.75,0.7419354838709677,950.43,WALLET,YESBANK,INSUFFICIENT_FUNDS,22,NO_ACTION,0
0.6111111111111112,0.5,518.55,NETBANKING,KOTAK,NETWORK_ERROR,20,RETRY_NOW,0
0.8333333333333334,0.625,4658.23,NETBANKING,AXIS,AUTHENTICATION_FAILED,14,RETRY_LATER,1
0.75,0.0,9145.21,UPI,HDFC,AUTHENTICATION_FAILED,23,RETRY_NOW,0
0.6,0.0,2198.66,WALLET,ICICI,CARD_EXPIRED,14,NO_ACTION,0
0.6923076923076923,0.5,556.63,NETBANKING,AXIS,LIMIT_EXCEEDED,11,SEND_REMINDER,0
0.7741935483870968,0.42857142857142855,6717.29,NETBANKING,KOTAK,NETWORK_ERROR,17,RETRY_NOW,1
0.78125,0.2857142857142857,1034.28,WALLET,AXIS,LIMIT_EXCEEDED,20,NO_ACTION,0
0.9090909090909091,0.0,4160.07,CARD,KOTAK,CARD_EXPIRED,11,RETRY_NOW,0
0.675,0.46153846153846156,3508.42,UPI,SBI,NETWORK_ERROR,15,NO_ACTION,0
0.7307692307692307,0.6428571428571429,832.94,WALLET,KOTAK,CARD_EXPIRED,8,SEND_REMINDER,0
0.7777777777777778,0.5,1701.54,UPI,SBI,AUTHENTICATION_FAILED,20,SEND_REMINDER,1
0.813953488372093,0.625,1251.53,WALLET,HDFC,BANK_TIMEOUT,4,NO_ACTION,0
0.7037037037037037,0.5,3722.44,NETBANKING,SBI,AUTHENTICATION_FAILED,11,RETRY_LATER,1
0.7027027027027027,0.45454545454545453,1178.98,CARD,KOTAK,CARD_EXPIRED,23,SEND_REMINDER,1
0.6956521739130435,0.42857142857142855,9617.26,CARD,HDFC,AUTHENTICATION_FAILED,9,RETRY_NOW,1
0.8131868131868132,0.5882352941176471,1766.81,CARD,ICICI,LIMIT_EXCEEDED,11,SEND_REMINDER,0
0.875,1.0,7781.29,CARD,KOTAK,CARD_EXPIRED,19,RETRY_LATER,1
0.62,0.6842105263157895,5905.93,CARD,KOTAK,CARD_EXPIRED,1,SEND_REMINDER,1
0.7322834645669292,0.5882352941176471,1802.03,NETBANKING,ICICI,NETWORK_ERROR,23,RETRY_NOW,0
0.8888888888888888,0.0,6482.48,NETBANKING,ICICI,AUTHENTICATION_FAILED,22,SEND_REMINDER,1
0.7058823529411765,0.4,6287.1,WALLET,AXIS,INSUFFICIENT_FUNDS,12,RETRY_LATER,0
0.7391304347826086,0.6666666666666666,7183.24,NETBANKING,ICICI,INSUFFICIENT_FUNDS,20,SEND_REMINDER,1
0.7948717948717948,0.5,813.12,CARD,AXIS,NETWORK_ERROR,16,RETRY_LATER,1
0.6470588235294118,0.5,1532.98,WALLET,SBI,AUTHENTICATION_FAILED,15,RETRY_NOW,0
0.7894736842105263,0.5,3497.7,CARD,ICICI,INSUFFICIENT_FUNDS,0,NO_ACTION,0
0.5384615384615384,0.5,4815.65,NETBANKING,KOTAK,NETWORK_ERROR,10,RETRY_NOW,1
0.8072289156626506,0.5,1357.08,NETBANKING,AXIS,INSUFFICIENT_FUNDS,22,RETRY_LATER,0
0.6050420168067226,0.5319148936170213,6641.76,NETBANKING,ICICI,AUTHENTICATION_FAILED,5,RETRY_NOW,0
0.8378378378378378,0.5833333333333334,4508.41,NETBANKING,AXIS,AUTHENTICATION_FAILED,12,SEND_REMINDER,1
0.8125,0.4166666666666667,9146.48,NETBANKING,KOTAK,INSUFFICIENT_FUNDS,6,SEND_REMINDER,1
0.9090909090909091,0.25,8578.31,NETBANKING,HDFC,AUTHENTICATION_FAILED,18,RETRY_LATER,0
0.7333333333333333,0.75,9186.9,NETBANKING,SBI,AUTHENTICATION_FAILED,4,RETRY_LATER,1
0.7959183673469388,0.8,6393.39,WALLET,KOTAK,AUTHENTICATION_FAILED,13,NO_ACTION,0
0.5675675675675675,0.375,1192.95,UPI,AXIS,BANK_TIMEOUT,18,SEND_REMINDER,0
0.6666666666666666,0.0,8279.03,UPI,AXIS,LIMIT_EXCEEDED,13,NO_ACTION,0
0.7575757575757576,0.75,311.89,UPI,ICICI,INSUFFICIENT_FUNDS,23,RETRY_LATER,0
0.5,0.6666666666666666,4327.49,UPI,ICICI,BANK_TIMEOUT,13,NO_ACTION,0
0.6981132075471698,0.375,7144.46,NETBANKING,YESBANK,CARD_EXPIRED,15,SEND_REMINDER,1
0.7692307692307693,0.6666666666666666,3190.99,WALLET,ICICI,NETWORK_ERROR,15,RETRY_LATER,1
0.5833333333333334,0.3,2531.84,NETBANKING,AXIS,AUTHENTICATION_FAILED,21,SEND_REMINDER,0
0.5909090909090909,0.4444444444444444,4552.41,WALLET,AXIS,CARD_EXPIRED,14,RETRY_NOW,1
0.8,1.0,8137.96,CARD,AXIS,INSUFFICIENT_FUNDS,16,RETRY_LATER,1
0.47368421052631576,0.5,5271.85,NETBANKING,YESBANK,BANK_TIMEOUT,23,NO_ACTION,0
0.8333333333333334,0.5,7883.22,NETBANKING,KOTAK,CARD_EXPIRED,11,NO_ACTION,0
0.7659574468085106,0.5454545454545454,3783.67,UPI,SBI,INSUFFICIENT_FUNDS,14,NO_ACTION,0
0.8333333333333334,0.6428571428571429,6907.93,NETBANKING,AXIS,NETWORK_ERROR,15,RETRY_NOW,0
0.7142857142857143,0.5833333333333334,8787.3,NETBANKING,SBI,AUTHENTICATION_FAILED,10,SEND_REMINDER,1
0.725,0.5909090909090909,5353.28,CARD,ICICI,BANK_TIMEOUT,19,RETRY_LATER,1
0.5,0.3333333333333333,1062.93,NETBANKING,ICICI,CARD_EXPIRED,15,SEND_REMINDER,0
0.8533333333333334,0.45454545454545453,9697.48,CARD,KOTAK,BANK_TIMEOUT,7,RETRY_LATER,1
0.4594594594594595,0.45,6647.22,WALLET,YESBANK,NETWORK_ERROR,5,NO_ACTION,0
0.75,0.0,5783.13,UPI,SBI,NETWORK_ERROR,0,RETRY_LATER,1
0.775,0.6111111111111112,342.52,CARD,AXIS,AUTHENTICATION_FAILED,2,RETRY_NOW,1
0.2,0.75,7701.85,CARD,SBI,NETWORK_ERROR,13,RETRY_NOW,1
0.625,0.6666666666666666,1568.22,UPI,HDFC,LIMIT_EXCEEDED,18,RETRY_LATER,0
0.7407407407407407,0.7142857142857143,923.56,NETBANKING,ICICI,AUTHENTICATION_FAILED,0,RETRY_NOW,1
0.5428571428571428,0.5,4686.75,CARD,HDFC,AUTHENTICATION_FAILED,11,RETRY_LATER,0
0.8260869565217391,0.5,6949.01,WALLET,KOTAK,LIMIT_EXCEEDED,1,SEND_REMINDER,0
0.7941176470588235,0.2857142857142857,8756.82,UPI,AXIS,AUTHENTICATION_FAILED,9,NO_ACTION,0
0.8292682926829268,0.42857142857142855,4408.6,NETBANKING,KOTAK,BANK_TIMEOUT,8,RETRY_NOW,0
0.7397260273972602,0.42105263157894735,7059.95,NETBANKING,HDFC,NETWORK_ERROR,5,RETRY_NOW,1
0.7192982456140351,0.5,5651.89,NETBANKING,SBI,LIMIT_EXCEEDED,18,RETRY_NOW,0
0.6271186440677966,0.5,9536.76,UPI,ICICI,NETWORK_ERROR,14,SEND_REMINDER,0
0.7368421052631579,0.4,525.31,NETBANKING,AXIS,LIMIT_EXCEEDED,3,SEND_REMINDER,1
0.926829268292683,1.0,4713.17,NETBANKING,HDFC,CARD_EXPIRED,7,RETRY_NOW,1
0.25,1.0,7049.25,WALLET,ICICI,AUTHENTICATION_FAILED,16,SEND_REMINDER,1
0.7560975609756098,0.6,5192.99,CARD,KOTAK,BANK_TIMEOUT,1,RETRY_NOW,1
0.7333333333333333,0.75,4193.65,WALLET,HDFC,AUTHENTICATION_FAILED,14,RETRY_LATER,0
0.6715328467153284,0.6444444444444445,5276.4,CARD,HDFC,CARD_EXPIRED,8,NO_ACTION,0
0.6837606837606838,0.3783783783783784,2011.03,CARD,ICICI,CARD_EXPIRED,15,SEND_REMINDER,0
0.7848101265822784,0.4117647058823529,5903.89,WALLET,HDFC,AUTHENTICATION_FAILED,8,RETRY_LATER,0
0.8285714285714286,0.4166666666666667,209.01,WALLET,AXIS,CARD_EXPIRED,8,RETRY_LATER,0
0.7547169811320755,0.46153846153846156,2823.5,NETBANKING,ICICI,NETWORK_ERROR,23,SEND_REMINDER,1
0.9090909090909091,0.0,7876.26,WALLET,YESBANK,LIMIT_EXCEEDED,14,SEND_REMINDER,1
0.7777777777777778,0.3333333333333333,1081.77,NETBANKING,KOTAK,INSUFFICIENT_FUNDS,21,RETRY_LATER,0
0.6666666666666666,0.3125,2334.78,NETBANKING,AXIS,AUTHENTICATION_FAILED,7,NO_ACTION,0
0.7368421052631579,0.5,1094.04,UPI,HDFC,LIMIT_EXCEEDED,10,RETRY_LATER,1
0.7464788732394366,0.5,9693.8,NETBANKING,AXIS,NETWORK_ERROR,17,NO_ACTION,0
0.9369369369369369,0.5714285714285714,5254.26,UPI,KOTAK,CARD_EXPIRED,7,SEND_REMINDER,1
0.8333333333333334,0.5,9163.18,WALLET,HDFC,LIMIT_EXCEEDED,21,SEND_REMINDER,1
0.7926829268292683,0.5294117647058824,8130.89,CARD,KOTAK,CARD_EXPIRED,21,SEND_REMINDER,1
0.49056603773584906,0.48148148148148145,4363.23,WALLET,KOTAK,INSUFFICIENT_FUNDS,4,SEND_REMINDER,0
0.6666666666666666,1.0,4354.1,NETBANKING,KOTAK,AUTHENTICATION_FAILED,14,RETRY_LATER,0
0.92,0.5,1940.5,CARD,ICICI,LIMIT_EXCEEDED,14,SEND_REMINDER,0
0.6379310344827587,0.47619047619047616,7552.01,UPI,AXIS,INSUFFICIENT_FUNDS,4,RETRY_NOW,0
0.7333333333333333,0.25,3910.25,NETBANKING,YESBANK,INSUFFICIENT_FUNDS,10,SEND_REMINDER,0
0.6666666666666666,1.0,9023.87,CARD,SBI,AUTHENTICATION_FAILED,6,NO_ACTION,0
0.6710526315789473,0.48,4222.18,CARD,AXIS,INSUFFICIENT_FUNDS,21,NO_ACTION,0
0.7391304347826086,0.8,9174.79,NETBANKING,KOTAK,INSUFFICIENT_FUNDS,18,RETRY_LATER,0
0.5625,0.2857142857142857,1447.89,WALLET,KOTAK,BANK_TIMEOUT,11,RETRY_NOW,0
0.8909090909090909,0.6666666666666666,8349.18,WALLET,HDFC,INSUFFICIENT_FUNDS,3,RETRY_LATER,1
0.9534883720930233,1.0,3137.85,UPI,KOTAK,BANK_TIMEOUT,16,SEND_REMINDER,0
0.7207207207207207,0.41935483870967744,7957.7,CARD,KOTAK,CARD_EXPIRED,12,RETRY_NOW,1
0.8888888888888888,0.16666666666666666,8863.51,UPI,AXIS,CARD_EXPIRED,11,RETRY_LATER,0
0.8,0.4,8105.26,UPI,SBI,LIMIT_EXCEEDED,17,RETRY_LATER,0
0.8082191780821918,0.42857142857142855,3432.72,CARD,HDFC,BANK_TIMEOUT,10,RETRY_NOW,1
0.6607142857142857,0.5789473684210527,3102.38,WALLET,KOTAK,INSUFFICIENT_FUNDS,23,RETRY_NOW,0
0.6818181818181818,0.6428571428571429,534.05,NETBANKING,KOTAK,BANK_TIMEOUT,12,NO_ACTION,0
0.6833333333333333,0.47368421052631576,5267.36,NETBANKING,YESBANK,BANK_TIMEOUT,23,RETRY_LATER,1
0.3333333333333333,0.5,3300.42,NETBANKING,KOTAK,LIMIT_EXCEEDED,9,NO_ACTION,0
0.8,0.375,1222.82,CARD,HDFC,AUTHENTICATION_FAILED,0,SEND_REMINDER,0
0.9206349206349206,0.8,7656.99,UPI,SBI,INSUFFICIENT_FUNDS,16,RETRY_LATER,0
0.8604651162790697,0.5833333333333334,1065.42,NETBANKING,KOTAK,CARD_EXPIRED,19,RETRY_NOW,1
0.5,0.0,5571.78,NETBANKING,YESBANK,BANK_TIMEOUT,2,RETRY_LATER,0
0.6086956521739131,0.5555555555555556,3565.2,UPI,AXIS,BANK_TIMEOUT,6,RETRY_LATER,0
0.8416666666666667,0.47368421052631576,7101.12,WALLET,SBI,NETWORK_ERROR,7,NO_ACTION,0
0.6630434782608695,0.3548387096774194,5041.61,WALLET,SBI,NETWORK_ERROR,5,RETRY_LATER,0
0.65,0.5,1523.07,UPI,ICICI,CARD_EXPIRED,2,SEND_REMINDER,0
0.782608695652174,0.4666666666666667,9655.41,NETBANKING,KOTAK,NETWORK_ERROR,2,RETRY_LATER,0
0.7073170731707317,0.4166666666666667,9001.42,UPI,HDFC,CARD_EXPIRED,1,RETRY_LATER,1
0.9166666666666666,0.0,8928.62,NETBANKING,ICICI,LIMIT_EXCEEDED,20,RETRY_LATER,0
0.5098039215686274,0.48,3202.38,UPI,HDFC,NETWORK_ERROR,3,SEND_REMINDER,0
0.5,0.0,2947.16,NETBANKING,SBI,AUTHENTICATION_FAILED,10,SEND_REMINDER,0
0.6774193548387096,0.6,406.36,NETBANKING,ICICI,NETWORK_ERROR,16,NO_ACTION,0
0.8333333333333334,0.4,5177.17,WALLET,YESBANK,NETWORK_ERROR,15,RETRY_LATER,1
0.6415094339622641,0.47368421052631576,7294.19,WALLET,KOTAK,BANK_TIMEOUT,0,RETRY_NOW,1
0.7272727272727273,0.5555555555555556,2349.73,NETBANKING,ICICI,INSUFFICIENT_FUNDS,16,RETRY_NOW,0
0.8888888888888888,0.5,543.6,CARD,SBI,LIMIT_EXCEEDED,3,RETRY_NOW,0
0.8636363636363636,0.3333333333333333,8350.5,UPI,HDFC,AUTHENTICATION_FAILED,21,RETRY_LATER,0
0.7457627118644068,0.5333333333333333,6080.65,CARD,KOTAK,BANK_TIMEOUT,21,NO_ACTION,0
0.6923076923076923,0.3888888888888889,7873.52,NETBANKING,YESBANK,NETWORK_ERROR,15,NO_ACTION,0
0.6153846153846154,0.4,5490.86,CARD,KOTAK,BANK_TIMEOUT,23,RETRY_LATER,1
0.7419354838709677,0.625,2763.73,NETBANKING,SBI,CARD_EXPIRED,23,RETRY_NOW,0
0.6666666666666666,0.0,6582.3,WALLET,YESBANK,INSUFFICIENT_FUNDS,6,SEND_REMINDER,0
0.8260869565217391,0.25,256.01,CARD,ICICI,CARD_EXPIRED,2,SEND_REMINDER,0
0.8507462686567164,0.4,8314.03,CARD,AXIS,INSUFFICIENT_FUNDS,7,RETRY_NOW,0
0.9333333333333333,0.0,6422.63,NETBANKING,SBI,AUTHENTICATION_FAILED,4,RETRY_LATER,0
0.68,0.75,3045.12,NETBANKING,ICICI,AUTHENTICATION_FAILED,9,NO_ACTION,0
0.7878787878787878,0.42857142857142855,6032.19,CARD,AXIS,AUTHENTICATION_FAILED,3,NO_ACTION,0
0.6111111111111112,0.8571428571428571,7813.37,WALLET,HDFC,NETWORK_ERROR,18,RETRY_NOW,1
0.7948717948717948,0.25,7989.4,UPI,YESBANK,LIMIT_EXCEEDED,5,NO_ACTION,0
0.8,0.5454545454545454,9672.65,CARD,ICICI,CARD_EXPIRED,15,SEND_REMINDER,0
0.6346153846153846,0.3684210526315789,4385.72,CARD,AXIS,NETWORK_ERROR,1,SEND_REMINDER,0
0.625,0.6666666666666666,6752.87,NETBANKING,HDFC,AUTHENTICATION_FAILED,6,RETRY_LATER,0
0.631578947368421,0.42857142857142855,8525.91,NETBANKING,YESBANK,NETWORK_ERROR,4,RETRY_NOW,1
0.673469387755102,0.5625,1141.92,CARD,YESBANK,LIMIT_EXCEEDED,22,NO_ACTION,0
0.8333333333333334,0.5,9163.18,WALLET,HDFC,LIMIT_EXCEEDED,21,NO_ACTION,0
0.782051282051282,0.35294117647058826,5357.75,NETBANKING,AXIS,BANK_TIMEOUT,15,NO_ACTION,0
0.6170212765957447,0.2777777777777778,1023.77,WALLET,SBI,INSUFFICIENT_FUNDS,15,RETRY_NOW,0
0.3,0.7142857142857143,8198.27,UPI,ICICI,LIMIT_EXCEEDED,13,SEND_REMINDER,1
0.8133333333333334,0.7857142857142857,4344.68,NETBANKING,HDFC,AUTHENTICATION_FAILED,9,NO_ACTION,0
0.825,0.5714285714285714,6362.4,WALLET,ICICI,INSUFFICIENT_FUNDS,15,SEND_REMINDER,0
0.5238095238095238,0.6,5751.04,CARD,KOTAK,NETWORK_ERROR,17,NO_ACTION,0
0.5,0.0,5109.23,CARD,KOTAK,LIMIT_EXCEEDED,16,RETRY_LATER,0
0.7586206896551724,0.35714285714285715,6879.48,UPI,YESBANK,AUTHENTICATION_FAILED,17,RETRY_LATER,0
0.9354838709677419,0.5,360.76,WALLET,ICICI,BANK_TIMEOUT,11,RETRY_LATER,0
0.7738095238095238,0.3157894736842105,9205.5,WALLET,KOTAK,AUTHENTICATION_FAILED,22,RETRY_LATER,0
0.75,0.6666666666666666,7494.39,WALLET,KOTAK,BANK_TIMEOUT,1,SEND_REMINDER,0
0.8775510204081632,0.8333333333333334,1656.69,NETBANKING,KOTAK,NETWORK_ERROR,13,NO_ACTION,0
0.8333333333333334,1.0,5186.86,WALLET,SBI,CARD_EXPIRED,12,NO_ACTION,0
0.8,0.3,2546.01,UPI,ICICI,AUTHENTICATION_FAILED,21,RETRY_NOW,1
0.7862595419847328,0.35714285714285715,8053.1,WALLET,AXIS,CARD_EXPIRED,15,NO_ACTION,0
0.8125,0.5555555555555556,3166.47,NETBANKING,AXIS,CARD_EXPIRED,0,SEND_REMINDER,1
0.75,0.9,6345.9,NETBANKING,ICICI,AUTHENTICATION_FAILED,15,RETRY_LATER,0
0.8888888888888888,0.5,9766.44,CARD,HDFC,LIMIT_EXCEEDED,7,RETRY_NOW,0
0.8095238095238095,0.25,1249.16,WALLET,ICICI,BANK_TIMEOUT,15,NO_ACTION,0
0.65625,0.5454545454545454,9326.3,CARD,YESBANK,LIMIT_EXCEEDED,14,RETRY_NOW,0
0.5609756097560976,0.5,3717.54,NETBANKING,AXIS,INSUFFICIENT_FUNDS,1,SEND_REMINDER,0
0.7924528301886793,0.5454545454545454,1206.92,WALLET,YESBANK,LIMIT_EXCEEDED,22,NO_ACTION,0
0.6821705426356589,0.3902439024390244,8149.83,UPI,ICICI,NETWORK_ERROR,11,SEND_REMINDER,0
0.3333333333333333,0.0,8254.11,NETBANKING,SBI,AUTHENTICATION_FAILED,19,NO_ACTION,0
0.69,0.3870967741935484,6920.28,UPI,AXIS,NETWORK_ERROR,20,NO_ACTION,0
0.7843137254901961,0.6363636363636364,9525.22,CARD,HDFC,BANK_TIMEOUT,17,SEND_REMINDER,0
0.7368421052631579,0.4,7840.91,WALLET,HDFC,BANK_TIMEOUT,11,SEND_REMINDER,0
0.75,0.4,4474.11,UPI,SBI,AUTHENTICATION_FAILED,22,NO_ACTION,0
0.9130434782608695,0.625,467.53,WALLET,ICICI,INSUFFICIENT_FUNDS,20,SEND_REMINDER,0
0.7666666666666667,0.7142857142857143,2210.01,CARD,SBI,NETWORK_ERROR,20,RETRY_LATER,1
0.7777777777777778,0.5,8152.7,WALLET,SBI,BANK_TIMEOUT,7,RETRY_NOW,0
0.7547169811320755,0.46153846153846156,4191.56,UPI,ICICI,CARD_EXPIRED,21,RETRY_LATER,0
0.7027027027027027,0.45454545454545453,1164.95,CARD,KOTAK,LIMIT_EXCEEDED,8,SEND_REMINDER,0
0.6233766233766234,0.4482758620689655,5208.02,CARD,HDFC,BANK_TIMEOUT,18,NO_ACTION,0
0.8695652173913043,1.0,4427.3,CARD,AXIS,AUTHENTICATION_FAILED,10,RETRY_NOW,0
0.6153846153846154,0.3,5537.4,CARD,HDFC,NETWORK_ERROR,20,SEND_REMINDER,0
0.6666666666666666,1.0,3607.28,NETBANKING,YESBANK,LIMIT_EXCEEDED,6,RETRY_NOW,1
0.76,0.3333333333333333,8638.83,WALLET,ICICI,CARD_EXPIRED,8,SEND_REMINDER,1
0.7888888888888889,0.5789473684210527,738.61,NETBANKING,AXIS,NETWORK_ERROR,11,RETRY_LATER,0
0.7974683544303798,0.5,4609.74,UPI,YESBANK,NETWORK_ERROR,16,NO_ACTION,0
0.5714285714285714,0.3333333333333333,4814.72,NETBANKING,YESBANK,BANK_TIMEOUT,10,RETRY_LATER,1
0.6666666666666666,0.47058823529411764,4962.07,UPI,KOTAK,NETWORK_ERROR,14,SEND_REMINDER,0
0.8089887640449438,0.35294117647058826,1654.12,UPI,HDFC,NETWORK_ERROR,11,NO_ACTION,0
0.8125,0.16666666666666666,3156.69,UPI,SBI,LIMIT_EXCEEDED,22,NO_ACTION,0
0.6,0.25,5655.6,NETBANKING,HDFC,INSUFFICIENT_FUNDS,17,RETRY_LATER,0
0.75,0.8,2821.73,WALLET,AXIS,LIMIT_EXCEEDED,17,RETRY_NOW,1
0.8412698412698413,0.8,6483.73,UPI,YESBANK,NETWORK_ERROR,21,SEND_REMINDER,1
0.9069767441860465,0.375,2797.17,CARD,KOTAK,BANK_TIMEOUT,0,RETRY_NOW,1
0.7808219178082192,0.5625,7347.96,UPI,HDFC,INSUFFICIENT_FUNDS,1,NO_ACTION,0
0.47368421052631576,0.3,4147.58,NETBANKING,HDFC,CARD_EXPIRED,6,RETRY_NOW,0
0.6716417910447762,0.7272727272727273,7789.42,NETBANKING,HDFC,BANK_TIMEOUT,7,RETRY_NOW,1
0.7169811320754716,0.6,9450.69,UPI,SBI,BANK_TIMEOUT,12,RETRY_LATER,1
0.5,1.0,8508.57,CARD,AXIS,CARD_EXPIRED,0,SEND_REMINDER,1
0.75,0.3333333333333333,6879.43,WALLET,HDFC,CARD_EXPIRED,3,RETRY_LATER,0
0.66,0.5882352941176471,4077.64,WALLET,KOTAK,AUTHENTICATION_FAILED,3,NO_ACTION,0
0.8636363636363636,0.6666666666666666,5046.3,WALLET,ICICI,CARD_EXPIRED,7,RETRY_NOW,1
0.7323943661971831,0.47368421052631576,4694.02,UPI,KOTAK,NETWORK_ERROR,8,RETRY_NOW,1
0.5,1.0,6452.71,WALLET,HDFC,LIMIT_EXCEEDED,19,SEND_REMINDER,1
0.7419354838709677,0.625,2384.43,UPI,KOTAK,AUTHENTICATION_FAILED,11,RETRY_LATER,1
0.6938775510204082,0.6,1163.58,WALLET,YESBANK,AUTHENTICATION_FAILED,9,RETRY_LATER,1
0.8214285714285714,0.8,9569.91,CARD,ICICI,LIMIT_EXCEEDED,0,RETRY_LATER,0
0.7906976744186046,0.5555555555555556,3772.08,UPI,SBI,INSUFFICIENT_FUNDS,15,RETRY_NOW,0
0.6363636363636364,0.25,6336.0,UPI,SBI,BANK_TIMEOUT,9,RETRY_LATER,0
0.8775510204081632,0.6666666666666666,9155.92,NETBANKING,HDFC,CARD_EXPIRED,23,RETRY_NOW,0
0.5,0.0,2243.5,UPI,AXIS,NETWORK_ERROR,19,RETRY_NOW,0
0.5769230769230769,0.36363636363636365,5103.65,WALLET,ICICI,CARD_EXPIRED,15,NO_ACTION,0
0.6831683168316832,0.5,7479.23,WALLET,HDFC,CARD_EXPIRED,5,SEND_REMINDER,0
0.8064516129032258,0.5,3500.28,CARD,ICICI,CARD_EXPIRED,6,SEND_REMINDER,1
0.6415094339622641,0.47368421052631576,7294.19,WALLET,KOTAK,BANK_TIMEOUT,0,SEND_REMINDER,0
0.9193548387096774,0.6,7771.93,CARD,KOTAK,NETWORK_ERROR,7,RETRY_LATER,1
0.6,0.625,5329.5,WALLET,AXIS,AUTHENTICATION_FAILED,4,SEND_REMINDER,1
0.0,1.0,8849.26,NETBANKING,KOTAK,INSUFFICIENT_FUNDS,14,SEND_REMINDER,0
0.8041237113402062,0.5789473684210527,2401.04,NETBANKING,AXIS,INSUFFICIENT_FUNDS,6,NO_ACTION,0
0.725,0.2727272727272727,4441.28,CARD,ICICI,AUTHENTICATION_FAILED,8,RETRY_LATER,0
0.8625,0.7272727272727273,1919.13,CARD,YESBANK,AUTHENTICATION_FAILED,21,SEND_REMINDER,1
0.8571428571428571,0.75,5993.02,NETBANKING,KOTAK,AUTHENTICATION_FAILED,18,RETRY_NOW,1
0.7551020408163265,0.75,7973.7,CARD,AXIS,BANK_TIMEOUT,16,NO_ACTION,0
0.8703703703703703,0.5714285714285714,8301.18,NETBANKING,AXIS,NETWORK_ERROR,6,RETRY_NOW,0
0.6323529411764706,0.52,4911.68,WALLET,YESBANK,AUTHENTICATION_FAILED,9,SEND_REMINDER,1
0.7222222222222222,0.4,5846.44,NETBANKING,YESBANK,INSUFFICIENT_FUNDS,3,NO_ACTION,0
0.3333333333333333,0.0,8254.11,NETBANKING,SBI,AUTHENTICATION_FAILED,19,RETRY_LATER,0
0.9294117647058824,0.5,1911.34,WALLET,SBI,AUTHENTICATION_FAILED,9,SEND_REMINDER,1
0.673469387755102,0.5625,4097.89,UPI,HDFC,AUTHENTICATION_FAILED,8,SEND_REMINDER,1
0.8125,0.5,9070.78,NETBANKING,YESBANK,NETWORK_ERROR,14,RETRY_NOW,1
0.6875,0.5,7010.26,NETBANKING,YESBANK,LIMIT_EXCEEDED,12,RETRY_NOW,0
0.75,0.5,3684.86,NETBANKING,SBI,LIMIT_EXCEEDED,2,SEND_REMINDER,1
0.7258064516129032,0.6470588235294118,5836.32,WALLET,KOTAK,BANK_TIMEOUT,11,SEND_REMINDER,1
0.9,0.5,4668.24,UPI,AXIS,NETWORK_ERROR,21,NO_ACTION,0
0.75,0.5,2946.18,NETBANKING,YESBANK,NETWORK_ERROR,23,RETRY_NOW,0
0.6511627906976745,0.7333333333333333,4212.75,CARD,ICICI,INSUFFICIENT_FUNDS,23,NO_ACTION,0
0.803921568627451,0.5,6798.17,UPI,HDFC,INSUFFICIENT_FUNDS,14,RETRY_NOW,1
0.7857142857142857,0.5833333333333334,4426.38,NETBANKING,KOTAK,NETWORK_ERROR,13,NO_ACTION,0
0.8387096774193549,0.4,5737.74,NETBANKING,AXIS,NETWORK_ERROR,8,RETRY_NOW,1
0.8260869565217391,0.5,8003.71,WALLET,KOTAK,BANK_TIMEOUT,7,RETRY_NOW,0
0.5882352941176471,0.42857142857142855,9196.33,WALLET,ICICI,INSUFFICIENT_FUNDS,13,SEND_REMINDER,0
0.7247706422018348,0.6333333333333333,1391.57,WALLET,KOTAK,CARD_EXPIRED,22,NO_ACTION,0
0.7,0.3333333333333333,8760.32,CARD,SBI,BANK_TIMEOUT,20,RETRY_LATER,0
0.8545454545454545,0.625,2328.65,CARD,KOTAK,NETWORK_ERROR,2,NO_ACTION,0
0.5652173913043478,0.5,5312.08,CARD,KOTAK,AUTHENTICATION_FAILED,7,NO_ACTION,0
0.8073394495412844,0.6190476190476191,4833.01,UPI,SBI,NETWORK_ERROR,21,NO_ACTION,0
0.7666666666666667,0.7142857142857143,4001.48,CARD,KOTAK,NETWORK_ERROR,6,NO_ACTION,0
0.9166666666666666,1.0,5024.1,CARD,KOTAK,AUTHENTICATION_FAILED,8,NO_ACTION,0
0.8214285714285714,0.4,8493.98,WALLET,AXIS,CARD_EXPIRED,17,RETRY_NOW,1
0.0,1.0,6003.28,CARD,KOTAK,CARD_EXPIRED,10,SEND_REMINDER,0
0.7108433734939759,0.5,5057.39,WALLET,HDFC,CARD_EXPIRED,17,RETRY_NOW,1
0.7105263157894737,0.5454545454545454,2361.48,WALLET,HDFC,INSUFFICIENT_FUNDS,23,SEND_REMINDER,0
0.7536231884057971,0.5294117647058824,2010.79,CARD,KOTAK,INSUFFICIENT_FUNDS,19,RETRY_NOW,1
0.6666666666666666,0.5,6745.21,NETBANKING,AXIS,INSUFFICIENT_FUNDS,1,NO_ACTION,0
0.75,0.6666666666666666,7516.8,NETBANKING,HDFC,NETWORK_ERROR,1,RETRY_NOW,1
0.5,0.42857142857142855,5856.75,WALLET,HDFC,NETWORK_ERROR,2,RETRY_NOW,1
0.581081081081081,0.5161290322580645,2909.05,WALLET,KOTAK,INSUFFICIENT_FUNDS,1,SEND_REMINDER,0
0.8518518518518519,0.5,3078.79,CARD,YESBANK,CARD_EXPIRED,19,SEND_REMINDER,0
0.759493670886076,0.5789473684210527,1629.17,CARD,YESBANK,BANK_TIMEOUT,13,NO_ACTION,0
0.9482758620689655,0.3333333333333333,8777.81,NETBANKING,ICICI,BANK_TIMEOUT,12,RETRY_NOW,0
0.8387096774193549,0.4,5737.74,NETBANKING,AXIS,NETWORK_ERROR,8,RETRY_LATER,1
0.3333333333333333,0.5,7947.45,UPI,YESBANK,INSUFFICIENT_FUNDS,5,NO_ACTION,0
0.9,0.0,299.51,WALLET,SBI,LIMIT_EXCEEDED,19,RETRY_LATER,0
0.717391304347826,0.46153846153846156,1967.48,WALLET,SBI,AUTHENTICATION_FAILED,10,RETRY_LATER,1
0.9016393442622951,0.6666666666666666,6441.44,WALLET,HDFC,CARD_EXPIRED,14,RETRY_NOW,1
0.46153846153846156,0.7142857142857143,7840.77,UPI,SBI,AUTHENTICATION_FAILED,22,RETRY_LATER,0
0.8962264150943396,0.6363636363636364,2013.38,UPI,YESBANK,INSUFFICIENT_FUNDS,19,SEND_REMINDER,0
0.7191011235955056,0.76,5740.65,UPI,AXIS,CARD_EXPIRED,3,RETRY_NOW,1
0.8320610687022901,0.4090909090909091,5742.31,CARD,HDFC,LIMIT_EXCEEDED,3,SEND_REMINDER,0
0.797979797979798,0.4,5366.24,UPI,HDFC,NETWORK_ERROR,5,RETRY_NOW,0
0.8533333333333334,0.45454545454545453,9697.48,CARD,KOTAK,BANK_TIMEOUT,7,RETRY_NOW,0
0.6,0.7,6543.5,WALLET,SBI,CARD_EXPIRED,9,NO_ACTION,0
0.6818181818181818,0.2857142857142857,5864.48,UPI,HDFC,NETWORK_ERROR,12,RETRY_LATER,0
0.65625,0.18181818181818182,8876.03,UPI,SBI,AUTHENTICATION_FAILED,0,NO_ACTION,0
0.7808219178082192,0.5625,7347.96,UPI,HDFC,INSUFFICIENT_FUNDS,1,SEND_REMINDER,1
0.7692307692307693,0.6666666666666666,1458.74,NETBANKING,AXIS,INSUFFICIENT_FUNDS,7,RETRY_NOW,1
0.7115384615384616,0.36666666666666664,1287.71,UPI,KOTAK,CARD_EXPIRED,21,NO_ACTION,0
0.8688524590163934,0.625,1703.8,UPI,ICICI,NETWORK_ERROR,8,RETRY_NOW,0
0.7184466019417476,0.4482758620689655,5538.92,WALLET,ICICI,CARD_EXPIRED,2,SEND_REMINDER,1
0.8514851485148515,0.26666666666666666,5202.55,NETBANKING,AXIS,INSUFFICIENT_FUNDS,19,RETRY_NOW,0
0.6923076923076923,0.75,2594.21,CARD,ICICI,INSUFFICIENT_FUNDS,14,NO_ACTION,0
0.9090909090909091,0.25,8578.31,NETBANKING,HDFC,AUTHENTICATION_FAILED,18,NO_ACTION,0
0.8222222222222222,0.375,5690.48,UPI,KOTAK,INSUFFICIENT_FUNDS,7,NO_ACTION,0
0.7634408602150538,0.5,8673.6,WALLET,HDFC,LIMIT_EXCEEDED,3,RETRY_LATER,0
0.8375,0.6153846153846154,1788.47,CARD,ICICI,BANK_TIMEOUT,19,RETRY_NOW,1
0.7,0.5,7997.31,NETBANKING,HDFC,BANK_TIMEOUT,9,SEND_REMINDER,1
0.8103448275862069,0.5454545454545454,8142.84,NETBANKING,HDFC,NETWORK_ERROR,7,RETRY_LATER,1
0.6226415094339622,0.55,6173.49,NETBANKING,HDFC,INSUFFICIENT_FUNDS,8,RETRY_NOW,0
0.7936507936507936,0.6923076923076923,8536.19,NETBANKING,ICICI,NETWORK_ERROR,21,SEND_REMINDER,0
0.6621621621621622,0.32,6949.98,UPI,ICICI,BANK_TIMEOUT,12,SEND_REMINDER,1
0.717948717948718,0.5454545454545454,9555.85,CARD,YESBANK,NETWORK_ERROR,5,SEND_REMINDER,0
0.8829787234042553,0.45454545454545453,519.71,WALLET,HDFC,NETWORK_ERROR,18,NO_ACTION,0
0.8469387755102041,0.5333333333333333,5826.58,WALLET,KOTAK,CARD_EXPIRED,5,RETRY_NOW,1
0.6811594202898551,0.4090909090909091,3392.42,UPI,HDFC,LIMIT_EXCEEDED,21,RETRY_NOW,0
0.9349593495934959,0.25,326.06,CARD,ICICI,LIMIT_EXCEEDED,11,RETRY_NOW,0
0.7719298245614035,0.46153846153846156,2591.39,WALLET,SBI,NETWORK_ERROR,9,NO_ACTION,0
0.7619047619047619,0.3333333333333333,6049.96,NETBANKING,AXIS,INSUFFICIENT_FUNDS,0,NO_ACTION,0
0.7272727272727273,0.3333333333333333,9527.85,UPI,YESBANK,CARD_EXPIRED,0,RETRY_LATER,1
0.8,0.0,341.97,UPI,AXIS,CARD_EXPIRED,15,RETRY_LATER,0
0.7368421052631579,0.6,101.85,NETBANKING,KOTAK,LIMIT_EXCEEDED,14,RETRY_NOW,0
0.6,1.0,9727.94,NETBANKING,ICICI,NETWORK_ERROR,6,NO_ACTION,0
0.8524590163934426,0.5555555555555556,1215.3,CARD,HDFC,LIMIT_EXCEEDED,11,RETRY_LATER,1
0.782608695652174,0.85,859.24,WALLET,AXIS,NETWORK_ERROR,11,RETRY_NOW,1
0.9105691056910569,0.6363636363636364,5157.57,UPI,HDFC,INSUFFICIENT_FUNDS,5,RETRY_NOW,1
0.6883116883116883,0.5416666666666666,2110.98,WALLET,KOTAK,AUTHENTICATION_FAILED,3,NO_ACTION,0
0.5,1.0,1363.43,CARD,AXIS,BANK_TIMEOUT,4,RETRY_NOW,1
0.7906976744186046,0.5555555555555556,8392.1,CARD,YESBANK,INSUFFICIENT_FUNDS,18,SEND_REMINDER,1
0.75,0.0,6729.16,NETBANKING,KOTAK,AUTHENTICATION_FAILED,20,RETRY_NOW,0
0.8292682926829268,0.42857142857142855,8933.45,UPI,KOTAK,INSUFFICIENT_FUNDS,20,RETRY_LATER,0
0.8333333333333334,0.42857142857142855,1873.33,CARD,SBI,CARD_EXPIRED,23,SEND_REMINDER,1
0.803921568627451,0.3,6728.13,WALLET,ICICI,NETWORK_ERROR,5,NO_ACTION,0
0.5,0.4090909090909091,9007.19,UPI,AXIS,BANK_TIMEOUT,15,RETRY_NOW,1
0.7380952380952381,0.5454545454545454,3957.03,CARD,ICICI,LIMIT_EXCEEDED,23,NO_ACTION,0
0.5384615384615384,0.4166666666666667,3316.39,NETBANKING,AXIS,INSUFFICIENT_FUNDS,15,NO_ACTION,0
0.8545454545454545,0.625,2328.65,CARD,KOTAK,NETWORK_ERROR,2,RETRY_LATER,1
0.8846153846153846,0.6666666666666666,2168.89,WALLET,KOTAK,CARD_EXPIRED,23,RETRY_NOW,0
0.680327868852459,0.38461538461538464,8295.33,WALLET,ICICI,INSUFFICIENT_FUNDS,3,RETRY_LATER,0
0.75,0.5,8216.11,WALLET,SBI,AUTHENTICATION_FAILED,6,RETRY_NOW,1
0.7926829268292683,0.5294117647058824,8130.89,CARD,KOTAK,CARD_EXPIRED,21,RETRY_NOW,0
0.7457627118644068,0.5333333333333333,9651.6,UPI,YESBANK,NETWORK_ERROR,16,RETRY_NOW,0
0.6986301369863014,0.45454545454545453,7317.18,CARD,KOTAK,BANK_TIMEOUT,21,RETRY_LATER,0
0.6825396825396826,0.55,4956.09,UPI,HDFC,LIMIT_EXCEEDED,0,NO_ACTION,0
0.90625,0.6666666666666666,212.63,UPI,HDFC,BANK_TIMEOUT,5,SEND_REMINDER,0
0.717948717948718,0.5454545454545454,9555.85,CARD,YESBANK,NETWORK_ERROR,5,RETRY_NOW,0
0.7391304347826086,0.8,9174.79,NETBANKING,KOTAK,INSUFFICIENT_FUNDS,18,RETRY_NOW,1
0.7241379310344828,0.75,772.89,CARD,KOTAK,CARD_EXPIRED,10,RETRY_NOW,1
0.7540983606557377,0.7333333333333333,6006.07,WALLET,KOTAK,NETWORK_ERROR,6,SEND_REMINDER,0
0.6166666666666667,0.6521739130434783,6286.17,CARD,AXIS,CARD_EXPIRED,0,RETRY_NOW,0
0.75,0.5,2786.7,WALLET,YESBANK,NETWORK_ERROR,0,RETRY_NOW,1
0.7428571428571429,0.5555555555555556,1078.9,WALLET,KOTAK,AUTHENTICATION_FAILED,14,NO_ACTION,0
0.8142857142857143,0.4230769230769231,5542.51,CARD,ICICI,AUTHENTICATION_FAILED,19,NO_ACTION,0
0.9591836734693877,1.0,5176.06,WALLET,KOTAK,LIMIT_EXCEEDED,8,RETRY_LATER,1
0.8604651162790697,0.5833333333333334,1065.42,NETBANKING,KOTAK,CARD_EXPIRED,19,SEND_REMINDER,0
0.9393939393939394,1.0,1295.43,CARD,AXIS,INSUFFICIENT_FUNDS,11,NO_ACTION,0
0.6607142857142857,0.3684210526315789,1301.55,WALLET,SBI,AUTHENTICATION_FAILED,17,RETRY_LATER,0
0.6590909090909091,0.4,8375.85,CARD,AXIS,LIMIT_EXCEEDED,3,SEND_REMINDER,0
0.0,0.0,1721.89,CARD,ICICI,BANK_TIMEOUT,11,RETRY_LATER,1
0.6875,0.6,6379.05,WALLET,HDFC,AUTHENTICATION_FAILED,15,RETRY_NOW,0
0.8875,0.1111111111111111,8192.47,NETBANKING,SBI,NETWORK_ERROR,2,RETRY_LATER,0
0.6470588235294118,0.5,5250.52,WALLET,ICICI,LIMIT_EXCEEDED,12,SEND_REMINDER,0
0.7666666666666667,0.7142857142857143,4001.48,CARD,KOTAK,NETWORK_ERROR,6,RETRY_NOW,0
0.7105263157894737,0.5454545454545454,7582.57,NETBANKING,KOTAK,LIMIT_EXCEEDED,5,RETRY_LATER,0
0.6111111111111112,0.2857142857142857,7821.65,CARD,YESBANK,LIMIT_EXCEEDED,3,RETRY_LATER,0
0.9243697478991597,0.5555555555555556,7023.43,CARD,YESBANK,LIMIT_EXCEEDED,2,SEND_REMINDER,0
0.8333333333333334,1.0,4027.41,CARD,ICICI,LIMIT_EXCEEDED,9,RETRY_LATER,1
0.6,0.65,8325.61,WALLET,YESBANK,LIMIT_EXCEEDED,15,NO_ACTION,0
0.75,0.4,4668.78,UPI,HDFC,CARD_EXPIRED,4,RETRY_LATER,0
0.8461538461538461,0.6666666666666666,9343.48,UPI,ICICI,LIMIT_EXCEEDED,6,RETRY_NOW,1
0.8181818181818182,0.5,3519.98,NETBANKING,ICICI,BANK_TIMEOUT,9,RETRY_LATER,1
0.0,0.0,5190.31,CARD,SBI,NETWORK_ERROR,22,RETRY_NOW,0
0.8095238095238095,0.25,1249.16,WALLET,ICICI,BANK_TIMEOUT,15,RETRY_NOW,1
0.7254901960784313,0.42857142857142855,632.69,NETBANKING,AXIS,BANK_TIMEOUT,6,NO_ACTION,0
0.7551020408163265,0.75,8461.75,CARD,AXIS,BANK_TIMEOUT,7,RETRY_LATER,1
0.6530612244897959,0.47058823529411764,744.17,UPI,YESBANK,LIMIT_EXCEEDED,10,SEND_REMINDER,0
0.7564102564102564,0.5263157894736842,2657.36,NETBANKING,YESBANK,CARD_EXPIRED,8,RETRY_NOW,0
0.6373626373626373,0.45454545454545453,702.4,WALLET,ICICI,INSUFFICIENT_FUNDS,8,NO_ACTION,0
0.7288135593220338,0.5,6859.08,UPI,ICICI,CARD_EXPIRED,14,RETRY_NOW,0
0.6710526315789473,0.48,4222.18,CARD,AXIS,INSUFFICIENT_FUNDS,21,RETRY_NOW,1
0.75,0.5,5252.84,CARD,AXIS,BANK_TIMEOUT,22,RETRY_NOW,1
0.625,0.5,5336.17,NETBANKING,HDFC,AUTHENTICATION_FAILED,8,RETRY_NOW,1
0.855072463768116,0.6,9839.93,WALLET,YESBANK,INSUFFICIENT_FUNDS,11,SEND_REMINDER,1
0.9302325581395349,0.6666666666666666,6063.07,UPI,AXIS,LIMIT_EXCEEDED,21,SEND_REMINDER,0
0.7333333333333333,0.45,5235.7,WALLET,YESBANK,NETWORK_ERROR,10,RETRY_LATER,1
0.75,0.5,2461.75,WALLET,KOTAK,LIMIT_EXCEEDED,10,RETRY_NOW,0
0.7843137254901961,0.6363636363636364,6657.07,WALLET,ICICI,LIMIT_EXCEEDED,16,RETRY_NOW,1
0.8,0.0,2266.32,CARD,SBI,BANK_TIMEOUT,10,RETRY_NOW,1
0.8533333333333334,0.45454545454545453,9697.48,CARD,KOTAK,BANK_TIMEOUT,7,NO_ACTION,0
0.8181818181818182,0.5555555555555556,2763.51,NETBANKING,ICICI,NETWORK_ERROR,22,RETRY_NOW,1
0.796875,0.46153846153846156,818.11,UPI,KOTAK,AUTHENTICATION_FAILED,23,RETRY_NOW,0
0.8947368421052632,0.5,3473.35,CARD,HDFC,AUTHENTICATION_FAILED,16,NO_ACTION,0
0.8301886792452831,0.5555555555555556,3359.61,UPI,YESBANK,CARD_EXPIRED,22,RETRY_NOW,0
0.717948717948718,0.5757575757575758,4776.37,NETBANKING,SBI,NETWORK_ERROR,15,SEND_REMINDER,1
0.75,0.4117647058823529,8366.76,UPI,ICICI,LIMIT_EXCEEDED,23,RETRY_NOW,0
0.9166666666666666,1.0,5024.1,CARD,KOTAK,AUTHENTICATION_FAILED,8,SEND_REMINDER,1
0.45,0.45454545454545453,8995.12,UPI,HDFC,INSUFFICIENT_FUNDS,1,RETRY_LATER,0
0.9,0.5,4069.58,NETBANKING,KOTAK,BANK_TIMEOUT,1,SEND_REMINDER,0
0.8311688311688312,0.46153846153846156,5417.8,CARD,HDFC,NETWORK_ERROR,16,SEND_REMINDER,0
0.9393939393939394,0.75,669.19,WALLET,AXIS,LIMIT_EXCEEDED,22,SEND_REMINDER,1
0.6346153846153846,0.3684210526315789,1593.82,WALLET,ICICI,INSUFFICIENT_FUNDS,0,RETRY_NOW,0
0.6065573770491803,0.2916666666666667,1266.93,UPI,AXIS,AUTHENTICATION_FAILED,15,RETRY_LATER,0
0.7692307692307693,1.0,758.33,UPI,ICICI,NETWORK_ERROR,13,RETRY_NOW,1
0.7755102040816326,0.3181818181818182,2435.36,WALLET,HDFC,LIMIT_EXCEEDED,12,RETRY_NOW,0
0.8333333333333334,0.0,7647.22,UPI,HDFC,CARD_EXPIRED,17,RETRY_LATER,0
0.6666666666666666,0.47058823529411764,4962.07,UPI,KOTAK,NETWORK_ERROR,14,RETRY_LATER,1
0.8045977011494253,0.5294117647058824,5692.55,UPI,KOTAK,BANK_TIMEOUT,21,SEND_REMINDER,0
0.759493670886076,0.3684210526315789,8391.33,UPI,SBI,LIMIT_EXCEEDED,12,RETRY_LATER,0
0.6,0.7,6543.5,WALLET,SBI,CARD_EXPIRED,9,RETRY_LATER,0
0.9375,0.6666666666666666,733.47,CARD,SBI,NETWORK_ERROR,4,SEND_REMINDER,1
0.8072289156626506,0.5,1357.08,NETBANKING,AXIS,INSUFFICIENT_FUNDS,22,NO_ACTION,0
0.6666666666666666,0.0,1828.66,NETBANKING,YESBANK,LIMIT_EXCEEDED,12,NO_ACTION,0
0.725,0.45454545454545453,1377.45,UPI,KOTAK,CARD_EXPIRED,14,RETRY_LATER,1
0.9354838709677419,0.5,5351.88,NETBANKING,HDFC,CARD_EXPIRED,14,NO_ACTION,0
0.8695652173913043,1.0,7209.69,CARD,HDFC,NETWORK_ERROR,4,RETRY_NOW,1
0.717948717948718,0.5454545454545454,9555.85,CARD,YESBANK,NETWORK_ERROR,5,RETRY_LATER,1
0.9069767441860465,0.375,2797.17,CARD,KOTAK,BANK_TIMEOUT,0,RETRY_LATER,1
0.6875,0.8,9088.91,NETBANKING,AXIS,LIMIT_EXCEEDED,9,RETRY_LATER,1
0.9384615384615385,0.75,7753.19,CARD,KOTAK,CARD_EXPIRED,0,NO_ACTION,0
0.7956989247311828,0.3684210526315789,4349.4,UPI,SBI,NETWORK_ERROR,0,SEND_REMINDER,0
0.8636363636363636,0.3333333333333333,4673.17,WALLET,ICICI,INSUFFICIENT_FUNDS,11,RETRY_LATER,1
0.717391304347826,0.23076923076923078,5698.68,NETBANKING,HDFC,BANK_TIMEOUT,10,RETRY_NOW,1
0.8,0.3333333333333333,6781.89,CARD,YESBANK,LIMIT_EXCEEDED,0,RETRY_LATER,1
0.7428571428571429,0.2962962962962963,8409.59,WALLET,KOTAK,BANK_TIMEOUT,22,RETRY_NOW,1
0.4,0.3333333333333333,8235.91,UPI,KOTAK,INSUFFICIENT_FUNDS,20,SEND_REMINDER,0
0.7283950617283951,0.5,7746.4,CARD,AXIS,INSUFFICIENT_FUNDS,3,RETRY_LATER,0
0.6666666666666666,0.5,5220.72,UPI,HDFC,LIMIT_EXCEEDED,13,SEND_REMINDER,1
0.6666666666666666,0.25,2830.2,WALLET,AXIS,INSUFFICIENT_FUNDS,5,RETRY_LATER,1
0.6666666666666666,0.625,9997.86,CARD,SBI,CARD_EXPIRED,14,SEND_REMINDER,1
0.9113924050632911,0.5714285714285714,890.63,UPI,ICICI,CARD_EXPIRED,11,SEND_REMINDER,1
0.6097560975609756,0.375,7930.05,UPI,AXIS,INSUFFICIENT_FUNDS,11,SEND_REMINDER,0
0.744,0.46875,3213.7,NETBANKING,YESBANK,BANK_TIMEOUT,11,NO_ACTION,0
0.7073170731707317,0.4583333333333333,1639.33,NETBANKING,AXIS,CARD_EXPIRED,8,SEND_REMINDER,0
0.7377049180327869,0.4375,8288.26,NETBANKING,ICICI,BANK_TIMEOUT,13,RETRY_NOW,1
0.776595744680851,0.5714285714285714,3306.78,NETBANKING,SBI,BANK_TIMEOUT,13,SEND_REMINDER,0
0.7659574468085106,0.5454545454545454,1621.93,UPI,YESBANK,BANK_TIMEOUT,18,RETRY_LATER,0
0.6111111111111112,0.5714285714285714,7834.53,CARD,YESBANK,INSUFFICIENT_FUNDS,9,SEND_REMINDER,1
0.7857142857142857,0.5333333333333333,3261.91,CARD,HDFC,BANK_TIMEOUT,7,RETRY_LATER,1
0.7777777777777778,0.5,8338.69,CARD,YESBANK,INSUFFICIENT_FUNDS,0,NO_ACTION,0
0.5666666666666667,0.5384615384615384,8263.68,CARD,ICICI,CARD_EXPIRED,14,SEND_REMINDER,0
0.6623376623376623,0.5,7504.39,NETBANKING,SBI,LIMIT_EXCEEDED,8,RETRY_NOW,1
0.8461538461538461,0.6666666666666666,6384.21,CARD,YESBANK,BANK_TIMEOUT,17,RETRY_LATER,1
0.631578947368421,0.6428571428571429,4046.48,CARD,SBI,NETWORK_ERROR,10,RETRY_LATER,0
0.8153846153846154,0.75,1550.99,CARD,YESBANK,BANK_TIMEOUT,8,SEND_REMINDER,0
0.75,0.4,4668.78,UPI,HDFC,CARD_EXPIRED,4,RETRY_NOW,0
0.7307692307692307,0.5,3128.0,NETBANKING,SBI,LIMIT_EXCEEDED,23,SEND_REMINDER,1
0.8144329896907216,0.3888888888888889,5052.94,UPI,HDFC,INSUFFICIENT_FUNDS,17,RETRY_NOW,0
0.72,0.2857142857142857,1500.34,UPI,SBI,INSUFFICIENT_FUNDS,3,NO_ACTION,0
0.7659574468085106,0.5454545454545454,1621.93,UPI,YESBANK,BANK_TIMEOUT,18,SEND_REMINDER,0
0.6410256410256411,0.5,7780.31,WALLET,HDFC,CARD_EXPIRED,21,SEND_REMINDER,1
0.65625,0.5454545454545454,5415.77,WALLET,KOTAK,AUTHENTICATION_FAILED,20,RETRY_LATER,1
0.7844827586206896,0.64,5441.3,NETBANKING,KOTAK,AUTHENTICATION_FAILED,15,SEND_REMINDER,0
0.71875,0.5555555555555556,3498.49,CARD,YESBANK,BANK_TIMEOUT,7,NO_ACTION,0
0.6774193548387096,0.6,6791.86,UPI,SBI,LIMIT_EXCEEDED,21,SEND_REMINDER,1
0.7090909090909091,0.625,6848.48,NETBANKING,SBI,LIMIT_EXCEEDED,6,NO_ACTION,0
0.7241379310344828,0.375,9497.73,CARD,AXIS,BANK_TIMEOUT,6,NO_ACTION,0
0.9310344827586207,0.0,8340.14,UPI,AXIS,AUTHENTICATION_FAILED,16,NO_ACTION,0
0.94,0.0,4771.67,NETBANKING,SBI,NETWORK_ERROR,3,NO_ACTION,0
0.9090909090909091,0.5,8868.69,WALLET,HDFC,AUTHENTICATION_FAILED,13,SEND_REMINDER,1
0.7619047619047619,0.3,5601.85,NETBANKING,YESBANK,NETWORK_ERROR,23,RETRY_LATER,1
0.8928571428571429,0.16666666666666666,8294.88,WALLET,SBI,CARD_EXPIRED,10,RETRY_LATER,0
0.7,0.4444444444444444,9030.5,WALLET,SBI,CARD_EXPIRED,18,RETRY_LATER,0
0.680327868852459,0.6666666666666666,2724.42,WALLET,ICICI,AUTHENTICATION_FAILED,16,SEND_REMINDER,0
0.6923076923076923,0.75,765.11,WALLET,YESBANK,CARD_EXPIRED,18,RETRY_LATER,0
0.7076923076923077,0.7894736842105263,135.92,NETBANKING,SBI,INSUFFICIENT_FUNDS,0,SEND_REMINDER,1
0.7272727272727273,0.16666666666666666,8428.69,CARD,KOTAK,BANK_TIMEOUT,23,SEND_REMINDER,1
0.8,1.0,9468.45,CARD,YESBANK,INSUFFICIENT_FUNDS,18,NO_ACTION,0
0.7115384615384616,0.6,5337.09,CARD,AXIS,AUTHENTICATION_FAILED,16,RETRY_LATER,1
0.8571428571428571,0.75,5993.02,NETBANKING,KOTAK,AUTHENTICATION_FAILED,18,NO_ACTION,0
0.6,0.0,1780.1,CARD,SBI,AUTHENTICATION_FAILED,5,NO_ACTION,0
0.8571428571428571,1.0,535.99,NETBANKING,AXIS,CARD_EXPIRED,13,NO_ACTION,0
0.8359375,0.5714285714285714,306.89,WALLET,YESBANK,BANK_TIMEOUT,18,SEND_REMINDER,1
0.7466666666666667,0.2631578947368421,9966.9,WALLET,ICICI,INSUFFICIENT_FUNDS,17,RETRY_LATER,1
0.890625,0.5714285714285714,3856.9,UPI,YESBANK,LIMIT_EXCEEDED,18,NO_ACTION,0
0.7397260273972602,0.15789473684210525,7437.38,UPI,SBI,INSUFFICIENT_FUNDS,8,RETRY_NOW,1
0.6538461538461539,0.4444444444444444,6196.36,UPI,ICICI,NETWORK_ERROR,10,RETRY_LATER,0
0.6666666666666666,0.5217391304347826,6778.05,UPI,YESBANK,LIMIT_EXCEEDED,20,RETRY_NOW,1
0.6833333333333333,0.47368421052631576,5267.36,NETBANKING,YESBANK,BANK_TIMEOUT,23,NO_ACTION,0
0.7333333333333333,0.45,5235.7,WALLET,YESBANK,NETWORK_ERROR,10,NO_ACTION,0
0.5384615384615384,0.8333333333333334,5864.99,CARD,ICICI,AUTHENTICATION_FAILED,14,RETRY_LATER,1
0.6133333333333333,0.5517241379310345,6415.25,CARD,SBI,BANK_TIMEOUT,5,NO_ACTION,0
0.5211267605633803,0.5588235294117647,9252.91,CARD,AXIS,AUTHENTICATION_FAILED,14,RETRY_NOW,1
0.6388888888888888,0.3076923076923077,2681.21,NETBANKING,ICICI,INSUFFICIENT_FUNDS,2,NO_ACTION,0
0.3333333333333333,0.5,7947.45,UPI,YESBANK,INSUFFICIENT_FUNDS,5,RETRY_NOW,0
0.6896551724137931,0.5555555555555556,5501.89,CARD,KOTAK,INSUFFICIENT_FUNDS,15,RETRY_NOW,1
0.6363636363636364,0.25,5302.01,UPI,AXIS,INSUFFICIENT_FUNDS,21,RETRY_LATER,0
0.7933884297520661,0.68,142.17,UPI,KOTAK,AUTHENTICATION_FAILED,13,NO_ACTION,0
0.6621621621621622,0.32,6949.98,UPI,ICICI,BANK_TIMEOUT,12,RETRY_NOW,1
0.6666666666666666,0.5813953488372093,2255.25,NETBANKING,AXIS,CARD_EXPIRED,10,RETRY_LATER,0
0.6567164179104478,0.5652173913043478,1217.97,WALLET,AXIS,INSUFFICIENT_FUNDS,3,RETRY_LATER,0
0.8571428571428571,0.5,2647.98,WALLET,AXIS,INSUFFICIENT_FUNDS,11,RETRY_NOW,0
0.5789473684210527,0.625,4100.41,CARD,SBI,LIMIT_EXCEEDED,4,SEND_REMINDER,0
0.7397260273972602,0.15789473684210525,7437.38,UPI,SBI,INSUFFICIENT_FUNDS,8,NO_ACTION,0
0.7142857142857143,0.75,485.06,UPI,SBI,INSUFFICIENT_FUNDS,9,SEND_REMINDER,0
0.6296296296296297,0.7,8482.75,WALLET,SBI,BANK_TIMEOUT,17,NO_ACTION,0
0.8082191780821918,0.6428571428571429,4357.34,UPI,YESBANK,CARD_EXPIRED,10,NO_ACTION,0
0.7,0.47619047619047616,1602.46,WALLET,AXIS,AUTHENTICATION_FAILED,5,RETRY_LATER,1
0.5,1.0,4623.61,UPI,YESBANK,LIMIT_EXCEEDED,19,RETRY_LATER,0
0.5945945945945946,0.4,8452.75,NETBANKING,YESBANK,LIMIT_EXCEEDED,0,RETRY_LATER,0
0.6666666666666666,0.4,7360.2,WALLET,AXIS,INSUFFICIENT_FUNDS,17,RETRY_NOW,1
0.8181818181818182,0.5,556.68,CARD,YESBANK,CARD_EXPIRED,15,RETRY_NOW,0
0.7763157894736842,0.29411764705882354,6871.87,NETBANKING,AXIS,AUTHENTICATION_FAILED,15,SEND_REMINDER,0
0.8,0.3333333333333333,4138.11,UPI,YESBANK,NETWORK_ERROR,10,NO_ACTION,0
0.8846153846153846,0.6666666666666666,8040.96,WALLET,KOTAK,INSUFFICIENT_FUNDS,12,SEND_REMINDER,1
0.8,0.6428571428571429,8399.13,NETBANKING,HDFC,CARD_EXPIRED,12,RETRY_NOW,0
0.75,0.75,3388.23,WALLET,ICICI,BANK_TIMEOUT,4,RETRY_NOW,1
0.7580645161290323,0.4,5384.58,UPI,YESBANK,BANK_TIMEOUT,19,RETRY_NOW,0
0.45454545454545453,0.4166666666666667,3432.4,WALLET,YESBANK,INSUFFICIENT_FUNDS,2,RETRY_LATER,0
0.75,0.5,5551.99,CARD,HDFC,LIMIT_EXCEEDED,22,SEND_REMINDER,1
0.7647058823529411,0.3333333333333333,3354.05,CARD,HDFC,AUTHENTICATION_FAILED,0,RETRY_LATER,0
0.75,0.4,7760.74,CARD,ICICI,LIMIT_EXCEEDED,22,RETRY_LATER,0
0.84,0.5,258.06,UPI,SBI,LIMIT_EXCEEDED,9,RETRY_NOW,1
0.8666666666666667,1.0,8895.83,UPI,YESBANK,LIMIT_EXCEEDED,17,SEND_REMINDER,1
0.6785714285714286,0.6111111111111112,8837.99,UPI,YESBANK,BANK_TIMEOUT,17,SEND_REMINDER,0
0.6153846153846154,0.6,5570.92,UPI,AXIS,BANK_TIMEOUT,16,RETRY_LATER,1
0.6097560975609756,0.375,7930.05,UPI,AXIS,INSUFFICIENT_FUNDS,11,NO_ACTION,0
0.7352941176470589,0.3333333333333333,1012.25,CARD,SBI,LIMIT_EXCEEDED,5,SEND_REMINDER,0
0.7777777777777778,0.5,567.18,WALLET,HDFC,NETWORK_ERROR,6,SEND_REMINDER,0
0.631578947368421,0.5,7719.14,WALLET,SBI,CARD_EXPIRED,0,RETRY_NOW,0
0.819047619047619,0.42105263157894735,9416.21,UPI,AXIS,BANK_TIMEOUT,19,NO_ACTION,0
0.6190476190476191,0.375,9352.12,CARD,SBI,CARD_EXPIRED,6,RETRY_NOW,0
0.5384615384615384,0.4166666666666667,3316.39,NETBANKING,AXIS,INSUFFICIENT_FUNDS,15,RETRY_NOW,0
0.65625,0.6363636363636364,3364.68,CARD,ICICI,AUTHENTICATION_FAILED,3,SEND_REMINDER,0
0.45454545454545453,0.4166666666666667,8987.64,WALLET,YESBANK,LIMIT_EXCEEDED,12,RETRY_LATER,0
0.8536585365853658,0.16666666666666666,1538.74,UPI,SBI,NETWORK_ERROR,23,SEND_REMINDER,1
0.5555555555555556,0.25,5968.06,WALLET,YESBANK,AUTHENTICATION_FAILED,16,RETRY_NOW,0
0.6029411764705882,0.4074074074074074,2163.08,UPI,ICICI,INSUFFICIENT_FUNDS,0,SEND_REMINDER,0
0.7619047619047619,0.0,4166.12,UPI,YESBANK,BANK_TIMEOUT,16,RETRY_LATER,1
0.6216216216216216,0.35714285714285715,1103.07,CARD,AXIS,INSUFFICIENT_FUNDS,0,RETRY_NOW,0
0.7777777777777778,0.6,9476.39,UPI,KOTAK,BANK_TIMEOUT,4,RETRY_NOW,0
0.6,1.0,4179.19,NETBANKING,ICICI,AUTHENTICATION_FAILED,15,SEND_REMINDER,1
0.75,0.5,3684.86,NETBANKING,SBI,LIMIT_EXCEEDED,2,RETRY_NOW,0
0.6666666666666666,0.6086956521739131,4675.23,WALLET,HDFC,CARD_EXPIRED,6,NO_ACTION,0
0.5,0.8,5621.53,WALLET,ICICI,AUTHENTICATION_FAILED,10,RETRY_LATER,1
0.9166666666666666,0.4,3927.61,CARD,HDFC,BANK_TIMEOUT,8,RETRY_NOW,0
0.782608695652174,0.6666666666666666,4381.25,NETBANKING,KOTAK,CARD_EXPIRED,3,RETRY_LATER,0
0.7413793103448276,0.5333333333333333,6946.21,CARD,HDFC,BANK_TIMEOUT,2,NO_ACTION,0
0.6511627906976745,0.26666666666666666,8470.97,CARD,ICICI,AUTHENTICATION_FAILED,0,RETRY_NOW,0
0.6814814814814815,0.3953488372093023,7846.96,UPI,ICICI,BANK_TIMEOUT,13,RETRY_NOW,1
0.8715596330275229,0.42857142857142855,2825.02,CARD,AXIS,NETWORK_ERROR,19,RETRY_NOW,1
0.7297297297297297,0.5,3795.45,NETBANKING,ICICI,INSUFFICIENT_FUNDS,20,RETRY_LATER,1
0.7608695652173914,0.6363636363636364,3525.7,UPI,SBI,INSUFFICIENT_FUNDS,18,SEND_REMINDER,0
0.8524590163934426,0.4444444444444444,1374.31,WALLET,YESBANK,NETWORK_ERROR,8,SEND_REMINDER,0
0.825,0.42857142857142855,6180.43,NETBANKING,SBI,BANK_TIMEOUT,3,NO_ACTION,0
0.8021978021978022,0.5555555555555556,8578.19,NETBANKING,KOTAK,CARD_EXPIRED,1,RETRY_LATER,0
0.9069767441860465,0.375,2797.17,CARD,KOTAK,BANK_TIMEOUT,0,NO_ACTION,0
0.7,0.5,3100.21,WALLET,AXIS,CARD_EXPIRED,13,SEND_REMINDER,0
0.8947368421052632,0.5,2047.42,WALLET,KOTAK,NETWORK_ERROR,22,SEND_REMINDER,1
0.8,0.3333333333333333,9362.62,WALLET,AXIS,INSUFFICIENT_FUNDS,4,RETRY_LATER,0
0.9,0.0,9312.01,NETBANKING,SBI,AUTHENTICATION_FAILED,1,RETRY_NOW,0
0.8,0.0,4682.91,UPI,AXIS,INSUFFICIENT_FUNDS,12,SEND_REMINDER,0
0.6923076923076923,0.375,1601.66,WALLET,HDFC,AUTHENTICATION_FAILED,5,SEND_REMINDER,1
0.6619718309859155,0.4583333333333333,190.39,NETBANKING,ICICI,BANK_TIMEOUT,19,RETRY_LATER,1
0.25,0.6666666666666666,4242.38,UPI,ICICI,AUTHENTICATION_FAILED,3,RETRY_NOW,1
0.7380952380952381,0.5909090909090909,8209.14,CARD,ICICI,INSUFFICIENT_FUNDS,4,NO_ACTION,0
0.5604395604395604,0.475,9010.31,UPI,ICICI,INSUFFICIENT_FUNDS,5,NO_ACTION,0
0.8,0.5294117647058824,1954.76,NETBANKING,ICICI,AUTHENTICATION_FAILED,13,RETRY_NOW,0
0.8382352941176471,0.5454545454545454,6644.79,UPI,HDFC,CARD_EXPIRED,23,SEND_REMINDER,0
0.6666666666666666,0.3333333333333333,7967.78,WALLET,KOTAK,INSUFFICIENT_FUNDS,4,RETRY_NOW,0
0.59375,0.5384615384615384,9111.43,WALLET,AXIS,AUTHENTICATION_FAILED,8,NO_ACTION,0
0.6075949367088608,0.5483870967741935,9567.36,WALLET,HDFC,BANK_TIMEOUT,16,SEND_REMINDER,0
0.9024390243902439,0.6666666666666666,7638.46,CARD,SBI,AUTHENTICATION_FAILED,23,SEND_REMINDER,1
0.8518518518518519,0.5,2009.95,WALLET,ICICI,LIMIT_EXCEEDED,7,NO_ACTION,0
0.9315068493150684,0.4,7400.2,WALLET,ICICI,BANK_TIMEOUT,8,NO_ACTION,0
0.55,0.3333333333333333,5337.28,CARD,KOTAK,INSUFFICIENT_FUNDS,21,RETRY_LATER,0
0.9634146341463414,0.6666666666666666,6402.06,UPI,KOTAK,INSUFFICIENT_FUNDS,4,RETRY_LATER,0
0.7428571428571429,0.4444444444444444,9819.99,NETBANKING,KOTAK,CARD_EXPIRED,16,SEND_REMINDER,1
0.0,1.0,7482.6,WALLET,YESBANK,INSUFFICIENT_FUNDS,22,SEND_REMINDER,1
0.6153846153846154,0.5,5005.09,CARD,YESBANK,INSUFFICIENT_FUNDS,20,SEND_REMINDER,1
0.631578947368421,0.5,7625.07,CARD,AXIS,CARD_EXPIRED,10,NO_ACTION,0
0.6176470588235294,0.38461538461538464,3918.83,NETBANKING,HDFC,NETWORK_ERROR,22,RETRY_LATER,0
0.6638655462184874,0.55,8977.46,CARD,HDFC,INSUFFICIENT_FUNDS,19,NO_ACTION,0
0.8695652173913043,0.5,2226.55,NETBANKING,YESBANK,BANK_TIMEOUT,5,RETRY_LATER,0
0.6829268292682927,0.6153846153846154,7111.8,NETBANKING,AXIS,LIMIT_EXCEEDED,19,NO_ACTION,0
0.8846153846153846,0.0,6564.24,NETBANKING,KOTAK,LIMIT_EXCEEDED,12,SEND_REMINDER,0
0.9473684210526315,1.0,1776.93,CARD,SBI,CARD_EXPIRED,3,RETRY_NOW,1
0.9298245614035088,0.5,5571.99,NETBANKING,AXIS,AUTHENTICATION_FAILED,1,RETRY_NOW,0
0.65,0.2857142857142857,4984.54,CARD,SBI,NETWORK_ERROR,5,SEND_REMINDER,1
0.8125,0.6666666666666666,3075.06,WALLET,AXIS,CARD_EXPIRED,6,NO_ACTION,0
0.6666666666666666,1.0,5378.53,CARD,SBI,CARD_EXPIRED,16,SEND_REMINDER,1
0.7671232876712328,0.5294117647058824,7006.89,CARD,ICICI,INSUFFICIENT_FUNDS,23,RETRY_NOW,0
0.7777777777777778,0.5,567.18,WALLET,HDFC,NETWORK_ERROR,6,RETRY_NOW,0
0.6851851851851852,0.5882352941176471,5685.81,WALLET,ICICI,BANK_TIMEOUT,15,NO_ACTION,0
0.7837837837837838,0.375,1955.69,CARD,ICICI,BANK_TIMEOUT,5,RETRY_LATER,1
0.8125,0.3333333333333333,1659.85,WALLET,KOTAK,LIMIT_EXCEEDED,15,RETRY_NOW,0
0.7142857142857143,0.5,4567.48,CARD,SBI,LIMIT_EXCEEDED,2,RETRY_LATER,1
0.8918918918918919,0.75,9253.95,WALLET,AXIS,INSUFFICIENT_FUNDS,3,RETRY_NOW,0
0.7073170731707317,0.3333333333333333,858.67,WALLET,KOTAK,CARD_EXPIRED,19,RETRY_NOW,0
0.6756756756756757,0.5,108.08,UPI,ICICI,INSUFFICIENT_FUNDS,2,SEND_REMINDER,0
0.8828125,0.5333333333333333,8727.55,CARD,YESBANK,BANK_TIMEOUT,6,SEND_REMINDER,1
0.7763157894736842,0.5882352941176471,2458.5,CARD,AXIS,CARD_EXPIRED,12,RETRY_LATER,0
0.6666666666666666,0.2,7038.94,NETBANKING,HDFC,LIMIT_EXCEEDED,15,RETRY_NOW,0
0.6,0.5,7915.31,UPI,KOTAK,AUTHENTICATION_FAILED,8,RETRY_NOW,0
0.7083333333333334,0.8571428571428571,2815.77,CARD,YESBANK,AUTHENTICATION_FAILED,22,SEND_REMINDER,1
0.8571428571428571,0.3333333333333333,9265.24,WALLET,SBI,LIMIT_EXCEEDED,6,RETRY_NOW,1
0.6410256410256411,0.5,1375.13,UPI,YESBANK,LIMIT_EXCEEDED,13,SEND_REMINDER,0
0.7837837837837838,0.375,1955.69,CARD,ICICI,BANK_TIMEOUT,5,RETRY_NOW,0
0.9423076923076923,0.6666666666666666,5682.27,WALLET,KOTAK,LIMIT_EXCEEDED,18,NO_ACTION,0
0.7523809523809524,0.5769230769230769,3912.09,CARD,HDFC,AUTHENTICATION_FAILED,8,NO_ACTION,0
0.6440677966101694,0.6666666666666666,8099.48,UPI,AXIS,AUTHENTICATION_FAILED,0,NO_ACTION,0
0.7647058823529411,0.5,647.3,CARD,SBI,LIMIT_EXCEEDED,7,RETRY_NOW,0
0.5294117647058824,0.5,2389.63,NETBANKING,YESBANK,CARD_EXPIRED,11,RETRY_LATER,0
0.7547169811320755,0.46153846153846156,4191.56,UPI,ICICI,CARD_EXPIRED,21,SEND_REMINDER,0
0.6,0.0,1649.48,NETBANKING,SBI,BANK_TIMEOUT,14,RETRY_NOW,1
0.625,0.3333333333333333,697.04,CARD,HDFC,INSUFFICIENT_FUNDS,4,RETRY_LATER,0
0.8695652173913043,0.6666666666666666,1770.21,CARD,ICICI,CARD_EXPIRED,13,NO_ACTION,0
0.875,0.38461538461538464,4932.17,NETBANKING,ICICI,INSUFFICIENT_FUNDS,18,NO_ACTION,0
0.7076923076923077,0.39473684210526316,335.78,CARD,ICICI,CARD_EXPIRED,8,SEND_REMINDER,1
0.75,0.0,2419.23,WALLET,HDFC,NETWORK_ERROR,1,RETRY_NOW,1
0.8888888888888888,0.5,5783.79,CARD,SBI,BANK_TIMEOUT,14,RETRY_NOW,1
0.6538461538461539,0.5925925925925926,5170.88,CARD,YESBANK,BANK_TIMEOUT,21,RETRY_NOW,0
0.6666666666666666,0.5813953488372093,2255.25,NETBANKING,AXIS,CARD_EXPIRED,10,SEND_REMINDER,1
0.6814814814814815,0.3953488372093023,7846.96,UPI,ICICI,BANK_TIMEOUT,13,RETRY_LATER,1
0.7976190476190477,0.5882352941176471,6939.41,NETBANKING,YESBANK,AUTHENTICATION_FAILED,19,RETRY_NOW,0
0.7142857142857143,0.25,3086.69,CARD,HDFC,AUTHENTICATION_FAILED,7,NO_ACTION,0
0.8524590163934426,0.3333333333333333,2831.91,WALLET,AXIS,BANK_TIMEOUT,21,RETRY_NOW,0
0.7868852459016393,0.38461538461538464,8712.0,UPI,AXIS,CARD_EXPIRED,16,RETRY_NOW,0
0.872093023255814,0.2727272727272727,5309.52,CARD,KOTAK,NETWORK_ERROR,5,SEND_REMINDER,0
0.746031746031746,0.375,4237.33,CARD,AXIS,BANK_TIMEOUT,6,SEND_REMINDER,0
0.7216494845360825,0.5185185185185185,2189.05,CARD,HDFC,BANK_TIMEOUT,1,SEND_REMINDER,0
0.6666666666666666,1.0,2952.13,CARD,SBI,AUTHENTICATION_FAILED,23,RETRY_NOW,1
0.7058823529411765,0.0,9908.93,WALLET,AXIS,INSUFFICIENT_FUNDS,9,RETRY_LATER,0
0.6567164179104478,0.5652173913043478,1217.97,WALLET,AXIS,INSUFFICIENT_FUNDS,3,RETRY_NOW,1
0.7962962962962963,0.36363636363636365,8062.61,CARD,HDFC,NETWORK_ERROR,15,NO_ACTION,0
0.7286821705426356,0.42857142857142855,1930.81,CARD,SBI,INSUFFICIENT_FUNDS,0,RETRY_LATER,0
0.0,1.0,4008.72,WALLET,YESBANK,BANK_TIMEOUT,11,RETRY_LATER,0
0.75,0.6521739130434783,8902.8,CARD,YESBANK,LIMIT_EXCEEDED,2,NO_ACTION,0
0.631578947368421,0.2857142857142857,2611.58,WALLET,HDFC,NETWORK_ERROR,1,RETRY_LATER,1
0.7572815533980582,0.52,7614.72,UPI,YESBANK,NETWORK_ERROR,0,RETRY_LATER,1
0.696969696969697,0.3,116.17,UPI,KOTAK,BANK_TIMEOUT,20,SEND_REMINDER,0
0.6538461538461539,0.4444444444444444,6196.36,UPI,ICICI,NETWORK_ERROR,10,RETRY_NOW,0
0.7017543859649122,0.5294117647058824,6876.33,CARD,AXIS,LIMIT_EXCEEDED,19,RETRY_NOW,0
0.8157894736842105,0.42857142857142855,3392.19,NETBANKING,ICICI,INSUFFICIENT_FUNDS,5,RETRY_NOW,0
0.6226415094339622,0.45,3739.33,UPI,ICICI,CARD_EXPIRED,22,RETRY_NOW,0
0.4444444444444444,0.4,6373.78,NETBANKING,AXIS,BANK_TIMEOUT,2,RETRY_NOW,0
0.5,1.0,3714.86,UPI,ICICI,AUTHENTICATION_FAILED,18,SEND_REMINDER,1
0.7037037037037037,0.46875,5408.38,CARD,HDFC,AUTHENTICATION_FAILED,18,NO_ACTION,0
0.0,1.0,9009.3,NETBANKING,YESBANK,LIMIT_EXCEEDED,9,RETRY_NOW,1
0.8518518518518519,0.75,4854.56,WALLET,SBI,NETWORK_ERROR,12,RETRY_LATER,1
0.75,0.5,2946.18,NETBANKING,YESBANK,NETWORK_ERROR,23,RETRY_LATER,0
0.25,0.16666666666666666,1367.03,WALLET,HDFC,AUTHENTICATION_FAILED,20,RETRY_LATER,0
0.88,0.6666666666666666,966.98,UPI,SBI,CARD_EXPIRED,6,SEND_REMINDER,1
0.6111111111111112,0.8571428571428571,7813.37,WALLET,HDFC,NETWORK_ERROR,18,SEND_REMINDER,0
0.7037037037037037,0.75,1680.24,UPI,AXIS,BANK_TIMEOUT,1,SEND_REMINDER,1
0.7345132743362832,0.43333333333333335,7068.48,WALLET,AXIS,LIMIT_EXCEEDED,22,RETRY_LATER,1
0.7368421052631579,0.6,4950.03,WALLET,HDFC,INSUFFICIENT_FUNDS,5,RETRY_NOW,1
0.5,1.0,8713.44,NETBANKING,HDFC,LIMIT_EXCEEDED,21,NO_ACTION,0
0.75,0.5,8239.6,UPI,AXIS,AUTHENTICATION_FAILED,17,NO_ACTION,0
0.90625,0.6666666666666666,212.63,UPI,HDFC,BANK_TIMEOUT,5,NO_ACTION,0
0.6538461538461539,0.4444444444444444,5581.28,WALLET,ICICI,LIMIT_EXCEEDED,6,SEND_REMINDER,0
0.5882352941176471,0.42857142857142855,3767.55,CARD,HDFC,INSUFFICIENT_FUNDS,7,RETRY_NOW,0
0.574468085106383,0.45,8383.55,WALLET,AXIS,NETWORK_ERROR,11,RETRY_NOW,0
0.7878787878787878,0.42857142857142855,6032.19,CARD,AXIS,AUTHENTICATION_FAILED,3,RETRY_LATER,0
0.7333333333333333,0.35,1411.43,UPI,HDFC,INSUFFICIENT_FUNDS,18,RETRY_NOW,1
0.6962025316455697,0.4583333333333333,174.7,UPI,KOTAK,BANK_TIMEOUT,4,RETRY_LATER,1
0.45454545454545453,0.3333333333333333,6131.4,WALLET,SBI,CARD_EXPIRED,22,RETRY_LATER,0
0.6666666666666666,0.0,5653.85,WALLET,SBI,BANK_TIMEOUT,3,NO_ACTION,0
0.5555555555555556,0.5,8191.42,UPI,YESBANK,INSUFFICIENT_FUNDS,14,SEND_REMINDER,1
0.8928571428571429,0.5,4919.96,NETBANKING,AXIS,INSUFFICIENT_FUNDS,21,SEND_REMINDER,1
0.56,0.45454545454545453,9647.42,UPI,ICICI,NETWORK_ERROR,10,RETRY_LATER,1
0.6875,0.8,6668.94,CARD,YESBANK,LIMIT_EXCEEDED,14,NO_ACTION,0
0.6363636363636364,0.25,6336.0,UPI,SBI,BANK_TIMEOUT,9,NO_ACTION,0
0.75,0.875,4346.67,WALLET,HDFC,CARD_EXPIRED,3,RETRY_LATER,1
0.5892857142857143,0.5652173913043478,4357.8,WALLET,YESBANK,NETWORK_ERROR,9,NO_ACTION,0
0.88,1.0,4616.34,CARD,KOTAK,BANK_TIMEOUT,20,NO_ACTION,0
0.7777777777777778,0.6,9476.39,UPI,KOTAK,BANK_TIMEOUT,4,NO_ACTION,0
0.7333333333333333,0.625,2980.66,NETBANKING,YESBANK,INSUFFICIENT_FUNDS,19,SEND_REMINDER,1
0.8333333333333334,0.4,9697.23,NETBANKING,SBI,LIMIT_EXCEEDED,15,RETRY_LATER,0
0.7346938775510204,0.23076923076923078,2911.5,CARD,AXIS,BANK_TIMEOUT,19,RETRY_LATER,0
0.7111111111111111,0.5384615384615384,2674.7,CARD,ICICI,BANK_TIMEOUT,9,RETRY_NOW,0
0.8095238095238095,0.25,4316.21,WALLET,ICICI,INSUFFICIENT_FUNDS,8,RETRY_NOW,0
0.6,0.65,8325.61,WALLET,YESBANK,LIMIT_EXCEEDED,15,RETRY_NOW,1
0.8,0.36363636363636365,1303.1,UPI,YESBANK,LIMIT_EXCEEDED,16,SEND_REMINDER,1
0.3333333333333333,0.5,9001.84,NETBANKING,YESBANK,NETWORK_ERROR,11,SEND_REMINDER,0
0.8064516129032258,0.3333333333333333,6251.17,UPI,ICICI,INSUFFICIENT_FUNDS,13,NO_ACTION,0
0.76,0.5555555555555556,595.66,WALLET,YESBANK,NETWORK_ERROR,6,RETRY_NOW,0
0.84,0.75,2390.75,NETBANKING,HDFC,NETWORK_ERROR,16,SEND_REMINDER,1
0.5972222222222222,0.4482758620689655,9914.16,NETBANKING,ICICI,AUTHENTICATION_FAILED,0,NO_ACTION,0
0.7032967032967034,0.4444444444444444,8045.44,CARD,KOTAK,NETWORK_ERROR,11,RETRY_NOW,1
0.5833333333333334,0.6,2714.24,NETBANKING,ICICI,NETWORK_ERROR,20,NO_ACTION,0
0.775,0.5555555555555556,3479.09,UPI,AXIS,LIMIT_EXCEEDED,20,NO_ACTION,0
0.75,0.0,2323.78,UPI,HDFC,LIMIT_EXCEEDED,5,RETRY_NOW,0
0.0,0.6666666666666666,4403.11,WALLET,AXIS,BANK_TIMEOUT,12,RETRY_NOW,1
0.725,0.45454545454545453,1377.45,UPI,KOTAK,CARD_EXPIRED,14,SEND_REMINDER,1
0.7407407407407407,0.7142857142857143,7062.09,UPI,HDFC,LIMIT_EXCEEDED,6,SEND_REMINDER,1
0.0,0.0,8815.22,UPI,HDFC,BANK_TIMEOUT,18,RETRY_NOW,0
0.875,1.0,3003.86,UPI,HDFC,AUTHENTICATION_FAILED,23,NO_ACTION,0
0.7580645161290323,0.4,5384.58,UPI,YESBANK,BANK_TIMEOUT,19,RETRY_LATER,1
0.9032258064516129,0.3333333333333333,3030.55,WALLET,KOTAK,LIMIT_EXCEEDED,6,RETRY_LATER,0
0.25,0.0,4123.37,WALLET,ICICI,NETWORK_ERROR,13,SEND_REMINDER,0
0.6567164179104478,0.5217391304347826,9021.92,CARD,YESBANK,INSUFFICIENT_FUNDS,22,RETRY_LATER,0
0.7671232876712328,0.5294117647058824,7006.89,CARD,ICICI,INSUFFICIENT_FUNDS,23,SEND_REMINDER,1
0.7142857142857143,0.75,485.06,UPI,SBI,INSUFFICIENT_FUNDS,9,RETRY_LATER,0
0.7397260273972602,0.631578947368421,4755.62,UPI,KOTAK,INSUFFICIENT_FUNDS,7,RETRY_NOW,0
0.7692307692307693,0.6666666666666666,9688.05,UPI,SBI,BANK_TIMEOUT,7,RETRY_NOW,0
0.6,0.625,6168.15,NETBANKING,ICICI,CARD_EXPIRED,10,SEND_REMINDER,0
0.8,0.6363636363636364,8310.44,NETBANKING,SBI,INSUFFICIENT_FUNDS,6,RETRY_LATER,1
0.6904761904761905,0.5384615384615384,9895.32,CARD,HDFC,BANK_TIMEOUT,0,RETRY_NOW,1
0.5833333333333334,0.4,7686.2,NETBANKING,ICICI,NETWORK_ERROR,12,RETRY_NOW,0
0.5,0.5,197.71,WALLET,HDFC,CARD_EXPIRED,2,RETRY_LATER,0
0.7837837837837838,0.75,4165.17,WALLET,ICICI,CARD_EXPIRED,21,RETRY_NOW,1
0.6707317073170732,0.5185185185185185,6706.16,UPI,SBI,INSUFFICIENT_FUNDS,7,SEND_REMINDER,0
0.8214285714285714,0.4,1050.85,CARD,SBI,LIMIT_EXCEEDED,6,NO_ACTION,0
0.7692307692307693,0.5555555555555556,4763.67,CARD,SBI,NETWORK_ERROR,8,SEND_REMINDER,0
0.6666666666666666,0.4444444444444444,5334.16,NETBANKING,ICICI,AUTHENTICATION_FAILED,9,RETRY_LATER,1
0.75,0.5,2946.18,NETBANKING,YESBANK,NETWORK_ERROR,23,SEND_REMINDER,1
0.5625,0.5714285714285714,7097.19,WALLET,ICICI,INSUFFICIENT_FUNDS,5,RETRY_NOW,0
0.6744186046511628,0.5714285714285714,2855.55,WALLET,KOTAK,INSUFFICIENT_FUNDS,11,RETRY_NOW,1
0.7543859649122807,0.8571428571428571,9292.73,WALLET,HDFC,LIMIT_EXCEEDED,16,RETRY_LATER,0
0.7352941176470589,0.8888888888888888,9138.03,CARD,YESBANK,CARD_EXPIRED,5,RETRY_NOW,0
0.708029197080292,0.425,4393.28,WALLET,ICICI,INSUFFICIENT_FUNDS,10,RETRY_LATER,1
0.891566265060241,0.6666666666666666,9444.3,CARD,KOTAK,AUTHENTICATION_FAILED,10,RETRY_NOW,1
0.9253731343283582,0.5,4294.46,CARD,SBI,INSUFFICIENT_FUNDS,18,SEND_REMINDER,1
0.7699115044247787,0.5769230769230769,2689.92,UPI,AXIS,INSUFFICIENT_FUNDS,21,SEND_REMINDER,1
0.8333333333333334,0.6428571428571429,6907.93,NETBANKING,AXIS,NETWORK_ERROR,15,RETRY_LATER,0
0.6707317073170732,0.4074074074074074,834.86,CARD,ICICI,NETWORK_ERROR,0,NO_ACTION,0
0.7647058823529411,0.5,3535.7,NETBANKING,KOTAK,INSUFFICIENT_FUNDS,17,RETRY_NOW,0
0.7777777777777778,0.5,5914.7,NETBANKING,HDFC,AUTHENTICATION_FAILED,15,RETRY_LATER,1
0.5517241379310345,0.46153846153846156,6859.38,UPI,SBI,LIMIT_EXCEEDED,17,RETRY_LATER,0
0.75,0.5833333333333334,5835.58,UPI,AXIS,NETWORK_ERROR,19,RETRY_NOW,0
0.6666666666666666,0.0,3577.7,WALLET,HDFC,AUTHENTICATION_FAILED,16,RETRY_LATER,0
0.6557377049180327,0.38095238095238093,5125.78,WALLET,AXIS,BANK_TIMEOUT,5,RETRY_NOW,0
0.9130434782608695,0.5,730.7,NETBANKING,YESBANK,CARD_EXPIRED,15,RETRY_LATER,0
0.78125,0.35714285714285715,303.78,WALLET,YESBANK,LIMIT_EXCEEDED,4,SEND_REMINDER,0
0.7226890756302521,0.5151515151515151,6201.06,CARD,AXIS,INSUFFICIENT_FUNDS,17,SEND_REMINDER,0
0.6923076923076923,0.5,7785.46,NETBANKING,AXIS,CARD_EXPIRED,13,NO_ACTION,0
0.8125,0.3333333333333333,6629.36,UPI,SBI,BANK_TIMEOUT,20,RETRY_LATER,1
0.9090909090909091,1.0,4746.16,UPI,AXIS,LIMIT_EXCEEDED,5,RETRY_LATER,1
0.9166666666666666,0.0,2527.66,CARD,YESBANK,LIMIT_EXCEEDED,0,NO_ACTION,0
0.8,0.5,3310.6,UPI,KOTAK,NETWORK_ERROR,5,SEND_REMINDER,0
0.6363636363636364,0.5,882.16,WALLET,HDFC,BANK_TIMEOUT,21,NO_ACTION,0
0.8,1.0,8137.96,CARD,AXIS,INSUFFICIENT_FUNDS,16,NO_ACTION,0
0.6590909090909091,0.5333333333333333,9109.3,NETBANKING,KOTAK,AUTHENTICATION_FAILED,18,RETRY_NOW,0
0.9615384615384616,0.6666666666666666,7021.45,UPI,YESBANK,AUTHENTICATION_FAILED,13,NO_ACTION,0
0.59375,0.5384615384615384,9111.43,WALLET,AXIS,AUTHENTICATION_FAILED,8,RETRY_LATER,1
0.8,0.3333333333333333,3027.24,WALLET,ICICI,BANK_TIMEOUT,7,SEND_REMINDER,0
0.5882352941176471,0.5714285714285714,195.31,UPI,ICICI,NETWORK_ERROR,19,RETRY_NOW,0
0.7115384615384616,0.6,1959.57,WALLET,AXIS,CARD_EXPIRED,9,RETRY_LATER,1
0.9090909090909091,0.0,9637.88,CARD,SBI,CARD_EXPIRED,4,RETRY_LATER,0
0.8214285714285714,0.2,5806.37,CARD,HDFC,AUTHENTICATION_FAILED,3,SEND_REMINDER,0
0.896551724137931,1.0,9964.3,NETBANKING,AXIS,BANK_TIMEOUT,13,RETRY_NOW,1
0.801980198019802,0.6,7035.59,WALLET,YESBANK,AUTHENTICATION_FAILED,15,SEND_REMINDER,0
0.6666666666666666,0.4,4991.27,NETBANKING,YESBANK,BANK_TIMEOUT,14,RETRY_LATER,1
0.5,0.5,8078.15,NETBANKING,ICICI,CARD_EXPIRED,3,NO_ACTION,0
0.6296296296296297,0.5,3199.51,CARD,AXIS,NETWORK_ERROR,14,RETRY_LATER,1
0.6582278481012658,0.5185185185185185,1697.14,WALLET,SBI,INSUFFICIENT_FUNDS,0,RETRY_NOW,0
0.75,0.75,3688.66,WALLET,HDFC,BANK_TIMEOUT,22,RETRY_NOW,1
0.6896551724137931,0.5,2187.02,UPI,YESBANK,LIMIT_EXCEEDED,3,RETRY_NOW,0
0.7301587301587301,0.6470588235294118,7425.44,UPI,ICICI,LIMIT_EXCEEDED,23,RETRY_LATER,1
0.797979797979798,0.4,5316.72,CARD,ICICI,LIMIT_EXCEEDED,12,SEND_REMINDER,0
0.625,0.6666666666666666,1657.11,CARD,HDFC,AUTHENTICATION_FAILED,15,RETRY_NOW,1
0.0,0.0,5190.31,CARD,SBI,NETWORK_ERROR,22,SEND_REMINDER,0
0.8275862068965517,0.4,7009.83,UPI,HDFC,NETWORK_ERROR,21,NO_ACTION,0
0.6323529411764706,0.52,4911.68,WALLET,YESBANK,AUTHENTICATION_FAILED,9,RETRY_LATER,0
0.7397260273972602,0.42105263157894735,4495.49,WALLET,SBI,INSUFFICIENT_FUNDS,9,RETRY_LATER,0
0.8865979381443299,0.45454545454545453,1810.68,CARD,YESBANK,LIMIT_EXCEEDED,19,RETRY_NOW,1
0.7804878048780488,0.5555555555555556,8842.17,UPI,ICICI,INSUFFICIENT_FUNDS,17,RETRY_LATER,1
0.8524590163934426,0.4444444444444444,2420.1,CARD,SBI,INSUFFICIENT_FUNDS,2,NO_ACTION,0
0.9074074074074074,0.6,4632.63,NETBANKING,KOTAK,CARD_EXPIRED,9,RETRY_LATER,1
0.8,0.0,2805.98,UPI,ICICI,AUTHENTICATION_FAILED,20,NO_ACTION,0
0.84,0.5,258.06,UPI,SBI,LIMIT_EXCEEDED,9,RETRY_LATER,1
0.7833333333333333,0.6153846153846154,4533.23,WALLET,AXIS,BANK_TIMEOUT,19,RETRY_NOW,1
0.8514851485148515,0.26666666666666666,6134.0,WALLET,AXIS,BANK_TIMEOUT,5,NO_ACTION,0
0.9090909090909091,0.6666666666666666,5898.81,NETBANKING,YESBANK,LIMIT_EXCEEDED,23,NO_ACTION,0
0.7037037037037037,0.46875,5408.38,CARD,HDFC,AUTHENTICATION_FAILED,18,SEND_REMINDER,1
0.6666666666666666,1.0,7523.76,NETBANKING,AXIS,AUTHENTICATION_FAILED,23,SEND_REMINDER,0
0.95,1.0,5173.1,NETBANKING,HDFC,LIMIT_EXCEEDED,19,SEND_REMINDER,0
0.7741935483870968,0.42857142857142855,6717.29,NETBANKING,KOTAK,NETWORK_ERROR,17,SEND_REMINDER,1
0.8378378378378378,0.3333333333333333,6264.1,WALLET,HDFC,BANK_TIMEOUT,12,RETRY_NOW,0
0.0,0.0,1721.89,CARD,ICICI,BANK_TIMEOUT,11,RETRY_NOW,0
0.7613636363636364,0.2857142857142857,1929.21,WALLET,ICICI,BANK_TIMEOUT,9,SEND_REMINDER,0
0.7837837837837838,0.3125,8049.49,WALLET,YESBANK,LIMIT_EXCEEDED,21,RETRY_LATER,1
0.8933333333333333,0.25,5189.41,CARD,AXIS,AUTHENTICATION_FAILED,9,RETRY_LATER,1
0.85,0.6666666666666666,8638.01,CARD,AXIS,CARD_EXPIRED,10,NO_ACTION,0
0.9411764705882353,0.0,9653.01,CARD,KOTAK,LIMIT_EXCEEDED,14,SEND_REMINDER,0
0.6956521739130435,0.5714285714285714,3574.72,CARD,SBI,BANK_TIMEOUT,19,NO_ACTION,0
0.7,0.4444444444444444,3147.03,UPI,KOTAK,BANK_TIMEOUT,10,NO_ACTION,0
0.7777777777777778,0.0,4878.71,NETBANKING,KOTAK,INSUFFICIENT_FUNDS,6,RETRY_NOW,0
0.746031746031746,0.5625,6969.73,WALLET,ICICI,INSUFFICIENT_FUNDS,21,RETRY_LATER,0
0.8292682926829268,0.42857142857142855,4408.6,NETBANKING,KOTAK,BANK_TIMEOUT,8,NO_ACTION,0
0.7297297297297297,0.5,5808.96,WALLET,KOTAK,LIMIT_EXCEEDED,21,RETRY_LATER,1
0.5833333333333334,1.0,9446.04,NETBANKING,KOTAK,INSUFFICIENT_FUNDS,22,RETRY_LATER,1
0.8108108108108109,0.42857142857142855,3711.64,UPI,ICICI,CARD_EXPIRED,1,RETRY_LATER,0
0.6875,0.6,6379.05,WALLET,HDFC,AUTHENTICATION_FAILED,15,NO_ACTION,0
0.875,0.4,5031.88,UPI,SBI,AUTHENTICATION_FAILED,19,RETRY_LATER,0
0.8214285714285714,0.35,6959.24,WALLET,AXIS,AUTHENTICATION_FAILED,21,SEND_REMINDER,1
0.7333333333333333,0.3333333333333333,8555.95,WALLET,KOTAK,INSUFFICIENT_FUNDS,2,NO_ACTION,0
0.75,0.42857142857142855,5166.57,WALLET,SBI,NETWORK_ERROR,16,RETRY_NOW,0
0.7333333333333333,0.08333333333333333,3013.85,UPI,HDFC,INSUFFICIENT_FUNDS,18,NO_ACTION,0
0.8901098901098901,0.5,1489.31,UPI,SBI,LIMIT_EXCEEDED,15,RETRY_LATER,1
0.75,0.75,3388.23,WALLET,ICICI,BANK_TIMEOUT,4,NO_ACTION,0
0.6190476190476191,0.375,9352.12,CARD,SBI,CARD_EXPIRED,6,SEND_REMINDER,1
0.8059701492537313,0.46153846153846156,2044.61,WALLET,YESBANK,LIMIT_EXCEEDED,1,RETRY_NOW,0
0.7974683544303798,0.5,4609.74,UPI,YESBANK,NETWORK_ERROR,16,RETRY_NOW,0
0.9016393442622951,0.6666666666666666,6441.44,WALLET,HDFC,CARD_EXPIRED,14,RETRY_LATER,0
0.6172839506172839,0.45161290322580644,9417.26,CARD,HDFC,CARD_EXPIRED,20,SEND_REMINDER,1
0.660377358490566,0.5555555555555556,3501.89,CARD,SBI,INSUFFICIENT_FUNDS,12,NO_ACTION,0
0.9090909090909091,1.0,4456.84,CARD,HDFC,BANK_TIMEOUT,12,NO_ACTION,0
0.8,0.3333333333333333,314.38,WALLET,SBI,NETWORK_ERROR,11,NO_ACTION,0
0.7954545454545454,0.5,8408.0,CARD,SBI,AUTHENTICATION_FAILED,22,NO_ACTION,0
0.8604651162790697,0.5833333333333334,1065.42,NETBANKING,KOTAK,CARD_EXPIRED,19,NO_ACTION,0
0.47058823529411764,0.3333333333333333,2056.79,WALLET,AXIS,BANK_TIMEOUT,19,SEND_REMINDER,0
0.6,0.0,1649.48,NETBANKING,SBI,BANK_TIMEOUT,14,RETRY_LATER,0
0.0,0.0,1746.51,CARD,YESBANK,BANK_TIMEOUT,15,NO_ACTION,0
0.7078651685393258,0.5,7455.69,WALLET,KOTAK,LIMIT_EXCEEDED,0,SEND_REMINDER,0
0.8545454545454545,0.625,2328.65,CARD,KOTAK,NETWORK_ERROR,2,SEND_REMINDER,1
0.6551724137931034,0.7,7349.4,UPI,ICICI,BANK_TIMEOUT,15,RETRY_LATER,1
0.7142857142857143,0.3125,2068.02,WALLET,ICICI,LIMIT_EXCEEDED,1,NO_ACTION,0
0.926829268292683,1.0,4713.17,NETBANKING,HDFC,CARD_EXPIRED,7,RETRY_LATER,0
0.7526881720430108,0.30434782608695654,6278.65,UPI,YESBANK,NETWORK_ERROR,20,NO_ACTION,0
0.7058823529411765,0.4,6287.1,WALLET,AXIS,INSUFFICIENT_FUNDS,12,NO_ACTION,0
0.5,0.42857142857142855,6076.96,UPI,KOTAK,CARD_EXPIRED,13,RETRY_NOW,0
0.6,0.3,6649.65,NETBANKING,AXIS,INSUFFICIENT_FUNDS,9,NO_ACTION,0
0.6666666666666666,1.0,3789.48,NETBANKING,KOTAK,NETWORK_ERROR,12,RETRY_LATER,1
0.6632653061224489,0.3939393939393939,2643.65,CARD,HDFC,INSUFFICIENT_FUNDS,6,RETRY_LATER,0
0.8235294117647058,0.6666666666666666,4629.98,CARD,YESBANK,INSUFFICIENT_FUNDS,8,RETRY_LATER,1
0.9722222222222222,1.0,1169.55,UPI,KOTAK,NETWORK_ERROR,22,RETRY_NOW,1
0.8666666666666667,0.5,5556.61,NETBANKING,KOTAK,INSUFFICIENT_FUNDS,9,RETRY_LATER,0
0.75,0.4666666666666667,2542.06,CARD,YESBANK,INSUFFICIENT_FUNDS,2,NO_ACTION,0
0.8181818181818182,1.0,149.58,UPI,YESBANK,NETWORK_ERROR,7,NO_ACTION,0
0.75,0.7,3020.67,CARD,ICICI,INSUFFICIENT_FUNDS,20,SEND_REMINDER,0
0.7280701754385965,0.41935483870967744,3977.95,NETBANKING,YESBANK,LIMIT_EXCEEDED,10,SEND_REMINDER,0
0.8846153846153846,0.6666666666666666,2168.89,WALLET,KOTAK,CARD_EXPIRED,23,RETRY_LATER,1
0.5454545454545454,0.8,2793.38,NETBANKING,SBI,LIMIT_EXCEEDED,6,RETRY_NOW,1
0.9113924050632911,0.7142857142857143,2938.1,CARD,HDFC,LIMIT_EXCEEDED,12,RETRY_LATER,1
0.5648148148148148,0.425531914893617,7051.35,CARD,YESBANK,INSUFFICIENT_FUNDS,4,NO_ACTION,0
0.7272727272727273,0.37037037037037035,9164.15,NETBANKING,SBI,INSUFFICIENT_FUNDS,11,RETRY_LATER,1
0.5,1.0,9879.49,UPI,KOTAK,LIMIT_EXCEEDED,4,RETRY_LATER,0
0.9191176470588235,0.5454545454545454,4502.42,CARD,ICICI,CARD_EXPIRED,4,NO_ACTION,0
0.6346153846153846,0.47368421052631576,6867.64,UPI,YESBANK,NETWORK_ERROR,11,SEND_REMINDER,0
0.8125,0.5333333333333333,5560.45,NETBANKING,HDFC,BANK_TIMEOUT,6,RETRY_NOW,0
0.673469387755102,0.5625,1141.92,CARD,YESBANK,LIMIT_EXCEEDED,22,RETRY_NOW,0
0.6962025316455697,0.4583333333333333,174.7,UPI,KOTAK,BANK_TIMEOUT,4,RETRY_NOW,0
0.8363636363636363,0.7777777777777778,4654.62,WALLET,SBI,CARD_EXPIRED,9,RETRY_LATER,0
0.7083333333333334,0.42857142857142855,5218.75,NETBANKING,AXIS,AUTHENTICATION_FAILED,13,NO_ACTION,0
0.8311688311688312,0.46153846153846156,5417.8,CARD,HDFC,NETWORK_ERROR,16,RETRY_NOW,0
0.7222222222222222,0.6,4374.76,NETBANKING,ICICI,CARD_EXPIRED,1,RETRY_LATER,1
0.7727272727272727,0.6,6751.28,NETBANKING,SBI,LIMIT_EXCEEDED,8,NO_ACTION,0
0.5833333333333334,1.0,9446.04,NETBANKING,KOTAK,INSUFFICIENT_FUNDS,22,RETRY_NOW,1
0.7948717948717948,0.5625,2353.34,CARD,AXIS,BANK_TIMEOUT,12,NO_ACTION,0
0.6964285714285714,0.5294117647058824,9416.85,UPI,HDFC,CARD_EXPIRED,20,RETRY_LATER,0
0.8235294117647058,0.5555555555555556,9698.76,NETBANKING,YESBANK,BANK_TIMEOUT,5,RETRY_NOW,0
0.6153846153846154,0.6,4326.88,WALLET,YESBANK,INSUFFICIENT_FUNDS,5,RETRY_LATER,0
0.8125,0.47619047619047616,4192.52,WALLET,KOTAK,BANK_TIMEOUT,22,NO_ACTION,0
0.7272727272727273,0.4583333333333333,4405.33,NETBANKING,YESBANK,CARD_EXPIRED,23,NO_ACTION,0
0.43333333333333335,0.4117647058823529,3082.09,UPI,SBI,BANK_TIMEOUT,5,NO_ACTION,0
0.8571428571428571,1.0,7829.38,WALLET,AXIS,AUTHENTICATION_FAILED,14,RETRY_NOW,0
0.6944444444444444,0.2727272727272727,8276.17,NETBANKING,SBI,BANK_TIMEOUT,23,NO_ACTION,0
0.7959183673469388,0.8,6393.39,WALLET,KOTAK,AUTHENTICATION_FAILED,13,SEND_REMINDER,1
0.7837837837837838,0.375,1955.69,CARD,ICICI,BANK_TIMEOUT,5,SEND_REMINDER,0
0.8947368421052632,0.5,3207.59,NETBANKING,YESBANK,LIMIT_EXCEEDED,2,NO_ACTION,0
0.6666666666666666,0.4,3726.6,CARD,SBI,LIMIT_EXCEEDED,15,RETRY_LATER,1
0.6222222222222222,0.6470588235294118,3143.7,WALLET,AXIS,CARD_EXPIRED,17,RETRY_LATER,1
0.6153846153846154,0.6,4326.88,WALLET,YESBANK,INSUFFICIENT_FUNDS,5,RETRY_NOW,0
0.5454545454545454,0.75,6235.25,WALLET,YESBANK,BANK_TIMEOUT,18,NO_ACTION,0
0.84,0.75,2390.75,NETBANKING,HDFC,NETWORK_ERROR,16,RETRY_NOW,1
0.6470588235294118,0.4444444444444444,3659.3,CARD,SBI,AUTHENTICATION_FAILED,1,NO_ACTION,0
0.0,1.0,265.16,CARD,AXIS,CARD_EXPIRED,3,RETRY_NOW,0
0.7857142857142857,0.5833333333333334,355.31,UPI,YESBANK,AUTHENTICATION_FAILED,12,RETRY_LATER,1
0.7333333333333333,0.75,9375.79,CARD,YESBANK,CARD_EXPIRED,12,NO_ACTION,0
0.7426470588235294,0.5142857142857142,8510.07,CARD,HDFC,NETWORK_ERROR,13,NO_ACTION,0
0.68,0.4375,2238.69,CARD,HDFC,LIMIT_EXCEEDED,2,SEND_REMINDER,1
0.7088607594936709,0.5652173913043478,7003.57,NETBANKING,SBI,BANK_TIMEOUT,13,RETRY_NOW,1
0.9166666666666666,0.0,2523.44,UPI,AXIS,INSUFFICIENT_FUNDS,6,RETRY_NOW,1
0.8775510204081632,0.5,5603.69,UPI,YESBANK,NETWORK_ERROR,21,NO_ACTION,0
0.8571428571428571,0.75,1332.36,NETBANKING,SBI,INSUFFICIENT_FUNDS,21,RETRY_NOW,0
0.5,1.0,3714.86,UPI,ICICI,AUTHENTICATION_FAILED,18,NO_ACTION,0
0.8333333333333334,0.5,7883.22,NETBANKING,KOTAK,CARD_EXPIRED,11,RETRY_LATER,0
0.75,0.2857142857142857,9299.06,CARD,HDFC,LIMIT_EXCEEDED,2,RETRY_LATER,0
0.8064516129032258,0.3333333333333333,1306.61,CARD,ICICI,AUTHENTICATION_FAILED,4,RETRY_LATER,1
0.8796296296296297,0.6153846153846154,9669.06,NETBANKING,HDFC,INSUFFICIENT_FUNDS,18,NO_ACTION,0
0.8974358974358975,0.5,4321.6,CARD,KOTAK,NETWORK_ERROR,23,NO_ACTION,0
0.8759124087591241,0.5294117647058824,9577.53,WALLET,AXIS,INSUFFICIENT_FUNDS,18,NO_ACTION,0
0.8095238095238095,0.4166666666666667,8130.11,UPI,KOTAK,LIMIT_EXCEEDED,20,RETRY_NOW,1
0.9191176470588235,0.5454545454545454,4502.42,CARD,ICICI,CARD_EXPIRED,4,SEND_REMINDER,0
0.7142857142857143,0.5,6673.95,WALLET,HDFC,NETWORK_ERROR,22,RETRY_NOW,0
0.6818181818181818,0.2857142857142857,2565.29,CARD,ICICI,CARD_EXPIRED,12,NO_ACTION,0
0.7333333333333333,0.35,1411.43,UPI,HDFC,INSUFFICIENT_FUNDS,18,SEND_REMINDER,1
0.7,0.3333333333333333,8760.32,CARD,SBI,BANK_TIMEOUT,20,NO_ACTION,0
0.6956521739130435,0.47619047619047616,8166.59,WALLET,AXIS,NETWORK_ERROR,20,SEND_REMINDER,0
0.8958333333333334,0.4,1497.72,WALLET,HDFC,INSUFFICIENT_FUNDS,1,NO_ACTION,0
0.9090909090909091,1.0,7518.71,NETBANKING,KOTAK,CARD_EXPIRED,8,RETRY_NOW,1
0.8947368421052632,0.125,8721.36,WALLET,AXIS,CARD_EXPIRED,11,RETRY_NOW,1
0.825,0.42857142857142855,6180.43,NETBANKING,SBI,BANK_TIMEOUT,3,SEND_REMINDER,0
0.8461538461538461,0.25,8906.64,UPI,YESBANK,AUTHENTICATION_FAILED,3,RETRY_LATER,1
0.6666666666666666,0.2,8921.35,WALLET,HDFC,NETWORK_ERROR,15,RETRY_LATER,0
0.88,0.0,7356.47,NETBANKING,YESBANK,LIMIT_EXCEEDED,1,NO_ACTION,0
0.8317757009345794,0.6666666666666666,7575.67,NETBANKING,SBI,NETWORK_ERROR,14,RETRY_NOW,1
0.7142857142857143,0.75,8230.09,WALLET,KOTAK,CARD_EXPIRED,22,RETRY_LATER,1
0.6086956521739131,0.5555555555555556,3565.2,UPI,AXIS,BANK_TIMEOUT,6,RETRY_NOW,1
0.5,1.0,8669.42,CARD,HDFC,CARD_EXPIRED,22,NO_ACTION,0
0.56,0.2727272727272727,2424.16,CARD,ICICI,BANK_TIMEOUT,13,RETRY_LATER,1
0.7068965517241379,0.5294117647058824,997.58,UPI,KOTAK,BANK_TIMEOUT,20,NO_ACTION,0
0.7875,0.7058823529411765,2016.5,NETBANKING,SBI,CARD_EXPIRED,16,RETRY_NOW,1
0.8533333333333334,0.45454545454545453,9697.48,CARD,KOTAK,BANK_TIMEOUT,7,SEND_REMINDER,1
0.0,1.0,1828.63,NETBANKING,ICICI,NETWORK_ERROR,4,RETRY_NOW,1
0.8043478260869565,0.4444444444444444,1964.06,WALLET,KOTAK,INSUFFICIENT_FUNDS,21,SEND_REMINDER,1
0.7377049180327869,0.4375,8288.26,NETBANKING,ICICI,BANK_TIMEOUT,13,SEND_REMINDER,0
0.7654320987654321,0.47368421052631576,4194.38,UPI,AXIS,NETWORK_ERROR,15,NO_ACTION,0
0.7164179104477612,0.42105263157894735,1502.36,NETBANKING,KOTAK,CARD_EXPIRED,9,RETRY_LATER,0
0.5892857142857143,0.5652173913043478,4357.8,WALLET,YESBANK,NETWORK_ERROR,9,SEND_REMINDER,0
0.837037037037037,0.5,7807.87,NETBANKING,AXIS,INSUFFICIENT_FUNDS,1,SEND_REMINDER,0
0.7659574468085106,0.45454545454545453,8898.02,WALLET,AXIS,CARD_EXPIRED,14,RETRY_NOW,0
0.42857142857142855,0.25,4211.44,NETBANKING,YESBANK,LIMIT_EXCEEDED,22,RETRY_NOW,0
0.0,0.0,6561.88,NETBANKING,YESBANK,BANK_TIMEOUT,6,NO_ACTION,0
0.7959183673469388,0.8,456.73,NETBANKING,YESBANK,NETWORK_ERROR,6,SEND_REMINDER,1
0.8636363636363636,0.3333333333333333,8350.5,UPI,HDFC,AUTHENTICATION_FAILED,21,SEND_REMINDER,0
0.8775510204081632,0.8333333333333334,1656.69,NETBANKING,KOTAK,NETWORK_ERROR,13,RETRY_LATER,1
0.5454545454545454,0.5,1865.55,WALLET,HDFC,INSUFFICIENT_FUNDS,15,NO_ACTION,0
0.6615384615384615,0.45454545454545453,7165.05,WALLET,KOTAK,AUTHENTICATION_FAILED,5,NO_ACTION,0
0.3333333333333333,0.5,3300.42,NETBANKING,KOTAK,LIMIT_EXCEEDED,9,RETRY_NOW,0
0.8636363636363636,0.3333333333333333,4831.95,CARD,SBI,LIMIT_EXCEEDED,11,RETRY_LATER,1
0.8695652173913043,0.6666666666666666,7477.72,UPI,HDFC,LIMIT_EXCEEDED,20,SEND_REMINDER,0
0.8055555555555556,0.7142857142857143,6774.77,WALLET,KOTAK,CARD_EXPIRED,21,NO_ACTION,0
0.6909090909090909,0.5882352941176471,2272.86,CARD,AXIS,NETWORK_ERROR,7,NO_ACTION,0
0.8333333333333334,0.0,634.37,WALLET,SBI,INSUFFICIENT_FUNDS,16,RETRY_NOW,0
0.7142857142857143,1.0,9381.13,NETBANKING,AXIS,INSUFFICIENT_FUNDS,7,RETRY_NOW,1
0.7333333333333333,0.5,3029.11,CARD,KOTAK,NETWORK_ERROR,21,RETRY_LATER,1
0.7115384615384616,0.5333333333333333,7288.04,CARD,YESBANK,LIMIT_EXCEEDED,15,RETRY_NOW,0
0.3333333333333333,0.75,608.64,CARD,ICICI,INSUFFICIENT_FUNDS,22,SEND_REMINDER,0
0.71875,0.5555555555555556,3840.56,WALLET,YESBANK,LIMIT_EXCEEDED,15,SEND_REMINDER,1
0.6666666666666666,0.625,9130.71,NETBANKING,SBI,CARD_EXPIRED,8,RETRY_NOW,1
0.775,0.6666666666666666,9179.12,WALLET,AXIS,CARD_EXPIRED,7,RETRY_NOW,0
0.95,1.0,5173.1,NETBANKING,HDFC,LIMIT_EXCEEDED,19,RETRY_LATER,1
0.82,0.4444444444444444,855.7,WALLET,YESBANK,CARD_EXPIRED,7,NO_ACTION,0
0.7333333333333333,0.5,5634.82,WALLET,KOTAK,BANK_TIMEOUT,19,SEND_REMINDER,1
0.6896551724137931,0.4444444444444444,3611.41,NETBANKING,ICICI,NETWORK_ERROR,7,NO_ACTION,0
0.9310344827586207,0.5,5299.21,UPI,KOTAK,LIMIT_EXCEEDED,18,SEND_REMINDER,1
0.6944444444444444,0.2727272727272727,8276.17,NETBANKING,SBI,BANK_TIMEOUT,23,RETRY_NOW,1
0.6764705882352942,0.45454545454545453,5363.85,CARD,YESBANK,AUTHENTICATION_FAILED,0,RETRY_LATER,1
0.7714285714285715,0.75,735.67,WALLET,YESBANK,NETWORK_ERROR,11,SEND_REMINDER,1
0.6565656565656566,0.5,5963.05,NETBANKING,KOTAK,CARD_EXPIRED,8,RETRY_NOW,0
0.75,0.0,8351.82,UPI,YESBANK,AUTHENTICATION_FAILED,23,RETRY_LATER,0
0.9428571428571428,0.5,3638.84,NETBANKING,KOTAK,NETWORK_ERROR,17,RETRY_NOW,1
0.8421052631578947,0.5,1225.71,UPI,YESBANK,CARD_EXPIRED,0,SEND_REMINDER,1
0.8636363636363636,0.3333333333333333,4673.17,WALLET,ICICI,INSUFFICIENT_FUNDS,11,RETRY_NOW,1
0.6923076923076923,0.5,7785.46,NETBANKING,AXIS,CARD_EXPIRED,13,SEND_REMINDER,0
0.76,0.6666666666666666,4570.38,NETBANKING,ICICI,CARD_EXPIRED,6,RETRY_NOW,0
0.7222222222222222,0.5333333333333333,7277.22,NETBANKING,SBI,AUTHENTICATION_FAILED,13,SEND_REMINDER,0
0.7125,0.30434782608695654,5545.36,NETBANKING,HDFC,CARD_EXPIRED,6,SEND_REMINDER,0
0.6739130434782609,0.4666666666666667,3170.57,WALLET,HDFC,INSUFFICIENT_FUNDS,12,RETRY_LATER,0
0.8125,0.3333333333333333,1659.85,WALLET,KOTAK,LIMIT_EXCEEDED,15,NO_ACTION,0
0.5789473684210527,0.5,9138.49,UPI,YESBANK,NETWORK_ERROR,23,RETRY_LATER,1
0.6941176470588235,0.5384615384615384,337.55,NETBANKING,ICICI,NETWORK_ERROR,18,NO_ACTION,0
0.6746987951807228,0.48148148148148145,9926.67,WALLET,ICICI,INSUFFICIENT_FUNDS,8,RETRY_NOW,1
0.7758620689655172,0.5384615384615384,4053.94,UPI,ICICI,NETWORK_ERROR,19,NO_ACTION,0
0.65625,0.5454545454545454,5784.59,CARD,HDFC,INSUFFICIENT_FUNDS,5,RETRY_NOW,0
0.8421052631578947,0.5,269.98,CARD,YESBANK,AUTHENTICATION_FAILED,3,RETRY_NOW,0
0.8333333333333334,0.25,7923.64,CARD,ICICI,AUTHENTICATION_FAILED,16,RETRY_NOW,0
0.6470588235294118,0.16666666666666666,8140.89,UPI,HDFC,AUTHENTICATION_FAILED,4,SEND_REMINDER,0
0.84251968503937,0.5,3444.63,WALLET,SBI,BANK_TIMEOUT,23,RETRY_LATER,1
0.7666666666666667,0.7142857142857143,3411.82,UPI,KOTAK,BANK_TIMEOUT,13,NO_ACTION,0
0.7647058823529411,0.375,2778.78,CARD,SBI,BANK_TIMEOUT,12,RETRY_LATER,0
0.5555555555555556,0.3333333333333333,6139.15,WALLET,YESBANK,LIMIT_EXCEEDED,18,SEND_REMINDER,1
0.9,0.5,4069.58,NETBANKING,KOTAK,BANK_TIMEOUT,1,RETRY_LATER,1
0.631578947368421,0.6428571428571429,8720.59,UPI,SBI,AUTHENTICATION_FAILED,11,SEND_REMINDER,1
0.0,1.0,9162.58,NETBANKING,ICICI,NETWORK_ERROR,3,RETRY_NOW,0
0.7954545454545454,0.6666666666666666,8333.62,CARD,YESBANK,CARD_EXPIRED,5,RETRY_NOW,0
0.6619718309859155,0.4583333333333333,190.39,NETBANKING,ICICI,BANK_TIMEOUT,19,SEND_REMINDER,1
0.5714285714285714,0.5238095238095238,902.01,WALLET,KOTAK,INSUFFICIENT_FUNDS,22,RETRY_LATER,1
0.6285714285714286,0.5384615384615384,3753.74,CARD,YESBANK,LIMIT_EXCEEDED,3,RETRY_LATER,0
0.6351351351351351,0.3333333333333333,9333.27,WALLET,SBI,INSUFFICIENT_FUNDS,18,SEND_REMINDER,0
0.7927927927927928,0.6956521739130435,8526.75,CARD,ICICI,NETWORK_ERROR,16,SEND_REMINDER,0
0.6588235294117647,0.41379310344827586,590.03,NETBANKING,ICICI,AUTHENTICATION_FAILED,10,SEND_REMINDER,0
0.8311688311688312,0.46153846153846156,5417.8,CARD,HDFC,NETWORK_ERROR,16,RETRY_LATER,0
0.75,0.7666666666666667,8007.29,UPI,KOTAK,LIMIT_EXCEEDED,11,RETRY_NOW,0
0.8,0.3333333333333333,3347.71,UPI,YESBANK,NETWORK_ERROR,3,RETRY_LATER,1
0.92,0.5,6071.8,WALLET,SBI,CARD_EXPIRED,23,SEND_REMINDER,0
0.7037037037037037,0.5,3722.44,NETBANKING,SBI,AUTHENTICATION_FAILED,11,SEND_REMINDER,0
0.7076923076923077,0.39473684210526316,335.78,CARD,ICICI,CARD_EXPIRED,8,RETRY_NOW,0
0.5789473684210527,0.5,1366.96,WALLET,HDFC,NETWORK_ERROR,7,SEND_REMINDER,1
0.9117647058823529,0.6666666666666666,8277.23,UPI,HDFC,BANK_TIMEOUT,2,RETRY_LATER,1
0.6666666666666666,1.0,3607.28,NETBANKING,YESBANK,LIMIT_EXCEEDED,6,SEND_REMINDER,1
0.7888888888888889,0.5789473684210527,4005.22,CARD,HDFC,LIMIT_EXCEEDED,8,SEND_REMINDER,0
0.7019230769230769,0.5161290322580645,866.16,WALLET,YESBANK,AUTHENTICATION_FAILED,3,NO_ACTION,0
0.7322834645669292,0.5882352941176471,1802.03,NETBANKING,ICICI,NETWORK_ERROR,23,RETRY_LATER,1
0.6704545454545454,0.5862068965517241,5257.83,WALLET,YESBANK,LIMIT_EXCEEDED,10,NO_ACTION,0
0.0,0.0,5759.94,CARD,SBI,AUTHENTICATION_FAILED,10,RETRY_NOW,0
0.9117647058823529,0.6666666666666666,8277.23,UPI,HDFC,BANK_TIMEOUT,2,RETRY_NOW,0
0.8292682926829268,0.42857142857142855,7289.06,WALLET,HDFC,AUTHENTICATION_FAILED,1,RETRY_NOW,0
0.5604395604395604,0.475,9010.31,UPI,ICICI,INSUFFICIENT_FUNDS,5,SEND_REMINDER,1
0.8640776699029126,0.6428571428571429,8688.79,NETBANKING,SBI,LIMIT_EXCEEDED,12,RETRY_NOW,0
0.7,0.4444444444444444,9030.5,WALLET,SBI,CARD_EXPIRED,18,RETRY_NOW,0
0.72,0.5714285714285714,5836.22,UPI,HDFC,BANK_TIMEOUT,19,NO_ACTION,0
0.8354430379746836,0.6923076923076923,5922.42,NETBANKING,SBI,CARD_EXPIRED,15,RETRY_NOW,1
0.2,0.75,7701.85,CARD,SBI,NETWORK_ERROR,13,RETRY_LATER,0
0.7702702702702703,0.47058823529411764,1904.03,NETBANKING,ICICI,AUTHENTICATION_FAILED,23,SEND_REMINDER,0
0.5806451612903226,0.46153846153846156,8985.62,UPI,HDFC,AUTHENTICATION_FAILED,22,RETRY_NOW,0
0.9069767441860465,0.75,4033.87,WALLET,YESBANK,CARD_EXPIRED,14,NO_ACTION,0
0.5789473684210527,0.75,797.23,WALLET,AXIS,CARD_EXPIRED,7,RETRY_LATER,1
0.7647058823529411,0.5,647.3,CARD,SBI,LIMIT_EXCEEDED,7,RETRY_LATER,0
0.8225806451612904,0.5454545454545454,8124.71,WALLET,YESBANK,BANK_TIMEOUT,10,NO_ACTION,0
0.8285714285714286,0.6666666666666666,1222.21,UPI,AXIS,INSUFFICIENT_FUNDS,18,RETRY_LATER,1
0.84,0.75,1314.04,NETBANKING,AXIS,BANK_TIMEOUT,10,SEND_REMINDER,1
0.7222222222222222,0.6,4374.76,NETBANKING,ICICI,CARD_EXPIRED,1,SEND_REMINDER,1
0.782608695652174,0.56,2018.16,NETBANKING,HDFC,AUTHENTICATION_FAILED,16,RETRY_LATER,0
0.7401574803149606,0.45454545454545453,1354.29,WALLET,KOTAK,LIMIT_EXCEEDED,1,SEND_REMINDER,1
0.801980198019802,0.6,7035.59,WALLET,YESBANK,AUTHENTICATION_FAILED,15,NO_ACTION,0
0.6578947368421053,0.34615384615384615,4648.39,NETBANKING,YESBANK,NETWORK_ERROR,23,RETRY_NOW,1
0.6666666666666666,0.6,359.78,NETBANKING,YESBANK,CARD_EXPIRED,16,SEND_REMINDER,0
0.8070175438596491,0.45454545454545453,9185.2,CARD,KOTAK,NETWORK_ERROR,19,RETRY_NOW,1
0.5964912280701754,0.6086956521739131,7529.22,NETBANKING,SBI,AUTHENTICATION_FAILED,21,RETRY_LATER,1
0.8625,0.7272727272727273,208.57,WALLET,SBI,INSUFFICIENT_FUNDS,20,RETRY_LATER,0
0.75,0.25,7380.85,UPI,AXIS,AUTHENTICATION_FAILED,14,RETRY_LATER,0
0.7916666666666666,0.5,9397.28,NETBANKING,ICICI,BANK_TIMEOUT,11,RETRY_LATER,1
0.0,1.0,4758.97,WALLET,KOTAK,CARD_EXPIRED,11,RETRY_LATER,0
0.6727272727272727,0.5,8848.37,NETBANKING,ICICI,NETWORK_ERROR,18,RETRY_LATER,1
0.6956521739130435,0.5714285714285714,9643.37,WALLET,YESBANK,INSUFFICIENT_FUNDS,19,NO_ACTION,0
0.5,0.0,7648.36,WALLET,KOTAK,AUTHENTICATION_FAILED,12,RETRY_NOW,0
0.9166666666666666,0.3333333333333333,6267.55,NETBANKING,ICICI,AUTHENTICATION_FAILED,16,RETRY_NOW,0
0.6271186440677966,0.5454545454545454,2843.23,CARD,AXIS,BANK_TIMEOUT,7,RETRY_LATER,1
0.8461538461538461,0.5,8796.8,CARD,ICICI,CARD_EXPIRED,11,SEND_REMINDER,1
0.8545454545454545,0.6875,1333.94,NETBANKING,ICICI,LIMIT_EXCEEDED,1,RETRY_NOW,0
0.8076923076923077,0.5333333333333333,2255.04,CARD,AXIS,NETWORK_ERROR,15,SEND_REMINDER,0
0.75,0.875,175.47,WALLET,SBI,CARD_EXPIRED,10,SEND_REMINDER,1
0.7962962962962963,0.5454545454545454,3799.79,CARD,AXIS,BANK_TIMEOUT,7,NO_ACTION,0
0.6935483870967742,0.2631578947368421,8559.73,NETBANKING,HDFC,INSUFFICIENT_FUNDS,5,NO_ACTION,0
0.625,0.4166666666666667,4192.77,UPI,YESBANK,CARD_EXPIRED,12,RETRY_NOW,0
0.6,0.6,8505.9,WALLET,YESBANK,BANK_TIMEOUT,15,SEND_REMINDER,0
0.2,0.75,2846.94,NETBANKING,YESBANK,CARD_EXPIRED,4,SEND_REMINDER,0
0.8901098901098901,0.5,1489.31,UPI,SBI,LIMIT_EXCEEDED,15,NO_ACTION,0
0.9369369369369369,0.8571428571428571,2394.22,WALLET,SBI,INSUFFICIENT_FUNDS,3,RETRY_LATER,0
0.75,0.5294117647058824,9067.84,WALLET,ICICI,AUTHENTICATION_FAILED,10,NO_ACTION,0
0.6521739130434783,0.5,7598.32,CARD,AXIS,NETWORK_ERROR,8,RETRY_LATER,1
0.4444444444444444,0.2,3405.27,UPI,KOTAK,INSUFFICIENT_FUNDS,22,SEND_REMINDER,1
0.6956521739130435,0.5714285714285714,5435.89,UPI,KOTAK,INSUFFICIENT_FUNDS,9,SEND_REMINDER,1
0.8461538461538461,1.0,3184.54,NETBANKING,YESBANK,AUTHENTICATION_FAILED,6,RETRY_LATER,1
0.75,0.0,4984.72,UPI,AXIS,BANK_TIMEOUT,5,SEND_REMINDER,1
0.703125,0.3684210526315789,3449.49,CARD,SBI,BANK_TIMEOUT,2,RETRY_LATER,0
0.8181818181818182,0.5,2999.52,NETBANKING,YESBANK,LIMIT_EXCEEDED,19,SEND_REMINDER,1
0.8076923076923077,0.4,8372.33,CARD,YESBANK,BANK_TIMEOUT,7,NO_ACTION,0
0.803030303030303,0.46153846153846156,247.47,CARD,HDFC,LIMIT_EXCEEDED,6,RETRY_NOW,0
0.8468468468468469,0.5294117647058824,823.31,CARD,ICICI,CARD_EXPIRED,6,NO_ACTION,0
0.0,1.0,7593.28,CARD,AXIS,INSUFFICIENT_FUNDS,4,SEND_REMINDER,1
0.42857142857142855,0.25,4211.44,NETBANKING,YESBANK,LIMIT_EXCEEDED,22,NO_ACTION,0
0.8796296296296297,0.6153846153846154,9669.06,NETBANKING,HDFC,INSUFFICIENT_FUNDS,18,RETRY_LATER,0
0.6666666666666666,0.5,5220.72,UPI,HDFC,LIMIT_EXCEEDED,13,RETRY_LATER,0
0.75,0.8,2821.73,WALLET,AXIS,LIMIT_EXCEEDED,17,SEND_REMINDER,0
0.6666666666666666,0.0,1828.66,NETBANKING,YESBANK,LIMIT_EXCEEDED,12,RETRY_LATER,0
0.9166666666666666,1.0,5024.1,CARD,KOTAK,AUTHENTICATION_FAILED,8,RETRY_LATER,1
0.75,0.75,3849.42,UPI,AXIS,AUTHENTICATION_FAILED,22,SEND_REMINDER,0
0.9285714285714286,1.0,7249.42,UPI,YESBANK,CARD_EXPIRED,6,RETRY_LATER,1
0.7796610169491526,0.3076923076923077,3049.8,CARD,SBI,AUTHENTICATION_FAILED,18,SEND_REMINDER,1
0.0,0.0,5891.61,WALLET,KOTAK,NETWORK_ERROR,14,SEND_REMINDER,1
0.8727272727272727,0.8571428571428571,7915.37,CARD,AXIS,CARD_EXPIRED,18,RETRY_NOW,0
0.7209302325581395,0.5,1158.65,WALLET,AXIS,INSUFFICIENT_FUNDS,0,RETRY_LATER,1
0.9074074074074074,0.6,4632.63,NETBANKING,KOTAK,CARD_EXPIRED,9,SEND_REMINDER,0
0.9090909090909091,0.0,3109.17,CARD,SBI,AUTHENTICATION_FAILED,15,NO_ACTION,0
0.875,0.6666666666666666,5145.23,UPI,ICICI,CARD_EXPIRED,21,RETRY_NOW,0
0.5,0.4583333333333333,4668.72,CARD,HDFC,BANK_TIMEOUT,4,NO_ACTION,0
0.9069767441860465,1.0,8560.94,UPI,ICICI,CARD_EXPIRED,16,SEND_REMINDER,1
0.8504672897196262,0.5,3348.52,CARD,YESBANK,BANK_TIMEOUT,3,RETRY_LATER,1
0.5714285714285714,0.6666666666666666,9926.32,CARD,SBI,AUTHENTICATION_FAILED,12,NO_ACTION,0
0.6991869918699187,0.7027027027027027,9600.94,UPI,SBI,CARD_EXPIRED,13,SEND_REMINDER,1
0.5555555555555556,0.5,6346.32,CARD,AXIS,INSUFFICIENT_FUNDS,13,RETRY_NOW,0
0.6363636363636364,0.5,8031.76,CARD,KOTAK,NETWORK_ERROR,12,RETRY_LATER,1
0.7692307692307693,0.6666666666666666,4257.22,UPI,YESBANK,NETWORK_ERROR,4,RETRY_NOW,1
0.875,0.0,4482.94,NETBANKING,KOTAK,AUTHENTICATION_FAILED,1,SEND_REMINDER,0
0.6923076923076923,0.0,4066.49,CARD,HDFC,INSUFFICIENT_FUNDS,5,SEND_REMINDER,1
0.7555555555555555,0.45454545454545453,7945.44,CARD,AXIS,CARD_EXPIRED,13,SEND_REMINDER,1
0.8484848484848485,0.4,364.12,WALLET,HDFC,INSUFFICIENT_FUNDS,23,NO_ACTION,0
0.7848101265822784,0.4117647058823529,5903.89,WALLET,HDFC,AUTHENTICATION_FAILED,8,NO_ACTION,0
0.8461538461538461,0.16666666666666666,2921.29,CARD,KOTAK,LIMIT_EXCEEDED,12,RETRY_NOW,1
0.7380952380952381,0.5454545454545454,9420.67,CARD,SBI,LIMIT_EXCEEDED,8,RETRY_NOW,0
0.6785714285714286,0.6111111111111112,8837.99,UPI,YESBANK,BANK_TIMEOUT,17,RETRY_LATER,1
0.6666666666666666,0.0,3485.99,UPI,KOTAK,CARD_EXPIRED,3,NO_ACTION,0
0.5,0.4583333333333333,4668.72,CARD,HDFC,BANK_TIMEOUT,4,RETRY_NOW,1
0.7052631578947368,0.4642857142857143,2189.0,UPI,SBI,CARD_EXPIRED,11,RETRY_NOW,1
0.7804878048780488,0.5555555555555556,8842.17,UPI,ICICI,INSUFFICIENT_FUNDS,17,RETRY_NOW,1
0.8241758241758241,0.6875,2111.98,CARD,HDFC,AUTHENTICATION_FAILED,4,NO_ACTION,0
0.8387096774193549,0.6,8204.01,WALLET,YESBANK,NETWORK_ERROR,3,NO_ACTION,0
0.25,1.0,7049.25,WALLET,ICICI,AUTHENTICATION_FAILED,16,RETRY_LATER,0
0.8974358974358975,0.5,4321.6,CARD,KOTAK,NETWORK_ERROR,23,RETRY_LATER,0
0.8316831683168316,0.7058823529411765,9422.9,NETBANKING,KOTAK,CARD_EXPIRED,11,NO_ACTION,0
0.625,0.5,2489.3,UPI,KOTAK,AUTHENTICATION_FAILED,11,SEND_REMINDER,0
0.65,0.2857142857142857,3386.15,UPI,AXIS,BANK_TIMEOUT,17,SEND_REMINDER,0
0.6,1.0,679.03,NETBANKING,YESBANK,LIMIT_EXCEEDED,23,NO_ACTION,0
0.7241379310344828,0.375,9497.73,CARD,AXIS,BANK_TIMEOUT,6,SEND_REMINDER,0
0.7543859649122807,0.8571428571428571,9292.73,WALLET,HDFC,LIMIT_EXCEEDED,16,RETRY_NOW,1
0.6075949367088608,0.5483870967741935,6704.09,CARD,SBI,NETWORK_ERROR,3,SEND_REMINDER,0
0.775,0.6111111111111112,7531.37,WALLET,KOTAK,INSUFFICIENT_FUNDS,2,NO_ACTION,0
0.7142857142857143,0.7,2385.35,UPI,SBI,CARD_EXPIRED,18,RETRY_LATER,0
0.9130434782608695,0.6666666666666666,5549.27,WALLET,AXIS,INSUFFICIENT_FUNDS,11,SEND_REMINDER,0
0.7719298245614035,0.8461538461538461,4884.42,WALLET,SBI,BANK_TIMEOUT,12,RETRY_NOW,1
0.9369369369369369,0.5714285714285714,5254.26,UPI,KOTAK,CARD_EXPIRED,7,NO_ACTION,0
0.6666666666666666,0.0,2422.66,WALLET,KOTAK,BANK_TIMEOUT,13,RETRY_LATER,0
0.6111111111111112,0.8571428571428571,7813.37,WALLET,HDFC,NETWORK_ERROR,18,RETRY_LATER,1
0.7333333333333333,0.75,1503.04,UPI,HDFC,NETWORK_ERROR,9,NO_ACTION,0
0.8918918918918919,0.75,9253.95,WALLET,AXIS,INSUFFICIENT_FUNDS,3,NO_ACTION,0
0.7032967032967034,0.4444444444444444,8045.44,CARD,KOTAK,NETWORK_ERROR,11,SEND_REMINDER,0
0.7592592592592593,0.46153846153846156,3109.55,WALLET,KOTAK,LIMIT_EXCEEDED,2,RETRY_LATER,1
0.5714285714285714,0.0,9439.52,WALLET,KOTAK,INSUFFICIENT_FUNDS,2,RETRY_NOW,0
0.875,0.5,2058.74,UPI,HDFC,BANK_TIMEOUT,4,RETRY_NOW,1
0.8292682926829268,0.14285714285714285,6881.65,CARD,ICICI,AUTHENTICATION_FAILED,7,RETRY_NOW,0
0.6349206349206349,0.4782608695652174,8393.85,NETBANKING,ICICI,NETWORK_ERROR,13,RETRY_NOW,1
0.8,0.0,8253.23,UPI,KOTAK,NETWORK_ERROR,23,RETRY_NOW,0
0.8085106382978723,0.3333333333333333,5971.06,CARD,HDFC,NETWORK_ERROR,11,RETRY_NOW,0
0.6818181818181818,0.42857142857142855,6521.67,CARD,KOTAK,CARD_EXPIRED,21,SEND_REMINDER,0
0.0,0.0,6118.23,CARD,HDFC,BANK_TIMEOUT,5,NO_ACTION,0
0.7115384615384616,0.36666666666666664,1287.71,UPI,KOTAK,CARD_EXPIRED,21,RETRY_NOW,0
0.7368421052631579,0.6,4950.03,WALLET,HDFC,INSUFFICIENT_FUNDS,5,SEND_REMINDER,1
0.8,1.0,2686.52,WALLET,HDFC,AUTHENTICATION_FAILED,17,SEND_REMINDER,0
0.7333333333333333,0.25,8203.88,UPI,KOTAK,NETWORK_ERROR,5,RETRY_LATER,0
0.6515151515151515,0.43478260869565216,9340.54,WALLET,YESBANK,NETWORK_ERROR,3,RETRY_NOW,1
0.782608695652174,0.85,859.24,WALLET,AXIS,NETWORK_ERROR,11,SEND_REMINDER,0
0.6323529411764706,0.52,4911.68,WALLET,YESBANK,AUTHENTICATION_FAILED,9,NO_ACTION,0
0.6,1.0,4674.49,NETBANKING,SBI,LIMIT_EXCEEDED,6,SEND_REMINDER,0
0.7391304347826086,0.5,4638.36,UPI,SBI,CARD_EXPIRED,13,RETRY_NOW,0
0.90625,0.3333333333333333,6193.62,CARD,HDFC,LIMIT_EXCEEDED,13,NO_ACTION,0
0.6470588235294118,0.5833333333333334,261.25,CARD,ICICI,BANK_TIMEOUT,23,RETRY_NOW,0
0.7386363636363636,0.6086956521739131,1810.52,CARD,KOTAK,BANK_TIMEOUT,13,NO_ACTION,0
0.6666666666666666,0.0,1442.13,WALLET,YESBANK,AUTHENTICATION_FAILED,1,RETRY_LATER,0
0.7413793103448276,0.5333333333333333,6946.21,CARD,HDFC,BANK_TIMEOUT,2,SEND_REMINDER,0
0.9117647058823529,0.5,3509.79,NETBANKING,ICICI,AUTHENTICATION_FAILED,19,RETRY_LATER,0
0.5714285714285714,0.3333333333333333,2918.33,NETBANKING,KOTAK,AUTHENTICATION_FAILED,22,NO_ACTION,0
0.8301886792452831,0.5555555555555556,3359.61,UPI,YESBANK,CARD_EXPIRED,22,RETRY_LATER,0
0.4090909090909091,0.38461538461538464,2151.62,CARD,HDFC,NETWORK_ERROR,12,NO_ACTION,0
0.777027027027027,0.5151515151515151,5112.37,CARD,AXIS,BANK_TIMEOUT,20,RETRY_NOW,0
0.7162162162162162,0.38095238095238093,6031.16,CARD,YESBANK,AUTHENTICATION_FAILED,22,SEND_REMINDER,1
0.7204301075268817,0.5769230769230769,3604.16,NETBANKING,AXIS,BANK_TIMEOUT,17,RETRY_NOW,1
0.7017543859649122,0.23529411764705882,9647.19,NETBANKING,YESBANK,INSUFFICIENT_FUNDS,22,RETRY_LATER,0
0.46153846153846156,0.5714285714285714,6971.71,CARD,YESBANK,CARD_EXPIRED,16,NO_ACTION,0
0.6666666666666666,0.0,4548.19,UPI,ICICI,NETWORK_ERROR,4,RETRY_NOW,1
0.8125,0.4166666666666667,9146.48,NETBANKING,KOTAK,INSUFFICIENT_FUNDS,6,RETRY_NOW,0
0.7424242424242424,0.35294117647058826,8274.65,WALLET,ICICI,INSUFFICIENT_FUNDS,1,RETRY_NOW,0
0.6617647058823529,0.34782608695652173,8348.84,WALLET,SBI,NETWORK_ERROR,15,RETRY_NOW,0
0.7916666666666666,0.5,8652.29,NETBANKING,HDFC,INSUFFICIENT_FUNDS,23,RETRY_LATER,1
0.7575757575757576,0.625,3926.89,WALLET,SBI,LIMIT_EXCEEDED,23,SEND_REMINDER,1
0.6619718309859155,0.4583333333333333,190.39,NETBANKING,ICICI,BANK_TIMEOUT,19,NO_ACTION,0
0.7692307692307693,0.6666666666666666,1458.74,NETBANKING,AXIS,INSUFFICIENT_FUNDS,7,SEND_REMINDER,1
0.8108108108108109,0.42857142857142855,3711.64,UPI,ICICI,CARD_EXPIRED,1,RETRY_NOW,1
0.6,0.3,6649.65,NETBANKING,AXIS,INSUFFICIENT_FUNDS,9,SEND_REMINDER,1
0.8571428571428571,1.0,9489.04,NETBANKING,HDFC,LIMIT_EXCEEDED,21,SEND_REMINDER,1
0.6931818181818182,0.4444444444444444,8831.64,WALLET,HDFC,NETWORK_ERROR,1,RETRY_NOW,0
0.6923076923076923,0.5,7785.46,NETBANKING,AXIS,CARD_EXPIRED,13,RETRY_NOW,0
0.788235294117647,0.3888888888888889,4845.23,UPI,SBI,INSUFFICIENT_FUNDS,11,NO_ACTION,0
0.66,0.5882352941176471,4147.4,UPI,SBI,INSUFFICIENT_FUNDS,20,RETRY_NOW,1
0.45714285714285713,0.42105263157894735,7274.3,WALLET,HDFC,NETWORK_ERROR,12,RETRY_LATER,0
0.875,0.38461538461538464,4932.17,NETBANKING,ICICI,INSUFFICIENT_FUNDS,18,RETRY_LATER,0
0.76,0.4166666666666667,5158.02,CARD,AXIS,AUTHENTICATION_FAILED,16,RETRY_NOW,0
0.8260869565217391,0.75,7418.13,WALLET,HDFC,BANK_TIMEOUT,8,NO_ACTION,0
0.8524590163934426,0.5555555555555556,1215.3,CARD,HDFC,LIMIT_EXCEEDED,11,RETRY_NOW,1
0.3333333333333333,1.0,884.95,WALLET,ICICI,CARD_EXPIRED,10,RETRY_NOW,0
0.5,1.0,8669.42,CARD,HDFC,CARD_EXPIRED,22,RETRY_LATER,0
0.8316831683168316,0.7058823529411765,7380.3,UPI,HDFC,AUTHENTICATION_FAILED,17,RETRY_LATER,1
0.8,0.6666666666666666,6473.19,CARD,AXIS,INSUFFICIENT_FUNDS,4,SEND_REMINDER,1
0.9411764705882353,0.0,8789.45,NETBANKING,AXIS,BANK_TIMEOUT,1,NO_ACTION,0
0.8095238095238095,0.4166666666666667,8130.11,UPI,KOTAK,LIMIT_EXCEEDED,20,RETRY_LATER,1
0.8,0.5,9151.11,UPI,AXIS,CARD_EXPIRED,8,SEND_REMINDER,1
0.7777777777777778,0.5,5738.56,CARD,ICICI,AUTHENTICATION_FAILED,11,SEND_REMINDER,0
0.7045454545454546,0.3076923076923077,9300.23,WALLET,ICICI,CARD_EXPIRED,3,RETRY_LATER,0
0.6666666666666666,0.75,6450.42,CARD,YESBANK,LIMIT_EXCEEDED,18,RETRY_LATER,0
0.8,0.375,4015.49,WALLET,HDFC,AUTHENTICATION_FAILED,23,RETRY_LATER,1
0.7294117647058823,0.5217391304347826,4892.73,WALLET,AXIS,CARD_EXPIRED,20,NO_ACTION,0
0.7246376811594203,0.3684210526315789,8790.1,WALLET,YESBANK,BANK_TIMEOUT,20,NO_ACTION,0
0.7702702702702703,0.47058823529411764,8879.09,NETBANKING,SBI,NETWORK_ERROR,9,RETRY_LATER,1
0.8333333333333334,0.6,2835.81,UPI,AXIS,AUTHENTICATION_FAILED,22,RETRY_NOW,1
0.6,0.6666666666666666,6983.32,WALLET,KOTAK,LIMIT_EXCEEDED,21,RETRY_LATER,0
0.775,0.4444444444444444,3328.7,CARD,SBI,INSUFFICIENT_FUNDS,19,RETRY_NOW,0
0.8962264150943396,0.6363636363636364,2013.38,UPI,YESBANK,INSUFFICIENT_FUNDS,19,RETRY_LATER,0
0.6875,0.4,9452.74,UPI,AXIS,LIMIT_EXCEEDED,19,RETRY_LATER,1
0.9134615384615384,0.5555555555555556,3146.25,NETBANKING,ICICI,BANK_TIMEOUT,0,NO_ACTION,0
0.6451612903225806,0.45454545454545453,1260.23,UPI,KOTAK,INSUFFICIENT_FUNDS,18,NO_ACTION,0
0.725,0.2727272727272727,4441.28,CARD,ICICI,AUTHENTICATION_FAILED,8,RETRY_NOW,1
0.75,0.6666666666666666,7494.39,WALLET,KOTAK,BANK_TIMEOUT,1,RETRY_NOW,0
0.6567164179104478,0.391304347826087,3487.28,UPI,HDFC,INSUFFICIENT_FUNDS,22,RETRY_LATER,0
0.881578947368421,0.5555555555555556,6852.11,WALLET,AXIS,BANK_TIMEOUT,9,NO_ACTION,0
0.6222222222222222,0.6470588235294118,9723.35,CARD,ICICI,NETWORK_ERROR,9,RETRY_LATER,1
0.7,0.4444444444444444,3147.03,UPI,KOTAK,BANK_TIMEOUT,10,RETRY_LATER,1
0.8524590163934426,0.5555555555555556,3222.76,NETBANKING,KOTAK,BANK_TIMEOUT,10,SEND_REMINDER,0
0.8181818181818182,0.5,6232.88,NETBANKING,HDFC,BANK_TIMEOUT,23,RETRY_LATER,1
0.8846153846153846,0.0,4432.47,UPI,KOTAK,CARD_EXPIRED,22,RETRY_NOW,0
0.7906976744186046,0.3333333333333333,1032.35,UPI,SBI,LIMIT_EXCEEDED,9,RETRY_NOW,0
0.48,0.5384615384615384,6746.58,CARD,HDFC,CARD_EXPIRED,10,RETRY_LATER,0
0.9298245614035088,0.5,4380.65,NETBANKING,YESBANK,LIMIT_EXCEEDED,23,RETRY_NOW,0
0.7397260273972602,0.42105263157894735,7059.95,NETBANKING,HDFC,NETWORK_ERROR,5,RETRY_LATER,1
0.9130434782608695,0.5,8462.42,WALLET,SBI,BANK_TIMEOUT,2,RETRY_NOW,1
0.6890756302521008,0.4864864864864865,7300.92,WALLET,KOTAK,LIMIT_EXCEEDED,4,SEND_REMINDER,1
0.4166666666666667,0.7142857142857143,2272.89,UPI,YESBANK,INSUFFICIENT_FUNDS,13,RETRY_LATER,1
0.75,1.0,3744.81,WALLET,KOTAK,CARD_EXPIRED,11,RETRY_LATER,0
0.7647058823529411,0.375,2778.78,CARD,SBI,BANK_TIMEOUT,12,SEND_REMINDER,0
0.6875,0.4666666666666667,8283.73,UPI,HDFC,INSUFFICIENT_FUNDS,9,RETRY_LATER,0
0.8043478260869565,0.4444444444444444,1964.06,WALLET,KOTAK,INSUFFICIENT_FUNDS,21,NO_ACTION,0
0.7941176470588235,0.42857142857142855,1250.64,CARD,YESBANK,INSUFFICIENT_FUNDS,7,RETRY_NOW,0
0.7475728155339806,0.7307692307692307,1891.34,WALLET,SBI,LIMIT_EXCEEDED,5,NO_ACTION,0
0.7592592592592593,0.34615384615384615,5343.53,NETBANKING,KOTAK,AUTHENTICATION_FAILED,6,NO_ACTION,0
0.825,0.42857142857142855,1403.41,WALLET,HDFC,AUTHENTICATION_FAILED,6,RETRY_LATER,0
0.8181818181818182,0.5,5986.24,NETBANKING,ICICI,CARD_EXPIRED,17,RETRY_LATER,1
0.65625,0.5454545454545454,9326.3,CARD,YESBANK,LIMIT_EXCEEDED,14,NO_ACTION,0
0.7301587301587301,0.6470588235294118,2593.78,UPI,KOTAK,CARD_EXPIRED,11,SEND_REMINDER,1
0.7647058823529411,0.5,7459.18,UPI,YESBANK,INSUFFICIENT_FUNDS,1,SEND_REMINDER,0
0.7272727272727273,0.16666666666666666,8428.69,CARD,KOTAK,BANK_TIMEOUT,23,NO_ACTION,0
0.7962962962962963,0.5454545454545454,4191.11,NETBANKING,ICICI,BANK_TIMEOUT,3,RETRY_LATER,1
0.8666666666666667,0.625,2489.38,NETBANKING,AXIS,CARD_EXPIRED,4,RETRY_NOW,1
0.8604651162790697,0.5,330.17,CARD,ICICI,AUTHENTICATION_FAILED,6,RETRY_LATER,1
0.5652173913043478,0.5,8075.87,NETBANKING,HDFC,INSUFFICIENT_FUNDS,7,RETRY_NOW,0
0.7777777777777778,0.5,1675.14,NETBANKING,AXIS,LIMIT_EXCEEDED,8,RETRY_LATER,1
0.9191176470588235,0.5454545454545454,6512.59,WALLET,AXIS,INSUFFICIENT_FUNDS,15,RETRY_LATER,1
0.9,1.0,3480.75,CARD,HDFC,CARD_EXPIRED,5,SEND_REMINDER,0
0.7647058823529411,0.25,4702.18,NETBANKING,HDFC,BANK_TIMEOUT,22,RETRY_NOW,0
0.7125,0.5217391304347826,8887.66,NETBANKING,YESBANK,INSUFFICIENT_FUNDS,18,RETRY_NOW,0
0.6607142857142857,0.3684210526315789,1301.55,WALLET,SBI,AUTHENTICATION_FAILED,17,NO_ACTION,0
0.7272727272727273,0.6111111111111112,1829.16,CARD,SBI,BANK_TIMEOUT,19,RETRY_LATER,1
0.717391304347826,0.7307692307692307,8618.14,WALLET,YESBANK,AUTHENTICATION_FAILED,15,NO_ACTION,0
0.8214285714285714,0.8,9569.91,CARD,ICICI,LIMIT_EXCEEDED,0,NO_ACTION,0
0.5806451612903226,0.5384615384615384,8063.27,NETBANKING,SBI,AUTHENTICATION_FAILED,14,RETRY_NOW,0
0.6071428571428571,0.6363636363636364,1450.65,WALLET,SBI,LIMIT_EXCEEDED,19,SEND_REMINDER,1
0.5909090909090909,0.2222222222222222,2641.7,NETBANKING,ICICI,AUTHENTICATION_FAILED,14,NO_ACTION,0
0.6818181818181818,0.42857142857142855,6610.43,UPI,AXIS,INSUFFICIENT_FUNDS,13,SEND_REMINDER,1
0.7636363636363637,0.38461538461538464,8575.21,NETBANKING,ICICI,NETWORK_ERROR,15,NO_ACTION,0
0.8,0.3,6600.18,UPI,AXIS,INSUFFICIENT_FUNDS,3,RETRY_LATER,0
0.75,1.0,4304.57,NETBANKING,SBI,CARD_EXPIRED,16,SEND_REMINDER,1
0.8888888888888888,1.0,9078.32,CARD,HDFC,NETWORK_ERROR,13,RETRY_NOW,1
0.6666666666666666,0.391304347826087,8238.08,WALLET,KOTAK,INSUFFICIENT_FUNDS,16,SEND_REMINDER,1
0.9333333333333333,1.0,5451.08,NETBANKING,ICICI,CARD_EXPIRED,0,NO_ACTION,0
0.9583333333333334,1.0,9353.67,WALLET,YESBANK,AUTHENTICATION_FAILED,4,NO_ACTION,0
0.6901408450704225,0.5909090909090909,1506.98,UPI,ICICI,BANK_TIMEOUT,5,RETRY_LATER,1
0.6363636363636364,0.6666666666666666,2105.36,UPI,AXIS,AUTHENTICATION_FAILED,17,RETRY_LATER,0
0.7692307692307693,0.6666666666666666,3190.99,WALLET,ICICI,NETWORK_ERROR,15,RETRY_NOW,1
0.6666666666666666,0.3684210526315789,8373.46,WALLET,YESBANK,AUTHENTICATION_FAILED,2,NO_ACTION,0
0.99,0.0,7230.85,WALLET,SBI,CARD_EXPIRED,21,SEND_REMINDER,1
0.85,0.6666666666666666,3152.83,WALLET,AXIS,INSUFFICIENT_FUNDS,0,RETRY_NOW,0
0.7763157894736842,0.29411764705882354,6871.87,NETBANKING,AXIS,AUTHENTICATION_FAILED,15,RETRY_NOW,0
0.85,0.6666666666666666,8638.01,CARD,AXIS,CARD_EXPIRED,10,RETRY_NOW,1
0.7012987012987013,0.43478260869565216,6201.62,UPI,ICICI,LIMIT_EXCEEDED,7,RETRY_LATER,1
0.7692307692307693,0.6666666666666666,8023.01,CARD,YESBANK,AUTHENTICATION_FAILED,3,RETRY_NOW,0
0.5903614457831325,0.5588235294117647,1203.38,UPI,YESBANK,LIMIT_EXCEEDED,16,NO_ACTION,0
0.6428571428571429,0.7,6559.07,UPI,SBI,LIMIT_EXCEEDED,14,RETRY_NOW,0
0.744,0.46875,3213.7,NETBANKING,YESBANK,BANK_TIMEOUT,11,RETRY_LATER,1
0.7916666666666666,0.7,9733.9,WALLET,SBI,BANK_TIMEOUT,5,NO_ACTION,0
0.7073170731707317,0.3333333333333333,858.67,WALLET,KOTAK,CARD_EXPIRED,19,NO_ACTION,0
0.8985507246376812,0.42857142857142855,2930.74,UPI,HDFC,LIMIT_EXCEEDED,0,SEND_REMINDER,1
0.8857142857142857,0.5,6121.62,UPI,ICICI,CARD_EXPIRED,11,NO_ACTION,0
0.7540983606557377,0.7333333333333333,6006.07,WALLET,KOTAK,NETWORK_ERROR,6,RETRY_NOW,1
0.8,0.5,4423.98,NETBANKING,YESBANK,INSUFFICIENT_FUNDS,11,RETRY_LATER,0
0.8842105263157894,0.7272727272727273,2665.58,NETBANKING,ICICI,CARD_EXPIRED,21,SEND_REMINDER,0
0.7086614173228346,0.43243243243243246,1241.34,NETBANKING,KOTAK,NETWORK_ERROR,3,RETRY_LATER,1
0.6071428571428571,0.6363636363636364,4092.66,CARD,YESBANK,NETWORK_ERROR,1,RETRY_NOW,0
0.0,1.0,4758.97,WALLET,KOTAK,CARD_EXPIRED,11,RETRY_NOW,0
0.8571428571428571,0.5,2647.98,WALLET,AXIS,INSUFFICIENT_FUNDS,11,SEND_REMINDER,1
0.6666666666666666,0.29411764705882354,4541.49,WALLET,HDFC,CARD_EXPIRED,23,RETRY_LATER,0
0.6842105263157895,0.6666666666666666,949.22,NETBANKING,ICICI,NETWORK_ERROR,19,NO_ACTION,0
0.0,0.0,6836.04,NETBANKING,KOTAK,INSUFFICIENT_FUNDS,5,SEND_REMINDER,0
0.7530864197530864,0.7,2724.42,WALLET,KOTAK,NETWORK_ERROR,11,SEND_REMINDER,1
0.6363636363636364,0.5,4270.72,UPI,KOTAK,NETWORK_ERROR,20,RETRY_NOW,0
0.6704545454545454,0.5862068965517241,5257.83,WALLET,YESBANK,LIMIT_EXCEEDED,10,SEND_REMINDER,0
0.5384615384615384,0.5,1432.08,CARD,ICICI,BANK_TIMEOUT,12,NO_ACTION,0
0.6842105263157895,0.5666666666666667,8797.47,UPI,SBI,AUTHENTICATION_FAILED,20,SEND_REMINDER,1
0.8636363636363636,0.5,3228.41,WALLET,AXIS,LIMIT_EXCEEDED,18,NO_ACTION,0
0.5454545454545454,0.5333333333333333,1032.81,UPI,ICICI,INSUFFICIENT_FUNDS,22,RETRY_NOW,0
0.8666666666666667,0.625,2489.38,NETBANKING,AXIS,CARD_EXPIRED,4,RETRY_LATER,0
0.75,0.4375,5412.1,NETBANKING,SBI,LIMIT_EXCEEDED,14,RETRY_LATER,1
0.776595744680851,0.5714285714285714,1985.55,CARD,HDFC,LIMIT_EXCEEDED,15,RETRY_LATER,1
0.9042553191489362,0.4444444444444444,7085.97,UPI,KOTAK,AUTHENTICATION_FAILED,23,SEND_REMINDER,1
0.6410256410256411,0.35714285714285715,4435.81,UPI,ICICI,BANK_TIMEOUT,11,RETRY_LATER,0
0.7073170731707317,0.4166666666666667,9001.42,UPI,HDFC,CARD_EXPIRED,1,SEND_REMINDER,1
0.75,0.4,4668.78,UPI,HDFC,CARD_EXPIRED,4,NO_ACTION,0
0.6363636363636364,0.625,5793.68,UPI,KOTAK,INSUFFICIENT_FUNDS,21,SEND_REMINDER,0
0.6837606837606838,0.3783783783783784,2011.03,CARD,ICICI,CARD_EXPIRED,15,RETRY_NOW,0
0.7333333333333333,0.5,1812.03,WALLET,AXIS,LIMIT_EXCEEDED,4,RETRY_LATER,1
0.71875,0.5555555555555556,3498.49,CARD,YESBANK,BANK_TIMEOUT,7,RETRY_LATER,1
0.6226415094339622,0.65,2287.23,CARD,SBI,NETWORK_ERROR,12,RETRY_LATER,1
0.8,0.3333333333333333,6781.89,CARD,YESBANK,LIMIT_EXCEEDED,0,RETRY_NOW,0
0.7096774193548387,0.4444444444444444,9014.58,CARD,ICICI,NETWORK_ERROR,21,SEND_REMINDER,0
0.6363636363636364,0.25,9718.27,NETBANKING,ICICI,NETWORK_ERROR,14,RETRY_NOW,1
0.7593984962406015,0.4375,5641.74,NETBANKING,AXIS,BANK_TIMEOUT,18,SEND_REMINDER,0
0.78,0.45454545454545453,649.57,CARD,AXIS,INSUFFICIENT_FUNDS,14,SEND_REMINDER,1
0.631578947368421,0.5,2545.38,UPI,SBI,BANK_TIMEOUT,7,SEND_REMINDER,0
0.7525773195876289,0.375,8106.36,NETBANKING,KOTAK,AUTHENTICATION_FAILED,20,RETRY_LATER,1
0.7906976744186046,0.5,6875.51,WALLET,KOTAK,CARD_EXPIRED,1,NO_ACTION,0
0.8571428571428571,0.4,2061.0,CARD,HDFC,BANK_TIMEOUT,5,NO_ACTION,0
0.9285714285714286,1.0,9828.15,CARD,ICICI,CARD_EXPIRED,15,RETRY_NOW,0
0.7299270072992701,0.43243243243243246,4024.34,WALLET,AXIS,AUTHENTICATION_FAILED,0,SEND_REMINDER,0
0.7410714285714286,0.4827586206896552,4444.35,CARD,ICICI,CARD_EXPIRED,3,NO_ACTION,0
0.6226415094339622,0.55,6173.49,NETBANKING,HDFC,INSUFFICIENT_FUNDS,8,SEND_REMINDER,1
0.8703703703703703,0.5714285714285714,8301.18,NETBANKING,AXIS,NETWORK_ERROR,6,SEND_REMINDER,1
0.5,0.3333333333333333,3073.78,WALLET,SBI,INSUFFICIENT_FUNDS,8,NO_ACTION,0
0.5957446808510638,0.631578947368421,747.71,NETBANKING,HDFC,CARD_EXPIRED,3,SEND_REMINDER,0
0.8,0.5,1308.88,WALLET,HDFC,BANK_TIMEOUT,7,NO_ACTION,0
0.6785714285714286,0.4444444444444444,7679.5,CARD,ICICI,BANK_TIMEOUT,1,SEND_REMINDER,1
0.8,0.6363636363636364,6904.46,CARD,YESBANK,NETWORK_ERROR,12,NO_ACTION,0
0.9120879120879121,0.25,6282.51,UPI,HDFC,LIMIT_EXCEEDED,5,RETRY_NOW,0
0.7358490566037735,0.39285714285714285,2155.19,NETBANKING,HDFC,LIMIT_EXCEEDED,9,SEND_REMINDER,0
0.7291666666666666,0.3076923076923077,5804.94,WALLET,AXIS,LIMIT_EXCEEDED,4,RETRY_NOW,0
0.0,0.6666666666666666,1863.61,UPI,ICICI,LIMIT_EXCEEDED,8,NO_ACTION,0
0.7719298245614035,0.6153846153846154,1637.07,UPI,KOTAK,INSUFFICIENT_FUNDS,13,NO_ACTION,0
0.8382352941176471,0.6363636363636364,8077.44,CARD,YESBANK,NETWORK_ERROR,17,RETRY_LATER,1
0.631578947368421,0.2857142857142857,2690.69,UPI,YESBANK,BANK_TIMEOUT,17,SEND_REMINDER,0
0.59375,0.5384615384615384,9111.43,WALLET,AXIS,AUTHENTICATION_FAILED,8,RETRY_NOW,1
0.7586206896551724,0.35714285714285715,6879.48,UPI,YESBANK,AUTHENTICATION_FAILED,17,NO_ACTION,0
0.9166666666666666,0.0,9310.32,WALLET,SBI,CARD_EXPIRED,22,SEND_REMINDER,0
0.782608695652174,0.4666666666666667,9655.41,NETBANKING,KOTAK,NETWORK_ERROR,2,NO_ACTION,0
0.8,0.375,1029.65,CARD,SBI,AUTHENTICATION_FAILED,0,NO_ACTION,0
0.8085106382978723,0.3333333333333333,5971.06,CARD,HDFC,NETWORK_ERROR,11,NO_ACTION,0
0.7692307692307693,0.6666666666666666,966.07,UPI,HDFC,LIMIT_EXCEEDED,13,NO_ACTION,0
0.79,0.7619047619047619,459.89,NETBANKING,KOTAK,NETWORK_ERROR,12,SEND_REMINDER,1
0.7542372881355932,0.7586206896551724,9285.43,CARD,SBI,LIMIT_EXCEEDED,7,NO_ACTION,0
0.7862595419847328,0.35714285714285715,8053.1,WALLET,AXIS,CARD_EXPIRED,15,RETRY_NOW,0
0.8620689655172413,0.375,7430.25,CARD,KOTAK,CARD_EXPIRED,12,RETRY_NOW,0
0.625,0.0,6476.38,NETBANKING,AXIS,CARD_EXPIRED,5,RETRY_NOW,0
0.6956521739130435,0.5238095238095238,9455.42,CARD,SBI,NETWORK_ERROR,12,SEND_REMINDER,0
0.6440677966101694,0.6666666666666666,6119.13,NETBANKING,KOTAK,CARD_EXPIRED,3,NO_ACTION,0
0.6666666666666666,0.5,6745.21,NETBANKING,AXIS,INSUFFICIENT_FUNDS,1,RETRY_LATER,0
0.7685185185185185,0.8,9689.65,NETBANKING,KOTAK,LIMIT_EXCEEDED,11,RETRY_LATER,0
0.8214285714285714,0.4,8493.98,WALLET,AXIS,CARD_EXPIRED,17,NO_ACTION,0
0.7058823529411765,0.4,807.28,WALLET,HDFC,NETWORK_ERROR,2,RETRY_LATER,1
0.8,0.6666666666666666,7553.35,UPI,HDFC,CARD_EXPIRED,7,SEND_REMINDER,1
0.76,0.4166666666666667,2237.08,WALLET,YESBANK,BANK_TIMEOUT,4,SEND_REMINDER,0
0.6176470588235294,0.38461538461538464,3918.83,NETBANKING,HDFC,NETWORK_ERROR,22,RETRY_NOW,0
0.6521739130434783,0.5,7598.32,CARD,AXIS,NETWORK_ERROR,8,SEND_REMINDER,0
0.7297297297297297,0.8,5444.58,NETBANKING,YESBANK,LIMIT_EXCEEDED,12,RETRY_NOW,1
0.8045977011494253,0.6470588235294118,9419.7,UPI,HDFC,AUTHENTICATION_FAILED,12,NO_ACTION,0
0.6376811594202898,0.48,6565.17,CARD,SBI,BANK_TIMEOUT,15,RETRY_NOW,0
0.8666666666666667,0.5,5321.31,WALLET,HDFC,NETWORK_ERROR,0,NO_ACTION,0
0.8,0.5,4423.98,NETBANKING,YESBANK,INSUFFICIENT_FUNDS,11,SEND_REMINDER,1
0.8352941176470589,0.5714285714285714,5191.16,NETBANKING,AXIS,LIMIT_EXCEEDED,1,SEND_REMINDER,1
0.7401574803149606,0.5757575757575758,4143.68,NETBANKING,YESBANK,CARD_EXPIRED,13,RETRY_NOW,0
0.8210526315789474,0.5294117647058824,9665.56,UPI,AXIS,LIMIT_EXCEEDED,9,NO_ACTION,0
0.8144329896907216,0.6666666666666666,8552.04,CARD,KOTAK,NETWORK_ERROR,5,SEND_REMINDER,0
0.6301369863013698,0.5555555555555556,6480.46,UPI,SBI,LIMIT_EXCEEDED,20,SEND_REMINDER,0
0.7397260273972602,0.42105263157894735,7261.26,CARD,YESBANK,AUTHENTICATION_FAILED,15,SEND_REMINDER,1
0.7804878048780488,0.5555555555555556,8323.64,UPI,SBI,NETWORK_ERROR,2,NO_ACTION,0
0.6875,0.8,6668.94,CARD,YESBANK,LIMIT_EXCEEDED,14,RETRY_LATER,0
0.8359375,0.5714285714285714,306.89,WALLET,YESBANK,BANK_TIMEOUT,18,RETRY_NOW,1
0.651685393258427,0.6129032258064516,8606.42,CARD,AXIS,CARD_EXPIRED,9,SEND_REMINDER,1
0.6904761904761905,0.38461538461538464,6385.12,CARD,KOTAK,AUTHENTICATION_FAILED,7,RETRY_LATER,0
0.7628865979381443,0.6521739130434783,1484.67,UPI,KOTAK,LIMIT_EXCEEDED,20,SEND_REMINDER,0
0.7755102040816326,0.36363636363636365,8500.86,UPI,ICICI,LIMIT_EXCEEDED,8,RETRY_NOW,1
0.5625,0.2857142857142857,1447.89,WALLET,KOTAK,BANK_TIMEOUT,11,RETRY_LATER,1
0.5714285714285714,1.0,9481.49,NETBANKING,YESBANK,INSUFFICIENT_FUNDS,3,RETRY_LATER,0
0.0,0.5,6015.8,NETBANKING,AXIS,NETWORK_ERROR,21,NO_ACTION,0
0.0,1.0,4008.72,WALLET,YESBANK,BANK_TIMEOUT,11,SEND_REMINDER,0
0.8611111111111112,0.4,2513.72,NETBANKING,HDFC,AUTHENTICATION_FAILED,22,SEND_REMINDER,0
0.5405405405405406,0.47058823529411764,7302.07,UPI,KOTAK,BANK_TIMEOUT,9,NO_ACTION,0
0.8333333333333334,0.5,6560.24,CARD,SBI,INSUFFICIENT_FUNDS,8,RETRY_NOW,1
0.7301587301587301,0.6470588235294118,2488.76,CARD,AXIS,BANK_TIMEOUT,13,SEND_REMINDER,0
0.7761194029850746,0.5333333333333333,6575.53,UPI,HDFC,NETWORK_ERROR,22,SEND_REMINDER,0
0.8169014084507042,0.38461538461538464,615.09,CARD,ICICI,CARD_EXPIRED,11,RETRY_LATER,0
0.5,0.8,5621.53,WALLET,ICICI,AUTHENTICATION_FAILED,10,NO_ACTION,0
0.7142857142857143,0.5,1695.74,UPI,SBI,BANK_TIMEOUT,22,SEND_REMINDER,0
0.8461538461538461,0.16666666666666666,5743.93,WALLET,HDFC,BANK_TIMEOUT,17,RETRY_LATER,0
0.75,0.6875,7377.67,CARD,KOTAK,INSUFFICIENT_FUNDS,1,RETRY_NOW,1
0.5517241379310345,0.46153846153846156,6859.38,UPI,SBI,LIMIT_EXCEEDED,17,SEND_REMINDER,0
0.84,0.375,7078.25,WALLET,ICICI,CARD_EXPIRED,19,NO_ACTION,0
0.7837837837837838,0.375,1955.69,CARD,ICICI,BANK_TIMEOUT,5,NO_ACTION,0
0.7272727272727273,0.6111111111111112,1829.16,CARD,SBI,BANK_TIMEOUT,19,SEND_REMINDER,1
0.9333333333333333,0.0,6422.63,NETBANKING,SBI,AUTHENTICATION_FAILED,4,SEND_REMINDER,0
0.8817204301075269,0.6363636363636364,6456.83,NETBANKING,SBI,AUTHENTICATION_FAILED,4,RETRY_LATER,1
0.6883116883116883,0.5416666666666666,2110.98,WALLET,KOTAK,AUTHENTICATION_FAILED,3,RETRY_NOW,0
0.4,0.6666666666666666,6456.26,WALLET,ICICI,NETWORK_ERROR,11,RETRY_LATER,0
0.7027027027027027,0.45454545454545453,1178.98,CARD,KOTAK,CARD_EXPIRED,23,RETRY_NOW,0
0.7007299270072993,0.5365853658536586,1963.09,CARD,SBI,INSUFFICIENT_FUNDS,23,NO_ACTION,0
0.7777777777777778,0.5,4804.94,WALLET,SBI,BANK_TIMEOUT,1,SEND_REMINDER,0
0.6635514018691588,0.4722222222222222,882.06,CARD,YESBANK,CARD_EXPIRED,5,NO_ACTION,0
0.7052631578947368,0.5357142857142857,8987.6,UPI,AXIS,INSUFFICIENT_FUNDS,21,RETRY_LATER,0
0.7372262773722628,0.4444444444444444,7083.48,UPI,SBI,BANK_TIMEOUT,21,NO_ACTION,0
0.25,1.0,7049.25,WALLET,ICICI,AUTHENTICATION_FAILED,16,NO_ACTION,0
0.890625,0.5714285714285714,3856.9,UPI,YESBANK,LIMIT_EXCEEDED,18,RETRY_LATER,1
0.6747967479674797,0.375,7748.09,UPI,HDFC,CARD_EXPIRED,23,SEND_REMINDER,0
0.620253164556962,0.4666666666666667,1194.57,WALLET,AXIS,INSUFFICIENT_FUNDS,20,RETRY_NOW,1
0.9369369369369369,0.5714285714285714,5254.26,UPI,KOTAK,CARD_EXPIRED,7,RETRY_LATER,1
0.0,0.0,5856.79,WALLET,AXIS,CARD_EXPIRED,19,SEND_REMINDER,1
0.8863636363636364,0.6,788.3,WALLET,YESBANK,AUTHENTICATION_FAILED,16,SEND_REMINDER,1
0.9560439560439561,0.75,641.27,WALLET,ICICI,BANK_TIMEOUT,19,RETRY_LATER,1
0.8617021276595744,0.7692307692307693,847.23,WALLET,YESBANK,INSUFFICIENT_FUNDS,6,NO_ACTION,0
0.7727272727272727,0.6,6751.28,NETBANKING,SBI,LIMIT_EXCEEDED,8,SEND_REMINDER,1
0.6046511627906976,0.47058823529411764,6400.06,CARD,KOTAK,NETWORK_ERROR,19,NO_ACTION,0
0.625,0.5833333333333334,3574.33,WALLET,AXIS,INSUFFICIENT_FUNDS,12,NO_ACTION,0
0.5862068965517241,0.5,2889.35,CARD,SBI,LIMIT_EXCEEDED,18,NO_ACTION,0
0.7857142857142857,0.5833333333333334,2266.52,CARD,HDFC,AUTHENTICATION_FAILED,3,RETRY_LATER,1
0.8484848484848485,0.4,2026.38,WALLET,HDFC,BANK_TIMEOUT,0,RETRY_NOW,1
0.872093023255814,0.2727272727272727,5309.52,CARD,KOTAK,NETWORK_ERROR,5,RETRY_LATER,0
0.7317073170731707,0.45454545454545453,9515.22,NETBANKING,KOTAK,NETWORK_ERROR,16,SEND_REMINDER,1
0.7567567567567568,0.5555555555555556,7327.39,WALLET,ICICI,LIMIT_EXCEEDED,16,RETRY_LATER,1
0.4,0.6666666666666666,6456.26,WALLET,ICICI,NETWORK_ERROR,11,SEND_REMINDER,1
0.9230769230769231,1.0,3997.61,UPI,YESBANK,CARD_EXPIRED,10,RETRY_NOW,0
0.6818181818181818,0.5714285714285714,2195.04,WALLET,ICICI,INSUFFICIENT_FUNDS,22,RETRY_LATER,0
0.8181818181818182,0.0,7963.62,CARD,AXIS,BANK_TIMEOUT,7,RETRY_NOW,1
0.6301369863013698,0.5555555555555556,6480.46,UPI,SBI,LIMIT_EXCEEDED,20,RETRY_LATER,0
0.8214285714285714,0.3,7176.39,WALLET,SBI,INSUFFICIENT_FUNDS,21,SEND_REMINDER,0
0.6226415094339622,0.45,3739.33,UPI,ICICI,CARD_EXPIRED,22,SEND_REMINDER,1
0.7966101694915254,0.5,7088.25,NETBANKING,SBI,BANK_TIMEOUT,21,RETRY_LATER,0
0.7777777777777778,0.3333333333333333,1081.77,NETBANKING,KOTAK,INSUFFICIENT_FUNDS,21,NO_ACTION,0
0.680327868852459,0.38461538461538464,8295.33,WALLET,ICICI,INSUFFICIENT_FUNDS,3,SEND_REMINDER,1
0.9191176470588235,0.5454545454545454,6512.59,WALLET,AXIS,INSUFFICIENT_FUNDS,15,SEND_REMINDER,1
0.8095238095238095,0.6875,5586.08,NETBANKING,KOTAK,AUTHENTICATION_FAILED,4,RETRY_NOW,0
0.7164179104477612,0.42105263157894735,2513.05,UPI,AXIS,INSUFFICIENT_FUNDS,12,SEND_REMINDER,1
0.6,0.5,7994.91,UPI,ICICI,LIMIT_EXCEEDED,20,NO_ACTION,0
0.5294117647058824,0.5,7938.87,UPI,HDFC,CARD_EXPIRED,12,RETRY_NOW,0
0.6346153846153846,0.631578947368421,3780.02,UPI,AXIS,AUTHENTICATION_FAILED,5,SEND_REMINDER,1
0.6818181818181818,0.42857142857142855,6521.67,CARD,KOTAK,CARD_EXPIRED,21,RETRY_NOW,0
0.7641509433962265,0.48,9927.43,CARD,YESBANK,INSUFFICIENT_FUNDS,2,SEND_REMINDER,0
0.6747967479674797,0.45,5968.78,NETBANKING,SBI,INSUFFICIENT_FUNDS,9,SEND_REMINDER,0
0.6206896551724138,0.45454545454545453,1158.06,UPI,HDFC,LIMIT_EXCEEDED,15,NO_ACTION,0
0.8208955223880597,0.4166666666666667,4518.56,NETBANKING,HDFC,NETWORK_ERROR,4,RETRY_LATER,0
0.8317757009345794,0.6666666666666666,7575.67,NETBANKING,SBI,NETWORK_ERROR,14,SEND_REMINDER,1
0.7948717948717948,0.25,5606.45,WALLET,SBI,BANK_TIMEOUT,13,RETRY_LATER,1
0.8514851485148515,0.26666666666666666,6134.0,WALLET,AXIS,BANK_TIMEOUT,5,RETRY_NOW,1
0.6949152542372882,0.5,6528.11,UPI,HDFC,BANK_TIMEOUT,4,SEND_REMINDER,1
0.6607142857142857,0.3684210526315789,1301.55,WALLET,SBI,AUTHENTICATION_FAILED,17,RETRY_NOW,0
0.8,0.3333333333333333,9362.62,WALLET,AXIS,INSUFFICIENT_FUNDS,4,RETRY_NOW,1
0.8636363636363636,0.3333333333333333,8325.4,WALLET,KOTAK,AUTHENTICATION_FAILED,16,RETRY_NOW,1
0.8514851485148515,0.26666666666666666,6134.0,WALLET,AXIS,BANK_TIMEOUT,5,SEND_REMINDER,1
0.782608695652174,0.4,5180.0,NETBANKING,ICICI,CARD_EXPIRED,15,RETRY_LATER,0
0.7575757575757576,0.625,3926.89,WALLET,SBI,LIMIT_EXCEEDED,23,RETRY_LATER,0
0.75,0.9,6345.9,NETBANKING,ICICI,AUTHENTICATION_FAILED,15,RETRY_NOW,1
0.6190476190476191,0.25,2657.5,WALLET,KOTAK,AUTHENTICATION_FAILED,7,SEND_REMINDER,0
0.375,0.8,5370.15,NETBANKING,ICICI,AUTHENTICATION_FAILED,20,RETRY_NOW,0
0.625,0.3333333333333333,2204.97,UPI,ICICI,CARD_EXPIRED,12,SEND_REMINDER,1
0.7457627118644068,0.6666666666666666,4792.17,CARD,KOTAK,AUTHENTICATION_FAILED,19,SEND_REMINDER,1
0.6896551724137931,0.5,2187.02,UPI,YESBANK,LIMIT_EXCEEDED,3,RETRY_LATER,1
0.7142857142857143,0.6666666666666666,7513.43,UPI,ICICI,NETWORK_ERROR,3,RETRY_NOW,1
0.6666666666666666,0.5,2904.74,UPI,KOTAK,CARD_EXPIRED,10,RETRY_LATER,0
0.7560975609756098,0.6,3998.69,WALLET,KOTAK,BANK_TIMEOUT,19,NO_ACTION,0
0.7380952380952381,0.5151515151515151,8728.05,CARD,KOTAK,NETWORK_ERROR,3,RETRY_NOW,0
0.8260869565217391,0.25,8538.46,CARD,SBI,CARD_EXPIRED,23,SEND_REMINDER,0
0.6111111111111112,0.5714285714285714,7113.55,CARD,KOTAK,INSUFFICIENT_FUNDS,5,RETRY_LATER,0
0.7608695652173914,0.6363636363636364,3525.7,UPI,SBI,INSUFFICIENT_FUNDS,18,NO_ACTION,0
0.9113924050632911,0.7142857142857143,5321.73,CARD,YESBANK,LIMIT_EXCEEDED,8,NO_ACTION,0
0.631578947368421,0.42857142857142855,8525.91,NETBANKING,YESBANK,NETWORK_ERROR,4,NO_ACTION,0
0.900709219858156,0.42857142857142855,651.7,UPI,AXIS,CARD_EXPIRED,22,RETRY_LATER,0
0.7155963302752294,0.41935483870967744,1076.62,NETBANKING,ICICI,AUTHENTICATION_FAILED,2,RETRY_LATER,0
0.0,0.0,8247.2,WALLET,SBI,BANK_TIMEOUT,16,RETRY_LATER,0
0.7857142857142857,0.5833333333333334,2266.52,CARD,HDFC,AUTHENTICATION_FAILED,3,RETRY_NOW,0
0.9423076923076923,0.6666666666666666,5682.27,WALLET,KOTAK,LIMIT_EXCEEDED,18,RETRY_LATER,1
0.7572815533980582,0.52,7614.72,UPI,YESBANK,NETWORK_ERROR,0,SEND_REMINDER,0
0.7475728155339806,0.6153846153846154,7413.87,CARD,ICICI,INSUFFICIENT_FUNDS,19,NO_ACTION,0
0.7428571428571429,0.3888888888888889,6210.3,NETBANKING,KOTAK,BANK_TIMEOUT,19,RETRY_NOW,0
0.7115384615384616,0.5333333333333333,7288.04,CARD,YESBANK,LIMIT_EXCEEDED,15,SEND_REMINDER,1
0.5,0.3333333333333333,4713.96,CARD,KOTAK,LIMIT_EXCEEDED,21,RETRY_LATER,0
0.45454545454545453,0.4166666666666667,8987.64,WALLET,YESBANK,LIMIT_EXCEEDED,12,RETRY_NOW,0
0.7428571428571429,0.3333333333333333,7125.06,WALLET,HDFC,BANK_TIMEOUT,23,RETRY_NOW,1
0.0,0.6666666666666666,4403.11,WALLET,AXIS,BANK_TIMEOUT,12,RETRY_LATER,1
0.6521739130434783,0.875,6452.38,CARD,KOTAK,NETWORK_ERROR,16,NO_ACTION,0
0.0,0.0,692.94,NETBANKING,YESBANK,NETWORK_ERROR,17,RETRY_NOW,0
0.5789473684210527,0.5,9138.49,UPI,YESBANK,NETWORK_ERROR,23,RETRY_NOW,0
0.797979797979798,0.5,7117.57,NETBANKING,ICICI,AUTHENTICATION_FAILED,0,NO_ACTION,0
0.5737704918032787,0.5769230769230769,7899.3,NETBANKING,SBI,LIMIT_EXCEEDED,9,SEND_REMINDER,0
0.8181818181818182,0.8333333333333334,4680.03,NETBANKING,KOTAK,AUTHENTICATION_FAILED,4,RETRY_LATER,1
0.0,0.0,5759.94,CARD,SBI,AUTHENTICATION_FAILED,10,RETRY_LATER,0
0.7710843373493976,0.42105263157894735,8464.09,WALLET,KOTAK,CARD_EXPIRED,2,SEND_REMINDER,0
0.3333333333333333,1.0,5721.44,NETBANKING,YESBANK,CARD_EXPIRED,4,RETRY_NOW,0
0.72,0.2857142857142857,2882.52,CARD,ICICI,AUTHENTICATION_FAILED,4,RETRY_LATER,1
0.7272727272727273,1.0,7593.49,WALLET,AXIS,AUTHENTICATION_FAILED,16,NO_ACTION,0
0.8545454545454545,0.6875,1333.94,NETBANKING,ICICI,LIMIT_EXCEEDED,1,NO_ACTION,0
0.7307692307692307,0.39285714285714285,9461.72,CARD,YESBANK,NETWORK_ERROR,20,RETRY_LATER,1
0.7619047619047619,0.4,6614.15,CARD,ICICI,CARD_EXPIRED,10,NO_ACTION,0
0.6875,0.7,5068.77,WALLET,ICICI,NETWORK_ERROR,7,RETRY_NOW,1
0.0,1.0,6003.28,CARD,KOTAK,CARD_EXPIRED,10,RETRY_LATER,1
0.8,0.0,931.0,WALLET,YESBANK,BANK_TIMEOUT,13,RETRY_NOW,1
0.725,0.36363636363636365,7387.69,WALLET,HDFC,BANK_TIMEOUT,0,SEND_REMINDER,1
0.8316831683168316,0.7058823529411765,9422.9,NETBANKING,KOTAK,CARD_EXPIRED,11,RETRY_NOW,0
0.6901408450704225,0.5909090909090909,1506.98,UPI,ICICI,BANK_TIMEOUT,5,SEND_REMINDER,1
0.8695652173913043,0.3333333333333333,5943.25,NETBANKING,KOTAK,NETWORK_ERROR,2,SEND_REMINDER,0
0.0,0.0,8806.86,UPI,KOTAK,CARD_EXPIRED,10,RETRY_NOW,0
0.8387096774193549,0.4,6713.13,NETBANKING,ICICI,LIMIT_EXCEEDED,17,NO_ACTION,0
0.0,0.6666666666666666,4403.11,WALLET,AXIS,BANK_TIMEOUT,12,NO_ACTION,0
0.746031746031746,0.375,1940.72,CARD,SBI,BANK_TIMEOUT,2,SEND_REMINDER,1
0.6206896551724138,0.5454545454545454,6702.42,WALLET,YESBANK,NETWORK_ERROR,16,RETRY_NOW,1
0.7777777777777778,0.375,6978.8,NETBANKING,YESBANK,AUTHENTICATION_FAILED,19,NO_ACTION,0
0.8455284552845529,0.631578947368421,1927.67,CARD,AXIS,AUTHENTICATION_FAILED,7,RETRY_LATER,0
0.6944444444444444,0.5454545454545454,9531.75,NETBANKING,HDFC,INSUFFICIENT_FUNDS,23,RETRY_NOW,0
0.7560975609756098,0.6,8794.01,NETBANKING,SBI,LIMIT_EXCEEDED,18,RETRY_NOW,0
0.8759124087591241,0.5294117647058824,9577.53,WALLET,AXIS,INSUFFICIENT_FUNDS,18,RETRY_NOW,0
0.7666666666666667,0.7142857142857143,3844.71,CARD,SBI,CARD_EXPIRED,10,SEND_REMINDER,1
0.8769230769230769,0.25,6633.81,UPI,AXIS,CARD_EXPIRED,15,RETRY_LATER,0
0.75,0.3333333333333333,9226.23,CARD,KOTAK,INSUFFICIENT_FUNDS,0,RETRY_LATER,0
0.7575757575757576,0.625,3926.89,WALLET,SBI,LIMIT_EXCEEDED,23,RETRY_NOW,0
0.7203389830508474,0.45454545454545453,5532.76,CARD,YESBANK,BANK_TIMEOUT,22,RETRY_NOW,1
0.8235294117647058,0.6666666666666666,6341.18,WALLET,KOTAK,NETWORK_ERROR,23,RETRY_NOW,1
0.7476635514018691,0.4444444444444444,7016.16,WALLET,YESBANK,NETWORK_ERROR,1,RETRY_NOW,0
0.7837837837837838,0.3125,8049.49,WALLET,YESBANK,LIMIT_EXCEEDED,21,SEND_REMINDER,0
0.8640776699029126,0.6428571428571429,8688.79,NETBANKING,SBI,LIMIT_EXCEEDED,12,SEND_REMINDER,1
0.675,0.46153846153846156,3508.42,UPI,SBI,NETWORK_ERROR,15,RETRY_NOW,1
0.7857142857142857,0.5833333333333334,9835.3,NETBANKING,ICICI,CARD_EXPIRED,6,RETRY_NOW,0
0.7592592592592593,0.5384615384615384,9241.2,CARD,YESBANK,BANK_TIMEOUT,9,SEND_REMINDER,1
0.47368421052631576,0.3,4147.58,NETBANKING,HDFC,CARD_EXPIRED,6,RETRY_LATER,0
0.6666666666666666,0.4,584.9,UPI,SBI,CARD_EXPIRED,2,SEND_REMINDER,0
0.7457627118644068,0.6666666666666666,4792.17,CARD,KOTAK,AUTHENTICATION_FAILED,19,NO_ACTION,0
0.84,1.0,8947.02,NETBANKING,AXIS,NETWORK_ERROR,3,NO_ACTION,0
0.6984126984126984,0.5263157894736842,1883.74,NETBANKING,AXIS,INSUFFICIENT_FUNDS,10,SEND_REMINDER,0
0.42857142857142855,0.25,4211.44,NETBANKING,YESBANK,LIMIT_EXCEEDED,22,SEND_REMINDER,1
0.7142857142857143,0.3333333333333333,2754.38,NETBANKING,HDFC,NETWORK_ERROR,1,SEND_REMINDER,0
0.7692307692307693,0.3333333333333333,7616.42,UPI,KOTAK,AUTHENTICATION_FAILED,14,RETRY_LATER,0
0.4444444444444444,0.4,4875.4,CARD,YESBANK,NETWORK_ERROR,10,RETRY_NOW,1
0.8412698412698413,0.8,6483.73,UPI,YESBANK,NETWORK_ERROR,21,RETRY_LATER,1
0.6601941747572816,0.5142857142857142,4047.97,WALLET,AXIS,CARD_EXPIRED,0,RETRY_NOW,1
0.6271186440677966,0.5,9536.76,UPI,ICICI,NETWORK_ERROR,14,NO_ACTION,0
0.65625,0.6363636363636364,5056.32,WALLET,KOTAK,AUTHENTICATION_FAILED,10,SEND_REMINDER,0
0.7575757575757576,0.75,311.89,UPI,ICICI,INSUFFICIENT_FUNDS,23,RETRY_NOW,0
0.693069306930693,0.6129032258064516,4033.99,WALLET,KOTAK,AUTHENTICATION_FAILED,11,SEND_REMINDER,1
0.75,0.4,7760.74,CARD,ICICI,LIMIT_EXCEEDED,22,SEND_REMINDER,0
0.7011494252873564,0.6538461538461539,736.67,UPI,HDFC,INSUFFICIENT_FUNDS,19,NO_ACTION,0
0.7142857142857143,0.5,8583.22,WALLET,SBI,CARD_EXPIRED,21,NO_ACTION,0
0.7586206896551724,0.5238095238095238,4827.12,UPI,ICICI,INSUFFICIENT_FUNDS,12,NO_ACTION,0
0.75,1.0,4304.57,NETBANKING,SBI,CARD_EXPIRED,16,NO_ACTION,0
0.6590909090909091,0.5333333333333333,9109.3,NETBANKING,KOTAK,AUTHENTICATION_FAILED,18,RETRY_LATER,1
0.4,0.3333333333333333,1280.21,UPI,ICICI,INSUFFICIENT_FUNDS,17,RETRY_LATER,0
0.6715328467153284,0.6444444444444445,5276.4,CARD,HDFC,CARD_EXPIRED,8,SEND_REMINDER,1
0.9583333333333334,1.0,9353.67,WALLET,YESBANK,AUTHENTICATION_FAILED,4,RETRY_LATER,0
0.6323529411764706,0.44,4159.97,CARD,HDFC,NETWORK_ERROR,4,RETRY_LATER,1
0.71875,0.6666666666666666,1151.59,CARD,HDFC,AUTHENTICATION_FAILED,10,RETRY_NOW,0
0.9166666666666666,0.4,3927.61,CARD,HDFC,BANK_TIMEOUT,8,NO_ACTION,0
0.7407407407407407,0.14285714285714285,2598.19,WALLET,HDFC,AUTHENTICATION_FAILED,15,RETRY_NOW,0
0.9195402298850575,0.42857142857142855,3717.12,UPI,AXIS,AUTHENTICATION_FAILED,6,SEND_REMINDER,1
0.625,0.3333333333333333,590.31,WALLET,YESBANK,AUTHENTICATION_FAILED,17,RETRY_LATER,1
0.717391304347826,0.46153846153846156,1967.48,WALLET,SBI,AUTHENTICATION_FAILED,10,NO_ACTION,0
0.85,0.5,7305.27,CARD,YESBANK,LIMIT_EXCEEDED,6,NO_ACTION,0
0.7727272727272727,0.4,475.03,WALLET,YESBANK,INSUFFICIENT_FUNDS,11,NO_ACTION,0
0.6470588235294118,0.6666666666666666,5157.12,UPI,HDFC,BANK_TIMEOUT,7,RETRY_LATER,1
0.7052631578947368,0.5357142857142857,8987.6,UPI,AXIS,INSUFFICIENT_FUNDS,21,RETRY_NOW,0
0.9047619047619048,0.3333333333333333,486.87,WALLET,SBI,AUTHENTICATION_FAILED,10,SEND_REMINDER,1
0.5945945945945946,0.3333333333333333,7063.46,CARD,SBI,LIMIT_EXCEEDED,0,RETRY_LATER,1
0.7653061224489796,0.6521739130434783,2700.97,UPI,AXIS,BANK_TIMEOUT,19,SEND_REMINDER,1
0.7567567567567568,0.5555555555555556,7327.39,WALLET,ICICI,LIMIT_EXCEEDED,16,RETRY_NOW,0
0.76,0.6666666666666666,4570.38,NETBANKING,ICICI,CARD_EXPIRED,6,SEND_REMINDER,1
0.8,0.3333333333333333,9553.28,CARD,ICICI,CARD_EXPIRED,13,SEND_REMINDER,1
0.7368421052631579,0.6,9385.46,CARD,YESBANK,LIMIT_EXCEEDED,10,NO_ACTION,0
0.7105263157894737,0.5454545454545454,7582.57,NETBANKING,KOTAK,LIMIT_EXCEEDED,5,SEND_REMINDER,0
0.9411764705882353,0.0,9653.01,CARD,KOTAK,LIMIT_EXCEEDED,14,RETRY_NOW,0
0.765625,0.4666666666666667,139.29,UPI,HDFC,CARD_EXPIRED,0,RETRY_LATER,0
0.75,1.0,1712.44,UPI,YESBANK,CARD_EXPIRED,17,RETRY_LATER,1
0.8852459016393442,0.42857142857142855,6026.74,CARD,AXIS,CARD_EXPIRED,2,RETRY_LATER,1
0.7681159420289855,0.5,6095.82,WALLET,HDFC,LIMIT_EXCEEDED,14,NO_ACTION,0
0.6818181818181818,0.5714285714285714,8409.15,NETBANKING,HDFC,BANK_TIMEOUT,16,RETRY_LATER,1
0.7528089887640449,0.6363636363636364,358.05,NETBANKING,AXIS,INSUFFICIENT_FUNDS,10,RETRY_LATER,0
0.6349206349206349,0.4782608695652174,8393.85,NETBANKING,ICICI,NETWORK_ERROR,13,RETRY_LATER,0
0.5882352941176471,0.42857142857142855,3767.55,CARD,HDFC,INSUFFICIENT_FUNDS,7,SEND_REMINDER,1
0.9347826086956522,0.3333333333333333,3144.35,CARD,AXIS,LIMIT_EXCEEDED,20,NO_ACTION,0
0.6790123456790124,0.5384615384615384,4557.32,UPI,AXIS,AUTHENTICATION_FAILED,23,RETRY_LATER,0
0.375,0.4,2926.26,CARD,KOTAK,LIMIT_EXCEEDED,20,NO_ACTION,0
0.6632653061224489,0.6363636363636364,6496.48,NETBANKING,SBI,NETWORK_ERROR,6,RETRY_LATER,0
0.6363636363636364,0.55,9619.05,WALLET,HDFC,CARD_EXPIRED,3,NO_ACTION,0
0.3333333333333333,0.5,4651.11,WALLET,HDFC,BANK_TIMEOUT,14,RETRY_LATER,1
0.8888888888888888,1.0,7105.59,WALLET,YESBANK,AUTHENTICATION_FAILED,8,NO_ACTION,0
0.7413793103448276,0.5333333333333333,4664.0,CARD,AXIS,BANK_TIMEOUT,2,RETRY_NOW,1
0.7368421052631579,0.5,1094.04,UPI,HDFC,LIMIT_EXCEEDED,10,NO_ACTION,0
0.664,0.5476190476190477,5076.04,UPI,AXIS,LIMIT_EXCEEDED,9,NO_ACTION,0
0.6619718309859155,0.6666666666666666,3861.23,WALLET,SBI,AUTHENTICATION_FAILED,10,RETRY_NOW,0
0.9090909090909091,0.0,4160.07,CARD,KOTAK,CARD_EXPIRED,11,SEND_REMINDER,0
0.8666666666666667,0.5,3737.4,NETBANKING,KOTAK,NETWORK_ERROR,10,RETRY_NOW,1
0.7857142857142857,0.5833333333333334,9979.31,CARD,AXIS,INSUFFICIENT_FUNDS,16,NO_ACTION,0
0.9027777777777778,0.42857142857142855,967.77,NETBANKING,HDFC,NETWORK_ERROR,2,SEND_REMINDER,1
0.7142857142857143,0.25,3086.69,CARD,HDFC,AUTHENTICATION_FAILED,7,RETRY_NOW,0
0.6867469879518072,0.46153846153846156,7420.54,WALLET,SBI,NETWORK_ERROR,16,NO_ACTION,0
0.782608695652174,0.6,5179.8,WALLET,KOTAK,AUTHENTICATION_FAILED,16,RETRY_NOW,1
0.5294117647058824,0.375,9434.35,NETBANKING,YESBANK,AUTHENTICATION_FAILED,5,SEND_REMINDER,1
0.71875,0.3333333333333333,6252.4,WALLET,AXIS,LIMIT_EXCEEDED,8,RETRY_NOW,0
0.6428571428571429,0.7,6559.07,UPI,SBI,LIMIT_EXCEEDED,14,RETRY_LATER,1
0.8,1.0,8359.37,UPI,AXIS,CARD_EXPIRED,18,SEND_REMINDER,1
0.7663551401869159,0.44,9746.55,CARD,KOTAK,LIMIT_EXCEEDED,9,SEND_REMINDER,0
0.7844827586206896,0.44,1858.5,NETBANKING,KOTAK,INSUFFICIENT_FUNDS,22,NO_ACTION,0
0.5555555555555556,0.75,3740.74,UPI,KOTAK,NETWORK_ERROR,5,RETRY_LATER,1
0.7280701754385965,0.6451612903225806,5297.02,WALLET,KOTAK,BANK_TIMEOUT,1,SEND_REMINDER,0
0.5625,0.5714285714285714,7097.19,WALLET,ICICI,INSUFFICIENT_FUNDS,5,RETRY_LATER,0
0.9333333333333333,0.875,5933.89,CARD,YESBANK,CARD_EXPIRED,5,RETRY_LATER,0
0.6666666666666666,0.6086956521739131,4675.23,WALLET,HDFC,CARD_EXPIRED,6,RETRY_NOW,1
0.9090909090909091,0.0,9637.88,CARD,SBI,CARD_EXPIRED,4,SEND_REMINDER,1
0.5714285714285714,0.6666666666666666,4604.73,WALLET,KOTAK,NETWORK_ERROR,10,RETRY_LATER,0
0.7747747747747747,0.6,7065.34,CARD,AXIS,CARD_EXPIRED,6,NO_ACTION,0
0.7,0.3333333333333333,1746.96,WALLET,KOTAK,BANK_TIMEOUT,4,NO_ACTION,0
0.6666666666666666,0.5384615384615384,7310.03,WALLET,SBI,NETWORK_ERROR,13,NO_ACTION,0
0.72,0.2857142857142857,2882.52,CARD,ICICI,AUTHENTICATION_FAILED,4,NO_ACTION,0
0.8181818181818182,0.5833333333333334,2192.33,NETBANKING,YESBANK,LIMIT_EXCEEDED,21,RETRY_NOW,1
0.7916666666666666,0.5,9397.28,NETBANKING,ICICI,BANK_TIMEOUT,11,SEND_REMINDER,0
0.8846153846153846,0.6666666666666666,2168.89,WALLET,KOTAK,CARD_EXPIRED,23,SEND_REMINDER,1
0.0,0.0,8815.22,UPI,HDFC,BANK_TIMEOUT,18,SEND_REMINDER,0
0.5604395604395604,0.475,9010.31,UPI,ICICI,INSUFFICIENT_FUNDS,5,RETRY_NOW,0
0.6666666666666666,0.2,8921.35,WALLET,HDFC,NETWORK_ERROR,15,NO_ACTION,0
0.48484848484848486,0.35294117647058826,5164.11,CARD,YESBANK,BANK_TIMEOUT,11,SEND_REMINDER,1
0.0,0.0,6836.04,NETBANKING,KOTAK,INSUFFICIENT_FUNDS,5,RETRY_NOW,0
0.7419354838709677,0.625,2763.73,NETBANKING,SBI,CARD_EXPIRED,23,NO_ACTION,0
0.5384615384615384,0.8333333333333334,5864.99,CARD,ICICI,AUTHENTICATION_FAILED,14,SEND_REMINDER,0
0.75,0.4,7760.74,CARD,ICICI,LIMIT_EXCEEDED,22,RETRY_NOW,0
0.6885245901639344,0.42105263157894735,1293.82,NETBANKING,SBI,AUTHENTICATION_FAILED,1,RETRY_NOW,1
0.5,0.6666666666666666,4327.49,UPI,ICICI,BANK_TIMEOUT,13,RETRY_LATER,1
0.6883116883116883,0.5416666666666666,2110.98,WALLET,KOTAK,AUTHENTICATION_FAILED,3,RETRY_LATER,0
0.8333333333333334,0.8333333333333334,7000.96,UPI,AXIS,NETWORK_ERROR,8,RETRY_NOW,0
0.6451612903225806,0.5,2312.93,CARD,YESBANK,CARD_EXPIRED,2,NO_ACTION,0
0.6707317073170732,0.4074074074074074,834.86,CARD,ICICI,NETWORK_ERROR,0,RETRY_NOW,0
0.6071428571428571,0.5909090909090909,6203.29,WALLET,HDFC,BANK_TIMEOUT,19,NO_ACTION,0
0.7380952380952381,0.36363636363636365,460.42,CARD,HDFC,NETWORK_ERROR,23,NO_ACTION,0
0.42857142857142855,0.25,4211.44,NETBANKING,YESBANK,LIMIT_EXCEEDED,22,RETRY_LATER,0
0.7,0.5,1806.76,CARD,HDFC,NETWORK_ERROR,20,RETRY_NOW,1
0.6363636363636364,0.75,4849.45,NETBANKING,KOTAK,BANK_TIMEOUT,6,SEND_REMINDER,0
0.9393939393939394,0.75,669.19,WALLET,AXIS,LIMIT_EXCEEDED,22,RETRY_LATER,1
0.5,1.0,1363.43,CARD,AXIS,BANK_TIMEOUT,4,RETRY_LATER,0
0.6811594202898551,0.4090909090909091,3392.42,UPI,HDFC,LIMIT_EXCEEDED,21,NO_ACTION,0
0.898989898989899,0.5,6926.41,WALLET,KOTAK,NETWORK_ERROR,12,SEND_REMINDER,1
0.8604651162790697,0.6666666666666666,7171.41,CARD,KOTAK,AUTHENTICATION_FAILED,21,SEND_REMINDER,0
0.6764705882352942,0.45454545454545453,5363.85,CARD,YESBANK,AUTHENTICATION_FAILED,0,RETRY_NOW,1
0.7962962962962963,0.5454545454545454,3799.79,CARD,AXIS,BANK_TIMEOUT,7,RETRY_LATER,1
0.7894736842105263,0.75,1209.43,WALLET,ICICI,CARD_EXPIRED,17,RETRY_NOW,0
0.717391304347826,0.5,8394.93,WALLET,YESBANK,CARD_EXPIRED,13,RETRY_NOW,0
0.79,0.7619047619047619,8066.81,NETBANKING,YESBANK,INSUFFICIENT_FUNDS,19,RETRY_NOW,0
0.7333333333333333,0.25,3910.25,NETBANKING,YESBANK,INSUFFICIENT_FUNDS,10,NO_ACTION,0
0.7692307692307693,0.4583333333333333,6648.75,CARD,HDFC,AUTHENTICATION_FAILED,18,NO_ACTION,0
0.4444444444444444,0.4,4875.4,CARD,YESBANK,NETWORK_ERROR,10,NO_ACTION,0
0.8666666666666667,0.75,7513.19,NETBANKING,ICICI,AUTHENTICATION_FAILED,15,RETRY_LATER,1
0.6229508196721312,0.5652173913043478,5886.49,CARD,SBI,INSUFFICIENT_FUNDS,1,RETRY_LATER,0
0.5384615384615384,0.6666666666666666,8218.82,CARD,HDFC,INSUFFICIENT_FUNDS,9,SEND_REMINDER,1
0.875,0.0,3283.85,NETBANKING,HDFC,CARD_EXPIRED,19,NO_ACTION,0
0.7,0.5,7997.31,NETBANKING,HDFC,BANK_TIMEOUT,9,RETRY_NOW,1
0.782608695652174,0.4,5180.0,NETBANKING,ICICI,CARD_EXPIRED,15,SEND_REMINDER,1
0.8524590163934426,0.3333333333333333,2831.91,WALLET,AXIS,BANK_TIMEOUT,21,RETRY_LATER,1
0.8870967741935484,0.14285714285714285,999.32,WALLET,KOTAK,LIMIT_EXCEEDED,8,RETRY_LATER,0
0.6666666666666666,0.0,4465.31,CARD,KOTAK,AUTHENTICATION_FAILED,4,SEND_REMINDER,0
0.4444444444444444,0.6,2800.89,NETBANKING,SBI,AUTHENTICATION_FAILED,6,RETRY_LATER,0
0.7868852459016393,0.38461538461538464,2333.27,WALLET,KOTAK,CARD_EXPIRED,2,SEND_REMINDER,0
0.6,0.5,2489.87,UPI,HDFC,BANK_TIMEOUT,20,SEND_REMINDER,0
0.7954545454545454,0.3333333333333333,9122.76,CARD,KOTAK,LIMIT_EXCEEDED,5,NO_ACTION,0
0.25,1.0,8876.36,CARD,ICICI,NETWORK_ERROR,17,NO_ACTION,0
0.9166666666666666,0.0,8928.62,NETBANKING,ICICI,LIMIT_EXCEEDED,20,NO_ACTION,0
0.708029197080292,0.425,4393.28,WALLET,ICICI,INSUFFICIENT_FUNDS,10,SEND_REMINDER,1
0.25,0.3333333333333333,6951.6,NETBANKING,AXIS,NETWORK_ERROR,11,SEND_REMINDER,0
0.8666666666666667,0.75,7513.19,NETBANKING,ICICI,AUTHENTICATION_FAILED,15,SEND_REMINDER,0
0.8714285714285714,0.5555555555555556,8858.9,WALLET,KOTAK,INSUFFICIENT_FUNDS,15,RETRY_NOW,0
0.7333333333333333,0.25,7881.03,WALLET,ICICI,NETWORK_ERROR,10,RETRY_NOW,1
0.5294117647058824,0.5,7938.87,UPI,HDFC,CARD_EXPIRED,12,RETRY_LATER,0
0.6333333333333333,0.8181818181818182,3475.79,UPI,AXIS,AUTHENTICATION_FAILED,15,SEND_REMINDER,1
0.8111111111111111,0.7058823529411765,3667.0,UPI,KOTAK,AUTHENTICATION_FAILED,16,RETRY_NOW,1
0.9285714285714286,1.0,7249.42,UPI,YESBANK,CARD_EXPIRED,6,NO_ACTION,0
0.8076923076923077,0.2,9990.81,UPI,ICICI,INSUFFICIENT_FUNDS,13,NO_ACTION,0
0.9090909090909091,1.0,4456.84,CARD,HDFC,BANK_TIMEOUT,12,SEND_REMINDER,1
0.6304347826086957,0.35294117647058826,3945.85,UPI,AXIS,INSUFFICIENT_FUNDS,4,SEND_REMINDER,1
0.7777777777777778,0.5,9543.11,WALLET,ICICI,NETWORK_ERROR,2,SEND_REMINDER,0
0.7,0.6666666666666666,2231.05,UPI,YESBANK,AUTHENTICATION_FAILED,14,RETRY_NOW,0
0.5777777777777777,0.5263157894736842,8868.58,UPI,ICICI,AUTHENTICATION_FAILED,23,NO_ACTION,0
0.7288135593220338,0.5,6859.08,UPI,ICICI,CARD_EXPIRED,14,NO_ACTION,0
0.9375,0.6666666666666666,733.47,CARD,SBI,NETWORK_ERROR,4,NO_ACTION,0
0.7628865979381443,0.6521739130434783,1484.67,UPI,KOTAK,LIMIT_EXCEEDED,20,NO_ACTION,0
0.5454545454545454,0.6,3591.33,UPI,YESBANK,BANK_TIMEOUT,20,RETRY_LATER,1
0.6904761904761905,0.38461538461538464,6385.12,CARD,KOTAK,AUTHENTICATION_FAILED,7,NO_ACTION,0
0.59375,0.5384615384615384,9111.43,WALLET,AXIS,AUTHENTICATION_FAILED,8,SEND_REMINDER,0
0.7058823529411765,0.5,4815.94,CARD,HDFC,INSUFFICIENT_FUNDS,17,RETRY_LATER,0
0.8452380952380952,0.46153846153846156,7983.74,NETBANKING,AXIS,NETWORK_ERROR,3,RETRY_NOW,0
0.7906976744186046,0.6111111111111112,6275.84,UPI,SBI,NETWORK_ERROR,14,RETRY_LATER,1
0.7105263157894737,0.8181818181818182,3279.18,WALLET,AXIS,AUTHENTICATION_FAILED,23,RETRY_LATER,1
0.7936507936507936,0.6923076923076923,8536.19,NETBANKING,ICICI,NETWORK_ERROR,21,NO_ACTION,0
0.8585858585858586,0.5,2773.09,UPI,AXIS,LIMIT_EXCEEDED,14,NO_ACTION,0
0.8387096774193549,0.6,9428.69,NETBANKING,YESBANK,INSUFFICIENT_FUNDS,21,SEND_REMINDER,0
0.8977272727272727,0.6666666666666666,5027.96,CARD,KOTAK,INSUFFICIENT_FUNDS,17,RETRY_LATER,0
0.8,0.5454545454545454,2853.22,NETBANKING,AXIS,NETWORK_ERROR,22,SEND_REMINDER,0
0.7916666666666666,0.7,9733.9,WALLET,SBI,BANK_TIMEOUT,5,SEND_REMINDER,1
0.7741935483870968,0.2857142857142857,1881.18,UPI,KOTAK,NETWORK_ERROR,21,RETRY_LATER,1
0.5652173913043478,0.5,1723.11,CARD,HDFC,LIMIT_EXCEEDED,15,NO_ACTION,0
0.6363636363636364,0.5,2017.78,NETBANKING,KOTAK,BANK_TIMEOUT,16,RETRY_LATER,1
0.6,0.0,8208.03,NETBANKING,YESBANK,CARD_EXPIRED,10,NO_ACTION,0
0.8532110091743119,0.5,5224.56,UPI,KOTAK,NETWORK_ERROR,3,RETRY_NOW,1
0.6634615384615384,0.5428571428571428,635.72,UPI,HDFC,CARD_EXPIRED,11,NO_ACTION,0
0.711864406779661,0.4117647058823529,5750.45,WALLET,KOTAK,CARD_EXPIRED,18,RETRY_LATER,0
0.6666666666666666,0.6666666666666666,6173.78,WALLET,SBI,AUTHENTICATION_FAILED,0,RETRY_LATER,1
0.7906976744186046,0.5555555555555556,5592.68,NETBANKING,YESBANK,NETWORK_ERROR,9,RETRY_LATER,1
0.6373626373626373,0.45454545454545453,7717.11,WALLET,SBI,AUTHENTICATION_FAILED,12,NO_ACTION,0
0.3333333333333333,0.0,8254.11,NETBANKING,SBI,AUTHENTICATION_FAILED,19,RETRY_NOW,0
0.7441860465116279,0.45454545454545453,180.34,CARD,YESBANK,LIMIT_EXCEEDED,5,NO_ACTION,0
0.7037037037037037,0.625,9083.96,WALLET,AXIS,LIMIT_EXCEEDED,23,NO_ACTION,0
0.7931034482758621,0.3333333333333333,2886.9,NETBANKING,KOTAK,CARD_EXPIRED,9,RETRY_NOW,0
0.8181818181818182,1.0,149.58,UPI,YESBANK,NETWORK_ERROR,7,RETRY_LATER,1
0.8461538461538461,0.5,8796.8,CARD,ICICI,CARD_EXPIRED,11,NO_ACTION,0
0.6304347826086957,0.35294117647058826,3945.85,UPI,AXIS,INSUFFICIENT_FUNDS,4,RETRY_LATER,1
0.735632183908046,0.30434782608695654,1667.62,NETBANKING,HDFC,AUTHENTICATION_FAILED,19,SEND_REMINDER,1
0.8333333333333334,0.4,5177.17,WALLET,YESBANK,NETWORK_ERROR,15,NO_ACTION,0
0.5,1.0,2547.37,UPI,KOTAK,LIMIT_EXCEEDED,14,SEND_REMINDER,0
0.8571428571428571,0.3333333333333333,9265.24,WALLET,SBI,LIMIT_EXCEEDED,6,RETRY_LATER,0
0.8352941176470589,0.5714285714285714,5191.16,NETBANKING,AXIS,LIMIT_EXCEEDED,1,NO_ACTION,0
0.9024390243902439,0.6666666666666666,7638.46,CARD,SBI,AUTHENTICATION_FAILED,23,RETRY_NOW,1
0.8260869565217391,0.5,8003.71,WALLET,KOTAK,BANK_TIMEOUT,7,SEND_REMINDER,0
0.6470588235294118,0.5,5250.52,WALLET,ICICI,LIMIT_EXCEEDED,12,RETRY_NOW,0
0.6379310344827587,0.47619047619047616,7662.63,WALLET,YESBANK,CARD_EXPIRED,19,RETRY_NOW,0
0.675,0.46153846153846156,5590.95,NETBANKING,YESBANK,AUTHENTICATION_FAILED,20,RETRY_LATER,1
0.8641975308641975,0.5454545454545454,1694.88,WALLET,HDFC,BANK_TIMEOUT,20,SEND_REMINDER,0
0.8421052631578947,0.5,9333.65,CARD,HDFC,INSUFFICIENT_FUNDS,11,SEND_REMINDER,1
0.8888888888888888,0.5,543.6,CARD,SBI,LIMIT_EXCEEDED,3,RETRY_LATER,1
0.7857142857142857,0.5833333333333334,9746.57,UPI,ICICI,BANK_TIMEOUT,9,SEND_REMINDER,0
0.8333333333333334,0.4,5177.17,WALLET,YESBANK,NETWORK_ERROR,15,RETRY_NOW,1
0.7380952380952381,0.6363636363636364,5191.25,WALLET,HDFC,LIMIT_EXCEEDED,15,RETRY_LATER,1
0.8469387755102041,0.5333333333333333,5826.58,WALLET,KOTAK,CARD_EXPIRED,5,NO_ACTION,0
0.7692307692307693,1.0,758.33,UPI,ICICI,NETWORK_ERROR,13,SEND_REMINDER,1
0.7763157894736842,0.5882352941176471,2458.5,CARD,AXIS,CARD_EXPIRED,12,RETRY_NOW,0
0.6363636363636364,0.75,4849.45,NETBANKING,KOTAK,BANK_TIMEOUT,6,RETRY_LATER,1
0.6617647058823529,0.6521739130434783,6006.97,NETBANKING,YESBANK,CARD_EXPIRED,2,RETRY_LATER,0
0.8524590163934426,0.3333333333333333,2831.91,WALLET,AXIS,BANK_TIMEOUT,21,NO_ACTION,0
0.734375,0.4117647058823529,184.97,UPI,SBI,INSUFFICIENT_FUNDS,15,RETRY_NOW,0
0.7301587301587301,0.5882352941176471,891.16,UPI,AXIS,CARD_EXPIRED,17,SEND_REMINDER,1
0.7789473684210526,0.47619047619047616,4124.91,CARD,KOTAK,LIMIT_EXCEEDED,9,RETRY_NOW,0
0.7,0.3333333333333333,7126.33,CARD,KOTAK,LIMIT_EXCEEDED,15,SEND_REMINDER,1
0.6635514018691588,0.4722222222222222,882.06,CARD,YESBANK,CARD_EXPIRED,5,SEND_REMINDER,0
0.5,0.75,7441.89,CARD,YESBANK,BANK_TIMEOUT,7,RETRY_LATER,1
0.9230769230769231,0.75,2813.01,CARD,ICICI,BANK_TIMEOUT,7,RETRY_LATER,0
0.8072289156626506,0.5,1357.08,NETBANKING,AXIS,INSUFFICIENT_FUNDS,22,SEND_REMINDER,0
0.875,0.5,2058.74,UPI,HDFC,BANK_TIMEOUT,4,RETRY_LATER,1
0.7575757575757576,0.625,9150.92,UPI,SBI,LIMIT_EXCEEDED,23,RETRY_NOW,0
0.7833333333333333,0.5384615384615384,3725.12,CARD,HDFC,CARD_EXPIRED,7,RETRY_LATER,0
0.5789473684210527,0.5,9138.49,UPI,YESBANK,NETWORK_ERROR,23,NO_ACTION,0
0.5571428571428572,0.5806451612903226,2823.42,CARD,KOTAK,LIMIT_EXCEEDED,5,SEND_REMINDER,1
0.0,1.0,7482.6,WALLET,YESBANK,INSUFFICIENT_FUNDS,22,NO_ACTION,0
0.7547169811320755,0.46153846153846156,1690.38,UPI,SBI,LIMIT_EXCEEDED,20,NO_ACTION,0
0.75,0.2,9936.56,CARD,HDFC,LIMIT_EXCEEDED,8,NO_ACTION,0
0.8285714285714286,0.6111111111111112,7408.54,NETBANKING,AXIS,LIMIT_EXCEEDED,2,RETRY_NOW,1
0.7203389830508474,0.45454545454545453,8891.47,CARD,SBI,CARD_EXPIRED,13,SEND_REMINDER,1
0.8125,1.0,7717.77,NETBANKING,AXIS,AUTHENTICATION_FAILED,18,SEND_REMINDER,0
0.8108108108108109,0.42857142857142855,3711.64,UPI,ICICI,CARD_EXPIRED,1,SEND_REMINDER,0
0.55,0.4444444444444444,1220.41,WALLET,SBI,LIMIT_EXCEEDED,21,RETRY_NOW,0
0.6571428571428571,0.75,2677.64,CARD,SBI,BANK_TIMEOUT,5,SEND_REMINDER,0
0.0,0.0,137.95,UPI,KOTAK,INSUFFICIENT_FUNDS,8,RETRY_LATER,0
0.8181818181818182,0.625,3368.74,WALLET,HDFC,BANK_TIMEOUT,20,SEND_REMINDER,1
0.6515151515151515,0.43478260869565216,9340.54,WALLET,YESBANK,NETWORK_ERROR,3,RETRY_LATER,1
0.8028169014084507,0.5,7734.36,UPI,HDFC,CARD_EXPIRED,11,RETRY_LATER,0
0.671875,0.6428571428571429,6178.73,CARD,YESBANK,BANK_TIMEOUT,3,RETRY_NOW,1
0.6666666666666666,1.0,5378.53,CARD,SBI,CARD_EXPIRED,16,RETRY_NOW,0
0.6535433070866141,0.45454545454545453,1592.09,WALLET,SBI,CARD_EXPIRED,19,NO_ACTION,0
0.8823529411764706,0.5,6621.48,NETBANKING,SBI,NETWORK_ERROR,21,NO_ACTION,0
0.6326530612244898,0.6666666666666666,7091.69,UPI,KOTAK,AUTHENTICATION_FAILED,12,RETRY_NOW,0
0.7192982456140351,0.5,5651.89,NETBANKING,SBI,LIMIT_EXCEEDED,18,RETRY_LATER,0
0.7875,0.7058823529411765,2016.5,NETBANKING,SBI,CARD_EXPIRED,16,SEND_REMINDER,0
0.75,0.25,1995.54,UPI,AXIS,BANK_TIMEOUT,19,RETRY_NOW,0
0.6666666666666666,0.5,8983.66,WALLET,YESBANK,LIMIT_EXCEEDED,2,SEND_REMINDER,0
0.5,0.5,7837.75,WALLET,ICICI,BANK_TIMEOUT,22,NO_ACTION,0
0.7777777777777778,0.6,1603.25,CARD,SBI,INSUFFICIENT_FUNDS,19,RETRY_NOW,0
0.7685185185185185,0.8,9689.65,NETBANKING,KOTAK,LIMIT_EXCEEDED,11,NO_ACTION,0
0.6666666666666666,0.4,2770.6,WALLET,YESBANK,LIMIT_EXCEEDED,10,RETRY_LATER,0
0.9761904761904762,1.0,9097.64,NETBANKING,ICICI,NETWORK_ERROR,4,NO_ACTION,0
0.7956989247311828,0.3684210526315789,7175.42,WALLET,SBI,NETWORK_ERROR,19,RETRY_LATER,0
0.0,0.5,6015.8,NETBANKING,AXIS,NETWORK_ERROR,21,SEND_REMINDER,0
0.7076923076923077,0.6842105263157895,4483.03,UPI,ICICI,INSUFFICIENT_FUNDS,3,NO_ACTION,0
0.6,0.5,7944.68,WALLET,SBI,NETWORK_ERROR,2,NO_ACTION,0
0.8359375,0.5714285714285714,4582.68,UPI,YESBANK,AUTHENTICATION_FAILED,21,NO_ACTION,0
0.84,0.25,6221.94,CARD,SBI,NETWORK_ERROR,22,RETRY_LATER,1
0.631578947368421,0.5714285714285714,5286.8,NETBANKING,AXIS,NETWORK_ERROR,17,NO_ACTION,0
0.5737704918032787,0.38461538461538464,4444.27,CARD,AXIS,LIMIT_EXCEEDED,14,NO_ACTION,0
0.9393939393939394,1.0,1295.43,CARD,AXIS,INSUFFICIENT_FUNDS,11,SEND_REMINDER,1
0.5,0.0,7920.93,UPI,SBI,AUTHENTICATION_FAILED,14,RETRY_NOW,0
0.5,0.5,9237.43,CARD,KOTAK,LIMIT_EXCEEDED,15,SEND_REMINDER,0
0.717391304347826,0.23076923076923078,5698.68,NETBANKING,HDFC,BANK_TIMEOUT,10,RETRY_LATER,0
0.782608695652174,0.5,5677.58,WALLET,SBI,AUTHENTICATION_FAILED,5,RETRY_LATER,0
0.7727272727272727,0.2,1539.48,UPI,ICICI,CARD_EXPIRED,10,NO_ACTION,0
0.625,0.5833333333333334,6041.88,CARD,HDFC,AUTHENTICATION_FAILED,14,RETRY_NOW,0
0.837037037037037,0.5,7807.87,NETBANKING,AXIS,INSUFFICIENT_FUNDS,1,RETRY_LATER,0
0.8,0.3333333333333333,6781.89,CARD,YESBANK,LIMIT_EXCEEDED,0,NO_ACTION,0
0.6666666666666666,0.0,3527.29,WALLET,SBI,LIMIT_EXCEEDED,16,NO_ACTION,0
0.6666666666666666,0.0,8972.32,WALLET,HDFC,CARD_EXPIRED,0,RETRY_LATER,0
0.7333333333333333,0.75,4193.65,WALLET,HDFC,AUTHENTICATION_FAILED,14,SEND_REMINDER,1
0.5,0.4090909090909091,9007.19,UPI,AXIS,BANK_TIMEOUT,15,NO_ACTION,0
0.8095238095238095,0.375,4677.04,NETBANKING,YESBANK,CARD_EXPIRED,7,RETRY_NOW,0
0.6,0.75,2587.35,UPI,HDFC,LIMIT_EXCEEDED,7,RETRY_NOW,0
0.7027027027027027,0.45454545454545453,1164.95,CARD,KOTAK,LIMIT_EXCEEDED,8,RETRY_LATER,1
0.8888888888888888,0.5,9766.44,CARD,HDFC,LIMIT_EXCEEDED,7,NO_ACTION,0
0.9142857142857143,1.0,6800.34,UPI,SBI,INSUFFICIENT_FUNDS,1,SEND_REMINDER,1
0.7352941176470589,0.4444444444444444,1661.36,UPI,AXIS,CARD_EXPIRED,21,RETRY_LATER,0
0.777027027027027,0.5151515151515151,5112.37,CARD,AXIS,BANK_TIMEOUT,20,SEND_REMINDER,0
0.7037037037037037,0.46875,5408.38,CARD,HDFC,AUTHENTICATION_FAILED,18,RETRY_LATER,0
0.7464788732394366,0.3333333333333333,3820.3,WALLET,KOTAK,BANK_TIMEOUT,2,RETRY_NOW,0
0.7818181818181819,0.4166666666666667,7215.9,WALLET,ICICI,BANK_TIMEOUT,5,RETRY_LATER,1
0.4,0.3333333333333333,7942.05,UPI,KOTAK,AUTHENTICATION_FAILED,9,RETRY_NOW,1
0.7272727272727273,0.3333333333333333,8126.0,NETBANKING,SBI,INSUFFICIENT_FUNDS,5,NO_ACTION,0
0.8333333333333334,0.5555555555555556,4606.95,CARD,ICICI,AUTHENTICATION_FAILED,22,RETRY_NOW,1
0.7361111111111112,0.631578947368421,3742.41,NETBANKING,KOTAK,NETWORK_ERROR,16,RETRY_LATER,0
0.8333333333333334,0.5,486.73,WALLET,SBI,NETWORK_ERROR,3,SEND_REMINDER,0
0.6666666666666666,0.3333333333333333,5983.13,WALLET,ICICI,NETWORK_ERROR,9,RETRY_NOW,1
0.9,0.5,5494.46,UPI,AXIS,INSUFFICIENT_FUNDS,10,RETRY_LATER,1
0.8076923076923077,0.4,8372.33,CARD,YESBANK,BANK_TIMEOUT,7,RETRY_NOW,1
0.625,0.3333333333333333,2746.8,WALLET,AXIS,LIMIT_EXCEEDED,11,SEND_REMINDER,1
0.92,0.5,6213.47,NETBANKING,AXIS,BANK_TIMEOUT,7,SEND_REMINDER,0
0.5357142857142857,0.6153846153846154,1470.36,WALLET,YESBANK,AUTHENTICATION_FAILED,8,RETRY_LATER,1
0.8024691358024691,0.5,1990.43,UPI,ICICI,BANK_TIMEOUT,5,RETRY_LATER,1
0.47368421052631576,0.3,4147.58,NETBANKING,HDFC,CARD_EXPIRED,6,SEND_REMINDER,1
0.7037037037037037,0.4583333333333333,5789.32,CARD,YESBANK,CARD_EXPIRED,12,NO_ACTION,0
0.7280701754385965,0.41935483870967744,3977.95,NETBANKING,YESBANK,LIMIT_EXCEEDED,10,RETRY_NOW,1
0.7631578947368421,0.6666666666666666,1975.94,CARD,SBI,AUTHENTICATION_FAILED,19,RETRY_LATER,0
0.6065573770491803,0.6666666666666666,9386.37,CARD,AXIS,NETWORK_ERROR,16,RETRY_NOW,1
0.7307692307692307,0.6428571428571429,3066.98,UPI,HDFC,CARD_EXPIRED,10,RETRY_NOW,0
0.7380952380952381,0.36363636363636365,460.42,CARD,HDFC,NETWORK_ERROR,23,RETRY_NOW,0
0.6515151515151515,0.43478260869565216,9043.49,UPI,HDFC,INSUFFICIENT_FUNDS,5,SEND_REMINDER,0
0.7407407407407407,0.42857142857142855,2237.45,NETBANKING,KOTAK,AUTHENTICATION_FAILED,19,RETRY_LATER,1
0.6304347826086957,0.47058823529411764,8948.44,NETBANKING,KOTAK,AUTHENTICATION_FAILED,11,RETRY_NOW,1
0.6666666666666666,0.3684210526315789,9981.36,CARD,YESBANK,CARD_EXPIRED,13,RETRY_LATER,1
0.6575342465753424,0.56,4342.07,CARD,SBI,LIMIT_EXCEEDED,21,RETRY_LATER,1
0.7391304347826086,0.4583333333333333,8750.48,UPI,SBI,INSUFFICIENT_FUNDS,21,RETRY_NOW,0
0.6170212765957447,0.5,2722.59,WALLET,KOTAK,BANK_TIMEOUT,5,SEND_REMINDER,0
0.5,1.0,8835.68,NETBANKING,HDFC,LIMIT_EXCEEDED,3,SEND_REMINDER,0
0.8421052631578947,0.3333333333333333,1034.5,CARD,YESBANK,LIMIT_EXCEEDED,23,RETRY_NOW,1
0.8,1.0,9468.45,CARD,YESBANK,INSUFFICIENT_FUNDS,18,RETRY_LATER,0
0.735632183908046,0.30434782608695654,1667.62,NETBANKING,HDFC,AUTHENTICATION_FAILED,19,NO_ACTION,0
0.9285714285714286,0.5,239.62,NETBANKING,YESBANK,BANK_TIMEOUT,1,SEND_REMINDER,1
0.7058823529411765,0.4,1802.02,NETBANKING,SBI,AUTHENTICATION_FAILED,15,SEND_REMINDER,0
0.782608695652174,0.4,8321.98,UPI,HDFC,AUTHENTICATION_FAILED,22,SEND_REMINDER,1
0.5,0.25,8063.82,WALLET,KOTAK,CARD_EXPIRED,23,NO_ACTION,0
0.7397260273972602,0.42105263157894735,4495.49,WALLET,SBI,INSUFFICIENT_FUNDS,9,SEND_REMINDER,0
0.8333333333333334,0.5555555555555556,4606.95,CARD,ICICI,AUTHENTICATION_FAILED,22,NO_ACTION,0
0.7142857142857143,0.25,3086.69,CARD,HDFC,AUTHENTICATION_FAILED,7,SEND_REMINDER,0
0.6884057971014492,0.4186046511627907,1798.49,UPI,KOTAK,AUTHENTICATION_FAILED,21,SEND_REMINDER,1
0.631578947368421,0.42857142857142855,9855.22,CARD,HDFC,BANK_TIMEOUT,11,SEND_REMINDER,0
0.8,0.5555555555555556,208.76,NETBANKING,KOTAK,AUTHENTICATION_FAILED,18,RETRY_NOW,0
0.9285714285714286,1.0,7249.42,UPI,YESBANK,CARD_EXPIRED,6,RETRY_NOW,1
0.803921568627451,0.5,6798.17,UPI,HDFC,INSUFFICIENT_FUNDS,14,RETRY_LATER,0
0.7916666666666666,0.0,1615.16,UPI,KOTAK,CARD_EXPIRED,20,RETRY_LATER,0
0.5,1.0,2342.65,UPI,AXIS,CARD_EXPIRED,23,SEND_REMINDER,1
0.7692307692307693,0.6666666666666666,8023.01,CARD,YESBANK,AUTHENTICATION_FAILED,3,SEND_REMINDER,0
0.8979591836734694,0.4,466.25,WALLET,YESBANK,NETWORK_ERROR,2,RETRY_LATER,1
0.2857142857142857,0.6,5908.65,NETBANKING,SBI,NETWORK_ERROR,4,RETRY_LATER,1
0.92,0.5,6071.8,WALLET,SBI,CARD_EXPIRED,23,RETRY_NOW,0
0.5833333333333334,0.4,365.5,NETBANKING,KOTAK,BANK_TIMEOUT,8,SEND_REMINDER,0
0.6557377049180327,0.38095238095238093,5125.78,WALLET,AXIS,BANK_TIMEOUT,5,RETRY_LATER,1
0.7,0.3333333333333333,1684.75,WALLET,YESBANK,BANK_TIMEOUT,2,RETRY_LATER,1
0.9090909090909091,1.0,2406.45,WALLET,KOTAK,AUTHENTICATION_FAILED,8,SEND_REMINDER,0
0.8461538461538461,0.5,3854.25,WALLET,ICICI,CARD_EXPIRED,5,RETRY_LATER,1
0.6565656565656566,0.5,5963.05,NETBANKING,KOTAK,CARD_EXPIRED,8,SEND_REMINDER,1
0.7916666666666666,0.6,9884.96,CARD,YESBANK,AUTHENTICATION_FAILED,1,SEND_REMINDER,0
0.8095238095238095,0.25,1953.99,NETBANKING,YESBANK,BANK_TIMEOUT,10,SEND_REMINDER,1
0.7466666666666667,0.5263157894736842,9978.57,NETBANKING,ICICI,LIMIT_EXCEEDED,1,RETRY_NOW,1
0.6538461538461539,0.3888888888888889,6055.92,NETBANKING,SBI,CARD_EXPIRED,22,SEND_REMINDER,1
0.8214285714285714,0.2,5806.37,CARD,HDFC,AUTHENTICATION_FAILED,3,RETRY_LATER,1
0.7555555555555555,0.45454545454545453,215.21,WALLET,ICICI,CARD_EXPIRED,0,RETRY_LATER,1
0.7037037037037037,0.25,3617.28,CARD,KOTAK,INSUFFICIENT_FUNDS,9,NO_ACTION,0
0.8024691358024691,0.5625,1633.59,NETBANKING,KOTAK,BANK_TIMEOUT,20,SEND_REMINDER,0
0.8936170212765957,0.6,8139.88,UPI,HDFC,NETWORK_ERROR,10,RETRY_NOW,1
0.6666666666666666,0.0,5965.74,CARD,SBI,INSUFFICIENT_FUNDS,23,SEND_REMINDER,0
0.7666666666666667,0.7142857142857143,2210.01,CARD,SBI,NETWORK_ERROR,20,NO_ACTION,0
0.7037037037037037,0.5,1699.33,NETBANKING,AXIS,CARD_EXPIRED,17,RETRY_LATER,0
0.8333333333333334,0.6666666666666666,3387.09,WALLET,SBI,AUTHENTICATION_FAILED,6,SEND_REMINDER,0
0.7878787878787878,0.5714285714285714,9262.24,CARD,HDFC,CARD_EXPIRED,8,RETRY_LATER,0
0.8333333333333334,0.42857142857142855,730.8,CARD,HDFC,BANK_TIMEOUT,6,RETRY_NOW,1
0.75,0.6666666666666666,7516.8,NETBANKING,HDFC,NETWORK_ERROR,1,RETRY_LATER,1
0.0,0.75,2915.09,WALLET,KOTAK,LIMIT_EXCEEDED,12,RETRY_NOW,0
0.7906976744186046,0.5555555555555556,6641.03,NETBANKING,AXIS,CARD_EXPIRED,6,RETRY_NOW,0
0.7906976744186046,0.5555555555555556,6641.03,NETBANKING,AXIS,CARD_EXPIRED,6,SEND_REMINDER,0
0.9230769230769231,1.0,6516.34,CARD,YESBANK,INSUFFICIENT_FUNDS,16,RETRY_LATER,1
0.5,0.0,7337.83,CARD,ICICI,LIMIT_EXCEEDED,18,RETRY_LATER,1
0.7818181818181819,0.4166666666666667,7215.9,WALLET,ICICI,BANK_TIMEOUT,5,RETRY_NOW,1
0.65,0.5714285714285714,5378.84,CARD,AXIS,AUTHENTICATION_FAILED,2,RETRY_NOW,1
0.6666666666666666,0.75,1699.0,UPI,ICICI,NETWORK_ERROR,9,RETRY_LATER,1
0.5769230769230769,0.36363636363636365,5103.65,WALLET,ICICI,CARD_EXPIRED,15,RETRY_LATER,0
0.6842105263157895,0.5,2011.32,NETBANKING,YESBANK,INSUFFICIENT_FUNDS,15,NO_ACTION,0
0.7333333333333333,0.625,4679.14,CARD,YESBANK,BANK_TIMEOUT,22,RETRY_LATER,1
0.6,0.5,8502.31,UPI,HDFC,AUTHENTICATION_FAILED,7,RETRY_LATER,0
0.7567567567567568,0.6666666666666666,7942.5,NETBANKING,YESBANK,INSUFFICIENT_FUNDS,3,SEND_REMINDER,0
0.4666666666666667,0.25,6673.04,NETBANKING,AXIS,AUTHENTICATION_FAILED,9,RETRY_LATER,0
0.8333333333333334,0.4,8453.55,NETBANKING,HDFC,LIMIT_EXCEEDED,0,SEND_REMINDER,1
0.6944444444444444,0.2727272727272727,8276.17,NETBANKING,SBI,BANK_TIMEOUT,23,RETRY_LATER,0
0.8,0.36363636363636365,1303.1,UPI,YESBANK,LIMIT_EXCEEDED,16,NO_ACTION,0
0.6634615384615384,0.5428571428571428,635.72,UPI,HDFC,CARD_EXPIRED,11,RETRY_NOW,0
0.92,0.5,6213.47,NETBANKING,AXIS,BANK_TIMEOUT,7,NO_ACTION,0
0.8571428571428571,0.75,5993.02,NETBANKING,KOTAK,AUTHENTICATION_FAILED,18,RETRY_LATER,0
0.8181818181818182,0.25,698.0,WALLET,SBI,AUTHENTICATION_FAILED,10,RETRY_NOW,1
0.7611940298507462,0.5,7709.62,UPI,HDFC,BANK_TIMEOUT,2,RETRY_LATER,0
0.6923076923076923,0.75,2594.21,CARD,ICICI,INSUFFICIENT_FUNDS,14,SEND_REMINDER,1
0.8064516129032258,0.3333333333333333,6251.17,UPI,ICICI,INSUFFICIENT_FUNDS,13,RETRY_NOW,1
0.8888888888888888,0.0,5976.47,CARD,HDFC,LIMIT_EXCEEDED,6,SEND_REMINDER,0
0.8658536585365854,0.7272727272727273,601.33,UPI,YESBANK,NETWORK_ERROR,7,RETRY_LATER,0
0.5789473684210527,0.5,1366.96,WALLET,HDFC,NETWORK_ERROR,7,RETRY_LATER,1
0.6896551724137931,0.4444444444444444,3611.41,NETBANKING,ICICI,NETWORK_ERROR,7,RETRY_LATER,0
0.75,0.25,1995.54,UPI,AXIS,BANK_TIMEOUT,19,SEND_REMINDER,0
0.65625,0.5454545454545454,5415.77,WALLET,KOTAK,AUTHENTICATION_FAILED,20,NO_ACTION,0
0.7528089887640449,0.3181818181818182,2690.0,WALLET,ICICI,CARD_EXPIRED,7,NO_ACTION,0
0.8210526315789474,0.5294117647058824,9665.56,UPI,AXIS,LIMIT_EXCEEDED,9,RETRY_LATER,0
0.7301587301587301,0.6470588235294118,7425.44,UPI,ICICI,LIMIT_EXCEEDED,23,SEND_REMINDER,0
0.875,0.5,2851.94,CARD,SBI,CARD_EXPIRED,5,RETRY_LATER,0
0.5769230769230769,0.36363636363636365,5103.65,WALLET,ICICI,CARD_EXPIRED,15,SEND_REMINDER,0
0.620253164556962,0.4666666666666667,1194.57,WALLET,AXIS,INSUFFICIENT_FUNDS,20,SEND_REMINDER,0
0.0,1.0,5439.6,WALLET,YESBANK,LIMIT_EXCEEDED,0,NO_ACTION,0
0.5555555555555556,0.75,1484.52,WALLET,AXIS,NETWORK_ERROR,1,RETRY_NOW,1
0.7878787878787878,0.42857142857142855,3050.94,WALLET,HDFC,NETWORK_ERROR,7,NO_ACTION,0
0.3333333333333333,0.0,385.65,CARD,KOTAK,NETWORK_ERROR,16,RETRY_NOW,1
0.7386363636363636,0.5217391304347826,4356.66,WALLET,ICICI,AUTHENTICATION_FAILED,1,RETRY_LATER,0
0.6747967479674797,0.45,5968.78,NETBANKING,SBI,INSUFFICIENT_FUNDS,9,NO_ACTION,0
0.9191176470588235,0.5454545454545454,6512.59,WALLET,AXIS,INSUFFICIENT_FUNDS,15,RETRY_NOW,0
0.7941176470588235,0.42857142857142855,3367.77,UPI,HDFC,BANK_TIMEOUT,17,NO_ACTION,0
0.8144329896907216,0.3888888888888889,5052.94,UPI,HDFC,INSUFFICIENT_FUNDS,17,RETRY_LATER,0
0.8918918918918919,0.5,5098.18,WALLET,KOTAK,INSUFFICIENT_FUNDS,0,SEND_REMINDER,1
0.7383177570093458,0.6071428571428571,1122.84,NETBANKING,ICICI,NETWORK_ERROR,16,RETRY_NOW,1
0.8333333333333334,0.5,486.73,WALLET,SBI,NETWORK_ERROR,3,RETRY_NOW,1
0.75,0.42857142857142855,5166.57,WALLET,SBI,NETWORK_ERROR,16,NO_ACTION,0
0.6705882352941176,0.6785714285714286,2728.9,WALLET,KOTAK,INSUFFICIENT_FUNDS,1,RETRY_LATER,0
0.9310344827586207,0.0,8340.14,UPI,AXIS,AUTHENTICATION_FAILED,16,SEND_REMINDER,0
0.5609756097560976,0.5,3717.54,NETBANKING,AXIS,INSUFFICIENT_FUNDS,1,NO_ACTION,0
0.75,0.5,5551.99,CARD,HDFC,LIMIT_EXCEEDED,22,RETRY_LATER,0
0.6744186046511628,0.5,4004.72,UPI,HDFC,AUTHENTICATION_FAILED,0,RETRY_LATER,0
0.5,0.0,5109.23,CARD,KOTAK,LIMIT_EXCEEDED,16,NO_ACTION,0
0.6964285714285714,0.4117647058823529,7549.28,NETBANKING,KOTAK,INSUFFICIENT_FUNDS,12,SEND_REMINDER,0
0.8541666666666666,0.5714285714285714,1201.07,NETBANKING,AXIS,AUTHENTICATION_FAILED,2,RETRY_NOW,1
0.625,0.2222222222222222,2237.83,WALLET,KOTAK,LIMIT_EXCEEDED,3,NO_ACTION,0
0.7322834645669292,0.5882352941176471,1802.03,NETBANKING,ICICI,NETWORK_ERROR,23,SEND_REMINDER,0
0.660377358490566,0.5277777777777778,3031.86,CARD,HDFC,BANK_TIMEOUT,13,RETRY_NOW,1
0.7272727272727273,0.6111111111111112,1829.16,CARD,SBI,BANK_TIMEOUT,19,RETRY_NOW,0
0.7,0.6666666666666666,152.99,UPI,HDFC,INSUFFICIENT_FUNDS,1,RETRY_LATER,0
0.7375,0.47619047619047616,1928.88,NETBANKING,ICICI,AUTHENTICATION_FAILED,13,RETRY_NOW,0
0.7666666666666667,0.7142857142857143,584.98,NETBANKING,HDFC,LIMIT_EXCEEDED,7,NO_ACTION,0
0.7843137254901961,0.6363636363636364,6657.07,WALLET,ICICI,LIMIT_EXCEEDED,16,NO_ACTION,0
0.9024390243902439,0.6666666666666666,7638.46,CARD,SBI,AUTHENTICATION_FAILED,23,RETRY_LATER,0
0.7777777777777778,0.375,7547.14,WALLET,AXIS,LIMIT_EXCEEDED,22,RETRY_LATER,0
0.9230769230769231,1.0,6516.34,CARD,YESBANK,INSUFFICIENT_FUNDS,16,RETRY_NOW,0
0.7722772277227723,0.4782608695652174,8136.72,CARD,SBI,INSUFFICIENT_FUNDS,3,RETRY_NOW,0
0.6388888888888888,0.38461538461538464,8097.53,WALLET,SBI,INSUFFICIENT_FUNDS,20,SEND_REMINDER,0
0.7142857142857143,0.5,7179.9,NETBANKING,SBI,LIMIT_EXCEEDED,0,NO_ACTION,0
0.8125,0.3333333333333333,6629.36,UPI,SBI,BANK_TIMEOUT,20,RETRY_NOW,1
0.8504672897196262,0.5,3348.52,CARD,YESBANK,BANK_TIMEOUT,3,NO_ACTION,0
0.5555555555555556,0.25,5968.06,WALLET,YESBANK,AUTHENTICATION_FAILED,16,SEND_REMINDER,0
0.47368421052631576,0.3,4147.58,NETBANKING,HDFC,CARD_EXPIRED,6,NO_ACTION,0
0.875,0.0,6756.32,CARD,KOTAK,NETWORK_ERROR,15,RETRY_NOW,1
0.0,0.0,8815.22,UPI,HDFC,BANK_TIMEOUT,18,NO_ACTION,0
0.693069306930693,0.6129032258064516,4033.99,WALLET,KOTAK,AUTHENTICATION_FAILED,11,RETRY_LATER,0
0.7446808510638298,0.3333333333333333,9990.99,NETBANKING,HDFC,LIMIT_EXCEEDED,22,RETRY_LATER,0
0.8518518518518519,0.3333333333333333,6932.51,UPI,HDFC,LIMIT_EXCEEDED,3,RETRY_NOW,0
0.6363636363636364,0.5,4529.3,WALLET,YESBANK,LIMIT_EXCEEDED,0,NO_ACTION,0
0.8545454545454545,0.6875,1333.94,NETBANKING,ICICI,LIMIT_EXCEEDED,1,SEND_REMINDER,1
0.7,0.16666666666666666,7193.11,WALLET,ICICI,BANK_TIMEOUT,16,SEND_REMINDER,0
0.900709219858156,0.42857142857142855,651.7,UPI,AXIS,CARD_EXPIRED,22,RETRY_NOW,0
0.8064516129032258,0.3333333333333333,537.09,CARD,ICICI,LIMIT_EXCEEDED,20,RETRY_LATER,1
0.7,0.47619047619047616,1602.46,WALLET,AXIS,AUTHENTICATION_FAILED,5,SEND_REMINDER,1
0.7777777777777778,0.5,8152.7,WALLET,SBI,BANK_TIMEOUT,7,SEND_REMINDER,0
0.8936170212765957,0.6,8139.88,UPI,HDFC,NETWORK_ERROR,10,SEND_REMINDER,0
0.6351351351351351,0.5555555555555556,6219.34,CARD,HDFC,LIMIT_EXCEEDED,11,RETRY_NOW,1
0.8852459016393442,0.42857142857142855,6026.74,CARD,AXIS,CARD_EXPIRED,2,NO_ACTION,0
0.9090909090909091,1.0,2406.45,WALLET,KOTAK,AUTHENTICATION_FAILED,8,NO_ACTION,0
0.5903614457831325,0.5588235294117647,1203.38,UPI,YESBANK,LIMIT_EXCEEDED,16,SEND_REMINDER,0
0.6415094339622641,0.47368421052631576,681.72,WALLET,SBI,BANK_TIMEOUT,12,NO_ACTION,0
0.5,0.75,4785.21,CARD,HDFC,BANK_TIMEOUT,11,RETRY_LATER,1
0.7466666666666667,0.5263157894736842,9978.57,NETBANKING,ICICI,LIMIT_EXCEEDED,1,RETRY_LATER,0
0.6363636363636364,0.4166666666666667,9117.22,CARD,SBI,CARD_EXPIRED,17,RETRY_LATER,0
0.7307692307692307,0.8571428571428571,7415.5,UPI,ICICI,NETWORK_ERROR,8,SEND_REMINDER,1
0.46153846153846156,0.5714285714285714,1911.58,CARD,HDFC,LIMIT_EXCEEDED,12,NO_ACTION,0
0.7954545454545454,0.6666666666666666,8333.62,CARD,YESBANK,CARD_EXPIRED,5,RETRY_LATER,0
0.9219858156028369,0.2727272727272727,2478.63,UPI,HDFC,BANK_TIMEOUT,10,NO_ACTION,0
0.6363636363636364,1.0,9022.1,CARD,KOTAK,INSUFFICIENT_FUNDS,15,NO_ACTION,0
0.6818181818181818,0.6666666666666666,4458.15,WALLET,SBI,LIMIT_EXCEEDED,18,RETRY_LATER,1
0.75,0.0,6729.16,NETBANKING,KOTAK,AUTHENTICATION_FAILED,20,SEND_REMINDER,0
0.7333333333333333,0.75,5284.19,NETBANKING,ICICI,BANK_TIMEOUT,11,NO_ACTION,0
0.6,0.65,8325.61,WALLET,YESBANK,LIMIT_EXCEEDED,15,RETRY_LATER,1
0.9230769230769231,0.0,3959.47,UPI,HDFC,AUTHENTICATION_FAILED,9,RETRY_NOW,0
0.8275862068965517,0.0,5645.23,NETBANKING,KOTAK,BANK_TIMEOUT,18,RETRY_NOW,1
0.9259259259259259,0.5,1089.59,UPI,ICICI,BANK_TIMEOUT,10,NO_ACTION,0
0.5641025641025641,0.5294117647058824,1763.13,UPI,SBI,INSUFFICIENT_FUNDS,11,SEND_REMINDER,1
0.7777777777777778,0.0,1005.87,NETBANKING,SBI,NETWORK_ERROR,11,RETRY_NOW,1
0.6666666666666666,1.0,5378.53,CARD,SBI,CARD_EXPIRED,16,RETRY_LATER,0
0.7476635514018691,0.4444444444444444,7016.16,WALLET,YESBANK,NETWORK_ERROR,1,NO_ACTION,0
0.8983050847457628,0.3333333333333333,3292.62,CARD,KOTAK,AUTHENTICATION_FAILED,22,RETRY_LATER,1
0.75,0.5714285714285714,3524.04,CARD,KOTAK,NETWORK_ERROR,10,NO_ACTION,0
0.7346938775510204,0.3076923076923077,8928.45,NETBANKING,ICICI,CARD_EXPIRED,22,SEND_REMINDER,0
0.7636363636363637,0.6923076923076923,4997.21,WALLET,AXIS,CARD_EXPIRED,19,RETRY_LATER,1
0.5604395604395604,0.475,9010.31,UPI,ICICI,INSUFFICIENT_FUNDS,5,RETRY_LATER,1
0.775,0.6111111111111112,342.52,CARD,AXIS,AUTHENTICATION_FAILED,2,NO_ACTION,0
0.5,0.0,7920.93,UPI,SBI,AUTHENTICATION_FAILED,14,RETRY_LATER,0
0.8125,0.5,9070.78,NETBANKING,YESBANK,NETWORK_ERROR,14,NO_ACTION,0
0.868421052631579,0.8,6488.91,WALLET,YESBANK,AUTHENTICATION_FAILED,5,RETRY_NOW,0
0.9166666666666666,0.5,2259.36,WALLET,HDFC,INSUFFICIENT_FUNDS,13,SEND_REMINDER,1
0.8125,0.3333333333333333,3955.46,WALLET,HDFC,BANK_TIMEOUT,16,RETRY_LATER,1
0.927710843373494,0.3333333333333333,9407.37,UPI,YESBANK,BANK_TIMEOUT,1,SEND_REMINDER,1
0.7631578947368421,0.4444444444444444,3425.15,CARD,YESBANK,CARD_EXPIRED,12,RETRY_LATER,0
0.6818181818181818,0.2857142857142857,2565.29,CARD,ICICI,CARD_EXPIRED,12,RETRY_LATER,0
0.8589743589743589,0.2727272727272727,302.41,UPI,ICICI,INSUFFICIENT_FUNDS,2,RETRY_NOW,0
0.6,0.625,5329.5,WALLET,AXIS,AUTHENTICATION_FAILED,4,NO_ACTION,0
0.7410714285714286,0.4827586206896552,4444.35,CARD,ICICI,CARD_EXPIRED,3,RETRY_NOW,0
0.8214285714285714,0.5,2089.53,WALLET,YESBANK,LIMIT_EXCEEDED,23,NO_ACTION,0
0.7727272727272727,0.6,6751.28,NETBANKING,SBI,LIMIT_EXCEEDED,8,RETRY_NOW,0
0.6707317073170732,0.4074074074074074,834.86,CARD,ICICI,NETWORK_ERROR,0,RETRY_LATER,0
0.6607142857142857,0.3684210526315789,1301.55,WALLET,SBI,AUTHENTICATION_FAILED,17,SEND_REMINDER,0
0.7407407407407407,0.42857142857142855,2237.45,NETBANKING,KOTAK,AUTHENTICATION_FAILED,19,NO_ACTION,0
0.84,0.5,258.06,UPI,SBI,LIMIT_EXCEEDED,9,NO_ACTION,0
0.6428571428571429,0.4,1803.35,WALLET,ICICI,CARD_EXPIRED,21,RETRY_NOW,0
0.7894736842105263,0.5,963.03,CARD,ICICI,INSUFFICIENT_FUNDS,14,NO_ACTION,0
0.0,0.0,1721.89,CARD,ICICI,BANK_TIMEOUT,11,NO_ACTION,0
0.7037037037037037,0.5,3722.44,NETBANKING,SBI,AUTHENTICATION_FAILED,11,NO_ACTION,0
0.5675675675675675,0.375,1192.95,UPI,AXIS,BANK_TIMEOUT,18,RETRY_NOW,1
0.7530864197530864,0.7,2724.42,WALLET,KOTAK,NETWORK_ERROR,11,RETRY_LATER,1
0.7902097902097902,0.3333333333333333,3877.77,NETBANKING,AXIS,AUTHENTICATION_FAILED,22,SEND_REMINDER,1
0.75,0.8333333333333334,6423.52,NETBANKING,SBI,BANK_TIMEOUT,20,SEND_REMINDER,1
0.7671232876712328,0.5294117647058824,7006.89,CARD,ICICI,INSUFFICIENT_FUNDS,23,NO_ACTION,0
0.796875,0.46153846153846156,818.11,UPI,KOTAK,AUTHENTICATION_FAILED,23,SEND_REMINDER,0
0.8085106382978723,0.5555555555555556,110.86,NETBANKING,KOTAK,AUTHENTICATION_FAILED,5,RETRY_LATER,0
0.8666666666666667,0.5,3737.4,NETBANKING,KOTAK,NETWORK_ERROR,10,NO_ACTION,0
0.8928571428571429,0.5,6723.71,WALLET,ICICI,INSUFFICIENT_FUNDS,2,RETRY_LATER,1
0.5,0.3333333333333333,4713.96,CARD,KOTAK,LIMIT_EXCEEDED,21,SEND_REMINDER,0
0.8,0.5555555555555556,208.76,NETBANKING,KOTAK,AUTHENTICATION_FAILED,18,SEND_REMINDER,1
0.9166666666666666,0.6666666666666666,6651.39,CARD,HDFC,AUTHENTICATION_FAILED,15,RETRY_NOW,1
0.7,0.16666666666666666,7193.11,WALLET,ICICI,BANK_TIMEOUT,16,NO_ACTION,0
0.6666666666666666,0.3333333333333333,389.55,CARD,KOTAK,LIMIT_EXCEEDED,7,SEND_REMINDER,0
0.9117647058823529,0.6666666666666666,9202.79,NETBANKING,SBI,LIMIT_EXCEEDED,11,NO_ACTION,0
0.55,0.3333333333333333,2635.23,UPI,AXIS,NETWORK_ERROR,17,RETRY_LATER,1
0.7,0.6666666666666666,152.99,UPI,HDFC,INSUFFICIENT_FUNDS,1,SEND_REMINDER,1
0.8524590163934426,0.5555555555555556,3222.76,NETBANKING,KOTAK,BANK_TIMEOUT,10,RETRY_NOW,1
0.7647058823529411,0.375,3690.69,UPI,KOTAK,LIMIT_EXCEEDED,6,NO_ACTION,0
0.796875,0.46153846153846156,818.11,UPI,KOTAK,AUTHENTICATION_FAILED,23,NO_ACTION,0
0.71875,0.3333333333333333,770.41,UPI,AXIS,INSUFFICIENT_FUNDS,15,RETRY_LATER,0
0.8229166666666666,0.35294117647058826,6972.49,CARD,SBI,BANK_TIMEOUT,1,SEND_REMINDER,0
0.9215686274509803,0.625,6541.58,NETBANKING,SBI,INSUFFICIENT_FUNDS,11,NO_ACTION,0
0.9117647058823529,0.6666666666666666,9202.79,NETBANKING,SBI,LIMIT_EXCEEDED,11,SEND_REMINDER,1
0.8636363636363636,0.3333333333333333,8350.5,UPI,HDFC,AUTHENTICATION_FAILED,21,NO_ACTION,0
0.631578947368421,0.2857142857142857,6157.13,UPI,YESBANK,INSUFFICIENT_FUNDS,2,RETRY_NOW,0
0.5909090909090909,0.2222222222222222,2641.7,NETBANKING,ICICI,AUTHENTICATION_FAILED,14,RETRY_LATER,0
0.7236842105263158,0.38095238095238093,7756.51,WALLET,KOTAK,BANK_TIMEOUT,4,RETRY_NOW,0
0.6938775510204082,0.4,9971.28,UPI,KOTAK,INSUFFICIENT_FUNDS,9,RETRY_LATER,1
0.7727272727272727,0.4,1780.8,WALLET,ICICI,CARD_EXPIRED,18,SEND_REMINDER,0
0.7115384615384616,0.6,1959.57,WALLET,AXIS,CARD_EXPIRED,9,NO_ACTION,0
0.8484848484848485,0.4,2026.38,WALLET,HDFC,BANK_TIMEOUT,0,RETRY_LATER,1
0.8378378378378378,0.5833333333333334,4508.41,NETBANKING,AXIS,AUTHENTICATION_FAILED,12,NO_ACTION,0
0.8095238095238095,0.6875,5586.08,NETBANKING,KOTAK,AUTHENTICATION_FAILED,4,RETRY_LATER,1
0.7692307692307693,1.0,758.33,UPI,ICICI,NETWORK_ERROR,13,NO_ACTION,0
0.8135593220338984,0.5454545454545454,7550.99,CARD,HDFC,INSUFFICIENT_FUNDS,8,RETRY_NOW,0
0.7777777777777778,0.375,1858.05,UPI,HDFC,INSUFFICIENT_FUNDS,6,RETRY_LATER,1
0.8,0.5652173913043478,4859.81,NETBANKING,YESBANK,CARD_EXPIRED,16,RETRY_NOW,0
0.9642857142857143,0.0,5077.73,NETBANKING,ICICI,BANK_TIMEOUT,16,NO_ACTION,0
0.42857142857142855,0.5,1770.35,NETBANKING,ICICI,INSUFFICIENT_FUNDS,8,NO_ACTION,0
0.0,0.0,8940.23,WALLET,KOTAK,INSUFFICIENT_FUNDS,23,NO_ACTION,0
0.4,0.3333333333333333,8235.91,UPI,KOTAK,INSUFFICIENT_FUNDS,20,NO_ACTION,0
0.6885245901639344,0.42105263157894735,1869.46,CARD,YESBANK,INSUFFICIENT_FUNDS,20,RETRY_LATER,0
0.9354838709677419,1.0,5650.88,CARD,AXIS,CARD_EXPIRED,11,SEND_REMINDER,1
0.78125,0.5714285714285714,3503.21,UPI,HDFC,AUTHENTICATION_FAILED,13,NO_ACTION,0
0.7926829268292683,0.47058823529411764,9120.45,NETBANKING,YESBANK,INSUFFICIENT_FUNDS,6,RETRY_NOW,0
0.9473684210526315,0.0,8368.17,UPI,HDFC,BANK_TIMEOUT,19,RETRY_NOW,1
0.7101449275362319,0.5,993.46,WALLET,ICICI,LIMIT_EXCEEDED,20,RETRY_NOW,1
0.8375,0.6153846153846154,1788.47,CARD,ICICI,BANK_TIMEOUT,19,RETRY_LATER,1
0.8316831683168316,0.7058823529411765,7380.3,UPI,HDFC,AUTHENTICATION_FAILED,17,NO_ACTION,0
0.7283950617283951,0.5,7746.4,CARD,AXIS,INSUFFICIENT_FUNDS,3,NO_ACTION,0
0.6335877862595419,0.5,1576.34,UPI,HDFC,INSUFFICIENT_FUNDS,14,SEND_REMINDER,1
0.8,0.375,1029.65,CARD,SBI,AUTHENTICATION_FAILED,0,SEND_REMINDER,0
0.0,1.0,9009.3,NETBANKING,YESBANK,LIMIT_EXCEEDED,9,SEND_REMINDER,0
0.7763157894736842,0.4117647058823529,9036.2,CARD,SBI,LIMIT_EXCEEDED,16,SEND_REMINDER,1
0.8444444444444444,0.5714285714285714,4839.18,WALLET,ICICI,AUTHENTICATION_FAILED,9,RETRY_LATER,0
0.7592592592592593,0.5384615384615384,8064.09,CARD,YESBANK,BANK_TIMEOUT,23,NO_ACTION,0
0.7023809523809523,0.48,1356.69,CARD,KOTAK,BANK_TIMEOUT,6,RETRY_LATER,0
0.8484848484848485,0.5,7475.87,UPI,YESBANK,LIMIT_EXCEEDED,6,SEND_REMINDER,0
0.88,0.6666666666666666,9650.46,NETBANKING,YESBANK,INSUFFICIENT_FUNDS,14,SEND_REMINDER,1
0.6666666666666666,0.5217391304347826,6778.05,UPI,YESBANK,LIMIT_EXCEEDED,20,NO_ACTION,0
0.863013698630137,0.7,8470.29,NETBANKING,SBI,AUTHENTICATION_FAILED,23,SEND_REMINDER,0
0.8970588235294118,0.14285714285714285,9173.57,NETBANKING,SBI,AUTHENTICATION_FAILED,10,RETRY_NOW,0
0.5428571428571428,0.5,6387.58,NETBANKING,KOTAK,NETWORK_ERROR,20,RETRY_NOW,1
0.47368421052631576,0.8,5695.57,NETBANKING,AXIS,CARD_EXPIRED,19,RETRY_NOW,0
0.7195121951219512,0.13043478260869565,301.59,UPI,YESBANK,BANK_TIMEOUT,12,RETRY_LATER,0
0.8285714285714286,0.3333333333333333,7975.14,NETBANKING,ICICI,INSUFFICIENT_FUNDS,7,NO_ACTION,0
0.5,0.0,5571.78,NETBANKING,YESBANK,BANK_TIMEOUT,2,RETRY_NOW,1
0.5,1.0,2342.65,UPI,AXIS,CARD_EXPIRED,23,RETRY_NOW,1
0.8918918918918919,0.75,8886.58,WALLET,YESBANK,AUTHENTICATION_FAILED,19,RETRY_NOW,0
0.6842105263157895,0.6666666666666666,6340.42,UPI,KOTAK,BANK_TIMEOUT,20,RETRY_NOW,0
0.8928571428571429,0.16666666666666666,8294.88,WALLET,SBI,CARD_EXPIRED,10,NO_ACTION,0
0.7580645161290323,0.4,5384.58,UPI,YESBANK,BANK_TIMEOUT,19,NO_ACTION,0
0.7894736842105263,0.5,3497.7,CARD,ICICI,INSUFFICIENT_FUNDS,0,RETRY_LATER,0
0.7523809523809524,0.5769230769230769,3912.09,CARD,HDFC,AUTHENTICATION_FAILED,8,RETRY_NOW,0
0.88,0.0,7356.47,NETBANKING,YESBANK,LIMIT_EXCEEDED,1,SEND_REMINDER,0
0.0,0.0,6049.49,CARD,ICICI,CARD_EXPIRED,7,SEND_REMINDER,1
0.6363636363636364,0.625,2164.71,CARD,ICICI,LIMIT_EXCEEDED,1,RETRY_LATER,0
0.7112676056338029,0.4146341463414634,6974.87,WALLET,HDFC,NETWORK_ERROR,11,NO_ACTION,0
0.7575757575757576,0.5,360.75,NETBANKING,KOTAK,BANK_TIMEOUT,11,RETRY_NOW,0
0.5714285714285714,0.0,9439.52,WALLET,KOTAK,INSUFFICIENT_FUNDS,2,SEND_REMINDER,0
0.6666666666666666,0.3684210526315789,8373.46,WALLET,YESBANK,AUTHENTICATION_FAILED,2,RETRY_LATER,0
0.7702702702702703,0.47058823529411764,8879.09,NETBANKING,SBI,NETWORK_ERROR,9,NO_ACTION,0
0.9565217391304348,0.3333333333333333,3787.68,CARD,KOTAK,CARD_EXPIRED,4,RETRY_LATER,0
0.9090909090909091,0.5,8868.69,WALLET,HDFC,AUTHENTICATION_FAILED,13,NO_ACTION,0
0.6842105263157895,0.7222222222222222,3360.59,WALLET,SBI,CARD_EXPIRED,15,SEND_REMINDER,0
0.9166666666666666,0.0,2523.44,UPI,AXIS,INSUFFICIENT_FUNDS,6,SEND_REMINDER,1
0.6666666666666666,0.3125,2334.78,NETBANKING,AXIS,AUTHENTICATION_FAILED,7,RETRY_NOW,0
0.6666666666666666,0.0,3436.11,UPI,ICICI,BANK_TIMEOUT,9,RETRY_LATER,0
0.8888888888888888,1.0,9078.32,CARD,HDFC,NETWORK_ERROR,13,RETRY_LATER,1
0.7338129496402878,0.5405405405405406,1680.5,NETBANKING,KOTAK,NETWORK_ERROR,12,SEND_REMINDER,0
0.6956521739130435,0.5238095238095238,9455.42,CARD,SBI,NETWORK_ERROR,12,NO_ACTION,0
0.7619047619047619,0.4,2046.8,UPI,HDFC,LIMIT_EXCEEDED,1,NO_ACTION,0
0.7894736842105263,0.75,1209.43,WALLET,ICICI,CARD_EXPIRED,17,RETRY_LATER,0
0.6774193548387096,0.6,406.36,NETBANKING,ICICI,NETWORK_ERROR,16,SEND_REMINDER,1
0.7857142857142857,0.5,4432.9,CARD,SBI,NETWORK_ERROR,11,SEND_REMINDER,1
0.7226890756302521,0.5151515151515151,9572.61,NETBANKING,HDFC,INSUFFICIENT_FUNDS,14,RETRY_NOW,0
0.6071428571428571,0.6363636363636364,4092.66,CARD,YESBANK,NETWORK_ERROR,1,SEND_REMINDER,1
0.9560439560439561,0.5,7164.83,NETBANKING,KOTAK,NETWORK_ERROR,0,RETRY_NOW,1
0.6029411764705882,0.4074074074074074,2163.08,UPI,ICICI,INSUFFICIENT_FUNDS,0,NO_ACTION,0
0.90625,0.3333333333333333,6193.62,CARD,HDFC,LIMIT_EXCEEDED,13,SEND_REMINDER,0
0.7333333333333333,0.25,3257.04,UPI,AXIS,BANK_TIMEOUT,14,RETRY_LATER,1
0.7857142857142857,0.5833333333333334,9979.31,CARD,AXIS,INSUFFICIENT_FUNDS,16,RETRY_LATER,0
0.6666666666666666,0.5,9291.27,CARD,YESBANK,INSUFFICIENT_FUNDS,9,RETRY_LATER,0
0.839622641509434,0.5882352941176471,5827.36,WALLET,YESBANK,INSUFFICIENT_FUNDS,5,SEND_REMINDER,1
0.631578947368421,0.5,2464.61,WALLET,YESBANK,BANK_TIMEOUT,21,NO_ACTION,0
0.7818181818181819,0.6666666666666666,7543.09,UPI,AXIS,CARD_EXPIRED,15,RETRY_LATER,0
0.7,0.5,3100.21,WALLET,AXIS,CARD_EXPIRED,13,RETRY_NOW,1
0.6046511627906976,0.47058823529411764,6400.06,CARD,KOTAK,NETWORK_ERROR,19,RETRY_NOW,0
0.890625,0.42857142857142855,225.78,UPI,ICICI,BANK_TIMEOUT,22,NO_ACTION,0
0.2,0.75,7701.85,CARD,SBI,NETWORK_ERROR,13,NO_ACTION,0
0.4583333333333333,0.3076923076923077,3333.95,CARD,ICICI,AUTHENTICATION_FAILED,7,NO_ACTION,0
0.7291666666666666,0.5384615384615384,6188.75,WALLET,SBI,NETWORK_ERROR,12,NO_ACTION,0
0.77,0.4782608695652174,6309.92,CARD,HDFC,LIMIT_EXCEEDED,10,RETRY_LATER,1
0.717391304347826,0.46153846153846156,4558.17,NETBANKING,SBI,AUTHENTICATION_FAILED,3,RETRY_NOW,1
0.7023809523809523,0.48,1356.69,CARD,KOTAK,BANK_TIMEOUT,6,NO_ACTION,0
0.5333333333333333,0.42857142857142855,7904.75,WALLET,HDFC,LIMIT_EXCEEDED,23,SEND_REMINDER,0
0.6666666666666666,1.0,2440.62,CARD,SBI,INSUFFICIENT_FUNDS,18,RETRY_LATER,0
0.6216216216216216,0.35714285714285715,1103.07,CARD,AXIS,INSUFFICIENT_FUNDS,0,RETRY_LATER,0
0.625,0.3333333333333333,2204.97,UPI,ICICI,CARD_EXPIRED,12,RETRY_NOW,0
0.6818181818181818,0.4642857142857143,9758.16,CARD,ICICI,NETWORK_ERROR,3,SEND_REMINDER,0
0.3333333333333333,0.5,3453.47,WALLET,AXIS,AUTHENTICATION_FAILED,0,RETRY_LATER,0
0.9302325581395349,1.0,5711.67,WALLET,YESBANK,BANK_TIMEOUT,13,RETRY_NOW,1
0.7611940298507462,0.5,7709.62,UPI,HDFC,BANK_TIMEOUT,2,NO_ACTION,0
0.5,1.0,9879.49,UPI,KOTAK,LIMIT_EXCEEDED,4,RETRY_NOW,0
0.75,0.5,7962.01,WALLET,SBI,AUTHENTICATION_FAILED,15,SEND_REMINDER,1
0.6666666666666666,1.0,8281.98,CARD,AXIS,CARD_EXPIRED,14,RETRY_LATER,0
0.7142857142857143,0.5,4698.15,NETBANKING,YESBANK,BANK_TIMEOUT,14,RETRY_NOW,0
0.8488372093023255,0.38461538461538464,2553.57,CARD,HDFC,INSUFFICIENT_FUNDS,19,RETRY_LATER,0
0.875,1.0,7715.71,UPI,KOTAK,CARD_EXPIRED,23,RETRY_NOW,0
0.75,0.5833333333333334,5835.58,UPI,AXIS,NETWORK_ERROR,19,RETRY_LATER,0
0.6666666666666666,0.0,2422.66,WALLET,KOTAK,BANK_TIMEOUT,13,SEND_REMINDER,0
0.7128712871287128,0.5172413793103449,7076.94,NETBANKING,YESBANK,LIMIT_EXCEEDED,15,NO_ACTION,0
0.917910447761194,0.36363636363636365,7801.42,WALLET,YESBANK,BANK_TIMEOUT,17,NO_ACTION,0
0.7727272727272727,0.6,8798.92,CARD,YESBANK,AUTHENTICATION_FAILED,16,RETRY_NOW,1
0.8333333333333334,0.5,6222.49,UPI,SBI,BANK_TIMEOUT,8,SEND_REMINDER,1
0.8727272727272727,0.8571428571428571,7915.37,CARD,AXIS,CARD_EXPIRED,18,RETRY_LATER,0
0.4666666666666667,0.75,2894.94,WALLET,SBI,BANK_TIMEOUT,16,RETRY_LATER,0
0.6666666666666666,0.5,4578.44,NETBANKING,ICICI,CARD_EXPIRED,16,NO_ACTION,0
0.8636363636363636,0.3333333333333333,8325.4,WALLET,KOTAK,AUTHENTICATION_FAILED,16,NO_ACTION,0
0.6818181818181818,0.2857142857142857,5611.43,CARD,HDFC,CARD_EXPIRED,8,NO_ACTION,0
0.7,0.6666666666666666,6357.68,UPI,YESBANK,NETWORK_ERROR,6,SEND_REMINDER,1
0.8571428571428571,0.75,1332.36,NETBANKING,SBI,INSUFFICIENT_FUNDS,21,RETRY_LATER,0
0.5,1.0,8508.57,CARD,AXIS,CARD_EXPIRED,0,RETRY_LATER,1
0.6990291262135923,0.5483870967741935,2582.15,CARD,ICICI,INSUFFICIENT_FUNDS,6,NO_ACTION,0
0.9193548387096774,0.6,7771.93,CARD,KOTAK,NETWORK_ERROR,7,RETRY_NOW,1
0.3333333333333333,0.5,4651.11,WALLET,HDFC,BANK_TIMEOUT,14,NO_ACTION,0
0.7317073170731707,0.36363636363636365,4758.92,CARD,YESBANK,NETWORK_ERROR,11,NO_ACTION,0
0.8461538461538461,0.6666666666666666,9343.48,UPI,ICICI,LIMIT_EXCEEDED,6,NO_ACTION,0
0.8,0.0,4221.9,NETBANKING,AXIS,BANK_TIMEOUT,20,SEND_REMINDER,0
0.7931034482758621,0.5,6007.88,CARD,KOTAK,NETWORK_ERROR,8,RETRY_NOW,0
0.6,0.53125,432.78,UPI,YESBANK,NETWORK_ERROR,3,SEND_REMINDER,1
0.75,0.7,3020.67,CARD,ICICI,INSUFFICIENT_FUNDS,20,NO_ACTION,0
0.711864406779661,0.4117647058823529,5750.45,WALLET,KOTAK,CARD_EXPIRED,18,NO_ACTION,0
0.8387096774193549,0.4,3375.04,WALLET,AXIS,CARD_EXPIRED,12,RETRY_LATER,0
0.9105691056910569,0.6363636363636364,5157.57,UPI,HDFC,INSUFFICIENT_FUNDS,5,RETRY_LATER,0
0.725,0.18181818181818182,2019.28,WALLET,YESBANK,CARD_EXPIRED,4,RETRY_LATER,0
0.71875,0.4444444444444444,1244.71,NETBANKING,AXIS,AUTHENTICATION_FAILED,11,NO_ACTION,0
0.6382978723404256,0.7058823529411765,1051.17,UPI,KOTAK,CARD_EXPIRED,12,NO_ACTION,0
0.7142857142857143,1.0,8469.37,WALLET,SBI,LIMIT_EXCEEDED,11,NO_ACTION,0
0.8,0.25,4207.75,WALLET,ICICI,AUTHENTICATION_FAILED,16,RETRY_LATER,0
0.5625,0.5714285714285714,7097.19,WALLET,ICICI,INSUFFICIENT_FUNDS,5,SEND_REMINDER,0
0.7631578947368421,0.4444444444444444,3425.15,CARD,YESBANK,CARD_EXPIRED,12,NO_ACTION,0
0.9,0.5,3183.32,UPI,KOTAK,AUTHENTICATION_FAILED,1,NO_ACTION,0
0.675,0.46153846153846156,3508.42,UPI,SBI,NETWORK_ERROR,15,SEND_REMINDER,0
0.65625,0.5454545454545454,5415.77,WALLET,KOTAK,AUTHENTICATION_FAILED,20,RETRY_NOW,0
0.9042553191489362,0.4444444444444444,7085.97,UPI,KOTAK,AUTHENTICATION_FAILED,23,RETRY_LATER,1
0.7857142857142857,0.5833333333333334,9835.3,NETBANKING,ICICI,CARD_EXPIRED,6,NO_ACTION,0
0.7857142857142857,0.5833333333333334,9835.3,NETBANKING,ICICI,CARD_EXPIRED,6,SEND_REMINDER,0
0.9298245614035088,0.5,6039.39,UPI,KOTAK,LIMIT_EXCEEDED,6,RETRY_NOW,1
0.5,1.0,4623.61,UPI,YESBANK,LIMIT_EXCEEDED,19,RETRY_NOW,1
0.851063829787234,0.5714285714285714,4685.36,UPI,YESBANK,NETWORK_ERROR,16,SEND_REMINDER,1
0.7586206896551724,0.35714285714285715,6879.48,UPI,YESBANK,AUTHENTICATION_FAILED,17,RETRY_NOW,0
0.8064516129032258,0.3333333333333333,1306.61,CARD,ICICI,AUTHENTICATION_FAILED,4,SEND_REMINDER,0
0.3333333333333333,0.5,3453.47,WALLET,AXIS,AUTHENTICATION_FAILED,0,RETRY_NOW,1
0.7894736842105263,0.75,1209.43,WALLET,ICICI,CARD_EXPIRED,17,SEND_REMINDER,0
0.7226890756302521,0.5151515151515151,6201.06,CARD,AXIS,INSUFFICIENT_FUNDS,17,RETRY_LATER,1
0.6346153846153846,0.3684210526315789,1593.82,WALLET,ICICI,INSUFFICIENT_FUNDS,0,NO_ACTION,0
0.8645833333333334,0.3076923076923077,2677.87,UPI,ICICI,BANK_TIMEOUT,13,NO_ACTION,0
0.7428571428571429,0.4444444444444444,9819.99,NETBANKING,KOTAK,CARD_EXPIRED,16,RETRY_NOW,1
0.627906976744186,0.46875,3067.86,WALLET,KOTAK,INSUFFICIENT_FUNDS,20,RETRY_NOW,1
0.5555555555555556,0.75,1484.52,WALLET,AXIS,NETWORK_ERROR,1,SEND_REMINDER,0
0.6285714285714286,0.15384615384615385,9546.5,CARD,HDFC,INSUFFICIENT_FUNDS,18,RETRY_NOW,1
0.7333333333333333,0.5,1597.36,UPI,HDFC,AUTHENTICATION_FAILED,5,RETRY_LATER,1
0.7169811320754716,0.6,1451.38,CARD,SBI,INSUFFICIENT_FUNDS,2,SEND_REMINDER,1
0.7058823529411765,0.3,1100.09,CARD,KOTAK,CARD_EXPIRED,13,RETRY_LATER,0
0.7407407407407407,0.35714285714285715,4652.3,CARD,SBI,AUTHENTICATION_FAILED,16,NO_ACTION,0
0.9473684210526315,0.3333333333333333,383.62,CARD,ICICI,LIMIT_EXCEEDED,19,RETRY_LATER,0
0.782608695652174,0.5,2538.77,NETBANKING,AXIS,INSUFFICIENT_FUNDS,16,SEND_REMINDER,0
0.7333333333333333,0.3333333333333333,1860.99,NETBANKING,SBI,BANK_TIMEOUT,1,RETRY_LATER,0
0.7948717948717948,0.25,7989.4,UPI,YESBANK,LIMIT_EXCEEDED,5,SEND_REMINDER,0
0.5,0.3333333333333333,3073.78,WALLET,SBI,INSUFFICIENT_FUNDS,8,RETRY_LATER,0
0.7246376811594203,0.3684210526315789,4606.1,CARD,YESBANK,NETWORK_ERROR,11,NO_ACTION,0
0.4,0.6666666666666666,6456.26,WALLET,ICICI,NETWORK_ERROR,11,RETRY_NOW,0
0.9069767441860465,0.75,4033.87,WALLET,YESBANK,CARD_EXPIRED,14,SEND_REMINDER,0
0.7777777777777778,0.6666666666666666,4921.22,CARD,YESBANK,NETWORK_ERROR,9,RETRY_LATER,1
0.7567567567567568,0.5555555555555556,7327.39,WALLET,ICICI,LIMIT_EXCEEDED,16,NO_ACTION,0
0.6515151515151515,0.43478260869565216,9043.49,UPI,HDFC,INSUFFICIENT_FUNDS,5,RETRY_LATER,1
0.8947368421052632,0.5,6873.02,WALLET,AXIS,BANK_TIMEOUT,17,RETRY_LATER,1
0.7169811320754716,0.6,9450.69,UPI,SBI,BANK_TIMEOUT,12,RETRY_NOW,1
0.6666666666666666,0.3684210526315789,8373.46,WALLET,YESBANK,AUTHENTICATION_FAILED,2,SEND_REMINDER,1
0.7107438016528925,0.7428571428571429,4297.16,CARD,ICICI,LIMIT_EXCEEDED,3,RETRY_LATER,0
0.6,0.0,8456.65,UPI,ICICI,LIMIT_EXCEEDED,15,SEND_REMINDER,1
0.9230769230769231,1.0,3997.61,UPI,YESBANK,CARD_EXPIRED,10,NO_ACTION,0
0.6226415094339622,0.55,6173.49,NETBANKING,HDFC,INSUFFICIENT_FUNDS,8,RETRY_LATER,0
0.6850393700787402,0.375,2510.01,NETBANKING,AXIS,BANK_TIMEOUT,19,SEND_REMINDER,0
0.8888888888888888,0.16666666666666666,8863.51,UPI,AXIS,CARD_EXPIRED,11,RETRY_NOW,0
0.8133333333333334,0.6428571428571429,1570.6,WALLET,ICICI,NETWORK_ERROR,9,NO_ACTION,0
0.8857142857142857,0.5,6121.62,UPI,ICICI,CARD_EXPIRED,11,RETRY_LATER,0
0.8048780487804879,0.125,6440.34,UPI,YESBANK,AUTHENTICATION_FAILED,0,SEND_REMINDER,0
0.8181818181818182,0.25,3288.35,WALLET,AXIS,INSUFFICIENT_FUNDS,0,RETRY_NOW,0
0.9253731343283582,0.5,4294.46,CARD,SBI,INSUFFICIENT_FUNDS,18,NO_ACTION,0
0.0,0.0,5937.6,CARD,KOTAK,BANK_TIMEOUT,7,RETRY_NOW,0
0.8888888888888888,0.6666666666666666,7097.34,CARD,AXIS,CARD_EXPIRED,19,NO_ACTION,0
0.55,0.5555555555555556,6428.91,CARD,ICICI,LIMIT_EXCEEDED,21,RETRY_NOW,0
0.7037037037037037,0.625,1541.46,UPI,KOTAK,LIMIT_EXCEEDED,22,RETRY_NOW,0
0.6666666666666666,0.2,7038.94,NETBANKING,HDFC,LIMIT_EXCEEDED,15,NO_ACTION,0
0.7377049180327869,0.4375,8288.26,NETBANKING,ICICI,BANK_TIMEOUT,13,RETRY_LATER,1
0.8285714285714286,0.6666666666666666,1222.21,UPI,AXIS,INSUFFICIENT_FUNDS,18,SEND_REMINDER,0
0.8387096774193549,0.4,9611.19,NETBANKING,SBI,NETWORK_ERROR,9,SEND_REMINDER,1
0.819672131147541,0.6363636363636364,1411.11,CARD,SBI,INSUFFICIENT_FUNDS,7,RETRY_NOW,0
0.7307692307692307,0.6428571428571429,3066.98,UPI,HDFC,CARD_EXPIRED,10,SEND_REMINDER,1
0.7295081967213115,0.42424242424242425,6519.84,CARD,YESBANK,AUTHENTICATION_FAILED,21,NO_ACTION,0
0.6875,0.4,9452.74,UPI,AXIS,LIMIT_EXCEEDED,19,RETRY_NOW,0
0.8142857142857143,0.4230769230769231,5542.51,CARD,ICICI,AUTHENTICATION_FAILED,19,SEND_REMINDER,1
0.62,0.5263157894736842,2701.74,WALLET,KOTAK,BANK_TIMEOUT,18,RETRY_LATER,1
0.8695652173913043,0.3333333333333333,9593.33,UPI,YESBANK,BANK_TIMEOUT,6,RETRY_NOW,0
0.6777777777777778,0.4482758620689655,1260.47,CARD,AXIS,LIMIT_EXCEEDED,12,RETRY_NOW,0
0.6535433070866141,0.45454545454545453,1592.09,WALLET,SBI,CARD_EXPIRED,19,SEND_REMINDER,1
0.6790123456790124,0.5384615384615384,4557.32,UPI,AXIS,AUTHENTICATION_FAILED,23,SEND_REMINDER,1
0.8,0.0,6970.4,WALLET,SBI,AUTHENTICATION_FAILED,10,NO_ACTION,0
0.5217391304347826,0.4090909090909091,6022.58,CARD,HDFC,INSUFFICIENT_FUNDS,11,RETRY_NOW,0
0.5,0.0,4348.9,NETBANKING,ICICI,BANK_TIMEOUT,8,NO_ACTION,0
0.6818181818181818,0.5714285714285714,520.55,UPI,AXIS,AUTHENTICATION_FAILED,14,SEND_REMINDER,0
0.7391304347826086,0.16666666666666666,7833.03,CARD,AXIS,INSUFFICIENT_FUNDS,4,NO_ACTION,0
0.7894736842105263,0.5,1074.68,UPI,HDFC,BANK_TIMEOUT,10,RETRY_LATER,1
0.8823529411764706,0.5,330.37,NETBANKING,KOTAK,CARD_EXPIRED,12,SEND_REMINDER,0
0.9078947368421053,0.5714285714285714,9588.92,CARD,YESBANK,NETWORK_ERROR,19,RETRY_NOW,1
0.7523809523809524,0.5769230769230769,944.45,CARD,KOTAK,AUTHENTICATION_FAILED,18,RETRY_LATER,1
0.6666666666666666,0.6666666666666666,3492.67,CARD,ICICI,CARD_EXPIRED,5,RETRY_LATER,0
0.6666666666666666,0.0,1828.66,NETBANKING,YESBANK,LIMIT_EXCEEDED,12,RETRY_NOW,1
0.7391304347826086,0.3333333333333333,3321.01,WALLET,SBI,BANK_TIMEOUT,22,SEND_REMINDER,1
0.7835051546391752,0.6190476190476191,6839.05,CARD,YESBANK,INSUFFICIENT_FUNDS,17,RETRY_LATER,0
0.7857142857142857,0.6666666666666666,2101.98,WALLET,KOTAK,BANK_TIMEOUT,7,NO_ACTION,0
0.639344262295082,0.5227272727272727,4297.22,WALLET,AXIS,INSUFFICIENT_FUNDS,7,SEND_REMINDER,0
0.625,0.5833333333333334,3574.33,WALLET,AXIS,INSUFFICIENT_FUNDS,12,RETRY_NOW,0
0.6153846153846154,0.6,8490.59,WALLET,SBI,INSUFFICIENT_FUNDS,11,NO_ACTION,0
0.6029411764705882,0.5925925925925926,6444.59,UPI,AXIS,NETWORK_ERROR,8,SEND_REMINDER,0
0.9,0.0,9312.01,NETBANKING,SBI,AUTHENTICATION_FAILED,1,RETRY_LATER,1
0.7526881720430108,0.30434782608695654,6278.65,UPI,YESBANK,NETWORK_ERROR,20,RETRY_NOW,1
0.8382352941176471,0.6363636363636364,8077.44,CARD,YESBANK,NETWORK_ERROR,17,NO_ACTION,0
0.9,0.5,2044.13,UPI,HDFC,CARD_EXPIRED,4,SEND_REMINDER,0
0.8775510204081632,0.6666666666666666,9155.92,NETBANKING,HDFC,CARD_EXPIRED,23,SEND_REMINDER,0
0.8695652173913043,0.3333333333333333,5943.25,NETBANKING,KOTAK,NETWORK_ERROR,2,NO_ACTION,0
0.7659574468085106,0.5454545454545454,3783.67,UPI,SBI,INSUFFICIENT_FUNDS,14,SEND_REMINDER,0
0.7014925373134329,0.5,5800.09,CARD,KOTAK,CARD_EXPIRED,20,NO_ACTION,0
0.9375,1.0,5346.65,CARD,ICICI,LIMIT_EXCEEDED,0,RETRY_NOW,0
0.7906976744186046,0.6111111111111112,6275.84,UPI,SBI,NETWORK_ERROR,14,SEND_REMINDER,0
0.5357142857142857,0.6153846153846154,5007.52,UPI,KOTAK,CARD_EXPIRED,20,NO_ACTION,0
0.9560439560439561,0.5,7164.83,NETBANKING,KOTAK,NETWORK_ERROR,0,RETRY_LATER,0
0.7692307692307693,1.0,758.33,UPI,ICICI,NETWORK_ERROR,13,RETRY_LATER,1
0.375,0.6,4752.82,CARD,ICICI,AUTHENTICATION_FAILED,21,NO_ACTION,0
0.8947368421052632,0.5,3473.35,CARD,HDFC,AUTHENTICATION_FAILED,16,RETRY_NOW,1
0.8375,0.6153846153846154,1788.47,CARD,ICICI,BANK_TIMEOUT,19,NO_ACTION,0
0.8924731182795699,0.3,3620.06,WALLET,ICICI,AUTHENTICATION_FAILED,17,RETRY_NOW,0
0.7226890756302521,0.5151515151515151,6201.06,CARD,AXIS,INSUFFICIENT_FUNDS,17,RETRY_NOW,1
0.9130434782608695,1.0,9467.59,NETBANKING,HDFC,NETWORK_ERROR,14,NO_ACTION,0
0.7542372881355932,0.7586206896551724,9285.43,CARD,SBI,LIMIT_EXCEEDED,7,RETRY_LATER,1
0.6666666666666666,0.0,3577.7,WALLET,HDFC,AUTHENTICATION_FAILED,16,SEND_REMINDER,0
0.7301587301587301,0.6470588235294118,2593.78,UPI,KOTAK,CARD_EXPIRED,11,RETRY_NOW,0
0.7083333333333334,0.5142857142857142,6142.41,WALLET,SBI,CARD_EXPIRED,4,SEND_REMINDER,1
0.7272727272727273,0.6666666666666666,9549.78,NETBANKING,HDFC,INSUFFICIENT_FUNDS,14,NO_ACTION,0
0.6904761904761905,0.23076923076923078,9783.66,CARD,ICICI,AUTHENTICATION_FAILED,22,SEND_REMINDER,0
0.875,0.3333333333333333,9269.89,WALLET,SBI,AUTHENTICATION_FAILED,11,NO_ACTION,0
0.7966101694915254,0.25,5595.81,NETBANKING,YESBANK,NETWORK_ERROR,7,RETRY_NOW,0
0.8640776699029126,0.6428571428571429,8688.79,NETBANKING,SBI,LIMIT_EXCEEDED,12,NO_ACTION,0
0.6666666666666666,0.3333333333333333,389.55,CARD,KOTAK,LIMIT_EXCEEDED,7,NO_ACTION,0
0.6808510638297872,0.3333333333333333,2139.04,NETBANKING,ICICI,LIMIT_EXCEEDED,16,NO_ACTION,0
0.8125,0.47619047619047616,4192.52,WALLET,KOTAK,BANK_TIMEOUT,22,RETRY_NOW,0
0.9206349206349206,0.8,3251.98,NETBANKING,SBI,BANK_TIMEOUT,12,NO_ACTION,0
0.6,0.4,5607.61,WALLET,SBI,BANK_TIMEOUT,5,NO_ACTION,0
0.7012987012987013,0.43478260869565216,6201.62,UPI,ICICI,LIMIT_EXCEEDED,7,RETRY_NOW,0
0.8416666666666667,0.47368421052631576,7101.12,WALLET,SBI,NETWORK_ERROR,7,RETRY_LATER,1
0.7833333333333333,0.6153846153846154,4533.23,WALLET,AXIS,BANK_TIMEOUT,19,SEND_REMINDER,0
0.7,0.3333333333333333,4107.15,NETBANKING,YESBANK,LIMIT_EXCEEDED,19,NO_ACTION,0
0.8813559322033898,0.14285714285714285,3640.32,NETBANKING,AXIS,CARD_EXPIRED,12,RETRY_LATER,0
0.6410256410256411,0.5,1375.13,UPI,YESBANK,LIMIT_EXCEEDED,13,RETRY_NOW,0
0.8,0.375,4015.49,WALLET,HDFC,AUTHENTICATION_FAILED,23,RETRY_NOW,1
0.7142857142857143,0.75,6069.86,WALLET,ICICI,CARD_EXPIRED,1,SEND_REMINDER,0
0.7692307692307693,0.16666666666666666,7244.37,CARD,KOTAK,CARD_EXPIRED,6,SEND_REMINDER,0
0.7674418604651163,0.6,8214.51,NETBANKING,ICICI,BANK_TIMEOUT,9,RETRY_LATER,1
0.7833333333333333,0.6153846153846154,4533.23,WALLET,AXIS,BANK_TIMEOUT,19,RETRY_LATER,1
0.660377358490566,0.5277777777777778,3031.86,CARD,HDFC,BANK_TIMEOUT,13,NO_ACTION,0
0.9722222222222222,1.0,1169.55,UPI,KOTAK,NETWORK_ERROR,22,SEND_REMINDER,1
0.7564102564102564,0.5263157894736842,2657.36,NETBANKING,YESBANK,CARD_EXPIRED,8,NO_ACTION,0
0.631578947368421,0.5,2545.38,UPI,SBI,BANK_TIMEOUT,7,NO_ACTION,0
0.8055555555555556,0.14285714285714285,3709.35,WALLET,YESBANK,LIMIT_EXCEEDED,1,NO_ACTION,0
0.7804878048780488,0.5555555555555556,8842.17,UPI,ICICI,INSUFFICIENT_FUNDS,17,SEND_REMINDER,1
0.7733333333333333,0.5294117647058824,7919.12,NETBANKING,SBI,LIMIT_EXCEEDED,2,RETRY_LATER,0
0.8208955223880597,0.3333333333333333,8807.93,NETBANKING,YESBANK,INSUFFICIENT_FUNDS,0,RETRY_NOW,1
0.6481481481481481,0.47368421052631576,8993.36,NETBANKING,YESBANK,CARD_EXPIRED,14,RETRY_NOW,1
0.5217391304347826,0.45454545454545453,1201.81,NETBANKING,KOTAK,CARD_EXPIRED,4,NO_ACTION,0
0.5,0.0,2947.16,NETBANKING,SBI,AUTHENTICATION_FAILED,10,NO_ACTION,0
0.5,0.25,962.43,NETBANKING,KOTAK,CARD_EXPIRED,17,NO_ACTION,0
0.9482758620689655,0.3333333333333333,8777.81,NETBANKING,ICICI,BANK_TIMEOUT,12,RETRY_LATER,1
0.7346938775510204,0.6923076923076923,450.07,WALLET,AXIS,CARD_EXPIRED,14,SEND_REMINDER,0
0.8648648648648649,0.6,2066.62,NETBANKING,AXIS,BANK_TIMEOUT,1,RETRY_NOW,1
0.75,0.8,2821.73,WALLET,AXIS,LIMIT_EXCEEDED,17,NO_ACTION,0
0.7469879518072289,0.5238095238095238,3934.89,WALLET,KOTAK,AUTHENTICATION_FAILED,15,NO_ACTION,0
0.5555555555555556,0.45,8241.01,UPI,ICICI,CARD_EXPIRED,2,RETRY_LATER,0
0.9090909090909091,0.4,6465.53,UPI,AXIS,LIMIT_EXCEEDED,11,NO_ACTION,0
0.9074074074074074,0.0,4015.72,CARD,AXIS,AUTHENTICATION_FAILED,20,SEND_REMINDER,1
0.0,0.0,8100.41,WALLET,SBI,BANK_TIMEOUT,10,NO_ACTION,0
0.7,0.5,7997.31,NETBANKING,HDFC,BANK_TIMEOUT,9,NO_ACTION,0
0.8214285714285714,0.6,3417.18,CARD,ICICI,LIMIT_EXCEEDED,12,RETRY_LATER,0
0.5833333333333334,0.6,1732.69,NETBANKING,SBI,NETWORK_ERROR,2,NO_ACTION,0
0.6727272727272727,0.5,8848.37,NETBANKING,ICICI,NETWORK_ERROR,18,RETRY_NOW,1
0.631578947368421,0.5,7719.14,WALLET,SBI,CARD_EXPIRED,0,NO_ACTION,0
0.25,0.6666666666666666,4242.38,UPI,ICICI,AUTHENTICATION_FAILED,3,NO_ACTION,0
0.5333333333333333,0.2857142857142857,4596.01,UPI,ICICI,INSUFFICIENT_FUNDS,21,RETRY_LATER,0
0.9310344827586207,0.5,6722.27,UPI,AXIS,CARD_EXPIRED,13,RETRY_NOW,0
0.6666666666666666,0.2857142857142857,3354.95,NETBANKING,ICICI,INSUFFICIENT_FUNDS,21,RETRY_NOW,0
0.6666666666666666,0.36585365853658536,7023.03,CARD,YESBANK,INSUFFICIENT_FUNDS,21,NO_ACTION,0
0.6111111111111112,0.2857142857142857,668.73,WALLET,AXIS,CARD_EXPIRED,13,RETRY_LATER,0
0.868421052631579,0.8,6488.91,WALLET,YESBANK,AUTHENTICATION_FAILED,5,NO_ACTION,0
0.8666666666666667,0.5,3321.32,NETBANKING,SBI,INSUFFICIENT_FUNDS,17,NO_ACTION,0
0.8514851485148515,0.26666666666666666,5202.55,NETBANKING,AXIS,INSUFFICIENT_FUNDS,19,SEND_REMINDER,1
0.5,0.0,6701.31,WALLET,ICICI,BANK_TIMEOUT,23,RETRY_LATER,0
0.7868852459016393,0.38461538461538464,3245.68,WALLET,KOTAK,AUTHENTICATION_FAILED,8,RETRY_LATER,0
0.6,0.75,1916.15,WALLET,KOTAK,CARD_EXPIRED,15,RETRY_NOW,0
0.680327868852459,0.38461538461538464,8295.33,WALLET,ICICI,INSUFFICIENT_FUNDS,3,NO_ACTION,0
0.42857142857142855,0.75,7903.79,WALLET,KOTAK,LIMIT_EXCEEDED,12,RETRY_LATER,1
0.7286821705426356,0.42857142857142855,1930.81,CARD,SBI,INSUFFICIENT_FUNDS,0,RETRY_NOW,0
0.6666666666666666,1.0,2952.13,CARD,SBI,AUTHENTICATION_FAILED,23,RETRY_LATER,0
0.7796610169491526,0.46153846153846156,910.81,CARD,YESBANK,CARD_EXPIRED,17,RETRY_LATER,0
0.7301587301587301,0.6470588235294118,2488.76,CARD,AXIS,BANK_TIMEOUT,13,NO_ACTION,0
0.7804878048780488,0.7777777777777778,8292.25,CARD,YESBANK,LIMIT_EXCEEDED,8,RETRY_LATER,0
0.696969696969697,0.6,6176.02,WALLET,AXIS,CARD_EXPIRED,7,RETRY_NOW,1
0.7391304347826086,0.5,3118.81,NETBANKING,ICICI,LIMIT_EXCEEDED,10,NO_ACTION,0
0.8076923076923077,0.2,9990.81,UPI,ICICI,INSUFFICIENT_FUNDS,13,RETRY_LATER,0
0.7307692307692307,0.7142857142857143,352.97,WALLET,SBI,NETWORK_ERROR,3,RETRY_LATER,1
0.9180327868852459,0.6,3073.64,UPI,KOTAK,AUTHENTICATION_FAILED,15,SEND_REMINDER,1
0.7441860465116279,0.45454545454545453,180.34,CARD,YESBANK,LIMIT_EXCEEDED,5,SEND_REMINDER,1
0.6,0.625,2241.52,NETBANKING,HDFC,NETWORK_ERROR,3,NO_ACTION,0
0.875,0.75,8949.64,WALLET,KOTAK,NETWORK_ERROR,10,NO_ACTION,0
0.42857142857142855,0.75,7903.79,WALLET,KOTAK,LIMIT_EXCEEDED,12,RETRY_NOW,1
0.5263157894736842,0.6111111111111112,9980.33,WALLET,KOTAK,LIMIT_EXCEEDED,9,NO_ACTION,0
0.8604651162790697,0.3333333333333333,8505.06,WALLET,ICICI,LIMIT_EXCEEDED,23,NO_ACTION,0
0.8,0.5454545454545454,2853.22,NETBANKING,AXIS,NETWORK_ERROR,22,RETRY_NOW,1
0.9420289855072463,0.5,3497.56,NETBANKING,YESBANK,CARD_EXPIRED,16,RETRY_NOW,0
0.8095238095238095,0.4166666666666667,8130.11,UPI,KOTAK,LIMIT_EXCEEDED,20,SEND_REMINDER,0
0.9714285714285714,0.75,324.12,UPI,HDFC,LIMIT_EXCEEDED,4,RETRY_LATER,0
0.75,0.8333333333333334,7033.81,NETBANKING,AXIS,CARD_EXPIRED,0,SEND_REMINDER,0
0.6567164179104478,0.5652173913043478,2334.95,CARD,YESBANK,LIMIT_EXCEEDED,22,RETRY_NOW,1
0.7107438016528925,0.7428571428571429,4297.16,CARD,ICICI,LIMIT_EXCEEDED,3,SEND_REMINDER,1
0.8,0.3333333333333333,9553.28,CARD,ICICI,CARD_EXPIRED,13,RETRY_NOW,0
0.71875,0.3333333333333333,770.41,UPI,AXIS,INSUFFICIENT_FUNDS,15,RETRY_NOW,0
0.6666666666666666,0.0,8279.03,UPI,AXIS,LIMIT_EXCEEDED,13,RETRY_NOW,0
0.65625,0.6363636363636364,4723.03,CARD,HDFC,CARD_EXPIRED,13,RETRY_NOW,0
0.5405405405405406,0.47058823529411764,7302.07,UPI,KOTAK,BANK_TIMEOUT,9,SEND_REMINDER,1
0.6274509803921569,0.5789473684210527,6921.56,CARD,AXIS,LIMIT_EXCEEDED,15,RETRY_LATER,1
0.7285714285714285,0.6842105263157895,3207.19,UPI,KOTAK,CARD_EXPIRED,11,RETRY_NOW,0
0.7659574468085106,0.5,8734.22,UPI,ICICI,INSUFFICIENT_FUNDS,8,SEND_REMINDER,0
0.7272727272727273,0.3333333333333333,1202.21,NETBANKING,ICICI,INSUFFICIENT_FUNDS,13,SEND_REMINDER,0
0.8,0.5,9026.36,WALLET,YESBANK,LIMIT_EXCEEDED,4,RETRY_LATER,1
0.8625,0.7272727272727273,208.57,WALLET,SBI,INSUFFICIENT_FUNDS,20,RETRY_NOW,1
0.8181818181818182,0.3125,5245.92,UPI,KOTAK,LIMIT_EXCEEDED,23,RETRY_NOW,0
0.7362637362637363,0.5,1959.39,WALLET,YESBANK,NETWORK_ERROR,4,NO_ACTION,0
0.6785714285714286,0.4444444444444444,7679.5,CARD,ICICI,BANK_TIMEOUT,1,RETRY_NOW,1
0.7375,0.5714285714285714,4269.51,UPI,KOTAK,INSUFFICIENT_FUNDS,7,RETRY_LATER,0
0.9302325581395349,1.0,5711.67,WALLET,YESBANK,BANK_TIMEOUT,13,RETRY_LATER,1
0.6716417910447762,0.7272727272727273,7789.42,NETBANKING,HDFC,BANK_TIMEOUT,7,NO_ACTION,0
0.7391304347826086,0.5,4638.36,UPI,SBI,CARD_EXPIRED,13,SEND_REMINDER,1
0.8292682926829268,0.42857142857142855,7289.06,WALLET,HDFC,AUTHENTICATION_FAILED,1,RETRY_LATER,0
0.8125,0.5,2286.68,CARD,YESBANK,LIMIT_EXCEEDED,20,NO_ACTION,0
0.6825396825396826,0.55,4956.09,UPI,HDFC,LIMIT_EXCEEDED,0,SEND_REMINDER,0
0.5925925925925926,0.45454545454545453,5744.02,CARD,SBI,INSUFFICIENT_FUNDS,1,RETRY_NOW,0
0.8214285714285714,1.0,9770.59,CARD,HDFC,INSUFFICIENT_FUNDS,2,SEND_REMINDER,0
0.5714285714285714,0.6666666666666666,4604.73,WALLET,KOTAK,NETWORK_ERROR,10,RETRY_NOW,1
0.8,0.3,6600.18,UPI,AXIS,INSUFFICIENT_FUNDS,3,SEND_REMINDER,0
0.6565656565656566,0.5,9336.51,NETBANKING,ICICI,AUTHENTICATION_FAILED,13,RETRY_NOW,0
0.8,0.4,677.81,WALLET,KOTAK,AUTHENTICATION_FAILED,11,RETRY_NOW,0
0.8,0.4,8105.26,UPI,SBI,LIMIT_EXCEEDED,17,RETRY_NOW,0
0.5,1.0,6452.71,WALLET,HDFC,LIMIT_EXCEEDED,19,RETRY_NOW,0
0.5909090909090909,0.6296296296296297,9999.03,NETBANKING,HDFC,NETWORK_ERROR,8,NO_ACTION,0
0.6226415094339622,0.45,3739.33,UPI,ICICI,CARD_EXPIRED,22,RETRY_LATER,0
0.8153846153846154,0.75,1550.99,CARD,YESBANK,BANK_TIMEOUT,8,NO_ACTION,0
0.625,0.6666666666666666,6516.54,UPI,HDFC,AUTHENTICATION_FAILED,12,RETRY_LATER,0
0.7580645161290323,0.4,5384.58,UPI,YESBANK,BANK_TIMEOUT,19,SEND_REMINDER,0
0.7530864197530864,0.7,2724.42,WALLET,KOTAK,NETWORK_ERROR,11,NO_ACTION,0
0.8636363636363636,0.5,3228.41,WALLET,AXIS,LIMIT_EXCEEDED,18,RETRY_NOW,0
0.6865671641791045,0.42857142857142855,175.28,CARD,AXIS,INSUFFICIENT_FUNDS,14,NO_ACTION,0
0.0,0.5,8371.06,WALLET,KOTAK,AUTHENTICATION_FAILED,21,SEND_REMINDER,0
0.6666666666666666,0.0,4633.92,UPI,SBI,AUTHENTICATION_FAILED,1,RETRY_NOW,0
0.0,0.0,6836.04,NETBANKING,KOTAK,INSUFFICIENT_FUNDS,5,RETRY_LATER,0
0.782608695652174,0.85,5213.24,UPI,KOTAK,CARD_EXPIRED,18,SEND_REMINDER,1
0.7924528301886793,0.5909090909090909,4898.83,NETBANKING,HDFC,BANK_TIMEOUT,18,SEND_REMINDER,1
0.776595744680851,0.42857142857142855,5811.51,CARD,AXIS,CARD_EXPIRED,16,RETRY_NOW,1
0.5,0.5,7705.9,UPI,ICICI,NETWORK_ERROR,10,RETRY_NOW,1
0.5454545454545454,0.0,4338.51,UPI,YESBANK,LIMIT_EXCEEDED,13,SEND_REMINDER,1
0.7142857142857143,0.75,782.47,WALLET,YESBANK,LIMIT_EXCEEDED,6,SEND_REMINDER,1
0.7475728155339806,0.7307692307692307,1891.34,WALLET,SBI,LIMIT_EXCEEDED,5,RETRY_LATER,1
0.7796610169491526,0.38461538461538464,2965.94,CARD,HDFC,INSUFFICIENT_FUNDS,8,RETRY_LATER,0
0.6956521739130435,0.47619047619047616,8166.59,WALLET,AXIS,NETWORK_ERROR,20,RETRY_LATER,1
0.0,1.0,8849.26,NETBANKING,KOTAK,INSUFFICIENT_FUNDS,14,RETRY_NOW,0
0.7073170731707317,0.4166666666666667,9001.42,UPI,HDFC,CARD_EXPIRED,1,RETRY_NOW,0
0.9166666666666666,0.6666666666666666,9698.84,WALLET,AXIS,CARD_EXPIRED,21,SEND_REMINDER,1
0.8536585365853658,0.16666666666666666,1538.74,UPI,SBI,NETWORK_ERROR,23,RETRY_NOW,0
0.8461538461538461,0.25,8906.64,UPI,YESBANK,AUTHENTICATION_FAILED,3,RETRY_NOW,0
0.8571428571428571,1.0,7829.38,WALLET,AXIS,AUTHENTICATION_FAILED,14,SEND_REMINDER,0
0.8461538461538461,0.5,1969.3,NETBANKING,KOTAK,AUTHENTICATION_FAILED,23,RETRY_NOW,0
0.5217391304347826,0.4090909090909091,6022.58,CARD,HDFC,INSUFFICIENT_FUNDS,11,RETRY_LATER,0
0.5909090909090909,0.5555555555555556,6997.35,NETBANKING,HDFC,CARD_EXPIRED,14,SEND_REMINDER,0
0.6136363636363636,0.5294117647058824,6886.33,WALLET,YESBANK,NETWORK_ERROR,0,SEND_REMINDER,1
0.5,0.42857142857142855,6076.96,UPI,KOTAK,CARD_EXPIRED,13,NO_ACTION,0
0.782608695652174,0.4666666666666667,9655.41,NETBANKING,KOTAK,NETWORK_ERROR,2,RETRY_NOW,1
0.7333333333333333,0.75,9375.79,CARD,YESBANK,CARD_EXPIRED,12,RETRY_LATER,1
0.7,0.4444444444444444,3147.03,UPI,KOTAK,BANK_TIMEOUT,10,RETRY_NOW,0
0.9120879120879121,0.25,6282.51,UPI,HDFC,LIMIT_EXCEEDED,5,SEND_REMINDER,0
0.7333333333333333,0.5,1812.03,WALLET,AXIS,LIMIT_EXCEEDED,4,RETRY_NOW,0
0.7692307692307693,0.0,7204.27,NETBANKING,AXIS,AUTHENTICATION_FAILED,23,RETRY_LATER,0
0.7368421052631579,0.4,4970.11,CARD,AXIS,INSUFFICIENT_FUNDS,13,NO_ACTION,0
0.5714285714285714,1.0,1910.58,CARD,AXIS,BANK_TIMEOUT,23,RETRY_NOW,0
0.782608695652174,0.85,859.24,WALLET,AXIS,NETWORK_ERROR,11,RETRY_LATER,1
0.7746478873239436,0.625,4851.39,NETBANKING,KOTAK,AUTHENTICATION_FAILED,19,NO_ACTION,0
0.72,0.42857142857142855,6435.67,NETBANKING,HDFC,AUTHENTICATION_FAILED,2,NO_ACTION,0
0.6296296296296297,0.5,3199.51,CARD,AXIS,NETWORK_ERROR,14,RETRY_NOW,1
0.8,0.5,4423.98,NETBANKING,YESBANK,INSUFFICIENT_FUNDS,11,NO_ACTION,0
0.5714285714285714,0.3333333333333333,6838.18,WALLET,ICICI,LIMIT_EXCEEDED,13,SEND_REMINDER,0
0.9117647058823529,0.5,3509.79,NETBANKING,ICICI,AUTHENTICATION_FAILED,19,SEND_REMINDER,1
0.7941176470588235,0.5714285714285714,6219.62,UPI,HDFC,CARD_EXPIRED,15,NO_ACTION,0
0.65625,0.6363636363636364,5056.32,WALLET,KOTAK,AUTHENTICATION_FAILED,10,RETRY_NOW,0
0.3333333333333333,0.5,9079.96,NETBANKING,ICICI,INSUFFICIENT_FUNDS,16,NO_ACTION,0
0.9354838709677419,0.5,5351.88,NETBANKING,HDFC,CARD_EXPIRED,14,RETRY_NOW,1
0.7272727272727273,0.4583333333333333,4405.33,NETBANKING,YESBANK,CARD_EXPIRED,23,SEND_REMINDER,1
0.75,0.8333333333333334,6518.06,NETBANKING,SBI,BANK_TIMEOUT,19,SEND_REMINDER,0
0.775,0.6111111111111112,342.52,CARD,AXIS,AUTHENTICATION_FAILED,2,SEND_REMINDER,0
0.7368421052631579,0.8,449.42,NETBANKING,ICICI,LIMIT_EXCEEDED,7,RETRY_LATER,0
0.5,0.0,4348.9,NETBANKING,ICICI,BANK_TIMEOUT,8,RETRY_LATER,1
0.5,0.0,4348.9,NETBANKING,ICICI,BANK_TIMEOUT,8,SEND_REMINDER,0
0.7636363636363637,0.38461538461538464,8575.21,NETBANKING,ICICI,NETWORK_ERROR,15,SEND_REMINDER,0
0.8125,1.0,7717.77,NETBANKING,AXIS,AUTHENTICATION_FAILED,18,RETRY_LATER,1
0.6,0.0,1780.1,CARD,SBI,AUTHENTICATION_FAILED,5,RETRY_LATER,0
0.9318181818181818,0.0,8229.22,WALLET,YESBANK,INSUFFICIENT_FUNDS,1,RETRY_LATER,1
0.8409090909090909,0.42857142857142855,2884.7,NETBANKING,HDFC,AUTHENTICATION_FAILED,11,RETRY_LATER,1
0.7526881720430108,0.43478260869565216,3312.43,WALLET,YESBANK,INSUFFICIENT_FUNDS,4,NO_ACTION,0
0.7115384615384616,0.36666666666666664,1287.71,UPI,KOTAK,CARD_EXPIRED,21,SEND_REMINDER,1
0.7666666666666667,0.7142857142857143,584.98,NETBANKING,HDFC,LIMIT_EXCEEDED,7,RETRY_NOW,0
0.6190476190476191,0.5833333333333334,9357.24,WALLET,HDFC,AUTHENTICATION_FAILED,15,RETRY_NOW,0
0.75,0.0,7910.74,UPI,ICICI,AUTHENTICATION_FAILED,15,SEND_REMINDER,0
0.651685393258427,0.6129032258064516,8606.42,CARD,AXIS,CARD_EXPIRED,9,RETRY_LATER,1
0.9285714285714286,1.0,7236.29,NETBANKING,SBI,LIMIT_EXCEEDED,5,NO_ACTION,0
0.7708333333333334,0.5454545454545454,759.8,WALLET,ICICI,CARD_EXPIRED,8,NO_ACTION,0
0.6071428571428571,0.6363636363636364,4092.66,CARD,YESBANK,NETWORK_ERROR,1,NO_ACTION,0
0.8045977011494253,0.6470588235294118,9419.7,UPI,HDFC,AUTHENTICATION_FAILED,12,RETRY_LATER,0
0.7634408602150538,0.5,8673.6,WALLET,HDFC,LIMIT_EXCEEDED,3,SEND_REMINDER,0
0.75,0.0,404.45,CARD,AXIS,CARD_EXPIRED,1,SEND_REMINDER,0
0.7777777777777778,0.75,867.3,CARD,ICICI,AUTHENTICATION_FAILED,2,NO_ACTION,0
0.9402985074626866,0.75,3215.65,CARD,AXIS,CARD_EXPIRED,19,SEND_REMINDER,1
0.5333333333333333,0.2857142857142857,4596.01,UPI,ICICI,INSUFFICIENT_FUNDS,21,NO_ACTION,0
0.6621621621621622,0.32,6949.98,UPI,ICICI,BANK_TIMEOUT,12,RETRY_LATER,0
0.7362637362637363,0.5,1959.39,WALLET,YESBANK,NETWORK_ERROR,4,RETRY_NOW,1
0.6904761904761905,0.38461538461538464,2201.78,UPI,YESBANK,INSUFFICIENT_FUNDS,5,SEND_REMINDER,0
0.7719298245614035,0.8461538461538461,4884.42,WALLET,SBI,BANK_TIMEOUT,12,NO_ACTION,0
0.875,0.75,8949.64,WALLET,KOTAK,NETWORK_ERROR,10,RETRY_NOW,1
0.5294117647058824,0.5,7938.87,UPI,HDFC,CARD_EXPIRED,12,SEND_REMINDER,1
0.7096774193548387,0.4444444444444444,6745.01,CARD,ICICI,LIMIT_EXCEEDED,15,SEND_REMINDER,0
0.7875,0.8235294117647058,8557.26,NETBANKING,AXIS,AUTHENTICATION_FAILED,7,NO_ACTION,0
0.9473684210526315,0.0,8562.25,CARD,YESBANK,CARD_EXPIRED,13,NO_ACTION,0
0.8222222222222222,0.375,5690.48,UPI,KOTAK,INSUFFICIENT_FUNDS,7,RETRY_NOW,0
0.631578947368421,0.5,7625.07,CARD,AXIS,CARD_EXPIRED,10,RETRY_LATER,0
0.7540983606557377,0.7333333333333333,6006.07,WALLET,KOTAK,NETWORK_ERROR,6,NO_ACTION,0
0.7872340425531915,0.4,6569.26,NETBANKING,KOTAK,BANK_TIMEOUT,20,RETRY_NOW,1
0.6271186440677966,0.5681818181818182,7035.53,CARD,YESBANK,CARD_EXPIRED,15,SEND_REMINDER,0
0.7195121951219512,0.13043478260869565,301.59,UPI,YESBANK,BANK_TIMEOUT,12,SEND_REMINDER,0
0.660377358490566,0.5555555555555556,3501.89,CARD,SBI,INSUFFICIENT_FUNDS,12,SEND_REMINDER,1
0.631578947368421,0.5,2464.61,WALLET,YESBANK,BANK_TIMEOUT,21,RETRY_NOW,1
0.35714285714285715,0.6111111111111112,1742.5,WALLET,ICICI,LIMIT_EXCEEDED,7,SEND_REMINDER,0
0.7692307692307693,0.16666666666666666,7244.37,CARD,KOTAK,CARD_EXPIRED,6,RETRY_LATER,0
0.7142857142857143,0.5,8583.22,WALLET,SBI,CARD_EXPIRED,21,SEND_REMINDER,1
0.0,1.0,7276.9,WALLET,SBI,LIMIT_EXCEEDED,6,NO_ACTION,0
0.8416666666666667,0.47368421052631576,7101.12,WALLET,SBI,NETWORK_ERROR,7,SEND_REMINDER,1
0.7837837837837838,0.5,504.13,WALLET,YESBANK,AUTHENTICATION_FAILED,10,RETRY_NOW,0
0.6857142857142857,0.5909090909090909,6009.12,CARD,HDFC,LIMIT_EXCEEDED,23,NO_ACTION,0
0.5,1.0,8508.57,CARD,AXIS,CARD_EXPIRED,0,RETRY_NOW,1
0.8484848484848485,0.2,3354.48,WALLET,YESBANK,BANK_TIMEOUT,16,RETRY_LATER,1
0.620253164556962,0.4,110.97,UPI,SBI,LIMIT_EXCEEDED,18,RETRY_NOW,0
0.6363636363636364,0.5,8344.16,WALLET,HDFC,CARD_EXPIRED,17,RETRY_NOW,0
0.7428571428571429,0.3888888888888889,3657.55,UPI,ICICI,AUTHENTICATION_FAILED,14,RETRY_LATER,0
0.7916666666666666,0.6,9884.96,CARD,YESBANK,AUTHENTICATION_FAILED,1,RETRY_NOW,0
0.6590909090909091,0.4,8375.85,CARD,AXIS,LIMIT_EXCEEDED,3,NO_ACTION,0
0.6666666666666666,0.5,3152.07,UPI,SBI,INSUFFICIENT_FUNDS,0,RETRY_NOW,0
0.6818181818181818,0.7142857142857143,1234.65,NETBANKING,SBI,LIMIT_EXCEEDED,14,RETRY_LATER,0
0.581081081081081,0.5161290322580645,2909.05,WALLET,KOTAK,INSUFFICIENT_FUNDS,1,RETRY_LATER,0
0.5,0.0,8214.99,WALLET,KOTAK,LIMIT_EXCEEDED,16,NO_ACTION,0
0.6285714285714286,0.6153846153846154,997.11,UPI,SBI,BANK_TIMEOUT,19,NO_ACTION,0
0.782608695652174,0.6,8264.72,WALLET,HDFC,NETWORK_ERROR,1,RETRY_LATER,0
0.75,0.4117647058823529,906.23,NETBANKING,ICICI,INSUFFICIENT_FUNDS,15,NO_ACTION,0
0.8840579710144928,0.375,4790.25,CARD,SBI,LIMIT_EXCEEDED,4,NO_ACTION,0
0.7862595419847328,0.35714285714285715,8053.1,WALLET,AXIS,CARD_EXPIRED,15,SEND_REMINDER,1
0.6617647058823529,0.6956521739130435,4974.87,NETBANKING,HDFC,CARD_EXPIRED,11,RETRY_LATER,0
0.7906976744186046,0.3333333333333333,6045.96,NETBANKING,KOTAK,AUTHENTICATION_FAILED,7,RETRY_NOW,0
0.6666666666666666,1.0,4354.1,NETBANKING,KOTAK,AUTHENTICATION_FAILED,14,RETRY_NOW,0
0.9014084507042254,0.42857142857142855,5941.91,UPI,YESBANK,BANK_TIMEOUT,11,SEND_REMINDER,0
0.8076923076923077,0.4,8372.33,CARD,YESBANK,BANK_TIMEOUT,7,RETRY_LATER,1
0.6901408450704225,0.36363636363636365,3151.9,UPI,KOTAK,BANK_TIMEOUT,4,SEND_REMINDER,0
0.8181818181818182,0.5,3083.35,NETBANKING,KOTAK,INSUFFICIENT_FUNDS,20,RETRY_NOW,0
0.7111111111111111,0.5384615384615384,2674.7,CARD,ICICI,BANK_TIMEOUT,9,RETRY_LATER,0
0.7142857142857143,0.75,6069.86,WALLET,ICICI,CARD_EXPIRED,1,RETRY_NOW,1
0.84,0.75,1314.04,NETBANKING,AXIS,BANK_TIMEOUT,10,NO_ACTION,0
0.8125,0.5555555555555556,440.0,NETBANKING,ICICI,INSUFFICIENT_FUNDS,4,NO_ACTION,0
0.0,0.5,8371.06,WALLET,KOTAK,AUTHENTICATION_FAILED,21,NO_ACTION,0
0.8421052631578947,0.6666666666666666,8602.94,CARD,ICICI,LIMIT_EXCEEDED,17,RETRY_NOW,0
0.7380952380952381,0.5454545454545454,9420.67,CARD,SBI,LIMIT_EXCEEDED,8,NO_ACTION,0
0.631578947368421,0.2857142857142857,2611.58,WALLET,HDFC,NETWORK_ERROR,1,SEND_REMINDER,0
0.7631578947368421,0.8888888888888888,9200.44,CARD,ICICI,NETWORK_ERROR,15,SEND_REMINDER,1
0.8947368421052632,0.0,7018.72,NETBANKING,YESBANK,INSUFFICIENT_FUNDS,10,RETRY_LATER,0
0.7307692307692307,0.42857142857142855,8874.18,NETBANKING,AXIS,AUTHENTICATION_FAILED,14,SEND_REMINDER,0
0.851063829787234,0.5714285714285714,4685.36,UPI,YESBANK,NETWORK_ERROR,16,RETRY_NOW,0
0.7011494252873564,0.6538461538461539,736.67,UPI,HDFC,INSUFFICIENT_FUNDS,19,RETRY_LATER,0
0.7391304347826086,0.6666666666666666,7183.24,NETBANKING,ICICI,INSUFFICIENT_FUNDS,20,NO_ACTION,0
0.9375,1.0,5346.65,CARD,ICICI,LIMIT_EXCEEDED,0,NO_ACTION,0
0.9583333333333334,1.0,9353.67,WALLET,YESBANK,AUTHENTICATION_FAILED,4,RETRY_NOW,0
0.6883116883116883,0.5416666666666666,2110.98,WALLET,KOTAK,AUTHENTICATION_FAILED,3,SEND_REMINDER,0
0.9594594594594594,0.3333333333333333,8517.42,WALLET,AXIS,LIMIT_EXCEEDED,20,RETRY_LATER,1
0.8695652173913043,0.3333333333333333,9593.33,UPI,YESBANK,BANK_TIMEOUT,6,RETRY_LATER,1
0.6705882352941176,0.6785714285714286,2728.9,WALLET,KOTAK,INSUFFICIENT_FUNDS,1,RETRY_NOW,0
0.6938775510204082,0.6,8993.23,WALLET,ICICI,CARD_EXPIRED,23,RETRY_NOW,0
0.7425742574257426,0.4230769230769231,7579.43,NETBANKING,KOTAK,AUTHENTICATION_FAILED,15,NO_ACTION,0
0.8,1.0,8627.5,CARD,ICICI,LIMIT_EXCEEDED,13,NO_ACTION,0
0.8409090909090909,0.42857142857142855,2884.7,NETBANKING,HDFC,AUTHENTICATION_FAILED,11,SEND_REMINDER,1
0.6666666666666666,0.5813953488372093,2255.25,NETBANKING,AXIS,CARD_EXPIRED,10,NO_ACTION,0
0.9,0.5,5494.46,UPI,AXIS,INSUFFICIENT_FUNDS,10,NO_ACTION,0
0.8421052631578947,0.3333333333333333,1034.5,CARD,YESBANK,LIMIT_EXCEEDED,23,RETRY_LATER,0
0.8208955223880597,0.3333333333333333,8807.93,NETBANKING,YESBANK,INSUFFICIENT_FUNDS,0,NO_ACTION,0
0.5,0.0,733.84,UPI,AXIS,AUTHENTICATION_FAILED,13,RETRY_NOW,0
0.6363636363636364,0.25,9377.11,WALLET,KOTAK,BANK_TIMEOUT,21,RETRY_LATER,1
0.631578947368421,0.21428571428571427,4295.8,UPI,KOTAK,INSUFFICIENT_FUNDS,22,RETRY_LATER,1
0.6875,0.2,2287.7,UPI,KOTAK,AUTHENTICATION_FAILED,10,SEND_REMINDER,1
0.7037037037037037,0.75,1680.24,UPI,AXIS,BANK_TIMEOUT,1,RETRY_LATER,0
0.7164179104477612,0.42105263157894735,1502.36,NETBANKING,KOTAK,CARD_EXPIRED,9,SEND_REMINDER,0
0.5714285714285714,0.3333333333333333,4814.72,NETBANKING,YESBANK,BANK_TIMEOUT,10,RETRY_NOW,1
0.9076923076923077,0.5,5729.4,NETBANKING,SBI,LIMIT_EXCEEDED,4,SEND_REMINDER,1
0.7446808510638298,0.3333333333333333,9990.99,NETBANKING,HDFC,LIMIT_EXCEEDED,22,NO_ACTION,0
0.6363636363636364,0.25,5163.31,CARD,AXIS,BANK_TIMEOUT,19,RETRY_LATER,0
0.8301886792452831,0.4444444444444444,7751.73,CARD,YESBANK,BANK_TIMEOUT,14,RETRY_LATER,0
0.68,0.5,9011.8,CARD,HDFC,NETWORK_ERROR,3,SEND_REMINDER,0
0.7586206896551724,0.42857142857142855,9023.85,CARD,ICICI,AUTHENTICATION_FAILED,15,RETRY_NOW,0
0.9369369369369369,0.5714285714285714,5254.26,UPI,KOTAK,CARD_EXPIRED,7,RETRY_NOW,0
0.8095238095238095,0.25,1953.99,NETBANKING,YESBANK,BANK_TIMEOUT,10,NO_ACTION,0
0.7619047619047619,0.4,2046.8,UPI,HDFC,LIMIT_EXCEEDED,1,RETRY_NOW,0
0.7702702702702703,0.47058823529411764,1904.03,NETBANKING,ICICI,AUTHENTICATION_FAILED,23,RETRY_NOW,0
0.75,0.75,3849.42,UPI,AXIS,AUTHENTICATION_FAILED,22,RETRY_NOW,0
0.6964285714285714,0.5294117647058824,9416.85,UPI,HDFC,CARD_EXPIRED,20,RETRY_NOW,0
0.8,0.3333333333333333,7936.45,NETBANKING,KOTAK,LIMIT_EXCEEDED,10,RETRY_NOW,0
0.625,0.5833333333333334,6041.88,CARD,HDFC,AUTHENTICATION_FAILED,14,SEND_REMINDER,1
0.6071428571428571,0.45454545454545453,6269.1,WALLET,KOTAK,INSUFFICIENT_FUNDS,11,SEND_REMINDER,0
0.5909090909090909,0.6296296296296297,9999.03,NETBANKING,HDFC,NETWORK_ERROR,8,RETRY_LATER,0
0.5555555555555556,0.75,1484.52,WALLET,AXIS,NETWORK_ERROR,1,RETRY_LATER,0
0.7195121951219512,0.13043478260869565,301.59,UPI,YESBANK,BANK_TIMEOUT,12,NO_ACTION,0
0.6065573770491803,0.2916666666666667,1266.93,UPI,AXIS,AUTHENTICATION_FAILED,15,NO_ACTION,0
0.6756756756756757,0.5,108.08,UPI,ICICI,INSUFFICIENT_FUNDS,2,NO_ACTION,0
0.5,0.5,9438.18,WALLET,HDFC,BANK_TIMEOUT,13,RETRY_NOW,1
0.7052631578947368,0.4642857142857143,4660.03,UPI,AXIS,CARD_EXPIRED,14,NO_ACTION,0
0.5648148148148148,0.425531914893617,9563.31,CARD,HDFC,AUTHENTICATION_FAILED,15,RETRY_NOW,0
0.5806451612903226,0.5384615384615384,8063.27,NETBANKING,SBI,AUTHENTICATION_FAILED,14,NO_ACTION,0
0.7388059701492538,0.7142857142857143,2685.13,CARD,ICICI,NETWORK_ERROR,12,NO_ACTION,0
0.6950354609929078,0.5348837209302325,3166.34,WALLET,HDFC,INSUFFICIENT_FUNDS,19,RETRY_LATER,0
0.7627118644067796,0.35714285714285715,409.74,CARD,YESBANK,AUTHENTICATION_FAILED,2,RETRY_NOW,1
0.671875,0.6428571428571429,6178.73,CARD,YESBANK,BANK_TIMEOUT,3,NO_ACTION,0
0.6607142857142857,0.5789473684210527,3102.38,WALLET,KOTAK,INSUFFICIENT_FUNDS,23,SEND_REMINDER,0
0.9302325581395349,0.6666666666666666,6063.07,UPI,AXIS,LIMIT_EXCEEDED,21,RETRY_NOW,1
0.7692307692307693,0.8333333333333334,6937.44,UPI,HDFC,AUTHENTICATION_FAILED,12,SEND_REMINDER,1
0.2857142857142857,0.6,5908.65,NETBANKING,SBI,NETWORK_ERROR,4,NO_ACTION,0
0.6363636363636364,0.5,2017.78,NETBANKING,KOTAK,BANK_TIMEOUT,16,SEND_REMINDER,1
0.8484848484848485,0.4,364.12,WALLET,HDFC,INSUFFICIENT_FUNDS,23,RETRY_LATER,0
0.8275862068965517,0.0,5645.23,NETBANKING,KOTAK,BANK_TIMEOUT,18,NO_ACTION,0
0.7948717948717948,0.75,6152.29,WALLET,KOTAK,AUTHENTICATION_FAILED,0,NO_ACTION,0
0.5,0.0,582.31,UPI,AXIS,NETWORK_ERROR,6,RETRY_NOW,0
0.7142857142857143,0.75,782.47,WALLET,YESBANK,LIMIT_EXCEEDED,6,RETRY_NOW,1
0.8333333333333334,0.42857142857142855,730.8,CARD,HDFC,BANK_TIMEOUT,6,RETRY_LATER,1
0.8,0.36363636363636365,1303.1,UPI,YESBANK,LIMIT_EXCEEDED,16,RETRY_LATER,0
0.7894736842105263,0.5,4162.83,WALLET,ICICI,CARD_EXPIRED,18,SEND_REMINDER,1
0.7078651685393258,0.5,7455.69,WALLET,KOTAK,LIMIT_EXCEEDED,0,RETRY_NOW,1
0.9042553191489362,0.4444444444444444,7085.97,UPI,KOTAK,AUTHENTICATION_FAILED,23,RETRY_NOW,0
0.6666666666666666,0.0,2422.66,WALLET,KOTAK,BANK_TIMEOUT,13,RETRY_NOW,1
0.9230769230769231,0.75,2813.01,CARD,ICICI,BANK_TIMEOUT,7,SEND_REMINDER,1
0.7647058823529411,0.3333333333333333,1990.9,UPI,SBI,CARD_EXPIRED,12,RETRY_NOW,1
0.8028169014084507,0.5,7734.36,UPI,HDFC,CARD_EXPIRED,11,RETRY_NOW,1
0.7931034482758621,0.5,834.61,UPI,ICICI,AUTHENTICATION_FAILED,12,RETRY_LATER,1
0.42857142857142855,0.5,2056.1,UPI,ICICI,NETWORK_ERROR,0,RETRY_LATER,1
0.6875,0.6,788.63,UPI,ICICI,BANK_TIMEOUT,14,NO_ACTION,0
0.5833333333333334,0.4,365.5,NETBANKING,KOTAK,BANK_TIMEOUT,8,RETRY_NOW,1
0.8484848484848485,0.4,364.12,WALLET,HDFC,INSUFFICIENT_FUNDS,23,SEND_REMINDER,0
0.7280701754385965,0.41935483870967744,3977.95,NETBANKING,YESBANK,LIMIT_EXCEEDED,10,RETRY_LATER,1
0.7631578947368421,0.6666666666666666,1975.94,CARD,SBI,AUTHENTICATION_FAILED,19,SEND_REMINDER,0
0.75,0.875,4346.67,WALLET,HDFC,CARD_EXPIRED,3,NO_ACTION,0
0.9295774647887324,0.8,6144.61,NETBANKING,YESBANK,AUTHENTICATION_FAILED,13,RETRY_NOW,1
0.6470588235294118,0.3888888888888889,7507.85,UPI,AXIS,INSUFFICIENT_FUNDS,8,SEND_REMINDER,1
0.8,0.5833333333333334,6419.67,WALLET,HDFC,LIMIT_EXCEEDED,21,RETRY_NOW,0
0.5,0.25,5829.94,UPI,SBI,BANK_TIMEOUT,12,SEND_REMINDER,1
0.6578947368421053,0.7692307692307693,9581.8,CARD,SBI,NETWORK_ERROR,17,SEND_REMINDER,1
0.6779661016949152,0.6842105263157895,1898.88,WALLET,SBI,NETWORK_ERROR,16,NO_ACTION,0
0.6666666666666666,1.0,2952.13,CARD,SBI,AUTHENTICATION_FAILED,23,SEND_REMINDER,0
0.6379310344827587,0.47619047619047616,7552.01,UPI,AXIS,INSUFFICIENT_FUNDS,4,RETRY_LATER,0
0.7954545454545454,0.5,8408.0,CARD,SBI,AUTHENTICATION_FAILED,22,RETRY_LATER,0
0.9152542372881356,0.8,2107.75,WALLET,KOTAK,LIMIT_EXCEEDED,2,NO_ACTION,0
0.7258064516129032,0.47058823529411764,5665.71,WALLET,YESBANK,AUTHENTICATION_FAILED,18,SEND_REMINDER,1
0.9428571428571428,0.5,3638.84,NETBANKING,KOTAK,NETWORK_ERROR,17,RETRY_LATER,1
0.7142857142857143,0.8333333333333334,1308.87,CARD,YESBANK,BANK_TIMEOUT,22,RETRY_NOW,1
0.9166666666666666,0.0,9310.32,WALLET,SBI,CARD_EXPIRED,22,RETRY_LATER,0
0.8387096774193549,0.4,5737.74,NETBANKING,AXIS,NETWORK_ERROR,8,SEND_REMINDER,0
0.6451612903225806,0.5,2312.93,CARD,YESBANK,CARD_EXPIRED,2,RETRY_NOW,0
0.6666666666666666,1.0,5419.59,WALLET,SBI,CARD_EXPIRED,6,SEND_REMINDER,1
0.7745098039215687,0.5652173913043478,5663.47,NETBANKING,ICICI,NETWORK_ERROR,17,SEND_REMINDER,0
0.7023809523809523,0.48,1356.69,CARD,KOTAK,BANK_TIMEOUT,6,SEND_REMINDER,1
0.7222222222222222,0.5,7199.22,WALLET,ICICI,INSUFFICIENT_FUNDS,8,RETRY_NOW,0
0.8125,0.5555555555555556,440.0,NETBANKING,ICICI,INSUFFICIENT_FUNDS,4,RETRY_NOW,0
0.9594594594594594,0.3333333333333333,8517.42,WALLET,AXIS,LIMIT_EXCEEDED,20,SEND_REMINDER,0
0.7333333333333333,0.7,1608.8,NETBANKING,SBI,BANK_TIMEOUT,18,RETRY_NOW,1
0.673469387755102,0.5625,1141.92,CARD,YESBANK,LIMIT_EXCEEDED,22,SEND_REMINDER,0
0.76,0.5555555555555556,595.66,WALLET,YESBANK,NETWORK_ERROR,6,NO_ACTION,0
0.7777777777777778,0.5,5347.25,CARD,YESBANK,BANK_TIMEOUT,10,RETRY_LATER,0
0.7258064516129032,0.4117647058823529,9358.58,CARD,SBI,CARD_EXPIRED,6,NO_ACTION,0
0.75,0.4,1833.75,UPI,ICICI,AUTHENTICATION_FAILED,18,SEND_REMINDER,1
0.8333333333333334,0.5,2899.66,NETBANKING,AXIS,CARD_EXPIRED,23,NO_ACTION,0
0.7407407407407407,0.42857142857142855,6634.97,CARD,HDFC,BANK_TIMEOUT,15,RETRY_LATER,1
0.8333333333333334,0.42857142857142855,223.53,NETBANKING,ICICI,LIMIT_EXCEEDED,15,RETRY_NOW,0
0.7291666666666666,0.5384615384615384,6188.75,WALLET,SBI,NETWORK_ERROR,12,RETRY_LATER,0
0.7931034482758621,0.3333333333333333,5872.08,UPI,ICICI,AUTHENTICATION_FAILED,10,RETRY_NOW,1
0.6976744186046512,0.38461538461538464,9654.69,UPI,YESBANK,LIMIT_EXCEEDED,19,RETRY_LATER,1
0.7469879518072289,0.3333333333333333,4055.94,WALLET,YESBANK,AUTHENTICATION_FAILED,6,SEND_REMINDER,0
0.7741935483870968,0.7142857142857143,6367.48,WALLET,ICICI,AUTHENTICATION_FAILED,10,RETRY_NOW,1
0.7464788732394366,0.5,9693.8,NETBANKING,AXIS,NETWORK_ERROR,17,RETRY_LATER,0
0.7857142857142857,0.3333333333333333,3140.23,NETBANKING,ICICI,AUTHENTICATION_FAILED,9,NO_ACTION,0
0.8571428571428571,0.3333333333333333,9265.24,WALLET,SBI,LIMIT_EXCEEDED,6,NO_ACTION,0
0.6842105263157895,0.7222222222222222,3360.59,WALLET,SBI,CARD_EXPIRED,15,RETRY_LATER,0
0.797979797979798,0.5,7117.57,NETBANKING,ICICI,AUTHENTICATION_FAILED,0,SEND_REMINDER,0
0.5,0.0,5109.23,CARD,KOTAK,LIMIT_EXCEEDED,16,SEND_REMINDER,1
0.7,0.6666666666666666,8955.8,UPI,HDFC,AUTHENTICATION_FAILED,12,RETRY_LATER,0
0.8421052631578947,0.5,9333.65,CARD,HDFC,INSUFFICIENT_FUNDS,11,RETRY_NOW,0
0.7386363636363636,0.5217391304347826,4356.66,WALLET,ICICI,AUTHENTICATION_FAILED,1,NO_ACTION,0
0.66,0.5882352941176471,4165.87,CARD,YESBANK,INSUFFICIENT_FUNDS,15,RETRY_LATER,1
0.6666666666666666,0.6666666666666666,1005.82,NETBANKING,HDFC,NETWORK_ERROR,15,NO_ACTION,0
0.9090909090909091,0.4,7214.43,CARD,KOTAK,LIMIT_EXCEEDED,18,RETRY_NOW,1
0.775,0.6666666666666666,9179.12,WALLET,AXIS,CARD_EXPIRED,7,SEND_REMINDER,1
0.6818181818181818,0.7142857142857143,7872.08,WALLET,HDFC,BANK_TIMEOUT,8,RETRY_LATER,1
0.9642857142857143,0.0,4232.78,NETBANKING,KOTAK,AUTHENTICATION_FAILED,13,RETRY_LATER,1
0.4,0.3333333333333333,7942.05,UPI,KOTAK,AUTHENTICATION_FAILED,9,RETRY_LATER,1
0.9375,0.6666666666666666,733.47,CARD,SBI,NETWORK_ERROR,4,RETRY_NOW,0
0.7333333333333333,0.25,7881.03,WALLET,ICICI,NETWORK_ERROR,10,RETRY_LATER,0
0.7916666666666666,0.6,3309.97,CARD,AXIS,NETWORK_ERROR,2,RETRY_LATER,1
0.9634146341463414,0.6666666666666666,6402.06,UPI,KOTAK,INSUFFICIENT_FUNDS,4,SEND_REMINDER,0
0.6739130434782609,0.4666666666666667,3170.57,WALLET,HDFC,INSUFFICIENT_FUNDS,12,RETRY_NOW,0
0.6867469879518072,0.6153846153846154,5663.61,CARD,AXIS,LIMIT_EXCEEDED,4,RETRY_NOW,0
0.5217391304347826,0.5454545454545454,9244.98,UPI,YESBANK,LIMIT_EXCEEDED,10,RETRY_NOW,0
0.664,0.5476190476190477,6268.77,UPI,HDFC,BANK_TIMEOUT,10,NO_ACTION,0
0.782608695652174,0.6,5160.67,CARD,HDFC,INSUFFICIENT_FUNDS,19,SEND_REMINDER,0
0.8,1.0,2033.51,WALLET,ICICI,AUTHENTICATION_FAILED,15,RETRY_LATER,0
0.8857142857142857,0.5,6121.62,UPI,ICICI,CARD_EXPIRED,11,SEND_REMINDER,0
0.3333333333333333,0.5,6555.0,UPI,SBI,BANK_TIMEOUT,20,RETRY_NOW,1
0.6470588235294118,0.16666666666666666,8140.89,UPI,HDFC,AUTHENTICATION_FAILED,4,RETRY_LATER,0
0.7666666666666667,0.8571428571428571,7347.65,NETBANKING,HDFC,AUTHENTICATION_FAILED,19,NO_ACTION,0
0.6756756756756757,0.5,108.08,UPI,ICICI,INSUFFICIENT_FUNDS,2,RETRY_LATER,0
0.9629629629629629,1.0,8976.41,UPI,YESBANK,INSUFFICIENT_FUNDS,11,RETRY_LATER,0
0.72,0.42857142857142855,3939.85,UPI,KOTAK,BANK_TIMEOUT,1,RETRY_LATER,1
0.8412698412698413,0.7,5285.77,CARD,YESBANK,NETWORK_ERROR,8,RETRY_LATER,1
0.6666666666666666,0.5,2882.43,WALLET,AXIS,BANK_TIMEOUT,13,RETRY_NOW,1
0.6,0.6666666666666666,4293.51,UPI,KOTAK,INSUFFICIENT_FUNDS,11,SEND_REMINDER,1
0.8,0.4,677.81,WALLET,KOTAK,AUTHENTICATION_FAILED,11,NO_ACTION,0
0.5384615384615384,0.3333333333333333,3055.61,WALLET,SBI,CARD_EXPIRED,10,NO_ACTION,0
0.7719298245614035,0.46153846153846156,2591.39,WALLET,SBI,NETWORK_ERROR,9,RETRY_NOW,0
0.5428571428571428,0.5,4686.75,CARD,HDFC,AUTHENTICATION_FAILED,11,SEND_REMINDER,1
0.7894736842105263,0.5,1074.68,UPI,HDFC,BANK_TIMEOUT,10,RETRY_NOW,0
0.6867469879518072,0.6153846153846154,5663.61,CARD,AXIS,LIMIT_EXCEEDED,4,SEND_REMINDER,0
0.8241758241758241,0.6875,2111.98,CARD,HDFC,AUTHENTICATION_FAILED,4,SEND_REMINDER,1
0.8536585365853658,0.5,5386.96,NETBANKING,KOTAK,AUTHENTICATION_FAILED,7,RETRY_NOW,0
0.8125,0.4166666666666667,9146.48,NETBANKING,KOTAK,INSUFFICIENT_FUNDS,6,NO_ACTION,0
0.7297297297297297,0.4,1290.75,NETBANKING,HDFC,BANK_TIMEOUT,3,NO_ACTION,0
0.6,0.6,4759.13,NETBANKING,AXIS,BANK_TIMEOUT,13,NO_ACTION,0
0.8,0.375,4669.94,CARD,AXIS,CARD_EXPIRED,15,SEND_REMINDER,1
0.7530864197530864,0.5,189.54,WALLET,SBI,BANK_TIMEOUT,14,SEND_REMINDER,0
0.7684210526315789,0.2727272727272727,6595.0,NETBANKING,ICICI,AUTHENTICATION_FAILED,7,SEND_REMINDER,1
0.8823529411764706,0.5,9656.64,NETBANKING,ICICI,INSUFFICIENT_FUNDS,1,RETRY_LATER,1
0.9024390243902439,0.5,8916.08,UPI,ICICI,NETWORK_ERROR,2,RETRY_LATER,0
0.6666666666666666,0.4,5629.85,CARD,AXIS,AUTHENTICATION_FAILED,19,SEND_REMINDER,0
0.8333333333333334,0.0,634.37,WALLET,SBI,INSUFFICIENT_FUNDS,16,RETRY_LATER,0
0.7916666666666666,0.6,9884.96,CARD,YESBANK,AUTHENTICATION_FAILED,1,NO_ACTION,0
0.8131868131868132,0.5882352941176471,1766.81,CARD,ICICI,LIMIT_EXCEEDED,11,NO_ACTION,0
0.775,0.5555555555555556,3479.09,UPI,AXIS,LIMIT_EXCEEDED,20,RETRY_LATER,0
0.7872340425531915,0.6,3634.59,CARD,KOTAK,INSUFFICIENT_FUNDS,22,RETRY_NOW,1
0.6721311475409836,0.45,9537.84,CARD,HDFC,LIMIT_EXCEEDED,20,RETRY_LATER,0
0.6875,0.6,6379.05,WALLET,HDFC,AUTHENTICATION_FAILED,15,RETRY_LATER,1
0.4,0.6666666666666666,6456.26,WALLET,ICICI,NETWORK_ERROR,11,NO_ACTION,0
0.72,0.42857142857142855,6435.67,NETBANKING,HDFC,AUTHENTICATION_FAILED,2,SEND_REMINDER,0
0.8870967741935484,0.14285714285714285,999.32,WALLET,KOTAK,LIMIT_EXCEEDED,8,NO_ACTION,0
0.8842105263157894,0.7272727272727273,2665.58,NETBANKING,ICICI,CARD_EXPIRED,21,RETRY_NOW,1
0.92,0.5,1940.5,CARD,ICICI,LIMIT_EXCEEDED,14,RETRY_NOW,1
0.8227848101265823,0.2857142857142857,9924.37,NETBANKING,YESBANK,BANK_TIMEOUT,15,RETRY_LATER,1
0.8775510204081632,0.5,5603.69,UPI,YESBANK,NETWORK_ERROR,21,RETRY_LATER,1
0.0,0.0,6247.16,NETBANKING,AXIS,CARD_EXPIRED,0,RETRY_NOW,0
0.8846153846153846,0.5,6700.52,CARD,HDFC,LIMIT_EXCEEDED,7,SEND_REMINDER,0
0.8,0.4375,7797.8,NETBANKING,HDFC,LIMIT_EXCEEDED,11,SEND_REMINDER,0
0.0,0.0,5190.31,CARD,SBI,NETWORK_ERROR,22,RETRY_LATER,0
0.8333333333333334,1.0,8433.27,NETBANKING,HDFC,CARD_EXPIRED,14,RETRY_LATER,1
0.7777777777777778,0.6,6805.32,CARD,YESBANK,AUTHENTICATION_FAILED,6,NO_ACTION,0
0.7647058823529411,0.75,4164.23,NETBANKING,AXIS,LIMIT_EXCEEDED,4,NO_ACTION,0
0.6990291262135923,0.5483870967741935,2582.15,CARD,ICICI,INSUFFICIENT_FUNDS,6,RETRY_NOW,0
0.8387096774193549,0.4,6713.13,NETBANKING,ICICI,LIMIT_EXCEEDED,17,RETRY_NOW,0
0.782608695652174,0.4666666666666667,9655.41,NETBANKING,KOTAK,NETWORK_ERROR,2,SEND_REMINDER,1
0.7777777777777778,0.4090909090909091,6301.87,NETBANKING,ICICI,AUTHENTICATION_FAILED,9,NO_ACTION,0
0.8024691358024691,0.4375,2649.11,CARD,AXIS,AUTHENTICATION_FAILED,20,RETRY_NOW,0
0.7906976744186046,0.5555555555555556,5592.68,NETBANKING,YESBANK,NETWORK_ERROR,9,NO_ACTION,0
0.76,0.4166666666666667,2237.08,WALLET,YESBANK,BANK_TIMEOUT,4,NO_ACTION,0
0.5,1.0,3181.58,UPI,YESBANK,NETWORK_ERROR,21,SEND_REMINDER,0
0.7410714285714286,0.4827586206896552,4444.35,CARD,ICICI,CARD_EXPIRED,3,RETRY_LATER,0
0.9166666666666666,0.5,2259.36,WALLET,HDFC,INSUFFICIENT_FUNDS,13,NO_ACTION,0
0.9069767441860465,0.75,4033.87,WALLET,YESBANK,CARD_EXPIRED,14,RETRY_LATER,0
0.9117647058823529,0.6666666666666666,8277.23,UPI,HDFC,BANK_TIMEOUT,2,NO_ACTION,0
0.5972222222222222,0.5862068965517241,1053.15,WALLET,HDFC,AUTHENTICATION_FAILED,22,SEND_REMINDER,0
0.75,1.0,8444.71,WALLET,KOTAK,CARD_EXPIRED,19,RETRY_NOW,0
0.5,1.0,8713.44,NETBANKING,HDFC,LIMIT_EXCEEDED,21,SEND_REMINDER,0
0.9619047619047619,0.0,5466.39,WALLET,AXIS,NETWORK_ERROR,4,RETRY_LATER,1
0.7446808510638298,0.3333333333333333,9990.99,NETBANKING,HDFC,LIMIT_EXCEEDED,22,SEND_REMINDER,0
0.47058823529411764,0.4444444444444444,6812.53,NETBANKING,KOTAK,INSUFFICIENT_FUNDS,6,NO_ACTION,0
0.7959183673469388,0.8,456.73,NETBANKING,YESBANK,NETWORK_ERROR,6,RETRY_LATER,1
0.65,0.2857142857142857,2938.5,NETBANKING,SBI,NETWORK_ERROR,9,SEND_REMINDER,0
0.6,1.0,4179.19,NETBANKING,ICICI,AUTHENTICATION_FAILED,15,RETRY_LATER,0
0.6835443037974683,0.4,3568.25,WALLET,KOTAK,CARD_EXPIRED,6,SEND_REMINDER,0
0.6880733944954128,0.5588235294117647,7607.93,WALLET,KOTAK,AUTHENTICATION_FAILED,5,NO_ACTION,0
0.9047619047619048,0.3333333333333333,486.87,WALLET,SBI,AUTHENTICATION_FAILED,10,RETRY_LATER,0
0.7894736842105263,0.5,1384.94,UPI,HDFC,CARD_EXPIRED,7,RETRY_LATER,0
0.7818181818181819,0.4166666666666667,7215.9,WALLET,ICICI,BANK_TIMEOUT,5,NO_ACTION,0
0.7401574803149606,0.45454545454545453,1354.29,WALLET,KOTAK,LIMIT_EXCEEDED,1,RETRY_NOW,0
0.8759124087591241,0.5294117647058824,9577.53,WALLET,AXIS,INSUFFICIENT_FUNDS,18,RETRY_LATER,1
0.7105263157894737,0.7727272727272727,2404.34,UPI,YESBANK,INSUFFICIENT_FUNDS,0,RETRY_NOW,1
0.75,0.4,338.3,UPI,HDFC,LIMIT_EXCEEDED,9,RETRY_LATER,1
0.85,0.6666666666666666,3152.83,WALLET,AXIS,INSUFFICIENT_FUNDS,0,RETRY_LATER,1
0.6666666666666666,0.4166666666666667,4053.46,CARD,KOTAK,AUTHENTICATION_FAILED,0,SEND_REMINDER,0
0.7246376811594203,0.3684210526315789,4606.1,CARD,YESBANK,NETWORK_ERROR,11,SEND_REMINDER,1
0.7865168539325843,0.42105263157894735,1519.56,CARD,ICICI,AUTHENTICATION_FAILED,18,RETRY_LATER,1
0.7526881720430108,0.43478260869565216,3312.43,WALLET,YESBANK,INSUFFICIENT_FUNDS,4,RETRY_LATER,0
0.0,1.0,1828.63,NETBANKING,ICICI,NETWORK_ERROR,4,SEND_REMINDER,0
0.875,0.3333333333333333,9269.89,WALLET,SBI,AUTHENTICATION_FAILED,11,RETRY_LATER,0
0.9591836734693877,1.0,5176.06,WALLET,KOTAK,LIMIT_EXCEEDED,8,NO_ACTION,0
0.3333333333333333,0.5,9079.96,NETBANKING,ICICI,INSUFFICIENT_FUNDS,16,RETRY_LATER,1
0.7317073170731707,0.36363636363636365,4758.92,CARD,YESBANK,NETWORK_ERROR,11,RETRY_LATER,1
0.75,0.5,3684.86,NETBANKING,SBI,LIMIT_EXCEEDED,2,RETRY_LATER,1
0.6190476190476191,0.5625,2608.21,CARD,KOTAK,CARD_EXPIRED,6,RETRY_NOW,0
0.7280701754385965,0.6451612903225806,5297.02,WALLET,KOTAK,BANK_TIMEOUT,1,RETRY_LATER,1
0.7272727272727273,0.3333333333333333,6971.37,NETBANKING,KOTAK,CARD_EXPIRED,4,RETRY_LATER,0
0.8,0.0,6970.4,WALLET,SBI,AUTHENTICATION_FAILED,10,SEND_REMINDER,1
0.8641975308641975,0.7272727272727273,9206.54,NETBANKING,AXIS,NETWORK_ERROR,2,NO_ACTION,0
0.8333333333333334,0.3333333333333333,1934.7,WALLET,KOTAK,AUTHENTICATION_FAILED,0,NO_ACTION,0
0.7111111111111111,0.41025641025641024,3272.36,UPI,ICICI,BANK_TIMEOUT,16,RETRY_LATER,1
0.7596153846153846,0.28,3063.46,CARD,SBI,LIMIT_EXCEEDED,23,SEND_REMINDER,0
0.43333333333333335,0.4117647058823529,3026.03,WALLET,YESBANK,AUTHENTICATION_FAILED,23,RETRY_LATER,0
0.7352941176470589,0.3333333333333333,1012.25,CARD,SBI,LIMIT_EXCEEDED,5,RETRY_LATER,0
0.782608695652174,0.6,8264.72,WALLET,HDFC,NETWORK_ERROR,1,RETRY_NOW,1
0.6666666666666666,0.0,2422.66,WALLET,KOTAK,BANK_TIMEOUT,13,NO_ACTION,0
0.7,0.5,3100.21,WALLET,AXIS,CARD_EXPIRED,13,NO_ACTION,0
0.7096774193548387,0.6666666666666666,1758.16,CARD,HDFC,CARD_EXPIRED,17,NO_ACTION,0
0.6190476190476191,0.5,6473.24,CARD,YESBANK,LIMIT_EXCEEDED,22,SEND_REMINDER,0
0.726027397260274,0.35,4081.06,NETBANKING,ICICI,LIMIT_EXCEEDED,15,RETRY_NOW,0
0.9090909090909091,1.0,2406.45,WALLET,KOTAK,AUTHENTICATION_FAILED,8,RETRY_LATER,1
0.7,0.47619047619047616,1602.46,WALLET,AXIS,AUTHENTICATION_FAILED,5,RETRY_NOW,1
0.9090909090909091,0.6,6672.34,CARD,SBI,NETWORK_ERROR,7,RETRY_LATER,1
0.7777777777777778,0.5,7309.95,WALLET,KOTAK,CARD_EXPIRED,1,RETRY_NOW,1
0.7307692307692307,0.42857142857142855,8874.18,NETBANKING,AXIS,AUTHENTICATION_FAILED,14,RETRY_NOW,0
0.8571428571428571,0.5,2647.98,WALLET,AXIS,INSUFFICIENT_FUNDS,11,RETRY_LATER,0
0.0,0.0,8100.41,WALLET,SBI,BANK_TIMEOUT,10,RETRY_NOW,0
0.5833333333333334,1.0,9446.04,NETBANKING,KOTAK,INSUFFICIENT_FUNDS,22,NO_ACTION,0
0.7,0.6666666666666666,9114.87,CARD,SBI,CARD_EXPIRED,8,RETRY_LATER,1
0.5833333333333334,0.4,7686.2,NETBANKING,ICICI,NETWORK_ERROR,12,SEND_REMINDER,1
0.7894736842105263,0.4166666666666667,8118.28,UPI,YESBANK,INSUFFICIENT_FUNDS,0,NO_ACTION,0
0.7111111111111111,0.6923076923076923,4966.4,WALLET,YESBANK,INSUFFICIENT_FUNDS,3,RETRY_NOW,1
0.6285714285714286,0.46153846153846156,9408.62,NETBANKING,YESBANK,LIMIT_EXCEEDED,10,SEND_REMINDER,0
0.7,0.5,8131.01,CARD,AXIS,LIMIT_EXCEEDED,0,RETRY_LATER,0
0.7777777777777778,0.5,5347.25,CARD,YESBANK,BANK_TIMEOUT,10,NO_ACTION,0
0.8275862068965517,0.2,9745.42,WALLET,HDFC,LIMIT_EXCEEDED,17,SEND_REMINDER,0
0.8928571428571429,0.5,4919.96,NETBANKING,AXIS,INSUFFICIENT_FUNDS,21,NO_ACTION,0
0.7241379310344828,0.375,943.92,CARD,HDFC,NETWORK_ERROR,9,RETRY_LATER,0
0.7941176470588235,0.35714285714285715,1351.3,WALLET,AXIS,BANK_TIMEOUT,5,SEND_REMINDER,0
0.703125,0.3684210526315789,3449.49,CARD,SBI,BANK_TIMEOUT,2,NO_ACTION,0
0.8053097345132744,0.45454545454545453,4844.76,WALLET,KOTAK,BANK_TIMEOUT,11,SEND_REMINDER,0
0.6565656565656566,0.5,5963.05,NETBANKING,KOTAK,CARD_EXPIRED,8,RETRY_LATER,1
0.6666666666666666,0.2857142857142857,3354.95,NETBANKING,ICICI,INSUFFICIENT_FUNDS,21,RETRY_LATER,0
0.6666666666666666,0.625,9130.71,NETBANKING,SBI,CARD_EXPIRED,8,NO_ACTION,0
0.9032258064516129,0.5,8512.42,NETBANKING,HDFC,CARD_EXPIRED,18,SEND_REMINDER,0
0.5625,0.2857142857142857,8323.18,WALLET,AXIS,INSUFFICIENT_FUNDS,3,RETRY_LATER,0
0.8508771929824561,0.5294117647058824,5423.41,UPI,KOTAK,INSUFFICIENT_FUNDS,3,NO_ACTION,0
0.7777777777777778,1.0,1687.06,CARD,KOTAK,BANK_TIMEOUT,20,RETRY_LATER,1
0.7666666666666667,0.5238095238095238,5785.26,CARD,KOTAK,LIMIT_EXCEEDED,22,RETRY_NOW,0
0.8292682926829268,0.42857142857142855,4408.6,NETBANKING,KOTAK,BANK_TIMEOUT,8,SEND_REMINDER,1
0.8387096774193549,0.4,6713.13,NETBANKING,ICICI,LIMIT_EXCEEDED,17,RETRY_LATER,1
0.7476635514018691,0.4444444444444444,7016.16,WALLET,YESBANK,NETWORK_ERROR,1,RETRY_LATER,1
0.625,0.5,9476.89,UPI,KOTAK,INSUFFICIENT_FUNDS,4,NO_ACTION,0
0.8636363636363636,0.3333333333333333,4831.95,CARD,SBI,LIMIT_EXCEEDED,11,SEND_REMINDER,0
0.5757575757575758,0.5,6071.65,WALLET,SBI,BANK_TIMEOUT,4,RETRY_LATER,0
0.5454545454545454,0.48,3942.94,WALLET,SBI,CARD_EXPIRED,2,SEND_REMINDER,0
0.5737704918032787,0.38461538461538464,4444.27,CARD,AXIS,LIMIT_EXCEEDED,14,RETRY_LATER,0
0.7377049180327869,0.5,5510.66,NETBANKING,AXIS,INSUFFICIENT_FUNDS,11,SEND_REMINDER,1
0.6666666666666666,1.0,8518.38,CARD,HDFC,LIMIT_EXCEEDED,22,RETRY_LATER,1
0.7397260273972602,0.15789473684210525,7437.38,UPI,SBI,INSUFFICIENT_FUNDS,8,SEND_REMINDER,0
0.5,0.35714285714285715,4721.14,WALLET,ICICI,NETWORK_ERROR,3,SEND_REMINDER,0
0.7654320987654321,0.47368421052631576,4476.9,UPI,HDFC,NETWORK_ERROR,3,RETRY_NOW,1
0.7735849056603774,0.25,5667.06,NETBANKING,AXIS,CARD_EXPIRED,20,RETRY_NOW,0
0.8852459016393442,0.42857142857142855,6026.74,CARD,AXIS,CARD_EXPIRED,2,SEND_REMINDER,0
0.7346938775510204,0.23076923076923078,2911.5,CARD,AXIS,BANK_TIMEOUT,19,SEND_REMINDER,0
0.8823529411764706,0.5,330.37,NETBANKING,KOTAK,CARD_EXPIRED,12,RETRY_NOW,0
0.7818181818181819,0.6666666666666666,7543.09,UPI,AXIS,CARD_EXPIRED,15,SEND_REMINDER,0
0.7222222222222222,0.8,4802.72,CARD,YESBANK,BANK_TIMEOUT,3,NO_ACTION,0
0.5555555555555556,0.25,1640.5,WALLET,AXIS,AUTHENTICATION_FAILED,9,RETRY_NOW,0
0.6904761904761905,0.38461538461538464,2201.78,UPI,YESBANK,INSUFFICIENT_FUNDS,5,RETRY_NOW,0
0.6904761904761905,0.5384615384615384,9895.32,CARD,HDFC,BANK_TIMEOUT,0,NO_ACTION,0
0.9097222222222222,0.5384615384615384,7493.7,UPI,AXIS,CARD_EXPIRED,7,SEND_REMINDER,1
0.7272727272727273,0.4444444444444444,1011.27,UPI,SBI,BANK_TIMEOUT,5,RETRY_NOW,0
0.6896551724137931,0.4444444444444444,3611.41,NETBANKING,ICICI,NETWORK_ERROR,7,SEND_REMINDER,0
0.6909090909090909,0.5294117647058824,6782.38,NETBANKING,KOTAK,LIMIT_EXCEEDED,14,RETRY_NOW,0
0.42857142857142855,0.5,1770.35,NETBANKING,ICICI,INSUFFICIENT_FUNDS,8,RETRY_NOW,0
0.8125,1.0,7717.77,NETBANKING,AXIS,AUTHENTICATION_FAILED,18,NO_ACTION,0
0.84,0.375,7078.25,WALLET,ICICI,CARD_EXPIRED,19,RETRY_LATER,1
0.625,0.5833333333333334,6041.88,CARD,HDFC,AUTHENTICATION_FAILED,14,NO_ACTION,0
0.6896551724137931,0.5555555555555556,9436.24,WALLET,SBI,AUTHENTICATION_FAILED,1,RETRY_NOW,0
0.46153846153846156,0.5714285714285714,5241.71,CARD,ICICI,LIMIT_EXCEEDED,15,RETRY_NOW,0
0.5833333333333334,1.0,9446.04,NETBANKING,KOTAK,INSUFFICIENT_FUNDS,22,SEND_REMINDER,1
0.9259259259259259,0.5,8100.91,CARD,SBI,NETWORK_ERROR,2,RETRY_LATER,1
0.7096774193548387,0.4444444444444444,6745.01,CARD,ICICI,LIMIT_EXCEEDED,15,NO_ACTION,0
0.6226415094339622,0.45,3516.16,NETBANKING,AXIS,AUTHENTICATION_FAILED,23,RETRY_LATER,0
0.45454545454545453,0.4166666666666667,3432.4,WALLET,YESBANK,INSUFFICIENT_FUNDS,2,RETRY_NOW,0
0.84,0.75,2390.75,NETBANKING,HDFC,NETWORK_ERROR,16,NO_ACTION,0
0.3333333333333333,0.75,608.64,CARD,ICICI,INSUFFICIENT_FUNDS,22,NO_ACTION,0
0.7727272727272727,0.4,1780.8,WALLET,ICICI,CARD_EXPIRED,18,RETRY_LATER,0
0.7572815533980582,0.52,3624.04,WALLET,YESBANK,CARD_EXPIRED,12,SEND_REMINDER,0
0.7386363636363636,0.5217391304347826,4356.66,WALLET,ICICI,AUTHENTICATION_FAILED,1,RETRY_NOW,1
0.9574468085106383,1.0,2917.39,CARD,AXIS,NETWORK_ERROR,22,RETRY_NOW,1
0.5333333333333333,0.42857142857142855,7904.75,WALLET,HDFC,LIMIT_EXCEEDED,23,NO_ACTION,0
0.8421052631578947,0.3333333333333333,2157.04,UPI,YESBANK,CARD_EXPIRED,23,RETRY_LATER,0
0.6666666666666666,0.0,4465.31,CARD,KOTAK,AUTHENTICATION_FAILED,4,RETRY_LATER,0
0.8918918918918919,0.25,1043.17,CARD,YESBANK,CARD_EXPIRED,10,SEND_REMINDER,0
0.6818181818181818,0.42857142857142855,6591.01,UPI,YESBANK,CARD_EXPIRED,15,RETRY_NOW,0
0.717948717948718,0.5454545454545454,7230.5,UPI,YESBANK,LIMIT_EXCEEDED,4,NO_ACTION,0
0.6666666666666666,0.4,4764.14,WALLET,SBI,CARD_EXPIRED,7,RETRY_LATER,0
0.7419354838709677,0.5,1138.74,CARD,AXIS,NETWORK_ERROR,14,RETRY_LATER,1
0.5714285714285714,0.0,4237.78,NETBANKING,AXIS,BANK_TIMEOUT,15,RETRY_NOW,0
0.8571428571428571,0.4,2061.0,CARD,HDFC,BANK_TIMEOUT,5,RETRY_NOW,0
0.66,0.5882352941176471,4165.87,CARD,YESBANK,INSUFFICIENT_FUNDS,15,RETRY_NOW,0
0.9,0.0,6175.77,CARD,KOTAK,AUTHENTICATION_FAILED,19,NO_ACTION,0
0.6538461538461539,0.4444444444444444,6196.36,UPI,ICICI,NETWORK_ERROR,10,NO_ACTION,0
0.5652173913043478,0.5,5312.08,CARD,KOTAK,AUTHENTICATION_FAILED,7,SEND_REMINDER,0
0.6831683168316832,0.5,7479.23,WALLET,HDFC,CARD_EXPIRED,5,NO_ACTION,0
0.8064516129032258,0.3333333333333333,9677.73,CARD,YESBANK,CARD_EXPIRED,13,SEND_REMINDER,0
0.3333333333333333,0.25,5246.8,UPI,SBI,AUTHENTICATION_FAILED,3,RETRY_LATER,1
0.7830188679245284,0.43478260869565216,8162.57,NETBANKING,SBI,BANK_TIMEOUT,12,NO_ACTION,0
0.5882352941176471,0.6428571428571429,3039.43,NETBANKING,HDFC,INSUFFICIENT_FUNDS,19,SEND_REMINDER,0
0.6862745098039216,0.5625,6518.29,UPI,KOTAK,NETWORK_ERROR,18,NO_ACTION,0
0.8688524590163934,0.625,1077.21,CARD,SBI,CARD_EXPIRED,18,SEND_REMINDER,0
0.7666666666666667,0.7142857142857143,584.98,NETBANKING,HDFC,LIMIT_EXCEEDED,7,SEND_REMINDER,0
0.8,0.5555555555555556,5170.62,WALLET,ICICI,CARD_EXPIRED,7,NO_ACTION,0
0.725,0.18181818181818182,1593.21,UPI,YESBANK,BANK_TIMEOUT,2,RETRY_LATER,1
0.7941176470588235,0.5714285714285714,6219.62,UPI,HDFC,CARD_EXPIRED,15,RETRY_NOW,1
0.8333333333333334,0.5,9163.18,WALLET,HDFC,LIMIT_EXCEEDED,21,RETRY_LATER,1
0.5,0.25,8063.82,WALLET,KOTAK,CARD_EXPIRED,23,RETRY_LATER,1
0.8771929824561403,0.5714285714285714,9804.03,NETBANKING,YESBANK,NETWORK_ERROR,3,RETRY_NOW,0
0.7831325301204819,0.3333333333333333,4187.35,CARD,YESBANK,CARD_EXPIRED,23,RETRY_NOW,0
0.819672131147541,0.6363636363636364,1411.11,CARD,SBI,INSUFFICIENT_FUNDS,7,NO_ACTION,0
0.8181818181818182,0.5,6232.88,NETBANKING,HDFC,BANK_TIMEOUT,23,NO_ACTION,0
0.7956989247311828,0.3684210526315789,7175.42,WALLET,SBI,NETWORK_ERROR,19,RETRY_NOW,0
0.8,0.6363636363636364,6904.46,CARD,YESBANK,NETWORK_ERROR,12,SEND_REMINDER,1
0.7368421052631579,0.5714285714285714,4725.46,UPI,YESBANK,LIMIT_EXCEEDED,9,RETRY_LATER,0
0.8714285714285714,0.5555555555555556,3237.42,WALLET,HDFC,LIMIT_EXCEEDED,8,NO_ACTION,0
0.9130434782608695,0.625,467.53,WALLET,ICICI,INSUFFICIENT_FUNDS,20,RETRY_NOW,1
0.8,0.5652173913043478,4859.81,NETBANKING,YESBANK,CARD_EXPIRED,16,SEND_REMINDER,0
0.7241379310344828,0.375,2644.63,UPI,HDFC,LIMIT_EXCEEDED,4,RETRY_LATER,0
0.8958333333333334,0.4,1497.72,WALLET,HDFC,INSUFFICIENT_FUNDS,1,RETRY_LATER,0
0.7241379310344828,0.75,772.89,CARD,KOTAK,CARD_EXPIRED,10,RETRY_LATER,0
0.7692307692307693,0.3333333333333333,6121.51,UPI,ICICI,BANK_TIMEOUT,5,RETRY_LATER,1
0.8846153846153846,0.0,6564.24,NETBANKING,KOTAK,LIMIT_EXCEEDED,12,NO_ACTION,0
0.8666666666666667,0.5,6932.16,CARD,YESBANK,INSUFFICIENT_FUNDS,10,RETRY_NOW,0
0.6,0.4,5607.61,WALLET,SBI,BANK_TIMEOUT,5,RETRY_NOW,0
0.8333333333333334,0.4,8453.55,NETBANKING,HDFC,LIMIT_EXCEEDED,0,NO_ACTION,0
0.7301587301587301,0.6470588235294118,2593.78,UPI,KOTAK,CARD_EXPIRED,11,NO_ACTION,0
0.9393939393939394,1.0,2301.83,UPI,SBI,AUTHENTICATION_FAILED,7,SEND_REMINDER,1
0.8558558558558559,0.625,4554.1,UPI,AXIS,AUTHENTICATION_FAILED,17,SEND_REMINDER,1
0.7346938775510204,0.46153846153846156,3661.62,CARD,HDFC,AUTHENTICATION_FAILED,17,RETRY_NOW,0
0.6707317073170732,0.4074074074074074,3556.8,CARD,HDFC,CARD_EXPIRED,8,SEND_REMINDER,1
0.8172043010752689,0.47058823529411764,4518.77,CARD,AXIS,AUTHENTICATION_FAILED,7,SEND_REMINDER,0
0.7941176470588235,0.5714285714285714,6219.62,UPI,HDFC,CARD_EXPIRED,15,SEND_REMINDER,1
0.6,0.0,2547.59,NETBANKING,HDFC,INSUFFICIENT_FUNDS,0,SEND_REMINDER,1
0.8714285714285714,0.5555555555555556,3237.42,WALLET,HDFC,LIMIT_EXCEEDED,8,RETRY_LATER,1
0.6666666666666666,0.5,7120.77,WALLET,HDFC,LIMIT_EXCEEDED,2,NO_ACTION,0
0.8571428571428571,1.0,9719.63,NETBANKING,KOTAK,NETWORK_ERROR,7,RETRY_LATER,1
0.7272727272727273,0.3333333333333333,6971.37,NETBANKING,KOTAK,CARD_EXPIRED,4,RETRY_NOW,0
0.7142857142857143,1.0,8469.37,WALLET,SBI,LIMIT_EXCEEDED,11,RETRY_NOW,0
0.6785714285714286,0.1111111111111111,3077.26,CARD,AXIS,INSUFFICIENT_FUNDS,23,RETRY_NOW,0
0.8571428571428571,0.5,4549.51,UPI,SBI,BANK_TIMEOUT,9,RETRY_LATER,1
0.8055555555555556,0.7142857142857143,6774.77,WALLET,KOTAK,CARD_EXPIRED,21,RETRY_LATER,0
0.6333333333333333,0.8181818181818182,3475.79,UPI,AXIS,AUTHENTICATION_FAILED,15,RETRY_NOW,1
0.7226890756302521,0.5151515151515151,9572.61,NETBANKING,HDFC,INSUFFICIENT_FUNDS,14,SEND_REMINDER,0
0.7906976744186046,0.5,6875.51,WALLET,KOTAK,CARD_EXPIRED,1,SEND_REMINDER,1
0.6635514018691588,0.4722222222222222,882.06,CARD,YESBANK,CARD_EXPIRED,5,RETRY_NOW,0
0.7727272727272727,0.4,1780.8,WALLET,ICICI,CARD_EXPIRED,18,NO_ACTION,0
0.6893203883495146,0.59375,9651.08,CARD,ICICI,AUTHENTICATION_FAILED,23,RETRY_LATER,1
0.6274509803921569,0.631578947368421,1095.71,UPI,HDFC,CARD_EXPIRED,22,RETRY_LATER,1
0.94,0.3333333333333333,3686.16,NETBANKING,AXIS,NETWORK_ERROR,7,SEND_REMINDER,0
0.7241379310344828,0.5625,6003.25,WALLET,YESBANK,AUTHENTICATION_FAILED,17,SEND_REMINDER,1
0.99,0.0,7230.85,WALLET,SBI,CARD_EXPIRED,21,RETRY_LATER,0
0.8571428571428571,1.0,535.99,NETBANKING,AXIS,CARD_EXPIRED,13,RETRY_LATER,1
0.9206349206349206,0.8,7656.99,UPI,SBI,INSUFFICIENT_FUNDS,16,RETRY_NOW,0
0.8636363636363636,0.3333333333333333,4673.17,WALLET,ICICI,INSUFFICIENT_FUNDS,11,NO_ACTION,0
0.631578947368421,0.5,7719.14,WALLET,SBI,CARD_EXPIRED,0,RETRY_LATER,1
0.7340425531914894,0.48,2118.33,CARD,HDFC,LIMIT_EXCEEDED,17,RETRY_LATER,0
0.7681159420289855,0.5,6095.82,WALLET,HDFC,LIMIT_EXCEEDED,14,SEND_REMINDER,0
0.6666666666666666,0.0,1828.66,NETBANKING,YESBANK,LIMIT_EXCEEDED,12,SEND_REMINDER,1
0.6916666666666667,0.32432432432432434,1559.47,WALLET,AXIS,INSUFFICIENT_FUNDS,12,RETRY_LATER,0
0.75,0.375,2460.7,NETBANKING,HDFC,CARD_EXPIRED,0,RETRY_LATER,0
0.6216216216216216,0.5,1154.05,UPI,KOTAK,INSUFFICIENT_FUNDS,12,NO_ACTION,0
0.6176470588235294,0.6153846153846154,5201.63,UPI,KOTAK,AUTHENTICATION_FAILED,14,RETRY_NOW,0
0.0,1.0,6003.28,CARD,KOTAK,CARD_EXPIRED,10,NO_ACTION,0
0.6521739130434783,0.6875,781.6,NETBANKING,ICICI,LIMIT_EXCEEDED,14,RETRY_LATER,0
0.6617647058823529,0.34782608695652173,8360.42,CARD,AXIS,CARD_EXPIRED,12,RETRY_LATER,0
0.8181818181818182,0.3125,5245.92,UPI,KOTAK,LIMIT_EXCEEDED,23,SEND_REMINDER,1
0.6944444444444444,0.3333333333333333,5690.6,UPI,ICICI,CARD_EXPIRED,16,SEND_REMINDER,0
0.90625,0.3333333333333333,6193.62,CARD,HDFC,LIMIT_EXCEEDED,13,RETRY_NOW,0
0.5925925925925926,0.45454545454545453,7785.83,UPI,HDFC,NETWORK_ERROR,4,RETRY_NOW,0
0.7746478873239436,0.625,4851.39,NETBANKING,KOTAK,AUTHENTICATION_FAILED,19,RETRY_LATER,1
0.7941176470588235,0.2857142857142857,8756.82,UPI,AXIS,AUTHENTICATION_FAILED,9,SEND_REMINDER,0
0.6617647058823529,0.34782608695652173,8348.84,WALLET,SBI,NETWORK_ERROR,15,SEND_REMINDER,0
0.782608695652174,0.6,8264.72,WALLET,HDFC,NETWORK_ERROR,1,NO_ACTION,0
0.9175257731958762,0.5,7811.73,UPI,AXIS,AUTHENTICATION_FAILED,5,SEND_REMINDER,1
0.8611111111111112,0.4,2513.72,NETBANKING,HDFC,AUTHENTICATION_FAILED,22,RETRY_LATER,0
0.7397260273972602,0.631578947368421,4755.62,UPI,KOTAK,INSUFFICIENT_FUNDS,7,RETRY_LATER,0
0.875,1.0,7715.71,UPI,KOTAK,CARD_EXPIRED,23,NO_ACTION,0
0.6666666666666666,0.0,8279.03,UPI,AXIS,LIMIT_EXCEEDED,13,RETRY_LATER,0
0.5769230769230769,0.36363636363636365,5009.92,UPI,AXIS,BANK_TIMEOUT,7,NO_ACTION,0
0.5957446808510638,0.631578947368421,747.71,NETBANKING,HDFC,CARD_EXPIRED,3,NO_ACTION,0
0.7954545454545454,0.3333333333333333,9122.76,CARD,KOTAK,LIMIT_EXCEEDED,5,RETRY_LATER,0
0.625,0.3333333333333333,697.04,CARD,HDFC,INSUFFICIENT_FUNDS,4,NO_ACTION,0
0.6,0.5,4987.99,CARD,SBI,INSUFFICIENT_FUNDS,16,RETRY_NOW,0
0.9024390243902439,0.5,8916.08,UPI,ICICI,NETWORK_ERROR,2,NO_ACTION,0
0.6666666666666666,0.4,5629.85,CARD,AXIS,AUTHENTICATION_FAILED,19,RETRY_LATER,0
0.7,0.3333333333333333,1919.25,WALLET,HDFC,INSUFFICIENT_FUNDS,0,NO_ACTION,0
0.78125,0.35714285714285715,303.78,WALLET,YESBANK,LIMIT_EXCEEDED,4,RETRY_NOW,0
0.8095238095238095,0.5625,6340.93,CARD,ICICI,AUTHENTICATION_FAILED,22,NO_ACTION,0
0.6666666666666666,0.5,8983.66,WALLET,YESBANK,LIMIT_EXCEEDED,2,RETRY_LATER,1
0.7592592592592593,0.5384615384615384,8064.09,CARD,YESBANK,BANK_TIMEOUT,23,SEND_REMINDER,0
0.7368421052631579,0.6,544.08,UPI,SBI,CARD_EXPIRED,12,RETRY_NOW,1
0.8431372549019608,0.375,9547.06,WALLET,SBI,LIMIT_EXCEEDED,22,RETRY_NOW,0
0.7338709677419355,0.5757575757575758,8478.62,NETBANKING,ICICI,CARD_EXPIRED,17,NO_ACTION,0
0.837037037037037,0.5,7807.87,NETBANKING,AXIS,INSUFFICIENT_FUNDS,1,NO_ACTION,0
0.6198347107438017,0.43478260869565216,7321.54,NETBANKING,ICICI,INSUFFICIENT_FUNDS,18,RETRY_LATER,0
0.7323943661971831,0.47368421052631576,4694.02,UPI,KOTAK,NETWORK_ERROR,8,NO_ACTION,0
0.8125,0.0,9799.01,WALLET,HDFC,BANK_TIMEOUT,12,RETRY_NOW,1
0.7391304347826086,0.8,9174.79,NETBANKING,KOTAK,INSUFFICIENT_FUNDS,18,SEND_REMINDER,1
0.6153846153846154,0.6,5570.92,UPI,AXIS,BANK_TIMEOUT,16,NO_ACTION,0
0.5957446808510638,0.5263157894736842,4135.7,CARD,ICICI,NETWORK_ERROR,20,RETRY_NOW,0
0.7666666666666667,0.7142857142857143,6032.06,WALLET,SBI,BANK_TIMEOUT,0,SEND_REMINDER,0
0.7428571428571429,0.2962962962962963,8409.59,WALLET,KOTAK,BANK_TIMEOUT,22,RETRY_LATER,0
0.75,0.75,3688.66,WALLET,HDFC,BANK_TIMEOUT,22,NO_ACTION,0
0.6829268292682927,0.6153846153846154,7111.8,NETBANKING,AXIS,LIMIT_EXCEEDED,19,RETRY_LATER,1
0.6821705426356589,0.3902439024390244,8149.83,UPI,ICICI,NETWORK_ERROR,11,NO_ACTION,0
0.696969696969697,0.3,3858.84,CARD,ICICI,CARD_EXPIRED,14,RETRY_LATER,0
0.5,0.5,7837.75,WALLET,ICICI,BANK_TIMEOUT,22,RETRY_NOW,1
0.8141592920353983,0.38095238095238093,3486.63,UPI,ICICI,INSUFFICIENT_FUNDS,8,NO_ACTION,0
0.78125,0.5714285714285714,3503.21,UPI,HDFC,AUTHENTICATION_FAILED,13,RETRY_LATER,1
0.8823529411764706,1.0,6527.34,UPI,KOTAK,CARD_EXPIRED,2,SEND_REMINDER,0
0.6865671641791045,0.42857142857142855,175.28,CARD,AXIS,INSUFFICIENT_FUNDS,14,SEND_REMINDER,1
0.9347826086956522,0.3333333333333333,3144.35,CARD,AXIS,LIMIT_EXCEEDED,20,RETRY_NOW,0
0.6666666666666666,0.6086956521739131,4675.23,WALLET,HDFC,CARD_EXPIRED,6,RETRY_LATER,0
0.7804878048780488,0.5555555555555556,2643.63,WALLET,KOTAK,BANK_TIMEOUT,7,RETRY_NOW,0
0.7012987012987013,0.5217391304347826,2017.72,NETBANKING,ICICI,INSUFFICIENT_FUNDS,21,SEND_REMINDER,1
0.7674418604651163,0.6,8214.51,NETBANKING,ICICI,BANK_TIMEOUT,9,NO_ACTION,0
0.9027777777777778,0.42857142857142855,967.77,NETBANKING,HDFC,NETWORK_ERROR,2,RETRY_LATER,1
0.8904109589041096,0.375,9464.31,CARD,ICICI,AUTHENTICATION_FAILED,16,RETRY_NOW,0
0.7407407407407407,0.7142857142857143,3942.2,CARD,KOTAK,LIMIT_EXCEEDED,20,NO_ACTION,0
0.9108910891089109,0.5555555555555556,7613.52,WALLET,ICICI,BANK_TIMEOUT,22,RETRY_LATER,1
0.5,0.0,8214.99,WALLET,KOTAK,LIMIT_EXCEEDED,16,RETRY_LATER,1
0.7272727272727273,0.4444444444444444,1011.27,UPI,SBI,BANK_TIMEOUT,5,RETRY_LATER,1
0.5652173913043478,0.5,8075.87,NETBANKING,HDFC,INSUFFICIENT_FUNDS,7,SEND_REMINDER,1
0.5882352941176471,0.6428571428571429,7702.86,UPI,ICICI,BANK_TIMEOUT,19,RETRY_LATER,1
0.5945945945945946,0.3333333333333333,7063.46,CARD,SBI,LIMIT_EXCEEDED,0,RETRY_NOW,0
0.8461538461538461,0.16666666666666666,2921.29,CARD,KOTAK,LIMIT_EXCEEDED,12,RETRY_LATER,0
0.9295774647887324,0.8,6144.61,NETBANKING,YESBANK,AUTHENTICATION_FAILED,13,SEND_REMINDER,1
0.5657894736842105,0.5454545454545454,8824.43,WALLET,ICICI,INSUFFICIENT_FUNDS,13,RETRY_NOW,0
0.7666666666666667,0.42857142857142855,7766.77,CARD,YESBANK,NETWORK_ERROR,15,RETRY_LATER,0
0.5454545454545454,0.48,3942.94,WALLET,SBI,CARD_EXPIRED,2,RETRY_NOW,0
0.8817204301075269,0.6363636363636364,6456.83,NETBANKING,SBI,AUTHENTICATION_FAILED,4,NO_ACTION,0
0.7894736842105263,0.4166666666666667,8118.28,UPI,YESBANK,INSUFFICIENT_FUNDS,0,RETRY_LATER,1
0.6,0.625,6168.15,NETBANKING,ICICI,CARD_EXPIRED,10,RETRY_NOW,0
0.6551724137931034,0.55,773.83,WALLET,YESBANK,INSUFFICIENT_FUNDS,1,NO_ACTION,0
0.7636363636363637,0.6923076923076923,4997.21,WALLET,AXIS,CARD_EXPIRED,19,RETRY_NOW,1
0.8865979381443299,0.45454545454545453,1810.68,CARD,YESBANK,LIMIT_EXCEEDED,19,NO_ACTION,0
0.8977272727272727,0.6666666666666666,5027.96,CARD,KOTAK,INSUFFICIENT_FUNDS,17,NO_ACTION,0
0.7446808510638298,0.3333333333333333,9990.99,NETBANKING,HDFC,LIMIT_EXCEEDED,22,RETRY_NOW,1
0.7941176470588235,0.5714285714285714,1737.52,NETBANKING,YESBANK,AUTHENTICATION_FAILED,16,NO_ACTION,0
0.5,0.16666666666666666,3600.28,CARD,KOTAK,INSUFFICIENT_FUNDS,0,NO_ACTION,0
0.71875,0.3333333333333333,6252.4,WALLET,AXIS,LIMIT_EXCEEDED,8,NO_ACTION,0
0.813953488372093,0.625,1251.53,WALLET,HDFC,BANK_TIMEOUT,4,SEND_REMINDER,0
0.6666666666666666,0.5,4578.44,NETBANKING,ICICI,CARD_EXPIRED,16,SEND_REMINDER,1
0.782608695652174,0.8,5564.7,NETBANKING,KOTAK,LIMIT_EXCEEDED,22,RETRY_LATER,1
0.8695652173913043,0.3333333333333333,9593.33,UPI,YESBANK,BANK_TIMEOUT,6,SEND_REMINDER,0
0.8,0.0,507.45,WALLET,YESBANK,LIMIT_EXCEEDED,5,RETRY_NOW,0
0.6666666666666666,0.3333333333333333,2147.61,UPI,KOTAK,BANK_TIMEOUT,0,NO_ACTION,0
0.8461538461538461,1.0,3184.54,NETBANKING,YESBANK,AUTHENTICATION_FAILED,6,SEND_REMINDER,1
0.6428571428571429,0.4,4949.98,WALLET,SBI,LIMIT_EXCEEDED,1,RETRY_LATER,1
0.65,0.5714285714285714,5378.84,CARD,AXIS,AUTHENTICATION_FAILED,2,SEND_REMINDER,1
0.7142857142857143,0.3333333333333333,2754.38,NETBANKING,HDFC,NETWORK_ERROR,1,RETRY_NOW,0
0.782608695652174,0.4,5180.0,NETBANKING,ICICI,CARD_EXPIRED,15,RETRY_NOW,1
0.8089887640449438,0.35294117647058826,1654.12,UPI,HDFC,NETWORK_ERROR,11,SEND_REMINDER,1
0.7407407407407407,0.7142857142857143,7062.09,UPI,HDFC,LIMIT_EXCEEDED,6,RETRY_LATER,1
0.625,0.3333333333333333,2746.8,WALLET,AXIS,LIMIT_EXCEEDED,11,RETRY_NOW,0
0.6,1.0,9727.94,NETBANKING,ICICI,NETWORK_ERROR,6,RETRY_NOW,1
0.8181818181818182,0.75,3048.86,CARD,HDFC,INSUFFICIENT_FUNDS,8,RETRY_NOW,1
0.5555555555555556,0.45,8241.01,UPI,ICICI,CARD_EXPIRED,2,NO_ACTION,0
0.8229166666666666,0.35294117647058826,6972.49,CARD,SBI,BANK_TIMEOUT,1,NO_ACTION,0
0.8378378378378378,0.5,2826.3,CARD,ICICI,NETWORK_ERROR,4,SEND_REMINDER,1
0.8157894736842105,0.42857142857142855,3392.19,NETBANKING,ICICI,INSUFFICIENT_FUNDS,5,SEND_REMINDER,1
0.9130434782608695,0.625,467.53,WALLET,ICICI,INSUFFICIENT_FUNDS,20,NO_ACTION,0
0.9,0.3333333333333333,6864.71,NETBANKING,AXIS,INSUFFICIENT_FUNDS,14,NO_ACTION,0
0.8194444444444444,0.38461538461538464,5587.94,WALLET,SBI,BANK_TIMEOUT,14,RETRY_LATER,1
0.6071428571428571,0.5909090909090909,6203.29,WALLET,HDFC,BANK_TIMEOUT,19,RETRY_LATER,0
0.68,0.525,5961.7,WALLET,AXIS,INSUFFICIENT_FUNDS,1,RETRY_LATER,1
0.676056338028169,0.6086956521739131,2615.66,WALLET,AXIS,NETWORK_ERROR,7,NO_ACTION,0
0.6881720430107527,0.5862068965517241,7877.02,CARD,KOTAK,NETWORK_ERROR,8,SEND_REMINDER,0
0.7714285714285715,0.75,735.67,WALLET,YESBANK,NETWORK_ERROR,11,RETRY_NOW,1
0.72,0.42857142857142855,2235.71,WALLET,ICICI,NETWORK_ERROR,23,NO_ACTION,0
0.85,0.5,7305.27,CARD,YESBANK,LIMIT_EXCEEDED,6,RETRY_LATER,1
0.835820895522388,0.45454545454545453,3349.48,NETBANKING,HDFC,LIMIT_EXCEEDED,12,NO_ACTION,0
0.84375,0.6,8774.03,WALLET,SBI,LIMIT_EXCEEDED,10,SEND_REMINDER,1
0.6565656565656566,0.5,9336.51,NETBANKING,ICICI,AUTHENTICATION_FAILED,13,RETRY_LATER,1
0.5652173913043478,0.5,8075.87,NETBANKING,HDFC,INSUFFICIENT_FUNDS,7,RETRY_LATER,1
0.7105263157894737,0.5454545454545454,7582.57,NETBANKING,KOTAK,LIMIT_EXCEEDED,5,RETRY_NOW,0
0.7857142857142857,0.5,2311.59,CARD,AXIS,INSUFFICIENT_FUNDS,10,SEND_REMINDER,1
0.7857142857142857,0.3333333333333333,8513.7,NETBANKING,KOTAK,NETWORK_ERROR,3,SEND_REMINDER,0
0.5454545454545454,0.8,6588.67,CARD,SBI,INSUFFICIENT_FUNDS,21,NO_ACTION,0
0.7246376811594203,0.3684210526315789,4606.1,CARD,YESBANK,NETWORK_ERROR,11,RETRY_LATER,1
0.8,0.0,2266.32,CARD,SBI,BANK_TIMEOUT,10,NO_ACTION,0
0.7857142857142857,0.5,9619.9,CARD,AXIS,INSUFFICIENT_FUNDS,10,NO_ACTION,0
0.8985507246376812,0.42857142857142855,2930.74,UPI,HDFC,LIMIT_EXCEEDED,0,RETRY_NOW,0
0.7162162162162162,0.38095238095238093,6031.16,CARD,YESBANK,AUTHENTICATION_FAILED,22,RETRY_NOW,0
0.6627906976744186,0.5862068965517241,2374.6,UPI,SBI,BANK_TIMEOUT,22,NO_ACTION,0
0.8641975308641975,0.5454545454545454,1694.88,WALLET,HDFC,BANK_TIMEOUT,20,RETRY_NOW,0
0.9166666666666666,0.0,2523.44,UPI,AXIS,INSUFFICIENT_FUNDS,6,RETRY_LATER,0
0.875,1.0,3003.86,UPI,HDFC,AUTHENTICATION_FAILED,23,RETRY_NOW,1
0.9027777777777778,0.7142857142857143,1137.48,WALLET,YESBANK,INSUFFICIENT_FUNDS,18,NO_ACTION,0
0.5384615384615384,0.6666666666666666,8218.82,CARD,HDFC,INSUFFICIENT_FUNDS,9,RETRY_LATER,0
0.6458333333333334,0.5294117647058824,7818.32,WALLET,YESBANK,CARD_EXPIRED,17,NO_ACTION,0
0.8909090909090909,0.6666666666666666,4984.66,UPI,AXIS,INSUFFICIENT_FUNDS,22,RETRY_NOW,0
0.775,0.6111111111111112,7531.37,WALLET,KOTAK,INSUFFICIENT_FUNDS,2,RETRY_NOW,1
0.972027972027972,0.5,7003.52,WALLET,KOTAK,AUTHENTICATION_FAILED,15,RETRY_NOW,1
0.7407407407407407,0.14285714285714285,2598.19,WALLET,HDFC,AUTHENTICATION_FAILED,15,NO_ACTION,0
0.8636363636363636,0.6666666666666666,700.71,NETBANKING,HDFC,LIMIT_EXCEEDED,19,RETRY_NOW,1
0.7096774193548387,0.5555555555555556,4281.86,NETBANKING,ICICI,CARD_EXPIRED,13,NO_ACTION,0
0.68,0.5,9011.8,CARD,HDFC,NETWORK_ERROR,3,NO_ACTION,0
0.875,0.6666666666666666,1682.36,CARD,ICICI,NETWORK_ERROR,19,SEND_REMINDER,0
0.7777777777777778,0.5,2875.83,UPI,KOTAK,LIMIT_EXCEEDED,3,SEND_REMINDER,1
0.8717948717948718,0.4,489.74,WALLET,AXIS,LIMIT_EXCEEDED,4,RETRY_LATER,1
0.8148148148148148,0.5,5773.43,UPI,KOTAK,INSUFFICIENT_FUNDS,20,SEND_REMINDER,1
0.5714285714285714,0.3333333333333333,8460.11,UPI,ICICI,LIMIT_EXCEEDED,23,NO_ACTION,0
0.7692307692307693,0.6666666666666666,5510.82,CARD,KOTAK,LIMIT_EXCEEDED,2,RETRY_NOW,0
0.8181818181818182,0.625,5862.12,WALLET,HDFC,INSUFFICIENT_FUNDS,6,NO_ACTION,0
0.8,0.5,6090.17,UPI,SBI,NETWORK_ERROR,4,NO_ACTION,0
0.6666666666666666,0.6071428571428571,4814.13,CARD,HDFC,LIMIT_EXCEEDED,2,RETRY_LATER,0
0.9142857142857143,1.0,6800.34,UPI,SBI,INSUFFICIENT_FUNDS,1,NO_ACTION,0
0.7012987012987013,0.5217391304347826,2017.72,NETBANKING,ICICI,INSUFFICIENT_FUNDS,21,NO_ACTION,0
0.8924731182795699,0.3,3620.06,WALLET,ICICI,AUTHENTICATION_FAILED,17,SEND_REMINDER,1
0.5,0.3333333333333333,982.15,UPI,KOTAK,NETWORK_ERROR,22,SEND_REMINDER,0
0.7528089887640449,0.3181818181818182,2690.0,WALLET,ICICI,CARD_EXPIRED,7,RETRY_NOW,0
0.797979797979798,0.4,5316.72,CARD,ICICI,LIMIT_EXCEEDED,12,RETRY_NOW,0
0.5625,0.42857142857142855,5451.8,WALLET,YESBANK,INSUFFICIENT_FUNDS,17,NO_ACTION,0
0.6666666666666666,1.0,3858.76,UPI,YESBANK,INSUFFICIENT_FUNDS,15,SEND_REMINDER,1
0.9180327868852459,0.6,3073.64,UPI,KOTAK,AUTHENTICATION_FAILED,15,RETRY_NOW,0
0.475,0.42857142857142855,8252.47,NETBANKING,SBI,NETWORK_ERROR,8,RETRY_LATER,1
0.8846153846153846,0.5,6700.52,CARD,HDFC,LIMIT_EXCEEDED,7,RETRY_NOW,0
0.8387096774193549,0.6,8204.01,WALLET,YESBANK,NETWORK_ERROR,3,RETRY_NOW,0
0.8,0.5454545454545454,9672.65,CARD,ICICI,CARD_EXPIRED,15,RETRY_NOW,0
0.5,1.0,5600.63,CARD,KOTAK,LIMIT_EXCEEDED,4,RETRY_LATER,0
0.6233766233766234,0.4482758620689655,5208.02,CARD,HDFC,BANK_TIMEOUT,18,SEND_REMINDER,0
0.6901408450704225,0.5909090909090909,1506.98,UPI,ICICI,BANK_TIMEOUT,5,NO_ACTION,0
0.7654320987654321,0.47368421052631576,4476.9,UPI,HDFC,NETWORK_ERROR,3,SEND_REMINDER,0
0.6363636363636364,0.625,5793.68,UPI,KOTAK,INSUFFICIENT_FUNDS,21,RETRY_LATER,1
0.6176470588235294,0.38461538461538464,3918.83,NETBANKING,HDFC,NETWORK_ERROR,22,NO_ACTION,0
0.8,0.3333333333333333,9362.62,WALLET,AXIS,INSUFFICIENT_FUNDS,4,SEND_REMINDER,1
0.6904761904761905,0.5384615384615384,9895.32,CARD,HDFC,BANK_TIMEOUT,0,SEND_REMINDER,0
0.7604166666666666,0.5217391304347826,8140.88,UPI,HDFC,NETWORK_ERROR,5,NO_ACTION,0
0.7,0.47619047619047616,9282.85,WALLET,YESBANK,BANK_TIMEOUT,5,RETRY_LATER,1
0.5,0.5,8078.15,NETBANKING,ICICI,CARD_EXPIRED,3,SEND_REMINDER,0
0.8235294117647058,0.3333333333333333,3043.45,UPI,ICICI,AUTHENTICATION_FAILED,7,RETRY_LATER,0
0.7623762376237624,0.375,7652.93,UPI,ICICI,CARD_EXPIRED,3,SEND_REMINDER,0
0.7647058823529411,0.25,4702.18,NETBANKING,HDFC,BANK_TIMEOUT,22,SEND_REMINDER,1
0.5,0.25,8063.82,WALLET,KOTAK,CARD_EXPIRED,23,SEND_REMINDER,0
0.0,1.0,7593.28,CARD,AXIS,INSUFFICIENT_FUNDS,4,NO_ACTION,0
0.8068181818181818,0.47058823529411764,798.9,CARD,HDFC,LIMIT_EXCEEDED,6,SEND_REMINDER,1
0.6,0.0,9565.45,CARD,ICICI,INSUFFICIENT_FUNDS,20,RETRY_NOW,0
0.6136363636363636,0.5294117647058824,6886.33,WALLET,YESBANK,NETWORK_ERROR,0,RETRY_NOW,1
0.25,1.0,7835.82,NETBANKING,YESBANK,BANK_TIMEOUT,7,RETRY_LATER,1
0.5,0.16666666666666666,3600.28,CARD,KOTAK,INSUFFICIENT_FUNDS,0,SEND_REMINDER,1
0.7192982456140351,0.5,2022.25,NETBANKING,YESBANK,INSUFFICIENT_FUNDS,13,NO_ACTION,0
0.7933884297520661,0.68,142.17,UPI,KOTAK,AUTHENTICATION_FAILED,13,RETRY_NOW,0
0.9375,0.3333333333333333,8723.62,CARD,ICICI,BANK_TIMEOUT,11,RETRY_NOW,0
0.8125,0.6666666666666666,9798.35,WALLET,AXIS,NETWORK_ERROR,3,RETRY_NOW,1
0.6111111111111112,0.35714285714285715,109.88,CARD,YESBANK,LIMIT_EXCEEDED,18,RETRY_NOW,0
0.5,0.0,4637.57,NETBANKING,SBI,BANK_TIMEOUT,23,RETRY_LATER,1
0.8,0.375,5220.62,CARD,AXIS,AUTHENTICATION_FAILED,19,RETRY_LATER,0
0.5,0.42857142857142855,6076.96,UPI,KOTAK,CARD_EXPIRED,13,RETRY_LATER,1
0.7333333333333333,0.625,2980.66,NETBANKING,YESBANK,INSUFFICIENT_FUNDS,19,RETRY_LATER,0
0.7258064516129032,0.4117647058823529,9358.58,CARD,SBI,CARD_EXPIRED,6,SEND_REMINDER,1
0.7746478873239436,0.625,4851.39,NETBANKING,KOTAK,AUTHENTICATION_FAILED,19,SEND_REMINDER,0
0.3333333333333333,0.5,6555.0,UPI,SBI,BANK_TIMEOUT,20,RETRY_LATER,1
0.6951219512195121,0.36,7696.8,WALLET,SBI,LIMIT_EXCEEDED,14,SEND_REMINDER,0
0.8412698412698413,0.7,5285.77,CARD,YESBANK,NETWORK_ERROR,8,SEND_REMINDER,0
0.7222222222222222,0.8,4802.72,CARD,YESBANK,BANK_TIMEOUT,3,RETRY_LATER,1
0.8235294117647058,0.6666666666666666,6341.18,WALLET,KOTAK,NETWORK_ERROR,23,RETRY_LATER,0
0.5833333333333334,0.3,171.22,WALLET,YESBANK,LIMIT_EXCEEDED,3,RETRY_LATER,1
0.75,0.6666666666666666,7516.8,NETBANKING,HDFC,NETWORK_ERROR,1,SEND_REMINDER,1
0.717391304347826,0.23076923076923078,5698.68,NETBANKING,HDFC,BANK_TIMEOUT,10,NO_ACTION,0
0.7333333333333333,0.5,5715.26,NETBANKING,YESBANK,INSUFFICIENT_FUNDS,5,RETRY_LATER,0
0.8469387755102041,0.5333333333333333,5826.58,WALLET,KOTAK,CARD_EXPIRED,5,RETRY_LATER,1
0.64,0.5555555555555556,8523.68,WALLET,HDFC,INSUFFICIENT_FUNDS,3,RETRY_LATER,1
0.7377049180327869,0.5625,1446.39,WALLET,SBI,NETWORK_ERROR,22,SEND_REMINDER,0
0.9253731343283582,0.5,4294.46,CARD,SBI,INSUFFICIENT_FUNDS,18,RETRY_NOW,1
0.0,1.0,8849.26,NETBANKING,KOTAK,INSUFFICIENT_FUNDS,14,NO_ACTION,0
0.8181818181818182,0.5,556.68,CARD,YESBANK,CARD_EXPIRED,15,NO_ACTION,0
0.0,0.0,6049.49,CARD,ICICI,CARD_EXPIRED,7,RETRY_LATER,0
0.875,0.3333333333333333,9970.07,CARD,YESBANK,NETWORK_ERROR,8,RETRY_NOW,0
0.6363636363636364,0.25,6336.0,UPI,SBI,BANK_TIMEOUT,9,SEND_REMINDER,1
0.9166666666666666,1.0,6896.32,WALLET,SBI,LIMIT_EXCEEDED,13,NO_ACTION,0
0.6630434782608695,0.3548387096774194,5041.61,WALLET,SBI,NETWORK_ERROR,5,NO_ACTION,0
0.6867469879518072,0.6153846153846154,5663.61,CARD,AXIS,LIMIT_EXCEEDED,4,NO_ACTION,0
0.75,0.4,1833.75,UPI,ICICI,AUTHENTICATION_FAILED,18,NO_ACTION,0
0.7065217391304348,0.4074074074074074,4437.56,NETBANKING,YESBANK,BANK_TIMEOUT,21,RETRY_NOW,0
0.6388888888888888,0.38461538461538464,4946.55,CARD,YESBANK,LIMIT_EXCEEDED,5,NO_ACTION,0
0.7804878048780488,0.5555555555555556,2506.73,WALLET,AXIS,CARD_EXPIRED,12,RETRY_LATER,1
0.71875,0.5555555555555556,3840.56,WALLET,YESBANK,LIMIT_EXCEEDED,15,NO_ACTION,0
0.75,0.0,8224.62,UPI,ICICI,CARD_EXPIRED,23,NO_ACTION,0
0.5454545454545454,0.8,6866.63,UPI,YESBANK,INSUFFICIENT_FUNDS,10,NO_ACTION,0
0.55,0.4444444444444444,4698.25,UPI,SBI,CARD_EXPIRED,21,RETRY_NOW,1
0.660377358490566,0.3888888888888889,3741.43,WALLET,KOTAK,INSUFFICIENT_FUNDS,15,RETRY_LATER,0
0.819047619047619,0.42105263157894735,9416.21,UPI,AXIS,BANK_TIMEOUT,19,SEND_REMINDER,0
0.825,0.42857142857142855,6180.43,NETBANKING,SBI,BANK_TIMEOUT,3,RETRY_LATER,1
0.8225806451612904,0.5454545454545454,8124.71,WALLET,YESBANK,BANK_TIMEOUT,10,RETRY_LATER,0
0.8275862068965517,0.0,5645.23,NETBANKING,KOTAK,BANK_TIMEOUT,18,RETRY_LATER,1
0.8723404255319149,0.5,8371.65,WALLET,ICICI,LIMIT_EXCEEDED,0,RETRY_NOW,0
0.7733333333333333,0.5294117647058824,7919.12,NETBANKING,SBI,LIMIT_EXCEEDED,2,NO_ACTION,0
0.7391304347826086,0.5,8414.7,NETBANKING,SBI,LIMIT_EXCEEDED,20,NO_ACTION,0
0.6470588235294118,0.5,3975.5,CARD,AXIS,NETWORK_ERROR,15,RETRY_LATER,1
0.9090909090909091,0.4,6465.53,UPI,AXIS,LIMIT_EXCEEDED,11,RETRY_NOW,0
0.5,0.0,1960.55,CARD,KOTAK,AUTHENTICATION_FAILED,19,RETRY_NOW,1
0.7840909090909091,0.631578947368421,6954.85,UPI,ICICI,NETWORK_ERROR,2,SEND_REMINDER,1
0.8,0.8571428571428571,5313.22,NETBANKING,KOTAK,BANK_TIMEOUT,23,NO_ACTION,0
0.6818181818181818,0.5714285714285714,520.55,UPI,AXIS,AUTHENTICATION_FAILED,14,RETRY_LATER,1
0.7924528301886793,0.5909090909090909,4898.83,NETBANKING,HDFC,BANK_TIMEOUT,18,RETRY_NOW,0
0.7037037037037037,0.25,3617.28,CARD,KOTAK,INSUFFICIENT_FUNDS,9,SEND_REMINDER,1
0.6867469879518072,0.46153846153846156,7420.54,WALLET,SBI,NETWORK_ERROR,16,RETRY_NOW,0
0.6551724137931034,0.2,1864.53,WALLET,YESBANK,NETWORK_ERROR,20,RETRY_NOW,1
0.8285714285714286,0.2777777777777778,9653.63,WALLET,YESBANK,LIMIT_EXCEEDED,17,SEND_REMINDER,1
0.7777777777777778,0.4090909090909091,4735.55,NETBANKING,SBI,BANK_TIMEOUT,5,NO_ACTION,0
0.7391304347826086,0.5,3118.81,NETBANKING,ICICI,LIMIT_EXCEEDED,10,RETRY_LATER,0
0.7,0.4444444444444444,9030.5,WALLET,SBI,CARD_EXPIRED,18,NO_ACTION,0
0.7592592592592593,0.46153846153846156,3109.55,WALLET,KOTAK,LIMIT_EXCEEDED,2,NO_ACTION,0
0.88,1.0,1986.63,NETBANKING,HDFC,CARD_EXPIRED,12,SEND_REMINDER,0
0.7916666666666666,0.7,8205.26,NETBANKING,YESBANK,BANK_TIMEOUT,15,SEND_REMINDER,0
0.9354838709677419,0.5,5351.88,NETBANKING,HDFC,CARD_EXPIRED,14,RETRY_LATER,1
0.7954545454545454,0.3333333333333333,9122.76,CARD,KOTAK,LIMIT_EXCEEDED,5,RETRY_NOW,1
0.7037037037037037,0.75,1680.24,UPI,AXIS,BANK_TIMEOUT,1,NO_ACTION,0
0.7941176470588235,0.42857142857142855,605.61,NETBANKING,AXIS,LIMIT_EXCEEDED,23,RETRY_NOW,1
0.8518518518518519,0.5,2009.95,WALLET,ICICI,LIMIT_EXCEEDED,7,RETRY_NOW,1
0.6511627906976745,0.7333333333333333,4949.92,NETBANKING,AXIS,NETWORK_ERROR,23,RETRY_NOW,1
0.7,0.3333333333333333,4107.15,NETBANKING,YESBANK,LIMIT_EXCEEDED,19,RETRY_NOW,0
0.7608695652173914,0.6363636363636364,3525.7,UPI,SBI,INSUFFICIENT_FUNDS,18,RETRY_NOW,0
0.782608695652174,0.5,5677.58,WALLET,SBI,AUTHENTICATION_FAILED,5,RETRY_NOW,1
0.9113924050632911,0.5714285714285714,9801.31,NETBANKING,YESBANK,NETWORK_ERROR,1,RETRY_LATER,1
0.5454545454545454,0.8,2793.38,NETBANKING,SBI,LIMIT_EXCEEDED,6,SEND_REMINDER,1
0.875,0.38461538461538464,4932.17,NETBANKING,ICICI,INSUFFICIENT_FUNDS,18,SEND_REMINDER,1
0.8314606741573034,0.5333333333333333,4480.55,UPI,ICICI,AUTHENTICATION_FAILED,11,RETRY_LATER,1
0.7741935483870968,0.7142857142857143,6367.48,WALLET,ICICI,AUTHENTICATION_FAILED,10,SEND_REMINDER,1
0.7654320987654321,0.47368421052631576,4476.9,UPI,HDFC,NETWORK_ERROR,3,RETRY_LATER,0
0.5,0.5,4101.74,NETBANKING,AXIS,CARD_EXPIRED,2,RETRY_LATER,0
0.725,0.6363636363636364,2138.69,CARD,AXIS,BANK_TIMEOUT,23,SEND_REMINDER,0
0.9014084507042254,0.42857142857142855,5941.91,UPI,YESBANK,BANK_TIMEOUT,11,RETRY_NOW,0
0.6285714285714286,0.6153846153846154,997.11,UPI,SBI,BANK_TIMEOUT,19,RETRY_NOW,0
0.8604651162790697,0.3333333333333333,8505.06,WALLET,ICICI,LIMIT_EXCEEDED,23,RETRY_LATER,0
0.45,0.45454545454545453,8995.12,UPI,HDFC,INSUFFICIENT_FUNDS,1,SEND_REMINDER,1
0.8035714285714286,0.6363636363636364,6477.82,CARD,SBI,INSUFFICIENT_FUNDS,7,NO_ACTION,0
0.7796610169491526,0.3076923076923077,3049.8,CARD,SBI,AUTHENTICATION_FAILED,18,NO_ACTION,0
0.7692307692307693,0.5555555555555556,5600.84,CARD,ICICI,BANK_TIMEOUT,10,SEND_REMINDER,1
0.8,0.5,1549.57,WALLET,HDFC,CARD_EXPIRED,11,RETRY_NOW,0
0.8173913043478261,0.47619047619047616,5583.15,CARD,YESBANK,CARD_EXPIRED,3,RETRY_NOW,0
0.7902097902097902,0.3333333333333333,3877.77,NETBANKING,AXIS,AUTHENTICATION_FAILED,22,RETRY_LATER,1
0.7037037037037037,0.5,1699.33,NETBANKING,AXIS,CARD_EXPIRED,17,RETRY_NOW,1
0.9166666666666666,0.0,4191.08,WALLET,KOTAK,CARD_EXPIRED,17,RETRY_NOW,0
0.7623762376237624,0.375,7652.93,UPI,ICICI,CARD_EXPIRED,3,RETRY_LATER,0
0.7441860465116279,0.45454545454545453,180.34,CARD,YESBANK,LIMIT_EXCEEDED,5,RETRY_NOW,0
0.7115384615384616,0.4,632.58,CARD,KOTAK,INSUFFICIENT_FUNDS,11,NO_ACTION,0
0.4594594594594595,0.45,6647.22,WALLET,YESBANK,NETWORK_ERROR,5,RETRY_NOW,1
0.8924731182795699,0.2,8184.23,NETBANKING,AXIS,AUTHENTICATION_FAILED,2,SEND_REMINDER,0
0.6923076923076923,0.75,8208.99,UPI,KOTAK,AUTHENTICATION_FAILED,14,SEND_REMINDER,0
0.5925925925925926,0.45454545454545453,7785.83,UPI,HDFC,NETWORK_ERROR,4,NO_ACTION,0
0.42857142857142855,0.5,365.36,NETBANKING,HDFC,CARD_EXPIRED,7,NO_ACTION,0
0.6111111111111112,0.2857142857142857,668.73,WALLET,AXIS,CARD_EXPIRED,13,RETRY_NOW,0
0.6575342465753424,0.56,4342.07,CARD,SBI,LIMIT_EXCEEDED,21,SEND_REMINDER,0
0.6301369863013698,0.5555555555555556,6480.46,UPI,SBI,LIMIT_EXCEEDED,20,RETRY_NOW,1
0.7358490566037735,0.7142857142857143,7219.67,CARD,KOTAK,AUTHENTICATION_FAILED,8,SEND_REMINDER,0
0.7685185185185185,0.8,9689.65,NETBANKING,KOTAK,LIMIT_EXCEEDED,11,SEND_REMINDER,1
0.7297297297297297,0.7,4190.66,UPI,SBI,NETWORK_ERROR,17,RETRY_LATER,1
0.7444444444444445,0.6086956521739131,3528.29,WALLET,SBI,CARD_EXPIRED,2,NO_ACTION,0
0.8461538461538461,0.5714285714285714,6569.04,WALLET,ICICI,AUTHENTICATION_FAILED,7,RETRY_LATER,0
0.6388888888888888,0.5384615384615384,633.13,NETBANKING,HDFC,BANK_TIMEOUT,7,SEND_REMINDER,0
0.7241379310344828,0.25,3014.2,UPI,KOTAK,CARD_EXPIRED,2,RETRY_NOW,1
0.8928571428571429,0.3333333333333333,2444.56,WALLET,HDFC,BANK_TIMEOUT,3,RETRY_LATER,1
0.6052631578947368,0.6,5156.57,WALLET,HDFC,NETWORK_ERROR,5,SEND_REMINDER,0
0.9032258064516129,0.3333333333333333,722.22,NETBANKING,HDFC,AUTHENTICATION_FAILED,0,RETRY_LATER,0
0.7368421052631579,0.4,7003.87,CARD,AXIS,LIMIT_EXCEEDED,2,RETRY_NOW,1
0.7543859649122807,0.35714285714285715,5738.12,CARD,HDFC,CARD_EXPIRED,1,RETRY_NOW,1
0.6583333333333333,0.5853658536585366,9956.15,WALLET,ICICI,AUTHENTICATION_FAILED,8,NO_ACTION,0
0.7058823529411765,0.8,8349.15,NETBANKING,HDFC,AUTHENTICATION_FAILED,11,RETRY_LATER,1
0.7307692307692307,0.5714285714285714,7590.35,CARD,ICICI,LIMIT_EXCEEDED,20,RETRY_NOW,1
0.7906976744186046,0.5555555555555556,3772.08,UPI,SBI,INSUFFICIENT_FUNDS,15,RETRY_LATER,0
0.5217391304347826,0.4090909090909091,6022.58,CARD,HDFC,INSUFFICIENT_FUNDS,11,NO_ACTION,0
0.8431372549019608,0.375,9547.06,WALLET,SBI,LIMIT_EXCEEDED,22,SEND_REMINDER,1
0.5714285714285714,0.3333333333333333,2918.33,NETBANKING,KOTAK,AUTHENTICATION_FAILED,22,SEND_REMINDER,0
0.8,0.5,3310.6,UPI,KOTAK,NETWORK_ERROR,5,NO_ACTION,0
0.6428571428571429,0.5,9841.92,NETBANKING,AXIS,INSUFFICIENT_FUNDS,10,RETRY_NOW,0
0.8333333333333334,0.0,3523.41,NETBANKING,SBI,LIMIT_EXCEEDED,14,RETRY_NOW,0
0.9833333333333333,0.0,3652.68,NETBANKING,KOTAK,NETWORK_ERROR,12,RETRY_NOW,0
0.6666666666666666,0.0,4465.31,CARD,KOTAK,AUTHENTICATION_FAILED,4,RETRY_NOW,0
0.25,1.0,8876.36,CARD,ICICI,NETWORK_ERROR,17,RETRY_LATER,1
0.42857142857142855,0.5,6506.34,NETBANKING,SBI,AUTHENTICATION_FAILED,11,RETRY_LATER,0
0.7346938775510204,0.23076923076923078,2911.5,CARD,AXIS,BANK_TIMEOUT,19,RETRY_NOW,1
0.5454545454545454,0.0,4338.51,UPI,YESBANK,LIMIT_EXCEEDED,13,RETRY_NOW,0
0.75,0.4666666666666667,4420.41,CARD,YESBANK,INSUFFICIENT_FUNDS,22,RETRY_LATER,0
0.7169811320754716,0.6,9450.69,UPI,SBI,BANK_TIMEOUT,12,NO_ACTION,0
0.8909090909090909,0.6666666666666666,4984.66,UPI,AXIS,INSUFFICIENT_FUNDS,22,NO_ACTION,0
0.7053571428571429,0.45454545454545453,6711.68,UPI,YESBANK,LIMIT_EXCEEDED,8,SEND_REMINDER,0
0.8571428571428571,1.0,9719.63,NETBANKING,KOTAK,NETWORK_ERROR,7,SEND_REMINDER,1
0.7272727272727273,0.6666666666666666,9549.78,NETBANKING,HDFC,INSUFFICIENT_FUNDS,14,SEND_REMINDER,1
0.8070175438596491,0.45454545454545453,9185.2,CARD,KOTAK,NETWORK_ERROR,19,SEND_REMINDER,1
0.8157894736842105,0.8571428571428571,1531.26,WALLET,ICICI,NETWORK_ERROR,4,NO_ACTION,0
0.8217821782178217,0.4444444444444444,4849.82,CARD,AXIS,LIMIT_EXCEEDED,20,NO_ACTION,0
0.8,0.375,5220.62,CARD,AXIS,AUTHENTICATION_FAILED,19,NO_ACTION,0
0.5,0.5,7239.56,UPI,SBI,NETWORK_ERROR,3,RETRY_LATER,1
0.6964285714285714,0.6470588235294118,955.77,NETBANKING,KOTAK,BANK_TIMEOUT,12,NO_ACTION,0
0.7457627118644068,0.5333333333333333,9651.6,UPI,YESBANK,NETWORK_ERROR,16,RETRY_LATER,1
0.7105263157894737,0.5454545454545454,2361.48,WALLET,HDFC,INSUFFICIENT_FUNDS,23,NO_ACTION,0
0.7894736842105263,0.5,4162.83,WALLET,ICICI,CARD_EXPIRED,18,RETRY_LATER,0
0.75,0.6666666666666666,7920.1,UPI,KOTAK,INSUFFICIENT_FUNDS,4,NO_ACTION,0
0.5409836065573771,0.6071428571428571,1264.23,CARD,KOTAK,CARD_EXPIRED,18,RETRY_LATER,0
0.42857142857142855,0.5,365.36,NETBANKING,HDFC,CARD_EXPIRED,7,RETRY_NOW,0
0.6666666666666666,0.3125,2334.78,NETBANKING,AXIS,AUTHENTICATION_FAILED,7,RETRY_LATER,0
0.5757575757575758,0.5,4715.71,CARD,HDFC,INSUFFICIENT_FUNDS,7,SEND_REMINDER,0
0.5,0.5,4450.81,NETBANKING,KOTAK,INSUFFICIENT_FUNDS,10,RETRY_NOW,0
0.6964285714285714,0.6470588235294118,955.77,NETBANKING,KOTAK,BANK_TIMEOUT,12,RETRY_LATER,1
0.6632653061224489,0.6363636363636364,6496.48,NETBANKING,SBI,NETWORK_ERROR,6,NO_ACTION,0
0.5909090909090909,0.4444444444444444,4552.41,WALLET,AXIS,CARD_EXPIRED,14,NO_ACTION,0
0.8214285714285714,0.6,9897.98,WALLET,ICICI,AUTHENTICATION_FAILED,18,RETRY_NOW,1
0.0,1.0,1334.59,UPI,HDFC,BANK_TIMEOUT,2,RETRY_NOW,0
0.9620253164556962,0.6666666666666666,3291.42,UPI,ICICI,BANK_TIMEOUT,16,RETRY_NOW,0
0.7108433734939759,0.5,5057.39,WALLET,HDFC,CARD_EXPIRED,17,NO_ACTION,0
0.8695652173913043,1.0,4427.3,CARD,AXIS,AUTHENTICATION_FAILED,10,SEND_REMINDER,1
0.673469387755102,0.5625,9715.13,WALLET,HDFC,LIMIT_EXCEEDED,9,SEND_REMINDER,1
0.6285714285714286,0.15384615384615385,9546.5,CARD,HDFC,INSUFFICIENT_FUNDS,18,NO_ACTION,0
0.620253164556962,0.4,110.97,UPI,SBI,LIMIT_EXCEEDED,18,RETRY_LATER,1
0.0,0.0,5937.6,CARD,KOTAK,BANK_TIMEOUT,7,SEND_REMINDER,0
0.65,0.5,1523.07,UPI,ICICI,CARD_EXPIRED,2,RETRY_NOW,0
0.6388888888888888,0.38461538461538464,4946.55,CARD,YESBANK,LIMIT_EXCEEDED,5,RETRY_NOW,0
0.5675675675675675,0.375,1069.1,CARD,YESBANK,NETWORK_ERROR,20,NO_ACTION,0
0.0,0.0,8806.86,UPI,KOTAK,CARD_EXPIRED,10,RETRY_LATER,0
0.8508771929824561,0.5294117647058824,5423.41,UPI,KOTAK,INSUFFICIENT_FUNDS,3,SEND_REMINDER,1
0.6285714285714286,0.15384615384615385,2698.63,WALLET,SBI,CARD_EXPIRED,13,SEND_REMINDER,1
0.6285714285714286,0.15384615384615385,2698.63,WALLET,SBI,CARD_EXPIRED,13,RETRY_LATER,0
0.8333333333333334,0.5,5872.33,NETBANKING,AXIS,LIMIT_EXCEEDED,19,SEND_REMINDER,0
0.8064516129032258,0.3333333333333333,537.09,CARD,ICICI,LIMIT_EXCEEDED,20,NO_ACTION,0
0.6875,0.8,9088.91,NETBANKING,AXIS,LIMIT_EXCEEDED,9,NO_ACTION,0
0.75,0.5,9184.96,CARD,KOTAK,INSUFFICIENT_FUNDS,13,RETRY_LATER,0
0.5,0.3333333333333333,982.15,UPI,KOTAK,NETWORK_ERROR,22,RETRY_NOW,1
0.6,1.0,3783.22,WALLET,SBI,INSUFFICIENT_FUNDS,11,RETRY_NOW,0
0.6475409836065574,0.627906976744186,5386.81,WALLET,SBI,CARD_EXPIRED,19,RETRY_NOW,0
0.5,0.3333333333333333,3073.78,WALLET,SBI,INSUFFICIENT_FUNDS,8,SEND_REMINDER,0
0.6973684210526315,0.5652173913043478,8480.75,WALLET,AXIS,CARD_EXPIRED,20,RETRY_NOW,0
0.9016393442622951,0.6666666666666666,6441.44,WALLET,HDFC,CARD_EXPIRED,14,SEND_REMINDER,1
0.7685185185185185,0.8,9689.65,NETBANKING,KOTAK,LIMIT_EXCEEDED,11,RETRY_NOW,1
0.0,0.0,1750.4,NETBANKING,KOTAK,NETWORK_ERROR,9,RETRY_NOW,0
0.8260869565217391,0.25,8538.46,CARD,SBI,CARD_EXPIRED,23,RETRY_NOW,0
0.7076923076923077,0.47368421052631576,6221.3,CARD,SBI,AUTHENTICATION_FAILED,14,RETRY_LATER,0
0.6428571428571429,0.6,1121.06,CARD,ICICI,BANK_TIMEOUT,0,RETRY_NOW,1
0.676056338028169,0.6086956521739131,2615.66,WALLET,AXIS,NETWORK_ERROR,7,SEND_REMINDER,0
0.8085106382978723,0.4444444444444444,1847.84,NETBANKING,KOTAK,NETWORK_ERROR,12,RETRY_NOW,1
0.8351648351648352,0.4666666666666667,489.96,UPI,KOTAK,AUTHENTICATION_FAILED,2,RETRY_LATER,1
0.6976744186046512,0.38461538461538464,9654.69,UPI,YESBANK,LIMIT_EXCEEDED,19,SEND_REMINDER,1
0.7333333333333333,0.3333333333333333,8555.95,WALLET,KOTAK,INSUFFICIENT_FUNDS,2,RETRY_LATER,1
0.8351648351648352,0.4666666666666667,489.96,UPI,KOTAK,AUTHENTICATION_FAILED,2,SEND_REMINDER,1
0.95,1.0,9777.85,NETBANKING,ICICI,NETWORK_ERROR,5,RETRY_LATER,1
0.8360655737704918,0.8,3130.52,NETBANKING,SBI,LIMIT_EXCEEDED,13,NO_ACTION,0
0.8958333333333334,0.6,5755.0,CARD,YESBANK,BANK_TIMEOUT,13,NO_ACTION,0
0.8072289156626506,0.6875,442.11,NETBANKING,KOTAK,LIMIT_EXCEEDED,8,RETRY_LATER,1
0.7894736842105263,0.5,3497.7,CARD,ICICI,INSUFFICIENT_FUNDS,0,RETRY_NOW,0
0.25,0.5,4082.07,WALLET,SBI,LIMIT_EXCEEDED,0,RETRY_NOW,0
0.0,0.0,6247.16,NETBANKING,AXIS,CARD_EXPIRED,0,SEND_REMINDER,0
0.7142857142857143,0.6428571428571429,8973.91,NETBANKING,SBI,NETWORK_ERROR,4,RETRY_NOW,1
0.7307692307692307,0.7142857142857143,4519.6,UPI,KOTAK,NETWORK_ERROR,5,RETRY_NOW,1
0.5903614457831325,0.5588235294117647,1203.38,UPI,YESBANK,LIMIT_EXCEEDED,16,RETRY_LATER,0
0.8076923076923077,0.4,5982.78,WALLET,HDFC,NETWORK_ERROR,14,RETRY_NOW,0
0.65625,0.5454545454545454,4948.61,CARD,KOTAK,AUTHENTICATION_FAILED,11,RETRY_LATER,0
0.55,0.4444444444444444,1220.41,WALLET,SBI,LIMIT_EXCEEDED,21,RETRY_LATER,1
0.9634146341463414,0.6666666666666666,6402.06,UPI,KOTAK,INSUFFICIENT_FUNDS,4,RETRY_NOW,1
0.6,0.5,7994.91,UPI,ICICI,LIMIT_EXCEEDED,20,RETRY_LATER,1
0.6470588235294118,0.5,7596.62,WALLET,ICICI,BANK_TIMEOUT,1,SEND_REMINDER,0
0.7017543859649122,0.23529411764705882,9647.19,NETBANKING,YESBANK,INSUFFICIENT_FUNDS,22,NO_ACTION,0
0.8125,0.47619047619047616,4192.52,WALLET,KOTAK,BANK_TIMEOUT,22,SEND_REMINDER,0
0.7333333333333333,0.25,3257.04,UPI,AXIS,BANK_TIMEOUT,14,RETRY_NOW,0
0.7430555555555556,0.40540540540540543,8027.67,WALLET,KOTAK,NETWORK_ERROR,7,RETRY_LATER,1
0.782608695652174,1.0,2005.57,WALLET,SBI,CARD_EXPIRED,19,RETRY_NOW,0
0.7307692307692307,0.4642857142857143,4107.05,WALLET,HDFC,BANK_TIMEOUT,0,SEND_REMINDER,0
0.7777777777777778,0.75,867.3,CARD,ICICI,AUTHENTICATION_FAILED,2,RETRY_NOW,0
0.95,1.0,9777.85,NETBANKING,ICICI,NETWORK_ERROR,5,NO_ACTION,0
0.746031746031746,0.375,4237.33,CARD,AXIS,BANK_TIMEOUT,6,NO_ACTION,0
0.7894736842105263,0.5,2773.77,NETBANKING,AXIS,INSUFFICIENT_FUNDS,13,NO_ACTION,0
0.7777777777777778,0.625,2654.68,NETBANKING,HDFC,BANK_TIMEOUT,11,RETRY_NOW,1
0.6818181818181818,0.42857142857142855,6521.67,CARD,KOTAK,CARD_EXPIRED,21,RETRY_LATER,1
0.7368421052631579,0.6,544.08,UPI,SBI,CARD_EXPIRED,12,RETRY_LATER,1
0.7333333333333333,0.25,3257.04,UPI,AXIS,BANK_TIMEOUT,14,NO_ACTION,0
0.625,0.6666666666666666,1657.11,CARD,HDFC,AUTHENTICATION_FAILED,15,SEND_REMINDER,1
0.6666666666666666,1.0,2952.13,CARD,SBI,AUTHENTICATION_FAILED,23,NO_ACTION,0
0.7906976744186046,0.5555555555555556,3772.08,UPI,SBI,INSUFFICIENT_FUNDS,15,SEND_REMINDER,1
0.6923076923076923,0.25,9492.6,UPI,AXIS,CARD_EXPIRED,9,RETRY_NOW,0
0.794392523364486,0.3181818181818182,9874.87,NETBANKING,KOTAK,LIMIT_EXCEEDED,16,NO_ACTION,0
0.9166666666666666,0.6666666666666666,6651.39,CARD,HDFC,AUTHENTICATION_FAILED,15,SEND_REMINDER,1
0.8455284552845529,0.631578947368421,1927.67,CARD,AXIS,AUTHENTICATION_FAILED,7,SEND_REMINDER,1
0.88,1.0,1986.63,NETBANKING,HDFC,CARD_EXPIRED,12,RETRY_NOW,1
0.7830188679245284,0.43478260869565216,8162.57,NETBANKING,SBI,BANK_TIMEOUT,12,RETRY_LATER,0
0.7258064516129032,0.4117647058823529,9358.58,CARD,SBI,CARD_EXPIRED,6,RETRY_NOW,0
0.68,0.525,5961.7,WALLET,AXIS,INSUFFICIENT_FUNDS,1,NO_ACTION,0
0.7747747747747747,0.6,7530.0,CARD,HDFC,AUTHENTICATION_FAILED,1,SEND_REMINDER,0
0.735632183908046,0.30434782608695654,1667.62,NETBANKING,HDFC,AUTHENTICATION_FAILED,19,RETRY_NOW,0
0.7666666666666667,0.42857142857142855,7766.77,CARD,YESBANK,NETWORK_ERROR,15,SEND_REMINDER,0
0.75,0.2,9936.56,CARD,HDFC,LIMIT_EXCEEDED,8,RETRY_NOW,1
0.835820895522388,0.45454545454545453,3349.48,NETBANKING,HDFC,LIMIT_EXCEEDED,12,SEND_REMINDER,1
0.9404761904761905,0.6,5333.3,WALLET,HDFC,LIMIT_EXCEEDED,21,RETRY_LATER,1
0.4482758620689655,0.375,6269.59,WALLET,HDFC,NETWORK_ERROR,6,RETRY_LATER,1
0.5384615384615384,0.8333333333333334,4685.97,UPI,HDFC,LIMIT_EXCEEDED,1,RETRY_LATER,1
0.7833333333333333,0.5384615384615384,1611.95,CARD,YESBANK,CARD_EXPIRED,17,RETRY_NOW,0
0.6971830985915493,0.4418604651162791,3202.34,UPI,YESBANK,BANK_TIMEOUT,1,NO_ACTION,0
0.7391304347826086,0.16666666666666666,7833.03,CARD,AXIS,INSUFFICIENT_FUNDS,4,RETRY_NOW,0
0.5,0.0,582.31,UPI,AXIS,NETWORK_ERROR,6,NO_ACTION,0
0.8504672897196262,0.5,3348.52,CARD,YESBANK,BANK_TIMEOUT,3,SEND_REMINDER,1
0.7,0.5833333333333334,1771.43,WALLET,AXIS,BANK_TIMEOUT,20,SEND_REMINDER,1
0.7796610169491526,0.46153846153846156,7073.46,UPI,YESBANK,NETWORK_ERROR,23,RETRY_LATER,1
0.5882352941176471,0.42857142857142855,7894.59,NETBANKING,ICICI,CARD_EXPIRED,13,SEND_REMINDER,1
0.7777777777777778,0.5,2875.83,UPI,KOTAK,LIMIT_EXCEEDED,3,RETRY_NOW,0
0.6451612903225806,0.5,2312.93,CARD,YESBANK,CARD_EXPIRED,2,SEND_REMINDER,1
0.0,0.0,8940.23,WALLET,KOTAK,INSUFFICIENT_FUNDS,23,SEND_REMINDER,0
0.7464788732394366,0.5,9363.97,UPI,YESBANK,INSUFFICIENT_FUNDS,18,NO_ACTION,0
0.5,1.0,1764.84,NETBANKING,SBI,LIMIT_EXCEEDED,10,SEND_REMINDER,0
0.8717948717948718,0.4,489.74,WALLET,AXIS,LIMIT_EXCEEDED,4,SEND_REMINDER,0
0.7065217391304348,0.4074074074074074,3093.02,UPI,KOTAK,LIMIT_EXCEEDED,2,SEND_REMINDER,0
0.7777777777777778,1.0,4664.58,NETBANKING,HDFC,LIMIT_EXCEEDED,14,RETRY_NOW,1
0.7948717948717948,0.5,3435.16,CARD,HDFC,BANK_TIMEOUT,11,RETRY_NOW,1
0.5945945945945946,0.4,8452.75,NETBANKING,YESBANK,LIMIT_EXCEEDED,0,NO_ACTION,0
0.6190476190476191,0.375,9352.12,CARD,SBI,CARD_EXPIRED,6,NO_ACTION,0
0.6944444444444444,0.45454545454545453,101.87,NETBANKING,YESBANK,CARD_EXPIRED,19,RETRY_LATER,1
0.4444444444444444,0.2,3405.27,UPI,KOTAK,INSUFFICIENT_FUNDS,22,NO_ACTION,0
0.7543859649122807,0.35714285714285715,5738.12,CARD,HDFC,CARD_EXPIRED,1,NO_ACTION,0
0.6875,0.2,2287.7,UPI,KOTAK,AUTHENTICATION_FAILED,10,NO_ACTION,0
0.6707317073170732,0.5185185185185185,6706.16,UPI,SBI,INSUFFICIENT_FUNDS,7,RETRY_NOW,0
0.863013698630137,0.7,2877.14,UPI,HDFC,BANK_TIMEOUT,23,SEND_REMINDER,0
0.3333333333333333,0.5,636.86,WALLET,ICICI,AUTHENTICATION_FAILED,7,RETRY_NOW,0
0.7142857142857143,1.0,8721.2,UPI,ICICI,LIMIT_EXCEEDED,4,NO_ACTION,0
0.7804878048780488,0.7777777777777778,8292.25,CARD,YESBANK,LIMIT_EXCEEDED,8,RETRY_NOW,0
0.6285714285714286,0.15384615384615385,2698.63,WALLET,SBI,CARD_EXPIRED,13,RETRY_NOW,0
0.0,1.0,9162.58,NETBANKING,ICICI,NETWORK_ERROR,3,NO_ACTION,0
0.7469879518072289,0.3333333333333333,4055.94,WALLET,YESBANK,AUTHENTICATION_FAILED,6,NO_ACTION,0
0.6931818181818182,0.4444444444444444,8831.64,WALLET,HDFC,NETWORK_ERROR,1,NO_ACTION,0
0.7674418604651163,0.6,8214.51,NETBANKING,ICICI,BANK_TIMEOUT,9,RETRY_NOW,1
0.7802197802197802,0.35,839.51,UPI,ICICI,NETWORK_ERROR,0,RETRY_LATER,1
0.7674418604651163,0.7,5589.02,UPI,HDFC,LIMIT_EXCEEDED,11,RETRY_LATER,1
0.912621359223301,0.2222222222222222,3732.16,CARD,HDFC,AUTHENTICATION_FAILED,4,NO_ACTION,0
0.7401574803149606,0.5757575757575758,4143.68,NETBANKING,YESBANK,CARD_EXPIRED,13,NO_ACTION,0
0.6363636363636364,1.0,9022.1,CARD,KOTAK,INSUFFICIENT_FUNDS,15,RETRY_LATER,1
0.5625,0.42857142857142855,8009.86,UPI,HDFC,NETWORK_ERROR,13,NO_ACTION,0
0.7346938775510204,0.3076923076923077,8928.45,NETBANKING,ICICI,CARD_EXPIRED,22,RETRY_NOW,0
0.782608695652174,0.6,5179.8,WALLET,KOTAK,AUTHENTICATION_FAILED,16,SEND_REMINDER,1
0.72,0.42857142857142855,3939.85,UPI,KOTAK,BANK_TIMEOUT,1,SEND_REMINDER,0
0.8444444444444444,0.5714285714285714,4839.18,WALLET,ICICI,AUTHENTICATION_FAILED,9,SEND_REMINDER,1
0.5789473684210527,0.5,4518.36,UPI,KOTAK,INSUFFICIENT_FUNDS,18,RETRY_LATER,1
0.5384615384615384,0.4166666666666667,3316.39,NETBANKING,AXIS,INSUFFICIENT_FUNDS,15,RETRY_LATER,0
0.5,0.0,3665.42,NETBANKING,AXIS,NETWORK_ERROR,18,RETRY_NOW,0
0.6666666666666666,0.4,4991.27,NETBANKING,YESBANK,BANK_TIMEOUT,14,NO_ACTION,0
0.7380952380952381,0.5151515151515151,8728.05,CARD,KOTAK,NETWORK_ERROR,3,NO_ACTION,0
0.7,0.3333333333333333,7126.33,CARD,KOTAK,LIMIT_EXCEEDED,15,RETRY_LATER,1
0.6621621621621622,0.68,421.14,NETBANKING,HDFC,INSUFFICIENT_FUNDS,17,RETRY_NOW,0
0.7916666666666666,0.6,3309.97,CARD,AXIS,NETWORK_ERROR,2,RETRY_NOW,1
0.75,0.3333333333333333,6874.81,UPI,SBI,INSUFFICIENT_FUNDS,12,NO_ACTION,0
0.7702702702702703,0.47058823529411764,8879.09,NETBANKING,SBI,NETWORK_ERROR,9,RETRY_NOW,0
0.9166666666666666,0.0,4191.08,WALLET,KOTAK,CARD_EXPIRED,17,SEND_REMINDER,0
0.3333333333333333,0.0,385.65,CARD,KOTAK,NETWORK_ERROR,16,SEND_REMINDER,1
0.8508771929824561,0.5294117647058824,5423.41,UPI,KOTAK,INSUFFICIENT_FUNDS,3,RETRY_LATER,1
0.6071428571428571,0.45454545454545453,6269.1,WALLET,KOTAK,INSUFFICIENT_FUNDS,11,RETRY_NOW,1
0.8688524590163934,0.25,9519.31,WALLET,HDFC,LIMIT_EXCEEDED,15,SEND_REMINDER,0
0.7377049180327869,0.5625,1446.39,WALLET,SBI,NETWORK_ERROR,22,RETRY_NOW,0
0.8,0.5555555555555556,5170.62,WALLET,ICICI,CARD_EXPIRED,7,SEND_REMINDER,1
0.8125,0.3333333333333333,694.57,CARD,SBI,CARD_EXPIRED,23,SEND_REMINDER,1
0.6590909090909091,0.5,7764.82,WALLET,KOTAK,BANK_TIMEOUT,22,NO_ACTION,0
0.8823529411764706,0.5,9983.08,UPI,AXIS,BANK_TIMEOUT,20,SEND_REMINDER,1
0.5,1.0,2342.65,UPI,AXIS,CARD_EXPIRED,23,NO_ACTION,0
0.7,0.47619047619047616,1602.46,WALLET,AXIS,AUTHENTICATION_FAILED,5,NO_ACTION,0
0.75,0.09090909090909091,5522.13,WALLET,AXIS,LIMIT_EXCEEDED,23,RETRY_NOW,0
0.6111111111111112,0.5,518.55,NETBANKING,KOTAK,NETWORK_ERROR,20,RETRY_LATER,0
0.5625,0.5714285714285714,7097.19,WALLET,ICICI,INSUFFICIENT_FUNDS,5,NO_ACTION,0
0.5,0.42857142857142855,6992.08,CARD,ICICI,BANK_TIMEOUT,2,NO_ACTION,0
0.6666666666666666,1.0,4354.1,NETBANKING,KOTAK,AUTHENTICATION_FAILED,14,SEND_REMINDER,0
0.5555555555555556,0.25,5968.06,WALLET,YESBANK,AUTHENTICATION_FAILED,16,RETRY_LATER,0
0.7659574468085106,0.5,8734.22,UPI,ICICI,INSUFFICIENT_FUNDS,8,NO_ACTION,0
0.5,0.25,962.43,NETBANKING,KOTAK,CARD_EXPIRED,17,RETRY_LATER,0
0.7631578947368421,0.8888888888888888,9200.44,CARD,ICICI,NETWORK_ERROR,15,NO_ACTION,0
0.7894736842105263,0.75,6709.77,CARD,SBI,NETWORK_ERROR,19,SEND_REMINDER,1
0.75,0.0,8224.62,UPI,ICICI,CARD_EXPIRED,23,RETRY_LATER,0
0.7391304347826086,0.5,7691.91,CARD,KOTAK,LIMIT_EXCEEDED,13,SEND_REMINDER,0
0.6956521739130435,0.47619047619047616,8166.59,WALLET,AXIS,NETWORK_ERROR,20,NO_ACTION,0
0.65625,0.6363636363636364,3364.68,CARD,ICICI,AUTHENTICATION_FAILED,3,RETRY_LATER,0
0.7222222222222222,0.8,3497.79,NETBANKING,YESBANK,AUTHENTICATION_FAILED,7,SEND_REMINDER,1
0.8245614035087719,0.4,1022.89,NETBANKING,ICICI,BANK_TIMEOUT,5,RETRY_LATER,0
0.68,0.625,692.54,UPI,ICICI,BANK_TIMEOUT,10,NO_ACTION,0
0.7627118644067796,0.35714285714285715,409.74,CARD,YESBANK,AUTHENTICATION_FAILED,2,NO_ACTION,0
0.65,0.2857142857142857,4984.54,CARD,SBI,NETWORK_ERROR,5,RETRY_LATER,0
0.6363636363636364,0.25,5163.31,CARD,AXIS,BANK_TIMEOUT,19,SEND_REMINDER,1
0.92,0.5,1940.5,CARD,ICICI,LIMIT_EXCEEDED,14,NO_ACTION,0
0.7254901960784313,0.42857142857142855,4196.11,UPI,YESBANK,NETWORK_ERROR,12,SEND_REMINDER,0
0.8275862068965517,0.2,9745.42,WALLET,HDFC,LIMIT_EXCEEDED,17,RETRY_LATER,0
0.9369369369369369,0.8571428571428571,2394.22,WALLET,SBI,INSUFFICIENT_FUNDS,3,SEND_REMINDER,0
0.5648148148148148,0.425531914893617,9563.31,CARD,HDFC,AUTHENTICATION_FAILED,15,RETRY_LATER,1
0.6470588235294118,0.5833333333333334,6262.89,NETBANKING,ICICI,CARD_EXPIRED,14,SEND_REMINDER,0
0.5238095238095238,0.5666666666666667,5146.34,UPI,AXIS,CARD_EXPIRED,23,NO_ACTION,0
0.5,0.5,7705.9,UPI,ICICI,NETWORK_ERROR,10,RETRY_LATER,1
0.7362637362637363,0.5,1959.39,WALLET,YESBANK,NETWORK_ERROR,4,RETRY_LATER,0
0.8181818181818182,0.5,4625.03,UPI,ICICI,INSUFFICIENT_FUNDS,0,NO_ACTION,0
0.717391304347826,0.6153846153846154,9131.14,WALLET,YESBANK,AUTHENTICATION_FAILED,0,SEND_REMINDER,1
0.7142857142857143,0.4375,3895.7,CARD,ICICI,INSUFFICIENT_FUNDS,16,RETRY_NOW,1
0.7209302325581395,0.5,1158.65,WALLET,AXIS,INSUFFICIENT_FUNDS,0,RETRY_NOW,0
0.7428571428571429,0.3888888888888889,6210.3,NETBANKING,KOTAK,BANK_TIMEOUT,19,SEND_REMINDER,0
0.6666666666666666,0.2631578947368421,9794.27,WALLET,AXIS,BANK_TIMEOUT,8,NO_ACTION,0
0.7142857142857143,0.5,8583.22,WALLET,SBI,CARD_EXPIRED,21,RETRY_NOW,0
0.6511627906976745,0.7333333333333333,4212.75,CARD,ICICI,INSUFFICIENT_FUNDS,23,RETRY_NOW,0
0.8363636363636363,0.7777777777777778,4654.62,WALLET,SBI,CARD_EXPIRED,9,SEND_REMINDER,1
0.7906976744186046,0.5555555555555556,8392.1,CARD,YESBANK,INSUFFICIENT_FUNDS,18,NO_ACTION,0
0.7209302325581395,0.4583333333333333,1856.57,CARD,SBI,AUTHENTICATION_FAILED,5,RETRY_LATER,1
0.85,0.6666666666666666,3152.83,WALLET,AXIS,INSUFFICIENT_FUNDS,0,SEND_REMINDER,0
0.7125,0.30434782608695654,5545.36,NETBANKING,HDFC,CARD_EXPIRED,6,RETRY_NOW,0
0.7058823529411765,0.0,9908.93,WALLET,AXIS,INSUFFICIENT_FUNDS,9,SEND_REMINDER,0
0.7,0.47619047619047616,1304.13,NETBANKING,KOTAK,INSUFFICIENT_FUNDS,9,NO_ACTION,0
0.7037037037037037,0.375,2350.16,CARD,AXIS,CARD_EXPIRED,8,SEND_REMINDER,0
0.0,1.0,7593.28,CARD,AXIS,INSUFFICIENT_FUNDS,4,RETRY_NOW,1
0.7191011235955056,0.76,5740.65,UPI,AXIS,CARD_EXPIRED,3,RETRY_LATER,0
0.8,0.6,7313.45,UPI,YESBANK,CARD_EXPIRED,5,SEND_REMINDER,1
0.6363636363636364,0.5,8344.16,WALLET,HDFC,CARD_EXPIRED,17,RETRY_LATER,0
0.5,0.5,7837.75,WALLET,ICICI,BANK_TIMEOUT,22,SEND_REMINDER,0
0.5,0.0,2262.35,CARD,HDFC,NETWORK_ERROR,5,RETRY_LATER,1
0.6222222222222222,0.6470588235294118,9723.35,CARD,ICICI,NETWORK_ERROR,9,NO_ACTION,0
0.6875,0.4666666666666667,8700.68,WALLET,SBI,AUTHENTICATION_FAILED,8,NO_ACTION,0
0.696969696969697,0.3,116.17,UPI,KOTAK,BANK_TIMEOUT,20,RETRY_NOW,0
0.7956989247311828,0.3684210526315789,7175.42,WALLET,SBI,NETWORK_ERROR,19,NO_ACTION,0
0.5857142857142857,0.5862068965517241,5676.4,WALLET,SBI,AUTHENTICATION_FAILED,10,RETRY_NOW,0
0.6666666666666666,1.0,8518.38,CARD,HDFC,LIMIT_EXCEEDED,22,RETRY_NOW,1
0.7375,0.47619047619047616,1928.88,NETBANKING,ICICI,AUTHENTICATION_FAILED,13,RETRY_LATER,1
0.6666666666666666,0.0,3577.7,WALLET,HDFC,AUTHENTICATION_FAILED,16,NO_ACTION,0
0.8,0.3333333333333333,9362.62,WALLET,AXIS,INSUFFICIENT_FUNDS,4,NO_ACTION,0
0.6666666666666666,0.6521739130434783,1519.74,UPI,KOTAK,CARD_EXPIRED,20,RETRY_LATER,0
0.9583333333333334,1.0,9353.67,WALLET,YESBANK,AUTHENTICATION_FAILED,4,SEND_REMINDER,1
0.7477477477477478,0.4642857142857143,9225.29,NETBANKING,ICICI,INSUFFICIENT_FUNDS,4,SEND_REMINDER,1
0.75,0.4,4474.11,UPI,SBI,AUTHENTICATION_FAILED,22,RETRY_LATER,0
0.7796610169491526,0.38461538461538464,2965.94,CARD,HDFC,INSUFFICIENT_FUNDS,8,RETRY_NOW,0
0.0,0.0,7804.78,NETBANKING,SBI,NETWORK_ERROR,22,SEND_REMINDER,1
0.7941176470588235,0.2857142857142857,8756.82,UPI,AXIS,AUTHENTICATION_FAILED,9,RETRY_NOW,0
0.6666666666666666,0.0,4633.92,UPI,SBI,AUTHENTICATION_FAILED,1,RETRY_LATER,0
0.9206349206349206,0.8,7656.99,UPI,SBI,INSUFFICIENT_FUNDS,16,NO_ACTION,0
0.7428571428571429,0.7777777777777778,6931.34,WALLET,AXIS,CARD_EXPIRED,4,RETRY_LATER,0
0.9473684210526315,1.0,917.73,CARD,SBI,INSUFFICIENT_FUNDS,12,RETRY_LATER,0
0.6923076923076923,0.6666666666666666,6105.39,WALLET,HDFC,CARD_EXPIRED,0,SEND_REMINDER,1
0.7111111111111111,0.41025641025641024,3272.36,UPI,ICICI,BANK_TIMEOUT,16,SEND_REMINDER,1
0.6976744186046512,0.6153846153846154,9482.43,CARD,HDFC,BANK_TIMEOUT,0,RETRY_NOW,1
0.9054054054054054,0.7142857142857143,267.84,NETBANKING,ICICI,AUTHENTICATION_FAILED,17,NO_ACTION,0
0.5789473684210527,0.5,9138.49,UPI,YESBANK,NETWORK_ERROR,23,SEND_REMINDER,0
0.2857142857142857,0.2,6601.44,WALLET,HDFC,CARD_EXPIRED,0,NO_ACTION,0
0.5,0.5,7188.35,UPI,HDFC,BANK_TIMEOUT,1,RETRY_LATER,1
0.7115384615384616,0.4666666666666667,211.16,WALLET,AXIS,BANK_TIMEOUT,12,RETRY_LATER,1
0.8333333333333334,0.75,9263.21,WALLET,HDFC,INSUFFICIENT_FUNDS,16,RETRY_LATER,1
0.9298245614035088,0.5,5571.99,NETBANKING,AXIS,AUTHENTICATION_FAILED,1,SEND_REMINDER,1
0.8,0.0,8253.23,UPI,KOTAK,NETWORK_ERROR,23,RETRY_LATER,1
0.9219858156028369,0.2727272727272727,2478.63,UPI,HDFC,BANK_TIMEOUT,10,SEND_REMINDER,0
0.660377358490566,0.5555555555555556,3501.89,CARD,SBI,INSUFFICIENT_FUNDS,12,RETRY_NOW,0
0.7948717948717948,0.5,813.12,CARD,AXIS,NETWORK_ERROR,16,RETRY_NOW,0
0.684931506849315,0.4782608695652174,7333.37,NETBANKING,HDFC,AUTHENTICATION_FAILED,0,RETRY_LATER,0
0.6111111111111112,0.2857142857142857,668.73,WALLET,AXIS,CARD_EXPIRED,13,NO_ACTION,0
0.8888888888888888,1.0,7105.59,WALLET,YESBANK,AUTHENTICATION_FAILED,8,RETRY_LATER,1
0.6666666666666666,0.4,7360.2,WALLET,AXIS,INSUFFICIENT_FUNDS,17,NO_ACTION,0
0.7142857142857143,0.5,5063.84,NETBANKING,SBI,CARD_EXPIRED,12,RETRY_NOW,1
0.8,0.375,4669.94,CARD,AXIS,CARD_EXPIRED,15,RETRY_LATER,0
0.8428571428571429,0.5454545454545454,1130.5,UPI,ICICI,NETWORK_ERROR,6,RETRY_NOW,0
0.7,0.5,5944.89,UPI,KOTAK,INSUFFICIENT_FUNDS,10,NO_ACTION,0
0.8688524590163934,0.25,9519.31,WALLET,HDFC,LIMIT_EXCEEDED,15,RETRY_NOW,1
0.6527777777777778,0.32,5904.86,NETBANKING,HDFC,LIMIT_EXCEEDED,4,SEND_REMINDER,0
0.0,1.0,7276.9,WALLET,SBI,LIMIT_EXCEEDED,6,RETRY_NOW,0
0.7142857142857143,1.0,8721.2,UPI,ICICI,LIMIT_EXCEEDED,4,SEND_REMINDER,0
0.5,1.0,9013.38,NETBANKING,HDFC,LIMIT_EXCEEDED,11,SEND_REMINDER,0
0.7476635514018691,0.4444444444444444,1725.4,WALLET,ICICI,CARD_EXPIRED,19,NO_ACTION,0
0.782608695652174,0.5,8322.49,WALLET,ICICI,BANK_TIMEOUT,8,RETRY_LATER,0
0.9032258064516129,0.3333333333333333,722.22,NETBANKING,HDFC,AUTHENTICATION_FAILED,0,SEND_REMINDER,0
0.7830188679245284,0.43478260869565216,8162.57,NETBANKING,SBI,BANK_TIMEOUT,12,SEND_REMINDER,0
0.6842105263157895,0.5,2011.32,NETBANKING,YESBANK,INSUFFICIENT_FUNDS,15,RETRY_NOW,0
0.8983050847457628,0.3333333333333333,3292.62,CARD,KOTAK,AUTHENTICATION_FAILED,22,SEND_REMINDER,0
0.5925925925925926,0.5909090909090909,5305.54,NETBANKING,YESBANK,CARD_EXPIRED,20,RETRY_NOW,1
0.6351351351351351,0.5555555555555556,6219.34,CARD,HDFC,LIMIT_EXCEEDED,11,RETRY_LATER,1
0.6233766233766234,0.4482758620689655,368.89,NETBANKING,AXIS,AUTHENTICATION_FAILED,4,RETRY_NOW,0
0.8333333333333334,1.0,5696.09,WALLET,YESBANK,BANK_TIMEOUT,9,RETRY_LATER,1
0.6320754716981132,0.5641025641025641,1194.42,CARD,KOTAK,AUTHENTICATION_FAILED,18,NO_ACTION,0
0.6363636363636364,0.55,3290.66,CARD,SBI,LIMIT_EXCEEDED,23,NO_ACTION,0
0.7796610169491526,0.46153846153846156,526.92,UPI,KOTAK,BANK_TIMEOUT,22,SEND_REMINDER,0
0.7258064516129032,0.5882352941176471,9412.95,UPI,HDFC,BANK_TIMEOUT,23,RETRY_LATER,1
0.8846153846153846,0.6666666666666666,8040.96,WALLET,KOTAK,INSUFFICIENT_FUNDS,12,NO_ACTION,0
0.45454545454545453,0.5,2170.31,CARD,KOTAK,BANK_TIMEOUT,0,NO_ACTION,0
0.5714285714285714,0.3333333333333333,6838.18,WALLET,ICICI,LIMIT_EXCEEDED,13,RETRY_NOW,0
0.7777777777777778,1.0,2380.97,WALLET,ICICI,AUTHENTICATION_FAILED,14,SEND_REMINDER,1
0.55,0.3333333333333333,5337.28,CARD,KOTAK,INSUFFICIENT_FUNDS,21,NO_ACTION,0
0.7333333333333333,0.3333333333333333,8555.95,WALLET,KOTAK,INSUFFICIENT_FUNDS,2,SEND_REMINDER,1
0.8333333333333334,1.0,4027.41,CARD,ICICI,LIMIT_EXCEEDED,9,NO_ACTION,0
0.9634146341463414,0.6666666666666666,6402.06,UPI,KOTAK,INSUFFICIENT_FUNDS,4,NO_ACTION,0
0.8333333333333334,0.42857142857142855,1873.33,CARD,SBI,CARD_EXPIRED,23,RETRY_LATER,0
0.7636363636363637,0.6153846153846154,9005.22,CARD,AXIS,BANK_TIMEOUT,20,SEND_REMINDER,1
0.8133333333333334,0.7857142857142857,4344.68,NETBANKING,HDFC,AUTHENTICATION_FAILED,9,SEND_REMINDER,1
0.7425742574257426,0.2692307692307692,4514.04,CARD,KOTAK,LIMIT_EXCEEDED,1,NO_ACTION,0
0.7164179104477612,0.42105263157894735,2513.05,UPI,AXIS,INSUFFICIENT_FUNDS,12,RETRY_LATER,0
0.8172043010752689,0.47058823529411764,4518.77,CARD,AXIS,AUTHENTICATION_FAILED,7,NO_ACTION,0
0.8148148148148148,0.5,5773.43,UPI,KOTAK,INSUFFICIENT_FUNDS,20,NO_ACTION,0
0.9047619047619048,0.5,8255.45,UPI,SBI,AUTHENTICATION_FAILED,8,NO_ACTION,0
0.673469387755102,0.5625,4097.89,UPI,HDFC,AUTHENTICATION_FAILED,8,RETRY_LATER,0
0.9047619047619048,0.5,859.66,NETBANKING,SBI,INSUFFICIENT_FUNDS,18,SEND_REMINDER,1
0.631578947368421,0.42857142857142855,5668.57,CARD,AXIS,NETWORK_ERROR,1,RETRY_LATER,1
0.8571428571428571,0.45454545454545453,8521.86,NETBANKING,YESBANK,LIMIT_EXCEEDED,12,SEND_REMINDER,1
0.25,0.0,4123.37,WALLET,ICICI,NETWORK_ERROR,13,NO_ACTION,0
0.75,0.4666666666666667,2542.06,CARD,YESBANK,INSUFFICIENT_FUNDS,2,RETRY_LATER,0
0.75,0.4117647058823529,8366.76,UPI,ICICI,LIMIT_EXCEEDED,23,RETRY_LATER,1
0.6938775510204082,0.6,1163.58,WALLET,YESBANK,AUTHENTICATION_FAILED,9,RETRY_NOW,0
0.8,0.5294117647058824,1954.76,NETBANKING,ICICI,AUTHENTICATION_FAILED,13,NO_ACTION,0
0.5,0.0,2243.5,UPI,AXIS,NETWORK_ERROR,19,RETRY_LATER,1
0.7611940298507462,0.5,7709.62,UPI,HDFC,BANK_TIMEOUT,2,RETRY_NOW,0
0.88,0.6666666666666666,966.98,UPI,SBI,CARD_EXPIRED,6,RETRY_NOW,0
0.7058823529411765,0.4,1802.02,NETBANKING,SBI,AUTHENTICATION_FAILED,15,NO_ACTION,0
0.75,0.0,2419.23,WALLET,HDFC,NETWORK_ERROR,1,RETRY_LATER,1
0.7572815533980582,0.52,3624.04,WALLET,YESBANK,CARD_EXPIRED,12,RETRY_LATER,1
0.7857142857142857,0.3333333333333333,3140.23,NETBANKING,ICICI,AUTHENTICATION_FAILED,9,SEND_REMINDER,0
0.7894736842105263,0.75,6709.77,CARD,SBI,NETWORK_ERROR,19,NO_ACTION,0
0.88,0.6666666666666666,8841.86,UPI,YESBANK,INSUFFICIENT_FUNDS,5,SEND_REMINDER,0
0.56,0.45454545454545453,9647.42,UPI,ICICI,NETWORK_ERROR,10,RETRY_NOW,0
0.7162162162162162,0.38095238095238093,2917.13,WALLET,HDFC,BANK_TIMEOUT,18,RETRY_LATER,0
0.7115384615384616,0.5333333333333333,7288.04,CARD,YESBANK,LIMIT_EXCEEDED,15,RETRY_LATER,1
0.7012987012987013,0.5217391304347826,2017.72,NETBANKING,ICICI,INSUFFICIENT_FUNDS,21,RETRY_NOW,0
0.8181818181818182,0.5,3519.98,NETBANKING,ICICI,BANK_TIMEOUT,9,SEND_REMINDER,0
0.8333333333333334,0.5,2899.66,NETBANKING,AXIS,CARD_EXPIRED,23,RETRY_LATER,0
0.8,0.3333333333333333,9937.9,CARD,YESBANK,INSUFFICIENT_FUNDS,11,RETRY_NOW,1
0.6363636363636364,0.25,1931.39,CARD,HDFC,LIMIT_EXCEEDED,15,RETRY_LATER,1
0.6896551724137931,0.5,2187.02,UPI,YESBANK,LIMIT_EXCEEDED,3,SEND_REMINDER,0
0.7272727272727273,0.5555555555555556,2349.73,NETBANKING,ICICI,INSUFFICIENT_FUNDS,16,RETRY_LATER,1
0.7207207207207207,0.41935483870967744,7957.7,CARD,KOTAK,CARD_EXPIRED,12,SEND_REMINDER,1
0.9113924050632911,0.7142857142857143,2938.1,CARD,HDFC,LIMIT_EXCEEDED,12,NO_ACTION,0
0.7049180327868853,0.3333333333333333,8899.84,CARD,YESBANK,CARD_EXPIRED,4,NO_ACTION,0
0.868421052631579,0.8,6488.91,WALLET,YESBANK,AUTHENTICATION_FAILED,5,RETRY_LATER,1
0.75,0.0,2271.99,UPI,KOTAK,NETWORK_ERROR,7,RETRY_NOW,0
0.5882352941176471,0.6428571428571429,3039.43,NETBANKING,HDFC,INSUFFICIENT_FUNDS,19,NO_ACTION,0
0.0,1.0,4877.47,NETBANKING,SBI,CARD_EXPIRED,20,RETRY_NOW,0
0.875,0.6666666666666666,5145.23,UPI,ICICI,CARD_EXPIRED,21,NO_ACTION,0
0.7419354838709677,0.5,1138.74,CARD,AXIS,NETWORK_ERROR,14,NO_ACTION,0
0.8181818181818182,0.8333333333333334,4680.03,NETBANKING,KOTAK,AUTHENTICATION_FAILED,4,SEND_REMINDER,1
0.7,0.6666666666666666,6207.26,NETBANKING,ICICI,CARD_EXPIRED,15,RETRY_LATER,0
0.7428571428571429,0.7777777777777778,6931.34,WALLET,AXIS,CARD_EXPIRED,4,NO_ACTION,0
0.8,0.3,6600.18,UPI,AXIS,INSUFFICIENT_FUNDS,3,NO_ACTION,0
0.5,0.5,4101.74,NETBANKING,AXIS,CARD_EXPIRED,2,NO_ACTION,0
0.6666666666666666,0.5,9291.27,CARD,YESBANK,INSUFFICIENT_FUNDS,9,RETRY_NOW,1
0.8,0.8571428571428571,5313.22,NETBANKING,KOTAK,BANK_TIMEOUT,23,RETRY_NOW,0
0.6901408450704225,0.36363636363636365,3151.9,UPI,KOTAK,BANK_TIMEOUT,4,RETRY_NOW,1
0.7906976744186046,0.6666666666666666,8829.22,WALLET,ICICI,CARD_EXPIRED,17,RETRY_NOW,0
0.7894736842105263,0.75,6867.36,WALLET,KOTAK,NETWORK_ERROR,2,SEND_REMINDER,1
0.8666666666666667,0.4166666666666667,2906.12,WALLET,AXIS,AUTHENTICATION_FAILED,16,NO_ACTION,0
0.6901408450704225,0.36363636363636365,3151.9,UPI,KOTAK,BANK_TIMEOUT,4,NO_ACTION,0
0.8028169014084507,0.5,7734.36,UPI,HDFC,CARD_EXPIRED,11,SEND_REMINDER,1
0.8333333333333334,0.0,3523.41,NETBANKING,SBI,LIMIT_EXCEEDED,14,SEND_REMINDER,0
0.7,0.5,5944.89,UPI,KOTAK,INSUFFICIENT_FUNDS,10,RETRY_NOW,0
0.8297872340425532,0.5,3994.71,UPI,SBI,AUTHENTICATION_FAILED,4,NO_ACTION,0
0.7241379310344828,0.25,3014.2,UPI,KOTAK,CARD_EXPIRED,2,NO_ACTION,0
0.5,1.0,9879.49,UPI,KOTAK,LIMIT_EXCEEDED,4,NO_ACTION,0
0.7,0.6666666666666666,2231.05,UPI,YESBANK,AUTHENTICATION_FAILED,14,NO_ACTION,0
0.7368421052631579,0.4,7840.91,WALLET,HDFC,BANK_TIMEOUT,11,RETRY_NOW,1
0.8181818181818182,0.25,3288.35,WALLET,AXIS,INSUFFICIENT_FUNDS,0,NO_ACTION,0
0.7272727272727273,0.5555555555555556,2349.73,NETBANKING,ICICI,INSUFFICIENT_FUNDS,16,SEND_REMINDER,1
0.7307692307692307,0.7142857142857143,352.97,WALLET,SBI,NETWORK_ERROR,3,NO_ACTION,0
0.75,0.14285714285714285,9084.55,CARD,SBI,CARD_EXPIRED,9,NO_ACTION,0
0.6363636363636364,0.25,5302.01,UPI,AXIS,INSUFFICIENT_FUNDS,21,SEND_REMINDER,1
0.5925925925925926,0.45454545454545453,5744.02,CARD,SBI,INSUFFICIENT_FUNDS,1,NO_ACTION,0
0.8133333333333334,0.7857142857142857,4344.68,NETBANKING,HDFC,AUTHENTICATION_FAILED,9,RETRY_NOW,0
0.7142857142857143,0.4375,3895.7,CARD,ICICI,INSUFFICIENT_FUNDS,16,SEND_REMINDER,1
0.8333333333333334,0.0,8663.48,NETBANKING,HDFC,AUTHENTICATION_FAILED,0,NO_ACTION,0
0.7777777777777778,0.4,7593.0,CARD,ICICI,AUTHENTICATION_FAILED,1,NO_ACTION,0
0.75,0.3333333333333333,6874.81,UPI,SBI,INSUFFICIENT_FUNDS,12,RETRY_NOW,0
0.8412698412698413,0.4,6374.22,WALLET,AXIS,NETWORK_ERROR,0,RETRY_NOW,1
0.9310344827586207,0.5,6722.27,UPI,AXIS,CARD_EXPIRED,13,RETRY_LATER,0
0.6153846153846154,0.8,3359.54,UPI,ICICI,LIMIT_EXCEEDED,21,NO_ACTION,0
0.7142857142857143,0.6,6415.35,CARD,ICICI,AUTHENTICATION_FAILED,5,RETRY_NOW,1
0.8,0.5,6090.17,UPI,SBI,NETWORK_ERROR,4,RETRY_LATER,1
0.8317757009345794,0.6666666666666666,2984.76,WALLET,KOTAK,CARD_EXPIRED,21,RETRY_NOW,0
0.7333333333333333,0.25,7881.03,WALLET,ICICI,NETWORK_ERROR,10,SEND_REMINDER,0
0.8771929824561403,0.5714285714285714,9804.03,NETBANKING,YESBANK,NETWORK_ERROR,3,RETRY_LATER,0
0.7012987012987013,0.43478260869565216,4295.72,WALLET,AXIS,NETWORK_ERROR,21,SEND_REMINDER,0
0.8,0.3333333333333333,314.38,WALLET,SBI,NETWORK_ERROR,11,RETRY_NOW,1
0.75,0.48148148148148145,1225.67,CARD,KOTAK,LIMIT_EXCEEDED,18,RETRY_LATER,1
0.7105263157894737,0.36363636363636365,4860.76,NETBANKING,YESBANK,NETWORK_ERROR,7,SEND_REMINDER,1
0.8,0.3,6600.18,UPI,AXIS,INSUFFICIENT_FUNDS,3,RETRY_NOW,1
0.8468468468468469,0.5294117647058824,823.31,CARD,ICICI,CARD_EXPIRED,6,RETRY_LATER,1
0.6326530612244898,0.6666666666666666,7091.69,UPI,KOTAK,AUTHENTICATION_FAILED,12,RETRY_LATER,0
0.5555555555555556,0.75,8348.11,CARD,AXIS,NETWORK_ERROR,11,RETRY_LATER,1
0.5957446808510638,0.5263157894736842,4135.7,CARD,ICICI,NETWORK_ERROR,20,NO_ACTION,0
0.6363636363636364,0.5,7926.54,UPI,KOTAK,INSUFFICIENT_FUNDS,11,RETRY_NOW,0
0.8095238095238095,0.25,1249.16,WALLET,ICICI,BANK_TIMEOUT,15,SEND_REMINDER,0
0.7307692307692307,0.6428571428571429,832.94,WALLET,KOTAK,CARD_EXPIRED,8,RETRY_LATER,1
0.7857142857142857,0.5333333333333333,3261.91,CARD,HDFC,BANK_TIMEOUT,7,SEND_REMINDER,0
0.6,0.5,4449.76,WALLET,ICICI,NETWORK_ERROR,4,RETRY_LATER,0
0.6578947368421053,0.5384615384615384,1100.19,UPI,KOTAK,BANK_TIMEOUT,3,RETRY_LATER,1
0.7692307692307693,0.16666666666666666,7244.37,CARD,KOTAK,CARD_EXPIRED,6,NO_ACTION,0
0.7954545454545454,0.6666666666666666,8333.62,CARD,YESBANK,CARD_EXPIRED,5,SEND_REMINDER,1
0.7327586206896551,0.6129032258064516,7246.64,CARD,AXIS,INSUFFICIENT_FUNDS,20,RETRY_LATER,1
0.8333333333333334,0.6,4913.49,NETBANKING,SBI,INSUFFICIENT_FUNDS,0,RETRY_LATER,0
0.5652173913043478,0.5,5312.08,CARD,KOTAK,AUTHENTICATION_FAILED,7,RETRY_NOW,1
0.7613636363636364,0.2857142857142857,1929.21,WALLET,ICICI,BANK_TIMEOUT,9,RETRY_LATER,1
0.5638297872340425,0.5121951219512195,240.66,UPI,YESBANK,NETWORK_ERROR,6,SEND_REMINDER,1
0.717948717948718,0.5454545454545454,7230.5,UPI,YESBANK,LIMIT_EXCEEDED,4,RETRY_LATER,1
0.6938775510204082,0.6,1163.58,WALLET,YESBANK,AUTHENTICATION_FAILED,9,NO_ACTION,0
0.68,0.625,692.54,UPI,ICICI,BANK_TIMEOUT,10,RETRY_LATER,1
0.9032258064516129,0.0,7503.98,CARD,KOTAK,INSUFFICIENT_FUNDS,3,NO_ACTION,0
0.75,0.0,5783.13,UPI,SBI,NETWORK_ERROR,0,NO_ACTION,0
0.7333333333333333,0.75,9375.79,CARD,YESBANK,CARD_EXPIRED,12,RETRY_NOW,0
0.6,0.25,2281.57,UPI,YESBANK,AUTHENTICATION_FAILED,8,SEND_REMINDER,0
0.8823529411764706,0.5,9983.08,UPI,AXIS,BANK_TIMEOUT,20,RETRY_NOW,0
0.3333333333333333,0.5,9079.96,NETBANKING,ICICI,INSUFFICIENT_FUNDS,16,SEND_REMINDER,1
0.9420289855072463,0.5,3497.56,NETBANKING,YESBANK,CARD_EXPIRED,16,NO_ACTION,0
0.6666666666666666,1.0,8518.38,CARD,HDFC,LIMIT_EXCEEDED,22,SEND_REMINDER,1
0.9076923076923077,0.5,5729.4,NETBANKING,SBI,LIMIT_EXCEEDED,4,RETRY_LATER,1
0.7659574468085106,0.5454545454545454,1621.93,UPI,YESBANK,BANK_TIMEOUT,18,RETRY_NOW,0
0.6818181818181818,0.7142857142857143,7872.08,WALLET,HDFC,BANK_TIMEOUT,8,NO_ACTION,0
0.6851851851851852,0.5882352941176471,5685.81,WALLET,ICICI,BANK_TIMEOUT,15,SEND_REMINDER,1
0.75,0.7666666666666667,8007.29,UPI,KOTAK,LIMIT_EXCEEDED,11,SEND_REMINDER,1
0.7804878048780488,0.5555555555555556,2506.73,WALLET,AXIS,CARD_EXPIRED,12,NO_ACTION,0
0.7466666666666667,0.5263157894736842,9978.57,NETBANKING,ICICI,LIMIT_EXCEEDED,1,NO_ACTION,0
0.875,0.75,8949.64,WALLET,KOTAK,NETWORK_ERROR,10,SEND_REMINDER,0
0.7162162162162162,0.38095238095238093,6031.16,CARD,YESBANK,AUTHENTICATION_FAILED,22,NO_ACTION,0
0.6756756756756757,0.5,108.08,UPI,ICICI,INSUFFICIENT_FUNDS,2,RETRY_NOW,1
0.7627118644067796,0.35714285714285715,409.74,CARD,YESBANK,AUTHENTICATION_FAILED,2,SEND_REMINDER,0
0.82,0.4444444444444444,855.7,WALLET,YESBANK,CARD_EXPIRED,7,RETRY_LATER,0
0.5571428571428572,0.5806451612903226,2823.42,CARD,KOTAK,LIMIT_EXCEEDED,5,RETRY_NOW,0
0.5737704918032787,0.38461538461538464,4444.27,CARD,AXIS,LIMIT_EXCEEDED,14,SEND_REMINDER,0
0.782608695652174,1.0,2005.57,WALLET,SBI,CARD_EXPIRED,19,RETRY_LATER,1
0.631578947368421,0.14285714285714285,5565.53,NETBANKING,HDFC,BANK_TIMEOUT,19,NO_ACTION,0
0.75,0.5238095238095238,4652.49,UPI,ICICI,INSUFFICIENT_FUNDS,1,SEND_REMINDER,1
0.7551020408163265,0.75,6568.57,NETBANKING,YESBANK,CARD_EXPIRED,9,NO_ACTION,0
0.6296296296296297,0.7,8482.75,WALLET,SBI,BANK_TIMEOUT,17,RETRY_NOW,1
0.8285714285714286,0.6666666666666666,1222.21,UPI,AXIS,INSUFFICIENT_FUNDS,18,RETRY_NOW,1
0.5638297872340425,0.5121951219512195,240.66,UPI,YESBANK,NETWORK_ERROR,6,RETRY_LATER,0
0.7295081967213115,0.42424242424242425,6519.84,CARD,YESBANK,AUTHENTICATION_FAILED,21,SEND_REMINDER,0
0.631578947368421,0.4897959183673469,1804.45,WALLET,ICICI,NETWORK_ERROR,12,SEND_REMINDER,1
0.46153846153846156,0.5714285714285714,1911.58,CARD,HDFC,LIMIT_EXCEEDED,12,RETRY_NOW,0
0.6666666666666666,0.3333333333333333,5983.13,WALLET,ICICI,NETWORK_ERROR,9,RETRY_LATER,0
0.5714285714285714,0.0,8878.69,NETBANKING,SBI,NETWORK_ERROR,18,NO_ACTION,0
0.5454545454545454,0.8,6588.67,CARD,SBI,INSUFFICIENT_FUNDS,21,RETRY_NOW,0
0.8514851485148515,0.26666666666666666,6134.0,WALLET,AXIS,BANK_TIMEOUT,5,RETRY_LATER,0
0.717948717948718,0.5454545454545454,9555.85,CARD,YESBANK,NETWORK_ERROR,5,NO_ACTION,0
0.7974683544303798,0.6875,2819.39,UPI,KOTAK,LIMIT_EXCEEDED,5,RETRY_LATER,1
0.5211267605633803,0.5588235294117647,9252.91,CARD,AXIS,AUTHENTICATION_FAILED,14,SEND_REMINDER,1
0.7804878048780488,0.6666666666666666,4238.25,NETBANKING,KOTAK,LIMIT_EXCEEDED,18,RETRY_NOW,0
0.8214285714285714,0.4,1050.85,CARD,SBI,LIMIT_EXCEEDED,6,RETRY_LATER,0
0.7714285714285715,0.375,5130.65,NETBANKING,YESBANK,NETWORK_ERROR,13,RETRY_LATER,0
0.75,0.0,404.45,CARD,AXIS,CARD_EXPIRED,1,NO_ACTION,0
0.7377049180327869,0.4375,8650.23,NETBANKING,SBI,LIMIT_EXCEEDED,7,NO_ACTION,0
0.6666666666666666,0.47058823529411764,4962.07,UPI,KOTAK,NETWORK_ERROR,14,RETRY_NOW,0
0.6666666666666666,0.0,6582.3,WALLET,YESBANK,INSUFFICIENT_FUNDS,6,NO_ACTION,0
0.7865168539325843,0.631578947368421,9261.32,WALLET,ICICI,BANK_TIMEOUT,19,NO_ACTION,0
0.8723404255319149,0.3333333333333333,6404.0,WALLET,SBI,CARD_EXPIRED,23,RETRY_LATER,0
0.6,0.0,1780.1,CARD,SBI,AUTHENTICATION_FAILED,5,SEND_REMINDER,0
0.7543859649122807,0.4642857142857143,4004.23,UPI,YESBANK,BANK_TIMEOUT,0,SEND_REMINDER,1
0.8846153846153846,0.0,6564.24,NETBANKING,KOTAK,LIMIT_EXCEEDED,12,RETRY_LATER,0
0.8333333333333334,0.0,7647.22,UPI,HDFC,CARD_EXPIRED,17,NO_ACTION,0
0.7011494252873564,0.6538461538461539,736.67,UPI,HDFC,INSUFFICIENT_FUNDS,19,RETRY_NOW,1
0.6233766233766234,0.5517241379310345,8519.39,NETBANKING,HDFC,CARD_EXPIRED,17,NO_ACTION,0
0.7777777777777778,0.0,4878.71,NETBANKING,KOTAK,INSUFFICIENT_FUNDS,6,SEND_REMINDER,1
0.8947368421052632,0.125,8721.36,WALLET,AXIS,CARD_EXPIRED,11,NO_ACTION,0
0.7112676056338029,0.4146341463414634,6974.87,WALLET,HDFC,NETWORK_ERROR,11,SEND_REMINDER,1
0.5,0.5,2605.45,UPI,AXIS,AUTHENTICATION_FAILED,9,SEND_REMINDER,0
0.8217821782178217,0.4444444444444444,4849.82,CARD,AXIS,LIMIT_EXCEEDED,20,SEND_REMINDER,1
0.5714285714285714,0.6,890.41,NETBANKING,KOTAK,NETWORK_ERROR,10,RETRY_NOW,1
0.6973684210526315,0.5652173913043478,8480.75,WALLET,AXIS,CARD_EXPIRED,20,SEND_REMINDER,0
0.7142857142857143,0.5,1710.56,CARD,AXIS,CARD_EXPIRED,3,RETRY_NOW,0
0.6833333333333333,0.5526315789473685,6662.0,WALLET,KOTAK,LIMIT_EXCEEDED,9,SEND_REMINDER,0
0.7530864197530864,0.5,189.54,WALLET,SBI,BANK_TIMEOUT,14,NO_ACTION,0
0.9130434782608695,0.0,3294.66,WALLET,SBI,INSUFFICIENT_FUNDS,23,RETRY_NOW,0
0.7283950617283951,0.5,7746.4,CARD,AXIS,INSUFFICIENT_FUNDS,3,RETRY_NOW,0
0.6271186440677966,0.6818181818181818,5978.34,NETBANKING,ICICI,NETWORK_ERROR,1,NO_ACTION,0
0.819672131147541,0.6363636363636364,1411.11,CARD,SBI,INSUFFICIENT_FUNDS,7,SEND_REMINDER,1
0.7526881720430108,0.30434782608695654,9585.72,NETBANKING,KOTAK,NETWORK_ERROR,4,RETRY_LATER,0
0.8021978021978022,0.5555555555555556,8578.19,NETBANKING,KOTAK,CARD_EXPIRED,1,SEND_REMINDER,0
0.625,0.3333333333333333,4116.97,NETBANKING,ICICI,CARD_EXPIRED,17,RETRY_LATER,0
0.825,0.42857142857142855,1403.41,WALLET,HDFC,AUTHENTICATION_FAILED,6,NO_ACTION,0
0.6727272727272727,0.3888888888888889,397.39,CARD,HDFC,CARD_EXPIRED,11,SEND_REMINDER,1
0.8301886792452831,0.5555555555555556,7604.62,NETBANKING,HDFC,LIMIT_EXCEEDED,22,NO_ACTION,0
0.6949152542372882,0.5,6528.11,UPI,HDFC,BANK_TIMEOUT,4,RETRY_NOW,1
0.8455284552845529,0.631578947368421,9831.42,UPI,SBI,CARD_EXPIRED,6,SEND_REMINDER,1
0.696969696969697,0.6,6176.02,WALLET,AXIS,CARD_EXPIRED,7,RETRY_LATER,0
0.7948717948717948,0.25,5606.45,WALLET,SBI,BANK_TIMEOUT,13,SEND_REMINDER,1
0.7333333333333333,0.5,3029.11,CARD,KOTAK,NETWORK_ERROR,21,RETRY_NOW,0
0.900709219858156,0.42857142857142855,651.7,UPI,AXIS,CARD_EXPIRED,22,NO_ACTION,0
0.7631578947368421,0.7222222222222222,1781.42,WALLET,SBI,AUTHENTICATION_FAILED,15,SEND_REMINDER,1
0.7857142857142857,0.5833333333333334,9746.57,UPI,ICICI,BANK_TIMEOUT,9,RETRY_LATER,1
0.92,0.5,6213.47,NETBANKING,AXIS,BANK_TIMEOUT,7,RETRY_LATER,1
0.7375,0.47619047619047616,6748.09,NETBANKING,HDFC,AUTHENTICATION_FAILED,6,SEND_REMINDER,1
0.8194444444444444,0.38461538461538464,5587.94,WALLET,SBI,BANK_TIMEOUT,14,RETRY_NOW,0
0.49056603773584906,0.48148148148148145,4363.23,WALLET,KOTAK,INSUFFICIENT_FUNDS,4,RETRY_LATER,0
0.8936170212765957,0.6,8139.88,UPI,HDFC,NETWORK_ERROR,10,RETRY_LATER,1
0.5714285714285714,0.3333333333333333,2226.93,WALLET,AXIS,NETWORK_ERROR,20,NO_ACTION,0
0.7619047619047619,0.4,6614.15,CARD,ICICI,CARD_EXPIRED,10,RETRY_NOW,1
0.9294117647058824,0.5,1911.34,WALLET,SBI,AUTHENTICATION_FAILED,9,RETRY_LATER,1
0.9219858156028369,0.2727272727272727,2478.63,UPI,HDFC,BANK_TIMEOUT,10,RETRY_NOW,0
0.9594594594594594,0.3333333333333333,8517.42,WALLET,AXIS,LIMIT_EXCEEDED,20,RETRY_NOW,1
0.7142857142857143,0.5,3613.41,NETBANKING,AXIS,CARD_EXPIRED,12,RETRY_LATER,0
0.5238095238095238,0.5666666666666667,5146.34,UPI,AXIS,CARD_EXPIRED,23,SEND_REMINDER,0
0.68,0.4375,2238.69,CARD,HDFC,LIMIT_EXCEEDED,2,RETRY_NOW,0
0.5,0.0,5571.78,NETBANKING,YESBANK,BANK_TIMEOUT,2,SEND_REMINDER,0
0.8823529411764706,0.5,691.22,NETBANKING,ICICI,CARD_EXPIRED,6,SEND_REMINDER,0
0.7441860465116279,0.4090909090909091,2788.32,NETBANKING,AXIS,NETWORK_ERROR,3,SEND_REMINDER,1
0.664,0.5476190476190477,6268.77,UPI,HDFC,BANK_TIMEOUT,10,SEND_REMINDER,0
0.8518518518518519,0.5,3078.79,CARD,YESBANK,CARD_EXPIRED,19,NO_ACTION,0
0.6875,0.4,335.79,WALLET,SBI,CARD_EXPIRED,19,SEND_REMINDER,0
0.7388059701492538,0.7142857142857143,2685.13,CARD,ICICI,NETWORK_ERROR,12,RETRY_NOW,1
0.7747747747747747,0.6,7530.0,CARD,HDFC,AUTHENTICATION_FAILED,1,NO_ACTION,0
0.0,0.0,7804.78,NETBANKING,SBI,NETWORK_ERROR,22,RETRY_LATER,1
0.5,0.4090909090909091,9007.19,UPI,AXIS,BANK_TIMEOUT,15,SEND_REMINDER,0
0.65625,0.6363636363636364,5056.32,WALLET,KOTAK,AUTHENTICATION_FAILED,10,NO_ACTION,0
0.6938775510204082,0.5333333333333333,7856.54,WALLET,AXIS,BANK_TIMEOUT,18,SEND_REMINDER,0
0.8714285714285714,0.1111111111111111,4151.11,CARD,ICICI,NETWORK_ERROR,0,NO_ACTION,0
0.6666666666666666,0.0,3527.29,WALLET,SBI,LIMIT_EXCEEDED,16,RETRY_LATER,1
0.797979797979798,0.5,7117.57,NETBANKING,ICICI,AUTHENTICATION_FAILED,0,RETRY_NOW,0
0.5964912280701754,0.6086956521739131,7529.22,NETBANKING,SBI,AUTHENTICATION_FAILED,21,SEND_REMINDER,1
0.7322834645669292,0.5882352941176471,1802.03,NETBANKING,ICICI,NETWORK_ERROR,23,NO_ACTION,0
0.6236559139784946,0.6,5835.38,CARD,KOTAK,NETWORK_ERROR,14,SEND_REMINDER,0
0.9300699300699301,0.8,7000.16,NETBANKING,SBI,AUTHENTICATION_FAILED,1,RETRY_NOW,0
0.45454545454545453,0.5,2170.31,CARD,KOTAK,BANK_TIMEOUT,0,RETRY_LATER,0
0.76,0.5833333333333334,1300.81,CARD,SBI,CARD_EXPIRED,17,RETRY_NOW,0
0.6511627906976745,0.7333333333333333,4212.75,CARD,ICICI,INSUFFICIENT_FUNDS,23,RETRY_LATER,0
0.8275862068965517,0.4,7009.83,UPI,HDFC,NETWORK_ERROR,21,RETRY_LATER,0
0.6630434782608695,0.3548387096774194,5041.61,WALLET,SBI,NETWORK_ERROR,5,SEND_REMINDER,0
0.7216494845360825,0.3333333333333333,8552.01,NETBANKING,YESBANK,AUTHENTICATION_FAILED,16,RETRY_LATER,0
0.5925925925925926,0.45454545454545453,5744.02,CARD,SBI,INSUFFICIENT_FUNDS,1,RETRY_LATER,0
0.676056338028169,0.6086956521739131,2615.66,WALLET,AXIS,NETWORK_ERROR,7,RETRY_NOW,0
0.7741935483870968,0.7142857142857143,9771.03,NETBANKING,YESBANK,BANK_TIMEOUT,21,NO_ACTION,0
0.6363636363636364,0.5,7926.54,UPI,KOTAK,INSUFFICIENT_FUNDS,11,RETRY_LATER,1
0.6964285714285714,0.6470588235294118,955.77,NETBANKING,KOTAK,BANK_TIMEOUT,12,SEND_REMINDER,1
0.9459459459459459,0.5,9706.04,UPI,HDFC,CARD_EXPIRED,10,NO_ACTION,0
0.65,0.7142857142857143,6195.75,WALLET,KOTAK,LIMIT_EXCEEDED,0,SEND_REMINDER,1
0.8214285714285714,0.5,2089.53,WALLET,YESBANK,LIMIT_EXCEEDED,23,SEND_REMINDER,0
0.7009345794392523,0.5,6632.24,CARD,SBI,CARD_EXPIRED,11,NO_ACTION,0
0.625,0.6666666666666666,8667.91,UPI,HDFC,LIMIT_EXCEEDED,20,RETRY_NOW,0
0.6511627906976745,0.26666666666666666,8470.97,CARD,ICICI,AUTHENTICATION_FAILED,0,SEND_REMINDER,0
0.8125,0.0,9799.01,WALLET,HDFC,BANK_TIMEOUT,12,SEND_REMINDER,1
0.9243697478991597,0.5555555555555556,7348.29,NETBANKING,SBI,LIMIT_EXCEEDED,4,RETRY_NOW,0
0.9615384615384616,0.6666666666666666,7021.45,UPI,YESBANK,AUTHENTICATION_FAILED,13,RETRY_LATER,1
0.6229508196721312,0.5652173913043478,5886.49,CARD,SBI,INSUFFICIENT_FUNDS,1,SEND_REMINDER,1
0.9333333333333333,0.875,5933.89,CARD,YESBANK,CARD_EXPIRED,5,NO_ACTION,0
0.8813559322033898,0.42857142857142855,4100.13,NETBANKING,ICICI,NETWORK_ERROR,6,SEND_REMINDER,1
0.574468085106383,0.45,8383.55,WALLET,AXIS,NETWORK_ERROR,11,SEND_REMINDER,0
0.8947368421052632,0.5,2047.42,WALLET,KOTAK,NETWORK_ERROR,22,NO_ACTION,0
0.5882352941176471,0.42857142857142855,9196.33,WALLET,ICICI,INSUFFICIENT_FUNDS,13,RETRY_LATER,0
0.5652173913043478,0.5,1723.11,CARD,HDFC,LIMIT_EXCEEDED,15,RETRY_LATER,0
0.7692307692307693,0.48148148148148145,2905.29,UPI,SBI,AUTHENTICATION_FAILED,9,SEND_REMINDER,1
0.9047619047619048,0.5,8020.71,CARD,AXIS,CARD_EXPIRED,15,NO_ACTION,0
0.7297297297297297,0.5,3795.45,NETBANKING,ICICI,INSUFFICIENT_FUNDS,20,NO_ACTION,0
0.7666666666666667,0.8571428571428571,7347.65,NETBANKING,HDFC,AUTHENTICATION_FAILED,19,RETRY_LATER,0
0.8214285714285714,0.6,9897.98,WALLET,ICICI,AUTHENTICATION_FAILED,18,NO_ACTION,0
0.9166666666666666,1.0,5024.1,CARD,KOTAK,AUTHENTICATION_FAILED,8,RETRY_NOW,1
0.5,1.0,3181.58,UPI,YESBANK,NETWORK_ERROR,21,NO_ACTION,0
0.5,0.0,2262.35,CARD,HDFC,NETWORK_ERROR,5,SEND_REMINDER,0
0.75,0.4117647058823529,906.23,NETBANKING,ICICI,INSUFFICIENT_FUNDS,15,RETRY_LATER,0
0.75,0.25,1995.54,UPI,AXIS,BANK_TIMEOUT,19,NO_ACTION,0
0.4482758620689655,0.375,6269.59,WALLET,HDFC,NETWORK_ERROR,6,RETRY_NOW,0
0.76,0.4166666666666667,2237.08,WALLET,YESBANK,BANK_TIMEOUT,4,RETRY_NOW,1
0.7111111111111111,0.6923076923076923,4966.4,WALLET,YESBANK,INSUFFICIENT_FUNDS,3,SEND_REMINDER,1
0.9117647058823529,0.6666666666666666,8277.23,UPI,HDFC,BANK_TIMEOUT,2,SEND_REMINDER,1
0.75,0.4,4474.11,UPI,SBI,AUTHENTICATION_FAILED,22,RETRY_NOW,1
0.7444444444444445,0.6086956521739131,3528.29,WALLET,SBI,CARD_EXPIRED,2,SEND_REMINDER,1
0.3333333333333333,1.0,884.95,WALLET,ICICI,CARD_EXPIRED,10,SEND_REMINDER,1
0.7475728155339806,0.6153846153846154,7413.87,CARD,ICICI,INSUFFICIENT_FUNDS,19,RETRY_NOW,0
0.9615384615384616,0.6,3247.42,CARD,ICICI,INSUFFICIENT_FUNDS,20,RETRY_LATER,0
0.746031746031746,0.375,4237.33,CARD,AXIS,BANK_TIMEOUT,6,RETRY_LATER,1
0.8428571428571429,0.5454545454545454,1130.5,UPI,ICICI,NETWORK_ERROR,6,NO_ACTION,0
0.7777777777777778,0.0,1005.87,NETBANKING,SBI,NETWORK_ERROR,11,SEND_REMINDER,1
0.7674418604651163,0.6,8214.51,NETBANKING,ICICI,BANK_TIMEOUT,9,SEND_REMINDER,0
0.8461538461538461,0.5,1969.3,NETBANKING,KOTAK,AUTHENTICATION_FAILED,23,SEND_REMINDER,1
0.6470588235294118,0.5,7596.62,WALLET,ICICI,BANK_TIMEOUT,1,RETRY_NOW,0
0.7962962962962963,0.36363636363636365,8062.61,CARD,HDFC,NETWORK_ERROR,15,RETRY_NOW,1
0.5833333333333334,0.3,171.22,WALLET,YESBANK,LIMIT_EXCEEDED,3,SEND_REMINDER,0
0.7,0.6666666666666666,6357.68,UPI,YESBANK,NETWORK_ERROR,6,NO_ACTION,0
0.7719298245614035,0.3076923076923077,1304.07,WALLET,SBI,NETWORK_ERROR,4,NO_ACTION,0
0.6382978723404256,0.7058823529411765,1051.17,UPI,KOTAK,CARD_EXPIRED,12,RETRY_LATER,0
0.7241379310344828,0.5,1053.93,NETBANKING,HDFC,AUTHENTICATION_FAILED,3,RETRY_LATER,0
0.6428571428571429,0.4,4949.98,WALLET,SBI,LIMIT_EXCEEDED,1,RETRY_NOW,0
0.625,0.6666666666666666,6752.87,NETBANKING,HDFC,AUTHENTICATION_FAILED,6,SEND_REMINDER,0
0.8333333333333334,0.5,7883.22,NETBANKING,KOTAK,CARD_EXPIRED,11,SEND_REMINDER,1
0.875,0.75,8949.64,WALLET,KOTAK,NETWORK_ERROR,10,RETRY_LATER,1
0.7524752475247525,0.72,3934.59,NETBANKING,ICICI,NETWORK_ERROR,17,SEND_REMINDER,1
0.9354838709677419,0.5,360.76,WALLET,ICICI,BANK_TIMEOUT,11,NO_ACTION,0
0.6349206349206349,0.4782608695652174,8393.85,NETBANKING,ICICI,NETWORK_ERROR,13,SEND_REMINDER,1
0.8210526315789474,0.29411764705882354,7717.7,UPI,KOTAK,BANK_TIMEOUT,12,SEND_REMINDER,1
0.7164179104477612,0.42105263157894735,1502.36,NETBANKING,KOTAK,CARD_EXPIRED,9,RETRY_NOW,0
0.6153846153846154,0.3,5537.4,CARD,HDFC,NETWORK_ERROR,20,RETRY_NOW,1
0.7441860465116279,0.4090909090909091,2788.32,NETBANKING,AXIS,NETWORK_ERROR,3,NO_ACTION,0
0.6,0.6666666666666666,4293.51,UPI,KOTAK,INSUFFICIENT_FUNDS,11,RETRY_LATER,1
0.5777777777777777,0.5263157894736842,8868.58,UPI,ICICI,AUTHENTICATION_FAILED,23,SEND_REMINDER,0
0.6451612903225806,0.45454545454545453,1260.23,UPI,KOTAK,INSUFFICIENT_FUNDS,18,RETRY_NOW,1
0.6666666666666666,0.4782608695652174,5532.5,UPI,AXIS,CARD_EXPIRED,23,NO_ACTION,0
0.7692307692307693,0.6666666666666666,4257.22,UPI,YESBANK,NETWORK_ERROR,4,NO_ACTION,0
0.8421052631578947,0.6666666666666666,9885.51,UPI,YESBANK,BANK_TIMEOUT,9,NO_ACTION,0
0.8775510204081632,0.6666666666666666,9155.92,NETBANKING,HDFC,CARD_EXPIRED,23,RETRY_LATER,0
0.6428571428571429,0.5,9841.92,NETBANKING,AXIS,INSUFFICIENT_FUNDS,10,SEND_REMINDER,0
0.5333333333333333,0.42857142857142855,7904.75,WALLET,HDFC,LIMIT_EXCEEDED,23,RETRY_LATER,1
0.8846153846153846,0.3333333333333333,4563.0,NETBANKING,KOTAK,CARD_EXPIRED,2,RETRY_LATER,0
0.6972477064220184,0.5454545454545454,1131.53,WALLET,HDFC,AUTHENTICATION_FAILED,8,RETRY_NOW,0
0.9166666666666666,0.0,9952.0,NETBANKING,KOTAK,INSUFFICIENT_FUNDS,21,SEND_REMINDER,0
0.6229508196721312,0.34782608695652173,1396.73,UPI,AXIS,BANK_TIMEOUT,2,RETRY_LATER,0
0.7142857142857143,0.3333333333333333,2754.38,NETBANKING,HDFC,NETWORK_ERROR,1,RETRY_LATER,1
0.8135593220338984,0.5454545454545454,7550.99,CARD,HDFC,INSUFFICIENT_FUNDS,8,NO_ACTION,0
0.717948717948718,0.5757575757575758,486.12,WALLET,AXIS,NETWORK_ERROR,15,RETRY_LATER,1
0.8918918918918919,0.75,8886.58,WALLET,YESBANK,AUTHENTICATION_FAILED,19,NO_ACTION,0
0.7692307692307693,0.3333333333333333,3766.36,WALLET,ICICI,BANK_TIMEOUT,2,SEND_REMINDER,0
0.875,0.5,2058.74,UPI,HDFC,BANK_TIMEOUT,4,SEND_REMINDER,1
0.8461538461538461,0.16666666666666666,1802.27,CARD,KOTAK,BANK_TIMEOUT,7,RETRY_LATER,1
0.8320610687022901,0.4090909090909091,5742.31,CARD,HDFC,LIMIT_EXCEEDED,3,NO_ACTION,0
0.6666666666666666,1.0,2440.62,CARD,SBI,INSUFFICIENT_FUNDS,18,SEND_REMINDER,1
0.8275862068965517,0.2,9745.42,WALLET,HDFC,LIMIT_EXCEEDED,17,NO_ACTION,0
0.8,0.6428571428571429,8399.13,NETBANKING,HDFC,CARD_EXPIRED,12,SEND_REMINDER,0
0.7894736842105263,0.5,5617.81,WALLET,HDFC,NETWORK_ERROR,11,RETRY_NOW,1
0.7045454545454546,0.3076923076923077,9300.23,WALLET,ICICI,CARD_EXPIRED,3,SEND_REMINDER,0
0.9230769230769231,0.0,3959.47,UPI,HDFC,AUTHENTICATION_FAILED,9,RETRY_LATER,0
0.7777777777777778,0.375,6978.8,NETBANKING,YESBANK,AUTHENTICATION_FAILED,19,RETRY_LATER,1
0.6666666666666666,0.0,4633.92,UPI,SBI,AUTHENTICATION_FAILED,1,NO_ACTION,0
0.9183673469387755,0.25,5207.16,WALLET,HDFC,NETWORK_ERROR,6,SEND_REMINDER,0
0.7162162162162162,0.2857142857142857,5386.49,UPI,KOTAK,LIMIT_EXCEEDED,13,NO_ACTION,0
0.8,0.3333333333333333,3027.24,WALLET,ICICI,BANK_TIMEOUT,7,NO_ACTION,0
0.5,0.3333333333333333,982.15,UPI,KOTAK,NETWORK_ERROR,22,RETRY_LATER,1
0.7142857142857143,0.5,7179.9,NETBANKING,SBI,LIMIT_EXCEEDED,0,SEND_REMINDER,0
0.9105691056910569,0.6363636363636364,5157.57,UPI,HDFC,INSUFFICIENT_FUNDS,5,NO_ACTION,0
0.5930232558139535,0.42857142857142855,3301.18,WALLET,ICICI,INSUFFICIENT_FUNDS,19,RETRY_NOW,1
0.7857142857142857,0.5833333333333334,355.31,UPI,YESBANK,AUTHENTICATION_FAILED,12,RETRY_NOW,1
0.7575757575757576,0.5,360.75,NETBANKING,KOTAK,BANK_TIMEOUT,11,SEND_REMINDER,0
0.8571428571428571,0.45454545454545453,8521.86,NETBANKING,YESBANK,LIMIT_EXCEEDED,12,RETRY_LATER,0
0.8,0.0,4221.9,NETBANKING,AXIS,BANK_TIMEOUT,20,NO_ACTION,0
0.6875,0.8,9420.22,NETBANKING,AXIS,BANK_TIMEOUT,22,NO_ACTION,0
0.6951219512195121,0.36,7696.8,WALLET,SBI,LIMIT_EXCEEDED,14,RETRY_LATER,1
0.5,0.25,962.43,NETBANKING,KOTAK,CARD_EXPIRED,17,SEND_REMINDER,1
0.90625,0.3333333333333333,6193.62,CARD,HDFC,LIMIT_EXCEEDED,13,RETRY_LATER,1
0.5384615384615384,0.5,1432.08,CARD,ICICI,BANK_TIMEOUT,12,RETRY_LATER,1
0.7407407407407407,0.7142857142857143,923.56,NETBANKING,ICICI,AUTHENTICATION_FAILED,0,SEND_REMINDER,0
0.6266666666666667,0.39285714285714285,1786.38,WALLET,ICICI,NETWORK_ERROR,0,SEND_REMINDER,1
0.7777777777777778,0.375,7547.14,WALLET,AXIS,LIMIT_EXCEEDED,22,RETRY_NOW,0
0.9354838709677419,0.5,360.76,WALLET,ICICI,BANK_TIMEOUT,11,SEND_REMINDER,0
0.8,0.3333333333333333,9553.28,CARD,ICICI,CARD_EXPIRED,13,NO_ACTION,0
0.759493670886076,0.5789473684210527,5338.36,WALLET,HDFC,BANK_TIMEOUT,0,RETRY_NOW,1
0.717391304347826,0.46153846153846156,4558.17,NETBANKING,SBI,AUTHENTICATION_FAILED,3,RETRY_LATER,1
0.726027397260274,0.35,4081.06,NETBANKING,ICICI,LIMIT_EXCEEDED,15,NO_ACTION,0
0.7142857142857143,0.75,4006.34,UPI,ICICI,AUTHENTICATION_FAILED,13,RETRY_NOW,1
0.4117647058823529,0.5,965.31,WALLET,KOTAK,CARD_EXPIRED,13,RETRY_NOW,1
0.8452380952380952,0.46153846153846156,7983.74,NETBANKING,AXIS,NETWORK_ERROR,3,RETRY_LATER,1
0.6746987951807228,0.48148148148148145,9926.67,WALLET,ICICI,INSUFFICIENT_FUNDS,8,NO_ACTION,0
0.7333333333333333,0.5,5634.82,WALLET,KOTAK,BANK_TIMEOUT,19,RETRY_NOW,1
0.7684210526315789,0.2727272727272727,6595.0,NETBANKING,ICICI,AUTHENTICATION_FAILED,7,NO_ACTION,0
0.6,0.4,1577.71,WALLET,KOTAK,AUTHENTICATION_FAILED,15,RETRY_LATER,0
0.7678571428571429,0.3076923076923077,2475.82,CARD,KOTAK,BANK_TIMEOUT,2,RETRY_NOW,0
0.6285714285714286,0.46153846153846156,1782.23,CARD,SBI,BANK_TIMEOUT,17,RETRY_LATER,1
0.703125,0.5789473684210527,6891.06,WALLET,YESBANK,NETWORK_ERROR,18,RETRY_LATER,1
0.9393939393939394,0.75,669.19,WALLET,AXIS,LIMIT_EXCEEDED,22,NO_ACTION,0
0.7692307692307693,0.3333333333333333,7616.42,UPI,KOTAK,AUTHENTICATION_FAILED,14,RETRY_NOW,0
0.6818181818181818,0.6428571428571429,534.05,NETBANKING,KOTAK,BANK_TIMEOUT,12,RETRY_NOW,0
0.2,0.75,2846.94,NETBANKING,YESBANK,CARD_EXPIRED,4,RETRY_NOW,0
0.7272727272727273,0.3333333333333333,8126.0,NETBANKING,SBI,INSUFFICIENT_FUNDS,5,RETRY_LATER,0
0.0,0.0,8940.23,WALLET,KOTAK,INSUFFICIENT_FUNDS,23,RETRY_LATER,0
0.9285714285714286,1.0,9828.15,CARD,ICICI,CARD_EXPIRED,15,SEND_REMINDER,1
0.75,0.5,2461.75,WALLET,KOTAK,LIMIT_EXCEEDED,10,SEND_REMINDER,1
0.6285714285714286,0.6153846153846154,997.11,UPI,SBI,BANK_TIMEOUT,19,SEND_REMINDER,0
0.8709677419354839,1.0,8714.39,UPI,KOTAK,LIMIT_EXCEEDED,18,RETRY_NOW,0
0.7523809523809524,0.5769230769230769,944.45,CARD,KOTAK,AUTHENTICATION_FAILED,18,NO_ACTION,0
0.0,0.0,5502.03,UPI,AXIS,INSUFFICIENT_FUNDS,7,SEND_REMINDER,1
0.8333333333333334,0.8333333333333334,7000.96,UPI,AXIS,NETWORK_ERROR,8,SEND_REMINDER,1
0.9113924050632911,0.7142857142857143,5321.73,CARD,YESBANK,LIMIT_EXCEEDED,8,RETRY_NOW,0
0.8245614035087719,0.4,1022.89,NETBANKING,ICICI,BANK_TIMEOUT,5,SEND_REMINDER,0
0.7647058823529411,0.375,5616.19,CARD,ICICI,LIMIT_EXCEEDED,6,RETRY_LATER,0
0.65,0.2857142857142857,4984.54,CARD,SBI,NETWORK_ERROR,5,RETRY_NOW,0
0.7692307692307693,0.6666666666666666,5674.65,UPI,YESBANK,BANK_TIMEOUT,22,SEND_REMINDER,0
0.7142857142857143,0.5,3613.41,NETBANKING,AXIS,CARD_EXPIRED,12,NO_ACTION,0
0.7608695652173914,0.6363636363636364,6742.58,CARD,YESBANK,INSUFFICIENT_FUNDS,5,NO_ACTION,0
0.9117647058823529,0.5,3509.79,NETBANKING,ICICI,AUTHENTICATION_FAILED,19,RETRY_NOW,1
0.7777777777777778,0.75,867.3,CARD,ICICI,AUTHENTICATION_FAILED,2,RETRY_LATER,1
0.8064516129032258,0.6111111111111112,8632.12,UPI,SBI,NETWORK_ERROR,18,NO_ACTION,0
0.5964912280701754,0.6086956521739131,7529.22,NETBANKING,SBI,AUTHENTICATION_FAILED,21,NO_ACTION,0
0.8,0.375,3875.98,WALLET,ICICI,BANK_TIMEOUT,20,NO_ACTION,0
0.8962264150943396,0.6363636363636364,2013.38,UPI,YESBANK,INSUFFICIENT_FUNDS,19,NO_ACTION,0
0.9230769230769231,0.0,4403.04,WALLET,KOTAK,INSUFFICIENT_FUNDS,3,RETRY_NOW,0
0.9130434782608695,0.625,467.53,WALLET,ICICI,INSUFFICIENT_FUNDS,20,RETRY_LATER,0
0.8292682926829268,0.42857142857142855,8933.45,UPI,KOTAK,INSUFFICIENT_FUNDS,20,RETRY_NOW,1
0.8,0.8,6042.6,CARD,ICICI,NETWORK_ERROR,6,SEND_REMINDER,0
0.8636363636363636,0.6666666666666666,700.71,NETBANKING,HDFC,LIMIT_EXCEEDED,19,SEND_REMINDER,1
0.6,1.0,4674.49,NETBANKING,SBI,LIMIT_EXCEEDED,6,NO_ACTION,0
0.5909090909090909,0.4444444444444444,4961.5,NETBANKING,SBI,NETWORK_ERROR,6,RETRY_LATER,1
0.6050420168067226,0.5319148936170213,6641.76,NETBANKING,ICICI,AUTHENTICATION_FAILED,5,NO_ACTION,0
0.8082191780821918,0.42857142857142855,3432.72,CARD,HDFC,BANK_TIMEOUT,10,RETRY_LATER,1
0.6707317073170732,0.5185185185185185,6706.16,UPI,SBI,INSUFFICIENT_FUNDS,7,RETRY_LATER,0
0.5666666666666667,0.5384615384615384,8263.68,CARD,ICICI,CARD_EXPIRED,14,NO_ACTION,0
0.7572815533980582,0.52,7614.72,UPI,YESBANK,NETWORK_ERROR,0,RETRY_NOW,1
0.7203389830508474,0.45454545454545453,8891.47,CARD,SBI,CARD_EXPIRED,13,RETRY_NOW,0
0.7647058823529411,0.3333333333333333,1990.9,UPI,SBI,CARD_EXPIRED,12,SEND_REMINDER,1
0.6972477064220184,0.5454545454545454,1131.53,WALLET,HDFC,AUTHENTICATION_FAILED,8,RETRY_LATER,1
0.8,0.3333333333333333,9937.9,CARD,YESBANK,INSUFFICIENT_FUNDS,11,RETRY_LATER,0
0.8372093023255814,0.42857142857142855,4288.96,NETBANKING,AXIS,NETWORK_ERROR,16,RETRY_NOW,1
0.6515151515151515,0.43478260869565216,9340.54,WALLET,YESBANK,NETWORK_ERROR,3,SEND_REMINDER,1
0.8035714285714286,0.6363636363636364,6477.82,CARD,SBI,INSUFFICIENT_FUNDS,7,RETRY_LATER,1
0.8666666666666667,0.5,6932.16,CARD,YESBANK,INSUFFICIENT_FUNDS,10,NO_ACTION,0
0.5,0.5,8355.01,WALLET,HDFC,INSUFFICIENT_FUNDS,9,NO_ACTION,0
0.6825396825396826,0.55,4956.09,UPI,HDFC,LIMIT_EXCEEDED,0,RETRY_NOW,0
0.8666666666666667,0.4166666666666667,2906.12,WALLET,AXIS,AUTHENTICATION_FAILED,16,RETRY_LATER,1
0.6565656565656566,0.5,8326.43,NETBANKING,AXIS,LIMIT_EXCEEDED,20,NO_ACTION,0
0.6,0.5,9351.03,CARD,HDFC,CARD_EXPIRED,21,RETRY_NOW,0
0.6971830985915493,0.4418604651162791,3202.34,UPI,YESBANK,BANK_TIMEOUT,1,SEND_REMINDER,0
0.7857142857142857,0.5833333333333334,4426.38,NETBANKING,KOTAK,NETWORK_ERROR,13,RETRY_LATER,1
0.0,1.0,248.97,WALLET,HDFC,AUTHENTICATION_FAILED,1,RETRY_LATER,1
0.7641509433962265,0.48,9927.43,CARD,YESBANK,INSUFFICIENT_FUNDS,2,NO_ACTION,0
0.6885245901639344,0.42105263157894735,1869.46,CARD,YESBANK,INSUFFICIENT_FUNDS,20,RETRY_NOW,0
0.8333333333333334,0.6,4913.49,NETBANKING,SBI,INSUFFICIENT_FUNDS,0,RETRY_NOW,0
0.5357142857142857,0.6153846153846154,5007.52,UPI,KOTAK,CARD_EXPIRED,20,RETRY_NOW,0
0.6097560975609756,0.375,7930.05,UPI,AXIS,INSUFFICIENT_FUNDS,11,RETRY_LATER,1
0.631578947368421,0.42857142857142855,7233.26,CARD,SBI,AUTHENTICATION_FAILED,13,SEND_REMINDER,1
0.6373626373626373,0.45454545454545453,702.4,WALLET,ICICI,INSUFFICIENT_FUNDS,8,RETRY_LATER,0
0.9411764705882353,0.0,9653.01,CARD,KOTAK,LIMIT_EXCEEDED,14,RETRY_LATER,0
0.7286821705426356,0.42857142857142855,9717.71,UPI,KOTAK,AUTHENTICATION_FAILED,7,NO_ACTION,0
0.6837606837606838,0.3783783783783784,2011.03,CARD,ICICI,CARD_EXPIRED,15,RETRY_LATER,0
0.8412698412698413,0.7,5285.77,CARD,YESBANK,NETWORK_ERROR,8,NO_ACTION,0
0.6470588235294118,0.5555555555555556,4997.33,CARD,KOTAK,LIMIT_EXCEEDED,19,SEND_REMINDER,0
0.5,0.5,9438.18,WALLET,HDFC,BANK_TIMEOUT,13,NO_ACTION,0
0.7727272727272727,0.4,421.35,UPI,AXIS,CARD_EXPIRED,12,SEND_REMINDER,0
0.7078651685393258,0.5,7455.69,WALLET,KOTAK,LIMIT_EXCEEDED,0,RETRY_LATER,1
0.5294117647058824,0.375,9434.35,NETBANKING,YESBANK,AUTHENTICATION_FAILED,5,NO_ACTION,0
0.7777777777777778,0.5,6306.57,UPI,ICICI,INSUFFICIENT_FUNDS,14,RETRY_LATER,1
0.8,0.5,1549.57,WALLET,HDFC,CARD_EXPIRED,11,SEND_REMINDER,1
0.7425742574257426,0.4230769230769231,7579.43,NETBANKING,KOTAK,AUTHENTICATION_FAILED,15,RETRY_LATER,1
0.90625,0.6666666666666666,212.63,UPI,HDFC,BANK_TIMEOUT,5,RETRY_NOW,1
0.6320754716981132,0.5641025641025641,1194.42,CARD,KOTAK,AUTHENTICATION_FAILED,18,SEND_REMINDER,0
0.6910569105691057,0.5,2693.28,CARD,KOTAK,BANK_TIMEOUT,11,SEND_REMINDER,1
0.620253164556962,0.4,110.97,UPI,SBI,LIMIT_EXCEEDED,18,NO_ACTION,0
0.7,0.6666666666666666,9114.87,CARD,SBI,CARD_EXPIRED,8,SEND_REMINDER,1
0.8125,0.5333333333333333,5560.45,NETBANKING,HDFC,BANK_TIMEOUT,6,SEND_REMINDER,0
0.7666666666666667,0.47619047619047616,6362.36,CARD,ICICI,NETWORK_ERROR,7,SEND_REMINDER,1
0.5217391304347826,0.4090909090909091,6022.58,CARD,HDFC,INSUFFICIENT_FUNDS,11,SEND_REMINDER,0
0.7647058823529411,0.75,4164.23,NETBANKING,AXIS,LIMIT_EXCEEDED,4,RETRY_LATER,0
0.9130434782608695,0.5,730.7,NETBANKING,YESBANK,CARD_EXPIRED,15,RETRY_NOW,1
0.7,0.5,1806.76,CARD,HDFC,NETWORK_ERROR,20,SEND_REMINDER,0
0.6226415094339622,0.45,3739.33,UPI,ICICI,CARD_EXPIRED,22,NO_ACTION,0
0.3333333333333333,0.25,4309.2,UPI,YESBANK,AUTHENTICATION_FAILED,8,RETRY_NOW,0
0.6666666666666666,0.6666666666666666,6173.78,WALLET,SBI,AUTHENTICATION_FAILED,0,SEND_REMINDER,1
0.5714285714285714,0.6666666666666666,9926.32,CARD,SBI,AUTHENTICATION_FAILED,12,RETRY_LATER,1
0.8378378378378378,0.5,2826.3,CARD,ICICI,NETWORK_ERROR,4,RETRY_NOW,1
0.8736842105263158,0.4166666666666667,8966.29,CARD,AXIS,BANK_TIMEOUT,22,RETRY_LATER,1
0.7,0.5833333333333334,1771.43,WALLET,AXIS,BANK_TIMEOUT,20,NO_ACTION,0
0.782608695652174,0.6,5179.8,WALLET,KOTAK,AUTHENTICATION_FAILED,16,RETRY_LATER,0
0.5714285714285714,0.3333333333333333,4814.72,NETBANKING,YESBANK,BANK_TIMEOUT,10,NO_ACTION,0
0.625,0.5,5812.98,WALLET,YESBANK,AUTHENTICATION_FAILED,7,RETRY_LATER,0
0.95,1.0,9777.85,NETBANKING,ICICI,NETWORK_ERROR,5,SEND_REMINDER,0
0.75,0.0,1181.38,UPI,SBI,LIMIT_EXCEEDED,2,RETRY_NOW,0
0.8095238095238095,0.5,6073.32,WALLET,SBI,INSUFFICIENT_FUNDS,4,RETRY_LATER,0
0.6,0.0,9565.45,CARD,ICICI,INSUFFICIENT_FUNDS,20,SEND_REMINDER,0
0.7543859649122807,0.8571428571428571,9292.73,WALLET,HDFC,LIMIT_EXCEEDED,16,SEND_REMINDER,0
0.79,0.7619047619047619,8066.81,NETBANKING,YESBANK,INSUFFICIENT_FUNDS,19,SEND_REMINDER,1
0.9090909090909091,0.0,7876.26,WALLET,YESBANK,LIMIT_EXCEEDED,14,NO_ACTION,0
0.9534883720930233,1.0,3137.85,UPI,KOTAK,BANK_TIMEOUT,16,RETRY_NOW,0
0.6527777777777778,0.32,5904.86,NETBANKING,HDFC,LIMIT_EXCEEDED,4,RETRY_NOW,1
0.8,0.16666666666666666,3110.53,UPI,HDFC,BANK_TIMEOUT,15,RETRY_NOW,0
0.8775510204081632,0.8333333333333334,1656.69,NETBANKING,KOTAK,NETWORK_ERROR,13,RETRY_NOW,0
0.6486486486486487,0.3076923076923077,3914.05,CARD,ICICI,AUTHENTICATION_FAILED,8,RETRY_LATER,0
0.8181818181818182,0.5,6806.86,WALLET,YESBANK,BANK_TIMEOUT,14,SEND_REMINDER,0
0.6521739130434783,0.5,1376.95,UPI,KOTAK,AUTHENTICATION_FAILED,23,RETRY_NOW,0
0.6842105263157895,0.5833333333333334,6505.92,WALLET,SBI,AUTHENTICATION_FAILED,9,RETRY_LATER,1
0.7333333333333333,0.75,9186.9,NETBANKING,SBI,AUTHENTICATION_FAILED,4,NO_ACTION,0
0.9384615384615385,0.75,7753.19,CARD,KOTAK,CARD_EXPIRED,0,RETRY_NOW,0
0.7169811320754716,0.6,1451.38,CARD,SBI,INSUFFICIENT_FUNDS,2,NO_ACTION,0
0.8,0.3,2546.01,UPI,ICICI,AUTHENTICATION_FAILED,21,SEND_REMINDER,0
0.788235294117647,0.3888888888888889,4845.23,UPI,SBI,INSUFFICIENT_FUNDS,11,RETRY_LATER,0
0.6111111111111112,0.35714285714285715,109.88,CARD,YESBANK,LIMIT_EXCEEDED,18,SEND_REMINDER,0
0.7272727272727273,1.0,486.81,NETBANKING,ICICI,BANK_TIMEOUT,5,RETRY_NOW,1
0.625,0.3333333333333333,2746.8,WALLET,AXIS,LIMIT_EXCEEDED,11,NO_ACTION,0
0.6935483870967742,0.2631578947368421,8559.73,NETBANKING,HDFC,INSUFFICIENT_FUNDS,5,SEND_REMINDER,0
0.9333333333333333,1.0,5451.08,NETBANKING,ICICI,CARD_EXPIRED,0,RETRY_NOW,1
0.7299270072992701,0.43243243243243246,4024.34,WALLET,AXIS,AUTHENTICATION_FAILED,0,NO_ACTION,0
0.5625,0.42857142857142855,5451.8,WALLET,YESBANK,INSUFFICIENT_FUNDS,17,RETRY_NOW,0
0.7288135593220338,0.5,6859.08,UPI,ICICI,CARD_EXPIRED,14,RETRY_LATER,0
0.898989898989899,0.5,6926.41,WALLET,KOTAK,NETWORK_ERROR,12,RETRY_LATER,0
0.9097222222222222,0.5384615384615384,7493.7,UPI,AXIS,CARD_EXPIRED,7,RETRY_NOW,0
0.8024691358024691,0.6875,5188.95,WALLET,AXIS,AUTHENTICATION_FAILED,12,SEND_REMINDER,0
0.8085106382978723,0.4444444444444444,5777.19,NETBANKING,KOTAK,AUTHENTICATION_FAILED,22,RETRY_LATER,1
0.6216216216216216,0.42857142857142855,4793.12,UPI,YESBANK,CARD_EXPIRED,23,NO_ACTION,0
0.0,0.0,5937.6,CARD,KOTAK,BANK_TIMEOUT,7,NO_ACTION,0
0.8333333333333334,1.0,4027.41,CARD,ICICI,LIMIT_EXCEEDED,9,SEND_REMINDER,1
0.8863636363636364,0.6,788.3,WALLET,YESBANK,AUTHENTICATION_FAILED,16,NO_ACTION,0
0.47368421052631576,0.5,5271.85,NETBANKING,YESBANK,BANK_TIMEOUT,23,RETRY_NOW,1
0.7777777777777778,0.5,1675.14,NETBANKING,AXIS,LIMIT_EXCEEDED,8,SEND_REMINDER,0
0.0,0.0,657.3,NETBANKING,HDFC,NETWORK_ERROR,3,NO_ACTION,0
0.4166666666666667,0.7142857142857143,2272.89,UPI,YESBANK,INSUFFICIENT_FUNDS,13,RETRY_NOW,1
0.7058823529411765,0.5,4815.94,CARD,HDFC,INSUFFICIENT_FUNDS,17,SEND_REMINDER,1
0.7959183673469388,0.8,5806.41,UPI,HDFC,CARD_EXPIRED,13,SEND_REMINDER,1
0.6951219512195121,0.36,7696.8,WALLET,SBI,LIMIT_EXCEEDED,14,NO_ACTION,0
0.7333333333333333,0.375,1609.06,CARD,YESBANK,NETWORK_ERROR,16,RETRY_NOW,1
0.8558558558558559,0.625,4554.1,UPI,AXIS,AUTHENTICATION_FAILED,17,RETRY_LATER,0
0.7666666666666667,0.7142857142857143,4609.38,UPI,KOTAK,AUTHENTICATION_FAILED,11,SEND_REMINDER,1
0.7076923076923077,0.6842105263157895,4483.03,UPI,ICICI,INSUFFICIENT_FUNDS,3,RETRY_LATER,0
0.9,0.0,6175.77,CARD,KOTAK,AUTHENTICATION_FAILED,19,RETRY_LATER,0
0.8072289156626506,0.6875,442.11,NETBANKING,KOTAK,LIMIT_EXCEEDED,8,NO_ACTION,0
0.6774193548387096,0.4,9538.85,NETBANKING,SBI,NETWORK_ERROR,19,SEND_REMINDER,0
0.5409836065573771,0.6071428571428571,1264.23,CARD,KOTAK,CARD_EXPIRED,18,SEND_REMINDER,1
0.7547169811320755,0.46153846153846156,2823.5,NETBANKING,ICICI,NETWORK_ERROR,23,RETRY_NOW,1
0.8285714285714286,0.3333333333333333,7975.14,NETBANKING,ICICI,INSUFFICIENT_FUNDS,7,SEND_REMINDER,0
0.7368421052631579,0.6,9385.46,CARD,YESBANK,LIMIT_EXCEEDED,10,SEND_REMINDER,1
0.8055555555555556,0.14285714285714285,3709.35,WALLET,YESBANK,LIMIT_EXCEEDED,1,RETRY_NOW,0
0.6666666666666666,0.6666666666666666,416.33,NETBANKING,ICICI,CARD_EXPIRED,23,SEND_REMINDER,0
0.782608695652174,0.5,5677.58,WALLET,SBI,AUTHENTICATION_FAILED,5,NO_ACTION,0
0.9215686274509803,0.625,6541.58,NETBANKING,SBI,INSUFFICIENT_FUNDS,11,RETRY_NOW,1
0.6590909090909091,0.4,8375.85,CARD,AXIS,LIMIT_EXCEEDED,3,RETRY_LATER,1
0.7476635514018691,0.4444444444444444,1725.4,WALLET,ICICI,CARD_EXPIRED,19,SEND_REMINDER,1
0.5714285714285714,0.47619047619047616,7124.35,NETBANKING,KOTAK,NETWORK_ERROR,7,NO_ACTION,0
0.8809523809523809,0.5,4186.59,UPI,YESBANK,NETWORK_ERROR,2,SEND_REMINDER,0
0.6896551724137931,0.5555555555555556,9436.24,WALLET,SBI,AUTHENTICATION_FAILED,1,SEND_REMINDER,1
0.7313432835820896,0.6111111111111112,6504.07,WALLET,AXIS,INSUFFICIENT_FUNDS,9,RETRY_NOW,0
0.5357142857142857,0.7692307692307693,1730.13,WALLET,AXIS,AUTHENTICATION_FAILED,14,SEND_REMINDER,0
0.5882352941176471,0.42857142857142855,9196.33,WALLET,ICICI,INSUFFICIENT_FUNDS,13,NO_ACTION,0
0.7543859649122807,0.4642857142857143,4004.23,UPI,YESBANK,BANK_TIMEOUT,0,RETRY_LATER,1
0.75,0.16666666666666666,7065.81,CARD,KOTAK,LIMIT_EXCEEDED,17,NO_ACTION,0
0.9166666666666666,0.0,7006.86,NETBANKING,ICICI,LIMIT_EXCEEDED,22,RETRY_LATER,1
0.7391304347826086,0.16666666666666666,7833.03,CARD,AXIS,INSUFFICIENT_FUNDS,4,SEND_REMINDER,1
0.6538461538461539,0.4444444444444444,5581.28,WALLET,ICICI,LIMIT_EXCEEDED,6,RETRY_NOW,1
0.5517241379310345,0.5384615384615384,1006.42,WALLET,HDFC,AUTHENTICATION_FAILED,21,NO_ACTION,0
0.8666666666666667,0.625,2489.38,NETBANKING,AXIS,CARD_EXPIRED,4,SEND_REMINDER,0
0.4,0.3333333333333333,8235.91,UPI,KOTAK,INSUFFICIENT_FUNDS,20,RETRY_LATER,0
0.8524590163934426,0.5555555555555556,3222.76,NETBANKING,KOTAK,BANK_TIMEOUT,10,NO_ACTION,0
0.6153846153846154,0.4,5975.54,WALLET,AXIS,INSUFFICIENT_FUNDS,4,NO_ACTION,0
0.7102803738317757,0.5161290322580645,9274.55,UPI,SBI,INSUFFICIENT_FUNDS,20,RETRY_NOW,1
0.5,1.0,3714.86,UPI,ICICI,AUTHENTICATION_FAILED,18,RETRY_LATER,0
0.9560439560439561,0.75,641.27,WALLET,ICICI,BANK_TIMEOUT,19,NO_ACTION,0
0.7361111111111112,0.3684210526315789,6467.42,CARD,KOTAK,NETWORK_ERROR,8,RETRY_NOW,0
0.5625,0.42857142857142855,3564.16,CARD,AXIS,AUTHENTICATION_FAILED,17,RETRY_LATER,0
0.7209302325581395,0.4583333333333333,1856.57,CARD,SBI,AUTHENTICATION_FAILED,5,SEND_REMINDER,1
0.5769230769230769,0.36363636363636365,5103.65,WALLET,ICICI,CARD_EXPIRED,15,RETRY_NOW,0
0.7457627118644068,0.5333333333333333,9651.6,UPI,YESBANK,NETWORK_ERROR,16,SEND_REMINDER,1
0.8260869565217391,0.25,6808.59,CARD,ICICI,AUTHENTICATION_FAILED,20,RETRY_NOW,0
0.6792452830188679,0.35294117647058826,1294.3,UPI,ICICI,LIMIT_EXCEEDED,7,NO_ACTION,0
0.875,0.6666666666666666,5145.23,UPI,ICICI,CARD_EXPIRED,21,SEND_REMINDER,1
0.5,0.5,7188.35,UPI,HDFC,BANK_TIMEOUT,1,NO_ACTION,0
0.5294117647058824,0.5,2389.63,NETBANKING,YESBANK,CARD_EXPIRED,11,NO_ACTION,0
0.8095238095238095,0.375,4677.04,NETBANKING,YESBANK,CARD_EXPIRED,7,NO_ACTION,0
0.680327868852459,0.6666666666666666,2724.42,WALLET,ICICI,AUTHENTICATION_FAILED,16,RETRY_LATER,0
0.8333333333333334,0.0,2274.47,NETBANKING,KOTAK,NETWORK_ERROR,7,SEND_REMINDER,0
0.9300699300699301,0.8,7000.16,NETBANKING,SBI,AUTHENTICATION_FAILED,1,SEND_REMINDER,1
0.8461538461538461,0.5,5840.54,NETBANKING,ICICI,INSUFFICIENT_FUNDS,16,RETRY_LATER,1
0.8,1.0,2033.51,WALLET,ICICI,AUTHENTICATION_FAILED,15,SEND_REMINDER,0
0.7941176470588235,0.35714285714285715,1351.3,WALLET,AXIS,BANK_TIMEOUT,5,RETRY_LATER,1
0.8035714285714286,0.6363636363636364,6477.82,CARD,SBI,INSUFFICIENT_FUNDS,7,SEND_REMINDER,1
0.6271186440677966,0.5,9536.76,UPI,ICICI,NETWORK_ERROR,14,RETRY_LATER,0
0.8210526315789474,0.5294117647058824,9665.56,UPI,AXIS,LIMIT_EXCEEDED,9,SEND_REMINDER,1
0.6833333333333333,0.5526315789473685,6662.0,WALLET,KOTAK,LIMIT_EXCEEDED,9,RETRY_LATER,0
0.2857142857142857,0.2,6601.44,WALLET,HDFC,CARD_EXPIRED,0,RETRY_NOW,0
0.782608695652174,1.0,2005.57,WALLET,SBI,CARD_EXPIRED,19,NO_ACTION,0
0.918918918918919,0.6666666666666666,7118.95,UPI,AXIS,CARD_EXPIRED,10,RETRY_LATER,0
0.6984126984126984,0.42105263157894735,7250.64,UPI,YESBANK,LIMIT_EXCEEDED,20,RETRY_NOW,0
0.6857142857142857,0.5909090909090909,6009.12,CARD,HDFC,LIMIT_EXCEEDED,23,SEND_REMINDER,1
0.7297297297297297,0.4,1290.75,NETBANKING,HDFC,BANK_TIMEOUT,3,SEND_REMINDER,1
0.6666666666666666,1.0,3789.48,NETBANKING,KOTAK,NETWORK_ERROR,12,NO_ACTION,0
0.7941176470588235,0.7142857142857143,8420.95,WALLET,HDFC,BANK_TIMEOUT,11,SEND_REMINDER,1
0.7466666666666667,0.5263157894736842,9978.57,NETBANKING,ICICI,LIMIT_EXCEEDED,1,SEND_REMINDER,1
0.6,0.25,811.69,CARD,SBI,LIMIT_EXCEEDED,11,SEND_REMINDER,0
0.8333333333333334,0.42857142857142855,1873.33,CARD,SBI,CARD_EXPIRED,23,NO_ACTION,0
0.8333333333333334,0.0,9980.36,CARD,KOTAK,AUTHENTICATION_FAILED,10,RETRY_LATER,0
0.7837837837837838,0.75,9682.11,UPI,SBI,CARD_EXPIRED,2,RETRY_LATER,0
0.8,0.375,4669.94,CARD,AXIS,CARD_EXPIRED,15,NO_ACTION,0
0.3333333333333333,1.0,5721.44,NETBANKING,YESBANK,CARD_EXPIRED,4,NO_ACTION,0
0.620253164556962,0.4666666666666667,1194.57,WALLET,AXIS,INSUFFICIENT_FUNDS,20,RETRY_LATER,0
0.5945945945945946,0.4,8452.75,NETBANKING,YESBANK,LIMIT_EXCEEDED,0,RETRY_NOW,0
0.6153846153846154,0.4,544.44,NETBANKING,HDFC,NETWORK_ERROR,20,NO_ACTION,0
0.9629629629629629,1.0,8976.41,UPI,YESBANK,INSUFFICIENT_FUNDS,11,SEND_REMINDER,1
0.7777777777777778,0.5,1669.09,CARD,HDFC,BANK_TIMEOUT,6,RETRY_LATER,0
0.7142857142857143,1.0,9381.13,NETBANKING,AXIS,INSUFFICIENT_FUNDS,7,SEND_REMINDER,1
0.7246376811594203,0.3684210526315789,8790.1,WALLET,YESBANK,BANK_TIMEOUT,20,SEND_REMINDER,1
0.5909090909090909,0.2222222222222222,2641.7,NETBANKING,ICICI,AUTHENTICATION_FAILED,14,RETRY_NOW,0
0.9206349206349206,0.8,3251.98,NETBANKING,SBI,BANK_TIMEOUT,12,RETRY_LATER,1
0.7210884353741497,0.43902439024390244,4526.26,UPI,KOTAK,LIMIT_EXCEEDED,9,NO_ACTION,0
0.8,0.3333333333333333,1388.81,NETBANKING,AXIS,AUTHENTICATION_FAILED,18,SEND_REMINDER,1
0.0,1.0,4758.97,WALLET,KOTAK,CARD_EXPIRED,11,NO_ACTION,0
0.8813559322033898,0.42857142857142855,4100.13,NETBANKING,ICICI,NETWORK_ERROR,6,RETRY_NOW,1
0.5454545454545454,0.8,2343.16,WALLET,HDFC,INSUFFICIENT_FUNDS,19,NO_ACTION,0
0.9230769230769231,0.0,4403.04,WALLET,KOTAK,INSUFFICIENT_FUNDS,3,SEND_REMINDER,0
0.45454545454545453,0.3333333333333333,6131.4,WALLET,SBI,CARD_EXPIRED,22,SEND_REMINDER,0
0.7619047619047619,0.4,2046.8,UPI,HDFC,LIMIT_EXCEEDED,1,RETRY_LATER,0
0.8068181818181818,0.47058823529411764,798.9,CARD,HDFC,LIMIT_EXCEEDED,6,RETRY_NOW,1
0.8695652173913043,0.6666666666666666,7477.72,UPI,HDFC,LIMIT_EXCEEDED,20,RETRY_LATER,1
0.9166666666666666,0.0,2523.44,UPI,AXIS,INSUFFICIENT_FUNDS,6,NO_ACTION,0
0.631578947368421,0.6428571428571429,4046.48,CARD,SBI,NETWORK_ERROR,10,SEND_REMINDER,0
0.803921568627451,0.5,1318.53,NETBANKING,YESBANK,LIMIT_EXCEEDED,19,RETRY_LATER,0
0.3333333333333333,0.5,636.86,WALLET,ICICI,AUTHENTICATION_FAILED,7,RETRY_LATER,0
0.6696428571428571,0.6756756756756757,9203.56,NETBANKING,AXIS,INSUFFICIENT_FUNDS,21,RETRY_LATER,1
0.7,0.5714285714285714,7137.97,UPI,AXIS,AUTHENTICATION_FAILED,12,RETRY_LATER,1
0.7052631578947368,0.4642857142857143,2189.0,UPI,SBI,CARD_EXPIRED,11,RETRY_LATER,1
0.4117647058823529,0.5,965.31,WALLET,KOTAK,CARD_EXPIRED,13,RETRY_LATER,0
0.9298245614035088,0.5,5571.99,NETBANKING,AXIS,AUTHENTICATION_FAILED,1,NO_ACTION,0
0.6640625,0.5348837209302325,1605.79,UPI,SBI,CARD_EXPIRED,7,SEND_REMINDER,0
0.7708333333333334,0.5454545454545454,759.8,WALLET,ICICI,CARD_EXPIRED,8,SEND_REMINDER,0
0.7142857142857143,0.6,6415.35,CARD,ICICI,AUTHENTICATION_FAILED,5,RETRY_LATER,0
0.6328125,0.5106382978723404,8960.75,NETBANKING,AXIS,BANK_TIMEOUT,11,RETRY_LATER,0
0.6909090909090909,0.5294117647058824,6782.38,NETBANKING,KOTAK,LIMIT_EXCEEDED,14,SEND_REMINDER,0
0.7380952380952381,0.5454545454545454,3957.03,CARD,ICICI,LIMIT_EXCEEDED,23,RETRY_NOW,0
0.8214285714285714,0.4,1050.85,CARD,SBI,LIMIT_EXCEEDED,6,RETRY_NOW,0
0.8333333333333334,0.0,634.37,WALLET,SBI,INSUFFICIENT_FUNDS,16,NO_ACTION,0
0.9024390243902439,0.6666666666666666,7638.46,CARD,SBI,AUTHENTICATION_FAILED,23,NO_ACTION,0
0.5857142857142857,0.5862068965517241,5676.4,WALLET,SBI,AUTHENTICATION_FAILED,10,SEND_REMINDER,0
0.7294117647058823,0.5217391304347826,4892.73,WALLET,AXIS,CARD_EXPIRED,20,RETRY_LATER,0
0.6,0.3333333333333333,8104.09,CARD,AXIS,INSUFFICIENT_FUNDS,0,RETRY_NOW,0
0.6904761904761905,0.5384615384615384,6012.65,NETBANKING,YESBANK,LIMIT_EXCEEDED,2,SEND_REMINDER,1
0.6666666666666666,0.0,8972.32,WALLET,HDFC,CARD_EXPIRED,0,SEND_REMINDER,1
0.7844827586206896,0.4,8855.54,NETBANKING,ICICI,NETWORK_ERROR,22,RETRY_NOW,1
0.675,0.6923076923076923,6355.07,CARD,ICICI,BANK_TIMEOUT,0,RETRY_LATER,0
0.6565656565656566,0.5,9336.51,NETBANKING,ICICI,AUTHENTICATION_FAILED,13,NO_ACTION,0
0.5,0.5,9438.18,WALLET,HDFC,BANK_TIMEOUT,13,SEND_REMINDER,1
0.8064516129032258,0.5,3500.28,CARD,ICICI,CARD_EXPIRED,6,RETRY_NOW,1
0.8709677419354839,1.0,8714.39,UPI,KOTAK,LIMIT_EXCEEDED,18,SEND_REMINDER,1
0.6666666666666666,0.0,9539.67,WALLET,KOTAK,INSUFFICIENT_FUNDS,1,RETRY_LATER,0
0.8333333333333334,1.0,3599.16,CARD,KOTAK,INSUFFICIENT_FUNDS,6,RETRY_NOW,0
0.6166666666666667,0.6521739130434783,6286.17,CARD,AXIS,CARD_EXPIRED,0,SEND_REMINDER,1
0.9298245614035088,0.5,5571.99,NETBANKING,AXIS,AUTHENTICATION_FAILED,1,RETRY_LATER,1
0.68,0.525,5961.7,WALLET,AXIS,INSUFFICIENT_FUNDS,1,SEND_REMINDER,0
0.45454545454545453,0.5,2170.31,CARD,KOTAK,BANK_TIMEOUT,0,RETRY_NOW,0
0.9,1.0,7812.49,NETBANKING,HDFC,NETWORK_ERROR,2,RETRY_LATER,1
0.6721311475409836,0.45,9537.84,CARD,HDFC,LIMIT_EXCEEDED,20,RETRY_NOW,0
0.8571428571428571,1.0,7829.38,WALLET,AXIS,AUTHENTICATION_FAILED,14,RETRY_LATER,0
0.8421052631578947,0.5,269.98,CARD,YESBANK,AUTHENTICATION_FAILED,3,SEND_REMINDER,0
0.7380952380952381,0.36363636363636365,460.42,CARD,HDFC,NETWORK_ERROR,23,RETRY_LATER,1
0.7073170731707317,0.4166666666666667,9001.42,UPI,HDFC,CARD_EXPIRED,1,NO_ACTION,0
0.8461538461538461,0.16666666666666666,5743.93,WALLET,HDFC,BANK_TIMEOUT,17,NO_ACTION,0
0.6363636363636364,0.625,2164.71,CARD,ICICI,LIMIT_EXCEEDED,1,NO_ACTION,0
0.7333333333333333,0.7,1608.8,NETBANKING,SBI,BANK_TIMEOUT,18,NO_ACTION,0
0.6666666666666666,0.6666666666666666,1005.82,NETBANKING,HDFC,NETWORK_ERROR,15,RETRY_NOW,1
0.8796296296296297,0.6153846153846154,9669.06,NETBANKING,HDFC,INSUFFICIENT_FUNDS,18,SEND_REMINDER,0
0.8235294117647058,0.5555555555555556,9698.76,NETBANKING,YESBANK,BANK_TIMEOUT,5,RETRY_LATER,1
0.71875,0.5555555555555556,3840.56,WALLET,YESBANK,LIMIT_EXCEEDED,15,RETRY_NOW,0
0.8571428571428571,0.75,3484.42,CARD,SBI,NETWORK_ERROR,3,RETRY_NOW,1
0.7888888888888889,0.5789473684210527,1463.43,WALLET,YESBANK,INSUFFICIENT_FUNDS,21,RETRY_LATER,0
0.7777777777777778,0.6,4946.65,WALLET,YESBANK,INSUFFICIENT_FUNDS,7,NO_ACTION,0
0.7916666666666666,0.5,9397.28,NETBANKING,ICICI,BANK_TIMEOUT,11,RETRY_NOW,0
0.6153846153846154,0.4,5975.54,WALLET,AXIS,INSUFFICIENT_FUNDS,4,RETRY_LATER,0
0.7868852459016393,0.38461538461538464,2333.27,WALLET,KOTAK,CARD_EXPIRED,2,RETRY_NOW,1
0.8,0.375,1222.82,CARD,HDFC,AUTHENTICATION_FAILED,0,RETRY_LATER,0
0.90625,0.6666666666666666,212.63,UPI,HDFC,BANK_TIMEOUT,5,RETRY_LATER,1
0.7945205479452054,0.5333333333333333,6868.94,WALLET,SBI,BANK_TIMEOUT,17,RETRY_NOW,0
0.7052631578947368,0.4642857142857143,4660.03,UPI,AXIS,CARD_EXPIRED,14,RETRY_NOW,0
0.7802197802197802,0.35,839.51,UPI,ICICI,NETWORK_ERROR,0,NO_ACTION,0
0.7,0.16666666666666666,7193.11,WALLET,ICICI,BANK_TIMEOUT,16,RETRY_LATER,1
0.7894736842105263,0.4166666666666667,6266.29,UPI,AXIS,BANK_TIMEOUT,11,RETRY_NOW,1
0.725,0.6363636363636364,2138.69,CARD,AXIS,BANK_TIMEOUT,23,RETRY_LATER,1
0.6923076923076923,0.5,7785.46,NETBANKING,AXIS,CARD_EXPIRED,13,RETRY_LATER,1
0.7560975609756098,0.6,3998.69,WALLET,KOTAK,BANK_TIMEOUT,19,RETRY_NOW,0
0.8082191780821918,0.6428571428571429,4357.34,UPI,YESBANK,CARD_EXPIRED,10,SEND_REMINDER,1
0.9779411764705882,0.6666666666666666,7679.17,UPI,HDFC,AUTHENTICATION_FAILED,17,RETRY_NOW,0
0.7857142857142857,0.6666666666666666,590.48,WALLET,SBI,NETWORK_ERROR,13,NO_ACTION,0
0.6666666666666666,0.4,584.9,UPI,SBI,CARD_EXPIRED,2,RETRY_NOW,0
0.851063829787234,0.5714285714285714,4685.36,UPI,YESBANK,NETWORK_ERROR,16,RETRY_LATER,0
0.7666666666666667,0.7142857142857143,3411.82,UPI,KOTAK,BANK_TIMEOUT,13,SEND_REMINDER,1
0.5909090909090909,0.4444444444444444,4961.5,NETBANKING,SBI,NETWORK_ERROR,6,NO_ACTION,0
0.62,0.5263157894736842,5009.64,CARD,KOTAK,INSUFFICIENT_FUNDS,17,RETRY_LATER,0
0.6511627906976745,0.6666666666666666,6578.38,UPI,KOTAK,LIMIT_EXCEEDED,23,RETRY_LATER,1
0.7,0.3333333333333333,8760.32,CARD,SBI,BANK_TIMEOUT,20,SEND_REMINDER,0
0.717391304347826,0.46153846153846156,4558.17,NETBANKING,SBI,AUTHENTICATION_FAILED,3,SEND_REMINDER,1
0.7142857142857143,0.75,8230.09,WALLET,KOTAK,CARD_EXPIRED,22,NO_ACTION,0
0.7878787878787878,0.42857142857142855,3050.94,WALLET,HDFC,NETWORK_ERROR,7,RETRY_NOW,1
0.7368421052631579,0.4,525.31,NETBANKING,AXIS,LIMIT_EXCEEDED,3,NO_ACTION,0
0.6567164179104478,0.5652173913043478,2334.95,CARD,YESBANK,LIMIT_EXCEEDED,22,RETRY_LATER,1
0.5441176470588235,0.5483870967741935,369.17,WALLET,ICICI,LIMIT_EXCEEDED,3,RETRY_LATER,1
0.6538461538461539,0.5925925925925926,5170.88,CARD,YESBANK,BANK_TIMEOUT,21,NO_ACTION,0
0.8285714285714286,0.3333333333333333,7975.14,NETBANKING,ICICI,INSUFFICIENT_FUNDS,7,RETRY_LATER,1
0.7777777777777778,0.3,8600.66,WALLET,SBI,CARD_EXPIRED,1,RETRY_LATER,1
0.5,0.75,4785.21,CARD,HDFC,BANK_TIMEOUT,11,SEND_REMINDER,1
0.8352941176470589,0.5714285714285714,5191.16,NETBANKING,AXIS,LIMIT_EXCEEDED,1,RETRY_LATER,0
0.72,0.2857142857142857,1500.34,UPI,SBI,INSUFFICIENT_FUNDS,3,SEND_REMINDER,0
0.8333333333333334,0.625,4658.23,NETBANKING,AXIS,AUTHENTICATION_FAILED,14,SEND_REMINDER,1
0.7941176470588235,0.42857142857142855,3367.77,UPI,HDFC,BANK_TIMEOUT,17,SEND_REMINDER,0
0.65,0.2857142857142857,3386.15,UPI,AXIS,BANK_TIMEOUT,17,RETRY_NOW,0
0.7666666666666667,0.7142857142857143,3844.71,CARD,SBI,CARD_EXPIRED,10,RETRY_NOW,0
0.6666666666666666,0.5,6745.21,NETBANKING,AXIS,INSUFFICIENT_FUNDS,1,RETRY_NOW,0
0.7307692307692307,0.42857142857142855,8874.18,NETBANKING,AXIS,AUTHENTICATION_FAILED,14,RETRY_LATER,0
0.8181818181818182,0.5,3083.35,NETBANKING,KOTAK,INSUFFICIENT_FUNDS,20,NO_ACTION,0
0.6621621621621622,0.68,421.14,NETBANKING,HDFC,INSUFFICIENT_FUNDS,17,RETRY_LATER,0
0.475,0.42857142857142855,8252.47,NETBANKING,SBI,NETWORK_ERROR,8,RETRY_NOW,1
0.6831683168316832,0.5,7479.23,WALLET,HDFC,CARD_EXPIRED,5,RETRY_LATER,1
0.6785714285714286,0.6111111111111112,8837.99,UPI,YESBANK,BANK_TIMEOUT,17,RETRY_NOW,1
0.7469879518072289,0.3333333333333333,4055.94,WALLET,YESBANK,AUTHENTICATION_FAILED,6,RETRY_NOW,0
0.8301886792452831,0.4444444444444444,7751.73,CARD,YESBANK,BANK_TIMEOUT,14,NO_ACTION,0
0.631578947368421,0.2857142857142857,6157.13,UPI,YESBANK,INSUFFICIENT_FUNDS,2,NO_ACTION,0
0.8,0.0,2728.41,CARD,KOTAK,INSUFFICIENT_FUNDS,11,NO_ACTION,0
0.9333333333333333,1.0,5451.08,NETBANKING,ICICI,CARD_EXPIRED,0,RETRY_LATER,0
0.75,0.0,1228.74,WALLET,HDFC,CARD_EXPIRED,11,RETRY_LATER,0
0.6867469879518072,0.46153846153846156,5929.5,UPI,AXIS,LIMIT_EXCEEDED,9,RETRY_NOW,0
0.7052631578947368,0.5357142857142857,8987.6,UPI,AXIS,INSUFFICIENT_FUNDS,21,SEND_REMINDER,1
0.7058823529411765,0.0,9908.93,WALLET,AXIS,INSUFFICIENT_FUNDS,9,RETRY_NOW,0
0.803921568627451,0.5,1318.53,NETBANKING,YESBANK,LIMIT_EXCEEDED,19,NO_ACTION,0
0.88,0.6666666666666666,8841.86,UPI,YESBANK,INSUFFICIENT_FUNDS,5,RETRY_LATER,1
0.7727272727272727,0.4,421.35,UPI,AXIS,CARD_EXPIRED,12,RETRY_NOW,1
0.8469387755102041,0.5333333333333333,5826.58,WALLET,KOTAK,CARD_EXPIRED,5,SEND_REMINDER,1
0.65625,0.6363636363636364,9853.33,NETBANKING,KOTAK,INSUFFICIENT_FUNDS,18,RETRY_NOW,0
0.8305084745762712,0.3,3380.07,NETBANKING,SBI,LIMIT_EXCEEDED,16,SEND_REMINDER,1
0.0,1.0,4877.47,NETBANKING,SBI,CARD_EXPIRED,20,SEND_REMINDER,1
0.6875,0.8,9420.22,NETBANKING,AXIS,BANK_TIMEOUT,22,RETRY_LATER,1
0.7564102564102564,0.5263157894736842,2657.36,NETBANKING,YESBANK,CARD_EXPIRED,8,RETRY_LATER,0
0.9166666666666666,0.0,9952.0,NETBANKING,KOTAK,INSUFFICIENT_FUNDS,21,NO_ACTION,0
0.9166666666666666,0.0,7006.86,NETBANKING,ICICI,LIMIT_EXCEEDED,22,NO_ACTION,0
0.7375,0.47619047619047616,6748.09,NETBANKING,HDFC,AUTHENTICATION_FAILED,6,NO_ACTION,0
0.5641025641025641,0.5294117647058824,1763.13,UPI,SBI,INSUFFICIENT_FUNDS,11,RETRY_NOW,1
0.7804878048780488,0.5555555555555556,2643.63,WALLET,KOTAK,BANK_TIMEOUT,7,RETRY_LATER,0
0.9191176470588235,0.5454545454545454,4502.42,CARD,ICICI,CARD_EXPIRED,4,RETRY_LATER,0
0.7840909090909091,0.631578947368421,6954.85,UPI,ICICI,NETWORK_ERROR,2,RETRY_NOW,1
0.7819548872180451,0.4482758620689655,5001.02,WALLET,SBI,CARD_EXPIRED,12,NO_ACTION,0
0.6571428571428571,0.75,2677.64,CARD,SBI,BANK_TIMEOUT,5,RETRY_LATER,1
0.7285714285714285,0.6842105263157895,3207.19,UPI,KOTAK,CARD_EXPIRED,11,SEND_REMINDER,1
0.6567164179104478,0.5652173913043478,1217.97,WALLET,AXIS,INSUFFICIENT_FUNDS,3,NO_ACTION,0
0.5555555555555556,0.25,1640.5,WALLET,AXIS,AUTHENTICATION_FAILED,9,SEND_REMINDER,1
0.42857142857142855,0.75,7903.79,WALLET,KOTAK,LIMIT_EXCEEDED,12,NO_ACTION,0
0.8636363636363636,0.6666666666666666,5046.3,WALLET,ICICI,CARD_EXPIRED,7,NO_ACTION,0
0.7441860465116279,0.5757575757575758,6717.31,CARD,HDFC,LIMIT_EXCEEDED,9,SEND_REMINDER,0
0.6707317073170732,0.5185185185185185,6706.16,UPI,SBI,INSUFFICIENT_FUNDS,7,NO_ACTION,0
0.8421052631578947,0.5,1225.71,UPI,YESBANK,CARD_EXPIRED,0,NO_ACTION,0
0.7692307692307693,0.0,2782.91,NETBANKING,SBI,BANK_TIMEOUT,15,RETRY_NOW,0
0.8333333333333334,1.0,5696.09,WALLET,YESBANK,BANK_TIMEOUT,9,RETRY_NOW,1
0.8412698412698413,0.4,6374.22,WALLET,AXIS,NETWORK_ERROR,0,SEND_REMINDER,0
0.6761904761904762,0.35294117647058826,4211.69,CARD,SBI,BANK_TIMEOUT,17,NO_ACTION,0
0.5,1.0,1363.43,CARD,AXIS,BANK_TIMEOUT,4,NO_ACTION,0
0.631578947368421,0.5,7625.07,CARD,AXIS,CARD_EXPIRED,10,SEND_REMINDER,1
0.6727272727272727,0.3888888888888889,397.39,CARD,HDFC,CARD_EXPIRED,11,NO_ACTION,0
0.8759124087591241,0.5294117647058824,9577.53,WALLET,AXIS,INSUFFICIENT_FUNDS,18,SEND_REMINDER,1
0.7835051546391752,0.47619047619047616,5341.6,CARD,HDFC,CARD_EXPIRED,14,RETRY_NOW,0
0.7714285714285715,0.375,7009.82,UPI,SBI,NETWORK_ERROR,8,RETRY_NOW,0
0.6475409836065574,0.627906976744186,5386.81,WALLET,SBI,CARD_EXPIRED,19,SEND_REMINDER,1
0.75,0.16666666666666666,7065.81,CARD,KOTAK,LIMIT_EXCEEDED,17,RETRY_LATER,0
0.6984126984126984,0.5263157894736842,1883.74,NETBANKING,AXIS,INSUFFICIENT_FUNDS,10,RETRY_LATER,0
0.6666666666666666,0.5,9291.27,CARD,YESBANK,INSUFFICIENT_FUNDS,9,SEND_REMINDER,1
0.6,0.6666666666666666,4293.51,UPI,KOTAK,INSUFFICIENT_FUNDS,11,NO_ACTION,0
0.7862595419847328,0.35714285714285715,8053.1,WALLET,AXIS,CARD_EXPIRED,15,RETRY_LATER,0
0.6578947368421053,0.34615384615384615,4648.39,NETBANKING,YESBANK,NETWORK_ERROR,23,RETRY_LATER,1
0.6176470588235294,0.38461538461538464,3918.83,NETBANKING,HDFC,NETWORK_ERROR,22,SEND_REMINDER,1
0.7789473684210526,0.47619047619047616,4124.91,CARD,KOTAK,LIMIT_EXCEEDED,9,SEND_REMINDER,1
0.6521739130434783,0.5,7598.32,CARD,AXIS,NETWORK_ERROR,8,RETRY_NOW,0
0.6,0.25,3019.46,UPI,SBI,BANK_TIMEOUT,0,RETRY_LATER,1
0.75,0.8333333333333334,3144.98,UPI,ICICI,BANK_TIMEOUT,8,RETRY_LATER,1
0.6691729323308271,0.6363636363636364,3360.89,NETBANKING,ICICI,INSUFFICIENT_FUNDS,5,RETRY_NOW,1
0.66,0.5882352941176471,4165.87,CARD,YESBANK,INSUFFICIENT_FUNDS,15,NO_ACTION,0
0.6842105263157895,0.5666666666666667,8797.47,UPI,SBI,AUTHENTICATION_FAILED,20,NO_ACTION,0
0.875,1.0,3003.86,UPI,HDFC,AUTHENTICATION_FAILED,23,RETRY_LATER,0
0.8285714285714286,0.6111111111111112,7408.54,NETBANKING,AXIS,LIMIT_EXCEEDED,2,RETRY_LATER,1
0.62,0.5263157894736842,5009.64,CARD,KOTAK,INSUFFICIENT_FUNDS,17,RETRY_NOW,1
0.6521739130434783,0.6875,781.6,NETBANKING,ICICI,LIMIT_EXCEEDED,14,SEND_REMINDER,1
0.717948717948718,0.5757575757575758,4776.37,NETBANKING,SBI,NETWORK_ERROR,15,NO_ACTION,0
0.0,0.6666666666666666,2194.13,WALLET,ICICI,NETWORK_ERROR,9,RETRY_LATER,1
0.6530612244897959,0.47058823529411764,744.17,UPI,YESBANK,LIMIT_EXCEEDED,10,NO_ACTION,0
0.6271186440677966,0.5681818181818182,7035.53,CARD,YESBANK,CARD_EXPIRED,15,RETRY_NOW,0
0.76,0.8333333333333334,6740.4,NETBANKING,KOTAK,NETWORK_ERROR,2,RETRY_NOW,1
0.4583333333333333,0.3076923076923077,3333.95,CARD,ICICI,AUTHENTICATION_FAILED,7,SEND_REMINDER,0
0.75,0.0,8224.62,UPI,ICICI,CARD_EXPIRED,23,SEND_REMINDER,0
0.8222222222222222,0.125,3418.55,WALLET,KOTAK,LIMIT_EXCEEDED,10,RETRY_LATER,1
0.631578947368421,0.42857142857142855,5668.57,CARD,AXIS,NETWORK_ERROR,1,SEND_REMINDER,0
0.7065217391304348,0.4074074074074074,3093.02,UPI,KOTAK,LIMIT_EXCEEDED,2,RETRY_NOW,0
0.6486486486486487,0.46153846153846156,1685.88,UPI,KOTAK,BANK_TIMEOUT,18,NO_ACTION,0
0.6951219512195121,0.36,9016.92,UPI,AXIS,AUTHENTICATION_FAILED,4,NO_ACTION,0
0.6376811594202898,0.48,6565.17,CARD,SBI,BANK_TIMEOUT,15,RETRY_LATER,1
0.6875,0.2,2287.7,UPI,KOTAK,AUTHENTICATION_FAILED,10,RETRY_NOW,0
0.6931818181818182,0.5555555555555556,5950.55,UPI,HDFC,CARD_EXPIRED,22,RETRY_NOW,0
0.7068965517241379,0.5294117647058824,997.58,UPI,KOTAK,BANK_TIMEOUT,20,RETRY_LATER,1
0.6285714285714286,0.46153846153846156,9408.62,NETBANKING,YESBANK,LIMIT_EXCEEDED,10,RETRY_NOW,0
0.7058823529411765,0.6,7104.71,WALLET,HDFC,CARD_EXPIRED,12,RETRY_LATER,0
0.7475728155339806,0.7307692307692307,1891.34,WALLET,SBI,LIMIT_EXCEEDED,5,SEND_REMINDER,0
0.7011494252873564,0.46153846153846156,5300.51,WALLET,KOTAK,AUTHENTICATION_FAILED,11,RETRY_NOW,1
0.7843137254901961,0.6363636363636364,9525.22,CARD,HDFC,BANK_TIMEOUT,17,RETRY_NOW,1
0.6875,0.5666666666666667,7919.33,UPI,ICICI,LIMIT_EXCEEDED,16,RETRY_LATER,1
0.664,0.5476190476190477,5076.04,UPI,AXIS,LIMIT_EXCEEDED,9,SEND_REMINDER,1
0.7466666666666667,0.2631578947368421,9966.9,WALLET,ICICI,INSUFFICIENT_FUNDS,17,NO_ACTION,0
0.8461538461538461,0.6666666666666666,9343.48,UPI,ICICI,LIMIT_EXCEEDED,6,SEND_REMINDER,1
0.7407407407407407,0.2857142857142857,5659.69,CARD,KOTAK,AUTHENTICATION_FAILED,18,RETRY_NOW,1
0.9259259259259259,0.5,1089.59,UPI,ICICI,BANK_TIMEOUT,10,RETRY_NOW,1
0.794392523364486,0.3181818181818182,9874.87,NETBANKING,KOTAK,LIMIT_EXCEEDED,16,SEND_REMINDER,0
0.8111111111111111,0.7058823529411765,3667.0,UPI,KOTAK,AUTHENTICATION_FAILED,16,NO_ACTION,0
0.8208955223880597,0.4166666666666667,4518.56,NETBANKING,HDFC,NETWORK_ERROR,4,NO_ACTION,0
0.7307692307692307,0.5714285714285714,7590.35,CARD,ICICI,LIMIT_EXCEEDED,20,NO_ACTION,0
0.6,0.5,9351.03,CARD,HDFC,CARD_EXPIRED,21,NO_ACTION,0
0.6,0.0,9565.45,CARD,ICICI,INSUFFICIENT_FUNDS,20,RETRY_LATER,0
0.7777777777777778,0.5,1580.27,UPI,KOTAK,NETWORK_ERROR,16,RETRY_LATER,0
0.8307692307692308,0.18181818181818182,2665.84,WALLET,HDFC,BANK_TIMEOUT,11,NO_ACTION,0
0.7372262773722628,0.4444444444444444,7083.48,UPI,SBI,BANK_TIMEOUT,21,RETRY_LATER,0
0.782608695652174,0.6,8264.72,WALLET,HDFC,NETWORK_ERROR,1,SEND_REMINDER,0
0.7388059701492538,0.7142857142857143,2685.13,CARD,ICICI,NETWORK_ERROR,12,SEND_REMINDER,1
0.7647058823529411,0.3333333333333333,3354.05,CARD,HDFC,AUTHENTICATION_FAILED,0,SEND_REMINDER,0
0.65625,0.5454545454545454,4948.61,CARD,KOTAK,AUTHENTICATION_FAILED,11,RETRY_NOW,0
0.7142857142857143,1.0,8469.37,WALLET,SBI,LIMIT_EXCEEDED,11,RETRY_LATER,1
0.7608695652173914,0.36363636363636365,4469.14,WALLET,AXIS,LIMIT_EXCEEDED,13,RETRY_NOW,0
0.8235294117647058,0.6666666666666666,4629.98,CARD,YESBANK,INSUFFICIENT_FUNDS,8,SEND_REMINDER,1
0.6666666666666666,0.5714285714285714,7163.73,UPI,ICICI,CARD_EXPIRED,2,RETRY_LATER,0
0.92,0.5,1940.5,CARD,ICICI,LIMIT_EXCEEDED,14,RETRY_LATER,0
0.7027027027027027,0.45454545454545453,1178.98,CARD,KOTAK,CARD_EXPIRED,23,NO_ACTION,0
0.3333333333333333,0.5,9001.84,NETBANKING,YESBANK,NETWORK_ERROR,11,RETRY_NOW,0
0.696969696969697,0.3,116.17,UPI,KOTAK,BANK_TIMEOUT,20,NO_ACTION,0
0.5,1.0,9013.38,NETBANKING,HDFC,LIMIT_EXCEEDED,11,RETRY_NOW,1
0.65625,0.5454545454545454,3647.61,CARD,YESBANK,BANK_TIMEOUT,17,SEND_REMINDER,1
0.7837837837837838,0.5,504.13,WALLET,YESBANK,AUTHENTICATION_FAILED,10,RETRY_LATER,0
0.6756756756756757,0.3333333333333333,4214.95,NETBANKING,YESBANK,BANK_TIMEOUT,14,RETRY_NOW,0
0.7692307692307693,0.48148148148148145,2905.29,UPI,SBI,AUTHENTICATION_FAILED,9,RETRY_NOW,0
0.8,0.5,2421.81,NETBANKING,SBI,INSUFFICIENT_FUNDS,9,NO_ACTION,0
0.8194444444444444,0.5384615384615384,2857.83,CARD,HDFC,AUTHENTICATION_FAILED,14,NO_ACTION,0
0.7142857142857143,0.5,8583.22,WALLET,SBI,CARD_EXPIRED,21,RETRY_LATER,1
0.6388888888888888,0.38461538461538464,8097.53,WALLET,SBI,INSUFFICIENT_FUNDS,20,RETRY_NOW,1
0.7575757575757576,0.75,311.89,UPI,ICICI,INSUFFICIENT_FUNDS,23,NO_ACTION,0
0.6956521739130435,0.2857142857142857,7943.37,CARD,SBI,NETWORK_ERROR,10,RETRY_LATER,0
0.7111111111111111,0.41025641025641024,3272.36,UPI,ICICI,BANK_TIMEOUT,16,NO_ACTION,0
0.8181818181818182,0.8333333333333334,4680.03,NETBANKING,KOTAK,AUTHENTICATION_FAILED,4,RETRY_NOW,0
0.5,0.5,2956.69,UPI,ICICI,AUTHENTICATION_FAILED,22,NO_ACTION,0
0.6666666666666666,1.0,3789.48,NETBANKING,KOTAK,NETWORK_ERROR,12,RETRY_NOW,1
0.47368421052631576,0.8,5695.57,NETBANKING,AXIS,CARD_EXPIRED,19,SEND_REMINDER,1
0.796875,0.46153846153846156,7011.11,WALLET,YESBANK,BANK_TIMEOUT,16,NO_ACTION,0
0.6583333333333333,0.5853658536585366,9956.15,WALLET,ICICI,AUTHENTICATION_FAILED,8,RETRY_LATER,0
0.775,0.6111111111111112,342.52,CARD,AXIS,AUTHENTICATION_FAILED,2,RETRY_LATER,0
0.7428571428571429,0.3333333333333333,4995.98,UPI,SBI,NETWORK_ERROR,14,RETRY_NOW,1
0.5789473684210527,0.5,1366.96,WALLET,HDFC,NETWORK_ERROR,7,RETRY_NOW,0
0.8888888888888888,1.0,2334.54,CARD,SBI,INSUFFICIENT_FUNDS,10,SEND_REMINDER,1
0.55,0.4444444444444444,4698.25,UPI,SBI,CARD_EXPIRED,21,SEND_REMINDER,1
0.7547169811320755,0.46153846153846156,1690.38,UPI,SBI,LIMIT_EXCEEDED,20,SEND_REMINDER,0
0.75,0.75,3849.42,UPI,AXIS,AUTHENTICATION_FAILED,22,NO_ACTION,0
0.0,0.0,6118.23,CARD,HDFC,BANK_TIMEOUT,5,SEND_REMINDER,0
0.7777777777777778,0.5,1675.14,NETBANKING,AXIS,LIMIT_EXCEEDED,8,NO_ACTION,0
0.6875,0.5,8693.93,CARD,YESBANK,LIMIT_EXCEEDED,5,RETRY_NOW,0
0.7368421052631579,0.4,7003.87,CARD,AXIS,LIMIT_EXCEEDED,2,SEND_REMINDER,0
0.6,0.6,4759.13,NETBANKING,AXIS,BANK_TIMEOUT,13,RETRY_LATER,1
0.6774193548387096,0.6,6791.86,UPI,SBI,LIMIT_EXCEEDED,21,RETRY_NOW,1
0.7307692307692307,0.7142857142857143,352.97,WALLET,SBI,NETWORK_ERROR,3,RETRY_NOW,1
0.7777777777777778,0.5,1580.27,UPI,KOTAK,NETWORK_ERROR,16,SEND_REMINDER,1
0.78,0.5454545454545454,1603.54,WALLET,HDFC,LIMIT_EXCEEDED,4,RETRY_LATER,1
0.9565217391304348,0.3333333333333333,9945.01,CARD,KOTAK,INSUFFICIENT_FUNDS,2,RETRY_NOW,0
0.7258064516129032,0.47058823529411764,5665.71,WALLET,YESBANK,AUTHENTICATION_FAILED,18,RETRY_LATER,0
0.8,0.0,2805.98,UPI,ICICI,AUTHENTICATION_FAILED,20,RETRY_LATER,1
0.6666666666666666,0.0,4772.04,NETBANKING,KOTAK,BANK_TIMEOUT,23,RETRY_NOW,1
0.6666666666666666,0.6666666666666666,1005.82,NETBANKING,HDFC,NETWORK_ERROR,15,RETRY_LATER,1
0.5833333333333334,0.3,171.22,WALLET,YESBANK,LIMIT_EXCEEDED,3,NO_ACTION,0
0.6666666666666666,1.0,8281.98,CARD,AXIS,CARD_EXPIRED,14,NO_ACTION,0
0.42857142857142855,0.5,2729.41,CARD,KOTAK,BANK_TIMEOUT,7,SEND_REMINDER,0
0.0,0.0,9526.52,WALLET,KOTAK,BANK_TIMEOUT,13,NO_ACTION,0
0.7037037037037037,0.5,1699.33,NETBANKING,AXIS,CARD_EXPIRED,17,SEND_REMINDER,1
0.6867469879518072,0.46153846153846156,5929.5,UPI,AXIS,LIMIT_EXCEEDED,9,NO_ACTION,0
0.6,1.0,9727.94,NETBANKING,ICICI,NETWORK_ERROR,6,RETRY_LATER,1
0.8695652173913043,1.0,7209.69,CARD,HDFC,NETWORK_ERROR,4,SEND_REMINDER,1
0.78125,0.5,1335.76,CARD,AXIS,LIMIT_EXCEEDED,16,RETRY_NOW,1
0.574468085106383,0.45,8383.55,WALLET,AXIS,NETWORK_ERROR,11,NO_ACTION,0
0.7,0.6666666666666666,7287.14,NETBANKING,ICICI,CARD_EXPIRED,7,SEND_REMINDER,0
0.5098039215686274,0.48,3202.38,UPI,HDFC,NETWORK_ERROR,3,NO_ACTION,0
0.7142857142857143,0.5,6775.01,WALLET,KOTAK,BANK_TIMEOUT,10,RETRY_NOW,0
0.9206349206349206,0.8,7656.99,UPI,SBI,INSUFFICIENT_FUNDS,16,SEND_REMINDER,1
0.7428571428571429,0.2962962962962963,8409.59,WALLET,KOTAK,BANK_TIMEOUT,22,SEND_REMINDER,1
0.56,0.45454545454545453,8642.58,UPI,AXIS,NETWORK_ERROR,15,SEND_REMINDER,0
0.8064516129032258,0.3333333333333333,6251.17,UPI,ICICI,INSUFFICIENT_FUNDS,13,SEND_REMINDER,1
0.7692307692307693,0.8333333333333334,6937.44,UPI,HDFC,AUTHENTICATION_FAILED,12,NO_ACTION,0
0.7699115044247787,0.5769230769230769,2689.92,UPI,AXIS,INSUFFICIENT_FUNDS,21,RETRY_LATER,0
0.6,0.5588235294117647,7896.24,NETBANKING,YESBANK,LIMIT_EXCEEDED,5,RETRY_LATER,0
0.7857142857142857,0.3333333333333333,3140.23,NETBANKING,ICICI,AUTHENTICATION_FAILED,9,RETRY_LATER,0
0.9,0.3333333333333333,6864.71,NETBANKING,AXIS,INSUFFICIENT_FUNDS,14,RETRY_NOW,1
0.7755102040816326,0.36363636363636365,8500.86,UPI,ICICI,LIMIT_EXCEEDED,8,SEND_REMINDER,1
0.7333333333333333,0.08333333333333333,3013.85,UPI,HDFC,INSUFFICIENT_FUNDS,18,SEND_REMINDER,0
0.7111111111111111,0.41025641025641024,3272.36,UPI,ICICI,BANK_TIMEOUT,16,RETRY_NOW,0
0.6764705882352942,0.4090909090909091,6509.63,UPI,AXIS,LIMIT_EXCEEDED,13,RETRY_NOW,0
0.8,0.0,4682.91,UPI,AXIS,INSUFFICIENT_FUNDS,12,NO_ACTION,0
0.8918918918918919,0.25,1043.17,CARD,YESBANK,CARD_EXPIRED,10,RETRY_NOW,0
0.7469879518072289,0.5238095238095238,3934.89,WALLET,KOTAK,AUTHENTICATION_FAILED,15,RETRY_NOW,0
0.8172043010752689,0.47058823529411764,4518.77,CARD,AXIS,AUTHENTICATION_FAILED,7,RETRY_NOW,0
0.6666666666666666,0.25,2830.2,WALLET,AXIS,INSUFFICIENT_FUNDS,5,RETRY_NOW,0
0.7358490566037735,0.7142857142857143,7219.67,CARD,KOTAK,AUTHENTICATION_FAILED,8,RETRY_NOW,0
0.69,0.3870967741935484,6920.28,UPI,AXIS,NETWORK_ERROR,20,SEND_REMINDER,0
0.9,0.5,3511.9,NETBANKING,AXIS,CARD_EXPIRED,19,RETRY_LATER,0
0.9090909090909091,1.0,4746.16,UPI,AXIS,LIMIT_EXCEEDED,5,RETRY_NOW,1
0.7254901960784313,0.42857142857142855,632.69,NETBANKING,AXIS,BANK_TIMEOUT,6,RETRY_NOW,1
0.75,0.2857142857142857,9299.06,CARD,HDFC,LIMIT_EXCEEDED,2,SEND_REMINDER,1
0.8064516129032258,0.3333333333333333,9677.73,CARD,YESBANK,CARD_EXPIRED,13,RETRY_NOW,0
0.8095238095238095,0.5625,6340.93,CARD,ICICI,AUTHENTICATION_FAILED,22,SEND_REMINDER,1
0.6153846153846154,0.4,5490.86,CARD,KOTAK,BANK_TIMEOUT,23,NO_ACTION,0
0.46153846153846156,0.5714285714285714,6971.71,CARD,YESBANK,CARD_EXPIRED,16,RETRY_LATER,0
0.8137254901960784,0.42105263157894735,4219.51,WALLET,SBI,INSUFFICIENT_FUNDS,7,RETRY_LATER,0
0.6666666666666666,0.36585365853658536,7023.03,CARD,YESBANK,INSUFFICIENT_FUNDS,21,RETRY_NOW,1
0.4,0.6666666666666666,4594.55,UPI,YESBANK,BANK_TIMEOUT,16,RETRY_NOW,0
0.8514851485148515,0.26666666666666666,5202.55,NETBANKING,AXIS,INSUFFICIENT_FUNDS,19,NO_ACTION,0
0.7777777777777778,0.4166666666666667,9645.66,NETBANKING,AXIS,BANK_TIMEOUT,1,RETRY_NOW,0
0.8695652173913043,1.0,4427.3,CARD,AXIS,AUTHENTICATION_FAILED,10,RETRY_LATER,1
0.7142857142857143,0.5,1695.74,UPI,SBI,BANK_TIMEOUT,22,RETRY_NOW,0
0.7777777777777778,0.4090909090909091,4735.55,NETBANKING,SBI,BANK_TIMEOUT,5,RETRY_LATER,0
0.8354430379746836,0.6923076923076923,5922.42,NETBANKING,SBI,CARD_EXPIRED,15,SEND_REMINDER,1
0.8518518518518519,0.3333333333333333,6932.51,UPI,HDFC,LIMIT_EXCEEDED,3,RETRY_LATER,0
0.0,0.0,5570.62,WALLET,AXIS,BANK_TIMEOUT,22,NO_ACTION,0
0.6172839506172839,0.45161290322580644,9417.26,CARD,HDFC,CARD_EXPIRED,20,RETRY_NOW,0
0.5,0.5,8355.01,WALLET,HDFC,INSUFFICIENT_FUNDS,9,SEND_REMINDER,1
0.7272727272727273,0.3333333333333333,9527.85,UPI,YESBANK,CARD_EXPIRED,0,SEND_REMINDER,1
0.6166666666666667,0.6521739130434783,6286.17,CARD,AXIS,CARD_EXPIRED,0,NO_ACTION,0
0.6666666666666666,1.0,5419.59,WALLET,SBI,CARD_EXPIRED,6,RETRY_LATER,1
0.7469879518072289,0.5238095238095238,3934.89,WALLET,KOTAK,AUTHENTICATION_FAILED,15,SEND_REMINDER,0
0.7358490566037735,0.7142857142857143,7219.67,CARD,KOTAK,AUTHENTICATION_FAILED,8,NO_ACTION,0
0.8144329896907216,0.3888888888888889,5052.94,UPI,HDFC,INSUFFICIENT_FUNDS,17,SEND_REMINDER,1
0.7425742574257426,0.4230769230769231,7579.43,NETBANKING,KOTAK,AUTHENTICATION_FAILED,15,RETRY_NOW,0
0.7384615384615385,0.4117647058823529,3357.6,UPI,HDFC,LIMIT_EXCEEDED,19,RETRY_LATER,0
0.7727272727272727,0.6,8798.92,CARD,YESBANK,AUTHENTICATION_FAILED,16,RETRY_LATER,1
0.6666666666666666,0.5,635.11,NETBANKING,HDFC,CARD_EXPIRED,10,SEND_REMINDER,0
0.0,0.0,6247.16,NETBANKING,AXIS,CARD_EXPIRED,0,RETRY_LATER,0
0.7945205479452054,0.5333333333333333,6868.94,WALLET,SBI,BANK_TIMEOUT,17,SEND_REMINDER,0
0.625,0.4166666666666667,4192.77,UPI,YESBANK,CARD_EXPIRED,12,NO_ACTION,0
0.8829787234042553,0.45454545454545453,519.71,WALLET,HDFC,NETWORK_ERROR,18,SEND_REMINDER,0
0.9473684210526315,1.0,917.73,CARD,SBI,INSUFFICIENT_FUNDS,12,SEND_REMINDER,0
0.43333333333333335,0.4117647058823529,3026.03,WALLET,YESBANK,AUTHENTICATION_FAILED,23,NO_ACTION,0
0.7692307692307693,0.0,2782.91,NETBANKING,SBI,BANK_TIMEOUT,15,RETRY_LATER,1
0.7666666666666667,0.42857142857142855,7766.77,CARD,YESBANK,NETWORK_ERROR,15,RETRY_NOW,0
0.6470588235294118,0.5,3975.5,CARD,AXIS,NETWORK_ERROR,15,RETRY_NOW,1
0.6266666666666667,0.39285714285714285,1786.38,WALLET,ICICI,NETWORK_ERROR,0,RETRY_NOW,1
0.9166666666666666,0.3333333333333333,6267.55,NETBANKING,ICICI,AUTHENTICATION_FAILED,16,SEND_REMINDER,0
0.8666666666666667,0.75,1210.8,UPI,ICICI,BANK_TIMEOUT,16,RETRY_LATER,1
0.7192982456140351,0.5,2022.25,NETBANKING,YESBANK,INSUFFICIENT_FUNDS,13,RETRY_NOW,0
0.75,0.75,3688.66,WALLET,HDFC,BANK_TIMEOUT,22,SEND_REMINDER,0
0.5789473684210527,0.5,4518.36,UPI,KOTAK,INSUFFICIENT_FUNDS,18,NO_ACTION,0
0.7368421052631579,0.8,449.42,NETBANKING,ICICI,LIMIT_EXCEEDED,7,RETRY_NOW,0
0.6666666666666666,0.0,3527.29,WALLET,SBI,LIMIT_EXCEEDED,16,SEND_REMINDER,1
0.7162162162162162,0.2857142857142857,5386.49,UPI,KOTAK,LIMIT_EXCEEDED,13,RETRY_LATER,0
0.68,0.75,3045.12,NETBANKING,ICICI,AUTHENTICATION_FAILED,9,SEND_REMINDER,1
0.76,0.8333333333333334,6740.4,NETBANKING,KOTAK,NETWORK_ERROR,2,RETRY_LATER,1
0.6206896551724138,0.5,8013.98,WALLET,ICICI,BANK_TIMEOUT,0,NO_ACTION,0
0.7052631578947368,0.4642857142857143,4660.03,UPI,AXIS,CARD_EXPIRED,14,RETRY_LATER,0
0.8125,0.6666666666666666,3075.06,WALLET,AXIS,CARD_EXPIRED,6,SEND_REMINDER,1
0.7767857142857143,0.52,4984.34,CARD,ICICI,CARD_EXPIRED,19,SEND_REMINDER,0
0.6875,0.3333333333333333,8405.63,WALLET,SBI,LIMIT_EXCEEDED,15,SEND_REMINDER,0
0.8314606741573034,0.6,1818.29,NETBANKING,AXIS,NETWORK_ERROR,6,RETRY_LATER,1
0.7738095238095238,0.3157894736842105,9205.5,WALLET,KOTAK,AUTHENTICATION_FAILED,22,NO_ACTION,0
0.8208955223880597,0.3333333333333333,8807.93,NETBANKING,YESBANK,INSUFFICIENT_FUNDS,0,SEND_REMINDER,0
0.5,0.42857142857142855,6076.96,UPI,KOTAK,CARD_EXPIRED,13,SEND_REMINDER,0
0.9213483146067416,0.5714285714285714,9184.76,CARD,YESBANK,NETWORK_ERROR,3,RETRY_NOW,1
0.9183673469387755,0.5833333333333334,9931.33,UPI,HDFC,NETWORK_ERROR,0,NO_ACTION,0
0.6595744680851063,0.5,7883.53,NETBANKING,YESBANK,BANK_TIMEOUT,21,NO_ACTION,0
0.5357142857142857,0.7692307692307693,1730.13,WALLET,AXIS,AUTHENTICATION_FAILED,14,RETRY_LATER,1
0.7052631578947368,0.4642857142857143,2189.0,UPI,SBI,CARD_EXPIRED,11,NO_ACTION,0
0.82,0.4444444444444444,855.7,WALLET,YESBANK,CARD_EXPIRED,7,SEND_REMINDER,0
0.9016393442622951,0.6666666666666666,6441.44,WALLET,HDFC,CARD_EXPIRED,14,NO_ACTION,0
0.47058823529411764,0.3333333333333333,7559.06,UPI,AXIS,CARD_EXPIRED,5,NO_ACTION,0
0.5555555555555556,0.625,4228.71,WALLET,YESBANK,BANK_TIMEOUT,19,RETRY_LATER,1
0.7761194029850746,0.5333333333333333,6575.53,UPI,HDFC,NETWORK_ERROR,22,RETRY_NOW,1
0.7916666666666666,0.7,8205.26,NETBANKING,YESBANK,BANK_TIMEOUT,15,RETRY_NOW,0
0.6785714285714286,0.5555555555555556,2911.27,NETBANKING,KOTAK,CARD_EXPIRED,21,SEND_REMINDER,1
0.8055555555555556,0.7142857142857143,6774.77,WALLET,KOTAK,CARD_EXPIRED,21,RETRY_NOW,1
0.7741935483870968,0.2857142857142857,1881.18,UPI,KOTAK,NETWORK_ERROR,21,SEND_REMINDER,0
0.4090909090909091,0.38461538461538464,2151.62,CARD,HDFC,NETWORK_ERROR,12,RETRY_LATER,1
0.6440677966101694,0.6666666666666666,8099.48,UPI,AXIS,AUTHENTICATION_FAILED,0,RETRY_NOW,0
0.75,0.5238095238095238,4652.49,UPI,ICICI,INSUFFICIENT_FUNDS,1,RETRY_LATER,0
0.7777777777777778,0.7916666666666666,299.95,WALLET,YESBANK,LIMIT_EXCEEDED,17,NO_ACTION,0
0.8333333333333334,0.4,1105.25,NETBANKING,AXIS,NETWORK_ERROR,14,RETRY_LATER,1
0.6190476190476191,0.5833333333333334,9357.24,WALLET,HDFC,AUTHENTICATION_FAILED,15,SEND_REMINDER,0
0.7,0.4666666666666667,7921.57,NETBANKING,YESBANK,BANK_TIMEOUT,22,NO_ACTION,0
0.8918918918918919,0.25,1580.93,CARD,YESBANK,CARD_EXPIRED,22,SEND_REMINDER,0
0.7338129496402878,0.5405405405405406,1680.5,NETBANKING,KOTAK,NETWORK_ERROR,12,RETRY_LATER,1
0.9113924050632911,0.5714285714285714,9801.31,NETBANKING,YESBANK,NETWORK_ERROR,1,RETRY_NOW,1
0.8461538461538461,0.16666666666666666,5743.93,WALLET,HDFC,BANK_TIMEOUT,17,RETRY_NOW,1
0.8148148148148148,0.5,5773.43,UPI,KOTAK,INSUFFICIENT_FUNDS,20,RETRY_NOW,0
0.3333333333333333,0.25,5246.8,UPI,SBI,AUTHENTICATION_FAILED,3,RETRY_NOW,1
0.8333333333333334,0.0,7647.22,UPI,HDFC,CARD_EXPIRED,17,SEND_REMINDER,0
0.6818181818181818,0.42857142857142855,1052.35,CARD,KOTAK,LIMIT_EXCEEDED,20,RETRY_NOW,0
0.8909090909090909,0.6666666666666666,8349.18,WALLET,HDFC,INSUFFICIENT_FUNDS,3,RETRY_NOW,0
0.8072289156626506,0.6875,442.11,NETBANKING,KOTAK,LIMIT_EXCEEDED,8,RETRY_NOW,1
0.6724137931034483,0.2631578947368421,8169.04,WALLET,SBI,CARD_EXPIRED,22,RETRY_NOW,0
0.8020833333333334,0.5263157894736842,5377.76,NETBANKING,YESBANK,CARD_EXPIRED,1,SEND_REMINDER,0
0.7777777777777778,0.5,6306.57,UPI,ICICI,INSUFFICIENT_FUNDS,14,NO_ACTION,0
0.75,0.6521739130434783,8902.8,CARD,YESBANK,LIMIT_EXCEEDED,2,RETRY_NOW,1
0.8137254901960784,0.42105263157894735,4219.51,WALLET,SBI,INSUFFICIENT_FUNDS,7,NO_ACTION,0
0.6274509803921569,0.5789473684210527,6921.56,CARD,AXIS,LIMIT_EXCEEDED,15,SEND_REMINDER,1
0.6691729323308271,0.6363636363636364,3360.89,NETBANKING,ICICI,INSUFFICIENT_FUNDS,5,NO_ACTION,0
0.7857142857142857,0.3333333333333333,9032.15,NETBANKING,ICICI,AUTHENTICATION_FAILED,4,RETRY_LATER,0
0.5555555555555556,0.375,3079.34,WALLET,SBI,LIMIT_EXCEEDED,0,SEND_REMINDER,1
0.8870967741935484,0.14285714285714285,999.32,WALLET,KOTAK,LIMIT_EXCEEDED,8,RETRY_NOW,1
0.625,0.5238095238095238,2178.31,NETBANKING,YESBANK,NETWORK_ERROR,5,SEND_REMINDER,0
0.5675675675675675,0.375,1192.95,UPI,AXIS,BANK_TIMEOUT,18,NO_ACTION,0
0.7819548872180451,0.4482758620689655,5001.02,WALLET,SBI,CARD_EXPIRED,12,SEND_REMINDER,1
0.625,0.5,5812.98,WALLET,YESBANK,AUTHENTICATION_FAILED,7,NO_ACTION,0
0.88,1.0,4616.34,CARD,KOTAK,BANK_TIMEOUT,20,SEND_REMINDER,0
0.7083333333333334,0.42857142857142855,650.6,UPI,KOTAK,NETWORK_ERROR,20,RETRY_LATER,1
0.9230769230769231,0.5714285714285714,9521.81,WALLET,YESBANK,BANK_TIMEOUT,17,NO_ACTION,0
0.8666666666666667,0.75,1210.8,UPI,ICICI,BANK_TIMEOUT,16,SEND_REMINDER,0
0.5,0.0,6701.31,WALLET,ICICI,BANK_TIMEOUT,23,NO_ACTION,0
0.7654320987654321,0.47368421052631576,438.07,NETBANKING,SBI,BANK_TIMEOUT,15,RETRY_LATER,0
0.9090909090909091,0.0,3109.17,CARD,SBI,AUTHENTICATION_FAILED,15,RETRY_LATER,0
0.6388888888888888,0.5384615384615384,633.13,NETBANKING,HDFC,BANK_TIMEOUT,7,RETRY_NOW,1
0.2857142857142857,0.2,6601.44,WALLET,HDFC,CARD_EXPIRED,0,RETRY_LATER,0
0.7777777777777778,0.16666666666666666,9197.58,UPI,HDFC,AUTHENTICATION_FAILED,2,RETRY_NOW,0
0.5714285714285714,0.5238095238095238,9617.34,NETBANKING,ICICI,BANK_TIMEOUT,20,NO_ACTION,0
0.6511627906976745,0.7333333333333333,4949.92,NETBANKING,AXIS,NETWORK_ERROR,23,NO_ACTION,0
0.8533333333333334,0.18181818181818182,5690.97,CARD,ICICI,INSUFFICIENT_FUNDS,11,RETRY_NOW,0
0.6666666666666666,0.42857142857142855,7230.53,NETBANKING,ICICI,INSUFFICIENT_FUNDS,17,RETRY_NOW,0
0.7155963302752294,0.41935483870967744,1076.62,NETBANKING,ICICI,AUTHENTICATION_FAILED,2,RETRY_NOW,1
0.6176470588235294,0.6153846153846154,2438.19,CARD,ICICI,AUTHENTICATION_FAILED,18,NO_ACTION,0
0.8918918918918919,0.5,5098.18,WALLET,KOTAK,INSUFFICIENT_FUNDS,0,RETRY_NOW,0
0.9074074074074074,0.0,4015.72,CARD,AXIS,AUTHENTICATION_FAILED,20,NO_ACTION,0
0.625,0.6666666666666666,6752.87,NETBANKING,HDFC,AUTHENTICATION_FAILED,6,RETRY_NOW,1
0.7368421052631579,0.5,1094.04,UPI,HDFC,LIMIT_EXCEEDED,10,SEND_REMINDER,0
0.8333333333333334,0.25,7923.64,CARD,ICICI,AUTHENTICATION_FAILED,16,NO_ACTION,0
0.5,1.0,8835.68,NETBANKING,HDFC,LIMIT_EXCEEDED,3,RETRY_LATER,1
0.9130434782608695,0.25,1075.25,UPI,YESBANK,CARD_EXPIRED,20,RETRY_LATER,0
0.7297297297297297,0.7,4190.66,UPI,SBI,NETWORK_ERROR,17,RETRY_NOW,1
0.777027027027027,0.5151515151515151,5112.37,CARD,AXIS,BANK_TIMEOUT,20,RETRY_LATER,1
0.78,0.45454545454545453,5339.78,CARD,ICICI,NETWORK_ERROR,22,RETRY_LATER,1
0.6440677966101694,0.6666666666666666,6119.13,NETBANKING,KOTAK,CARD_EXPIRED,3,SEND_REMINDER,0
0.5161290322580645,0.6,594.63,WALLET,HDFC,AUTHENTICATION_FAILED,21,NO_ACTION,0
0.8,0.16666666666666666,3110.53,UPI,HDFC,BANK_TIMEOUT,15,SEND_REMINDER,0
0.6521739130434783,0.375,1451.2,UPI,KOTAK,CARD_EXPIRED,23,SEND_REMINDER,0
0.5238095238095238,0.5666666666666667,5146.34,UPI,AXIS,CARD_EXPIRED,23,RETRY_NOW,0
0.6052631578947368,0.6,5156.57,WALLET,HDFC,NETWORK_ERROR,5,RETRY_LATER,0
0.819047619047619,0.42105263157894735,9416.21,UPI,AXIS,BANK_TIMEOUT,19,RETRY_LATER,1
0.7692307692307693,0.4583333333333333,6648.75,CARD,HDFC,AUTHENTICATION_FAILED,18,RETRY_NOW,0
0.7258064516129032,0.4117647058823529,9358.58,CARD,SBI,CARD_EXPIRED,6,RETRY_LATER,0
0.9243697478991597,0.5555555555555556,7023.43,CARD,YESBANK,LIMIT_EXCEEDED,2,RETRY_LATER,1
0.8181818181818182,0.5,6256.2,WALLET,KOTAK,BANK_TIMEOUT,18,RETRY_NOW,1
0.8,1.0,8627.5,CARD,ICICI,LIMIT_EXCEEDED,13,RETRY_NOW,1
0.4,0.3333333333333333,8833.25,NETBANKING,AXIS,BANK_TIMEOUT,4,NO_ACTION,0
0.7931034482758621,0.3333333333333333,2886.9,NETBANKING,KOTAK,CARD_EXPIRED,9,NO_ACTION,0
0.5714285714285714,0.3333333333333333,8460.11,UPI,ICICI,LIMIT_EXCEEDED,23,RETRY_LATER,0
0.7888888888888889,0.5789473684210527,1463.43,WALLET,YESBANK,INSUFFICIENT_FUNDS,21,NO_ACTION,0
0.6890756302521008,0.4864864864864865,7300.92,WALLET,KOTAK,LIMIT_EXCEEDED,4,RETRY_LATER,1
0.5833333333333334,0.6,1732.69,NETBANKING,SBI,NETWORK_ERROR,2,RETRY_NOW,1
0.8723404255319149,0.5,8371.65,WALLET,ICICI,LIMIT_EXCEEDED,0,NO_ACTION,0
0.6666666666666666,0.2631578947368421,7538.39,CARD,AXIS,AUTHENTICATION_FAILED,18,SEND_REMINDER,0
0.7857142857142857,0.3333333333333333,3830.81,NETBANKING,YESBANK,NETWORK_ERROR,5,RETRY_NOW,1
0.6470588235294118,0.5833333333333334,7062.86,NETBANKING,AXIS,BANK_TIMEOUT,14,RETRY_LATER,1
0.8181818181818182,0.6,5898.18,WALLET,HDFC,LIMIT_EXCEEDED,19,NO_ACTION,0
0.6666666666666666,0.6521739130434783,1519.74,UPI,KOTAK,CARD_EXPIRED,20,NO_ACTION,0
0.7789473684210526,0.47619047619047616,4124.91,CARD,KOTAK,LIMIT_EXCEEDED,9,NO_ACTION,0
0.8157894736842105,0.42857142857142855,134.85,NETBANKING,KOTAK,INSUFFICIENT_FUNDS,15,SEND_REMINDER,1
0.0,1.0,7276.9,WALLET,SBI,LIMIT_EXCEEDED,6,SEND_REMINDER,0
0.6666666666666666,0.5,4578.44,NETBANKING,ICICI,CARD_EXPIRED,16,RETRY_NOW,0
0.896551724137931,1.0,9964.3,NETBANKING,AXIS,BANK_TIMEOUT,13,RETRY_LATER,1
0.6666666666666666,0.0,4465.31,CARD,KOTAK,AUTHENTICATION_FAILED,4,NO_ACTION,0
0.0,0.0,9362.57,WALLET,AXIS,NETWORK_ERROR,8,RETRY_LATER,0
0.7073170731707317,0.4583333333333333,1639.33,NETBANKING,AXIS,CARD_EXPIRED,8,RETRY_NOW,0
0.6956521739130435,0.5714285714285714,9643.37,WALLET,YESBANK,INSUFFICIENT_FUNDS,19,RETRY_NOW,0
0.6451612903225806,0.5,2312.93,CARD,YESBANK,CARD_EXPIRED,2,RETRY_LATER,0
0.7258064516129032,0.5882352941176471,9412.95,UPI,HDFC,BANK_TIMEOUT,23,SEND_REMINDER,0
0.8658536585365854,0.7272727272727273,601.33,UPI,YESBANK,NETWORK_ERROR,7,NO_ACTION,0
0.8333333333333334,0.4,1105.25,NETBANKING,AXIS,NETWORK_ERROR,14,NO_ACTION,0
0.5925925925925926,0.5909090909090909,5305.54,NETBANKING,YESBANK,CARD_EXPIRED,20,RETRY_LATER,1
0.9761904761904762,1.0,9097.64,NETBANKING,ICICI,NETWORK_ERROR,4,RETRY_NOW,1
0.7837837837837838,0.3125,8049.49,WALLET,YESBANK,LIMIT_EXCEEDED,21,NO_ACTION,0
0.5,0.0,7648.36,WALLET,KOTAK,AUTHENTICATION_FAILED,12,NO_ACTION,0
0.7123287671232876,0.38095238095238093,1619.4,WALLET,YESBANK,LIMIT_EXCEEDED,0,SEND_REMINDER,1
0.5714285714285714,0.0,8878.69,NETBANKING,SBI,NETWORK_ERROR,18,RETRY_NOW,1
0.6875,0.4,335.79,WALLET,SBI,CARD_EXPIRED,19,RETRY_NOW,0
0.6271186440677966,0.5681818181818182,7035.53,CARD,YESBANK,CARD_EXPIRED,15,NO_ACTION,0
0.8064516129032258,0.6666666666666666,8635.55,CARD,YESBANK,CARD_EXPIRED,19,NO_ACTION,0
0.8048780487804879,1.0,7291.5,UPI,ICICI,INSUFFICIENT_FUNDS,8,NO_ACTION,0
0.6434782608695652,0.5365853658536586,956.16,CARD,AXIS,AUTHENTICATION_FAILED,0,NO_ACTION,0
0.71875,0.3333333333333333,770.41,UPI,AXIS,INSUFFICIENT_FUNDS,15,SEND_REMINDER,0
0.7608695652173914,0.36363636363636365,4469.14,WALLET,AXIS,LIMIT_EXCEEDED,13,SEND_REMINDER,1
0.7843137254901961,0.6363636363636364,9525.22,CARD,HDFC,BANK_TIMEOUT,17,NO_ACTION,0
0.8461538461538461,0.5,1969.3,NETBANKING,KOTAK,AUTHENTICATION_FAILED,23,NO_ACTION,0
0.7142857142857143,0.7,2385.35,UPI,SBI,CARD_EXPIRED,18,SEND_REMINDER,0
0.7551020408163265,0.75,8461.75,CARD,AXIS,BANK_TIMEOUT,7,RETRY_NOW,1
0.7096774193548387,0.4444444444444444,4645.93,NETBANKING,HDFC,AUTHENTICATION_FAILED,0,NO_ACTION,0
0.7777777777777778,0.6,4946.65,WALLET,YESBANK,INSUFFICIENT_FUNDS,7,RETRY_NOW,0
0.7692307692307693,0.6666666666666666,9688.05,UPI,SBI,BANK_TIMEOUT,7,RETRY_LATER,0
0.7692307692307693,0.6666666666666666,5510.82,CARD,KOTAK,LIMIT_EXCEEDED,2,NO_ACTION,0
0.6666666666666666,0.45454545454545453,2825.62,CARD,KOTAK,LIMIT_EXCEEDED,20,RETRY_NOW,0
0.759493670886076,0.5789473684210527,6422.75,WALLET,YESBANK,INSUFFICIENT_FUNDS,7,RETRY_LATER,1
0.72,0.2857142857142857,1500.34,UPI,SBI,INSUFFICIENT_FUNDS,3,RETRY_LATER,1
0.6140350877192983,0.4090909090909091,3831.89,CARD,HDFC,LIMIT_EXCEEDED,7,RETRY_NOW,0
0.9423076923076923,0.6666666666666666,5682.27,WALLET,KOTAK,LIMIT_EXCEEDED,18,RETRY_NOW,0
0.8208955223880597,0.4166666666666667,4518.56,NETBANKING,HDFC,NETWORK_ERROR,4,SEND_REMINDER,0
0.7536231884057971,0.5294117647058824,2010.79,CARD,KOTAK,INSUFFICIENT_FUNDS,19,SEND_REMINDER,1
0.7468354430379747,0.45,3404.45,CARD,SBI,LIMIT_EXCEEDED,10,RETRY_LATER,0
0.7017543859649122,0.5294117647058824,6876.33,CARD,AXIS,LIMIT_EXCEEDED,19,NO_ACTION,0
0.9482758620689655,0.3333333333333333,8777.81,NETBANKING,ICICI,BANK_TIMEOUT,12,SEND_REMINDER,1
0.7941176470588235,0.42857142857142855,605.61,NETBANKING,AXIS,LIMIT_EXCEEDED,23,NO_ACTION,0
0.8636363636363636,0.6666666666666666,5046.3,WALLET,ICICI,CARD_EXPIRED,7,RETRY_LATER,0
0.7777777777777778,0.5,9543.11,WALLET,ICICI,NETWORK_ERROR,2,RETRY_LATER,1
0.7653061224489796,0.6521739130434783,2700.97,UPI,AXIS,BANK_TIMEOUT,19,RETRY_LATER,1
0.7272727272727273,0.6666666666666666,556.84,NETBANKING,HDFC,BANK_TIMEOUT,13,SEND_REMINDER,1
0.6323529411764706,0.44,4159.97,CARD,HDFC,NETWORK_ERROR,4,NO_ACTION,0
0.9243697478991597,0.5555555555555556,7023.43,CARD,YESBANK,LIMIT_EXCEEDED,2,NO_ACTION,0
0.625,0.6666666666666666,2132.35,UPI,HDFC,INSUFFICIENT_FUNDS,8,NO_ACTION,0
0.9560439560439561,0.5,7164.83,NETBANKING,KOTAK,NETWORK_ERROR,0,NO_ACTION,0
0.3333333333333333,1.0,884.95,WALLET,ICICI,CARD_EXPIRED,10,NO_ACTION,0
0.6153846153846154,0.6,7385.51,CARD,HDFC,NETWORK_ERROR,1,SEND_REMINDER,0
0.8452380952380952,0.46153846153846156,7983.74,NETBANKING,AXIS,NETWORK_ERROR,3,NO_ACTION,0
0.9166666666666666,0.3333333333333333,6267.55,NETBANKING,ICICI,AUTHENTICATION_FAILED,16,NO_ACTION,0
0.6320754716981132,0.5641025641025641,1194.42,CARD,KOTAK,AUTHENTICATION_FAILED,18,RETRY_LATER,1
0.5833333333333334,0.3,2531.84,NETBANKING,AXIS,AUTHENTICATION_FAILED,21,NO_ACTION,0
0.8,0.5,5610.19,UPI,YESBANK,LIMIT_EXCEEDED,11,SEND_REMINDER,0
0.7719298245614035,0.46153846153846156,2434.03,CARD,SBI,AUTHENTICATION_FAILED,7,SEND_REMINDER,0
0.8292682926829268,0.42857142857142855,4408.6,NETBANKING,KOTAK,BANK_TIMEOUT,8,RETRY_LATER,1
0.7974683544303798,0.5,4609.74,UPI,YESBANK,NETWORK_ERROR,16,RETRY_LATER,1
0.6944444444444444,0.45454545454545453,6711.22,CARD,HDFC,AUTHENTICATION_FAILED,3,SEND_REMINDER,0
0.7662337662337663,0.3888888888888889,394.73,UPI,SBI,CARD_EXPIRED,1,RETRY_LATER,0
0.8,0.8571428571428571,5313.22,NETBANKING,KOTAK,BANK_TIMEOUT,23,RETRY_LATER,1
0.6565656565656566,0.5,5963.05,NETBANKING,KOTAK,CARD_EXPIRED,8,NO_ACTION,0
0.0,0.6666666666666666,2194.13,WALLET,ICICI,NETWORK_ERROR,9,SEND_REMINDER,1
0.625,0.2222222222222222,2237.83,WALLET,KOTAK,LIMIT_EXCEEDED,3,SEND_REMINDER,0
0.7894736842105263,0.75,2172.71,CARD,HDFC,CARD_EXPIRED,3,RETRY_NOW,0
0.6666666666666666,0.4166666666666667,4053.46,CARD,KOTAK,AUTHENTICATION_FAILED,0,RETRY_LATER,0
0.8333333333333334,0.75,9263.21,WALLET,HDFC,INSUFFICIENT_FUNDS,16,RETRY_NOW,0
0.5625,0.2857142857142857,8323.18,WALLET,AXIS,INSUFFICIENT_FUNDS,3,RETRY_NOW,0
0.7796610169491526,0.3076923076923077,3049.8,CARD,SBI,AUTHENTICATION_FAILED,18,RETRY_NOW,0
0.5,0.3333333333333333,1062.93,NETBANKING,ICICI,CARD_EXPIRED,15,RETRY_LATER,0
0.5625,0.42857142857142855,3564.16,CARD,AXIS,AUTHENTICATION_FAILED,17,NO_ACTION,0
0.8666666666666667,1.0,8895.83,UPI,YESBANK,LIMIT_EXCEEDED,17,RETRY_LATER,0
0.0,0.0,9253.2,WALLET,ICICI,INSUFFICIENT_FUNDS,3,RETRY_LATER,0
0.0,0.0,6561.88,NETBANKING,YESBANK,BANK_TIMEOUT,6,SEND_REMINDER,0
0.7528089887640449,0.3181818181818182,2690.0,WALLET,ICICI,CARD_EXPIRED,7,RETRY_LATER,0
0.9285714285714286,1.0,7249.42,UPI,YESBANK,CARD_EXPIRED,6,SEND_REMINDER,0
0.8571428571428571,0.5,1958.81,CARD,SBI,LIMIT_EXCEEDED,9,NO_ACTION,0
0.7391304347826086,0.3333333333333333,6016.88,UPI,YESBANK,BANK_TIMEOUT,11,NO_ACTION,0
0.7222222222222222,0.4,5846.44,NETBANKING,YESBANK,INSUFFICIENT_FUNDS,3,SEND_REMINDER,0
0.7777777777777778,0.5,6306.57,UPI,ICICI,INSUFFICIENT_FUNDS,14,RETRY_NOW,1
0.8529411764705882,0.4,3058.28,UPI,KOTAK,CARD_EXPIRED,0,RETRY_NOW,0
0.5571428571428572,0.5806451612903226,2823.42,CARD,KOTAK,LIMIT_EXCEEDED,5,NO_ACTION,0
0.6458333333333334,0.5294117647058824,7818.32,WALLET,YESBANK,CARD_EXPIRED,17,SEND_REMINDER,1
0.7272727272727273,0.3333333333333333,817.78,NETBANKING,AXIS,INSUFFICIENT_FUNDS,11,NO_ACTION,0
0.717948717948718,0.5757575757575758,486.12,WALLET,AXIS,NETWORK_ERROR,15,NO_ACTION,0
0.8208955223880597,0.4166666666666667,2779.87,UPI,ICICI,CARD_EXPIRED,2,RETRY_NOW,1
0.7615384615384615,0.5161290322580645,879.41,NETBANKING,KOTAK,INSUFFICIENT_FUNDS,15,RETRY_NOW,0
0.9166666666666666,0.5,2259.36,WALLET,HDFC,INSUFFICIENT_FUNDS,13,RETRY_NOW,0
0.8695652173913043,0.3333333333333333,5943.25,NETBANKING,KOTAK,NETWORK_ERROR,2,RETRY_LATER,0
0.7777777777777778,0.3,8600.66,WALLET,SBI,CARD_EXPIRED,1,NO_ACTION,0
0.6363636363636364,0.5,8938.76,CARD,SBI,NETWORK_ERROR,5,SEND_REMINDER,1
0.7540983606557377,0.4666666666666667,5493.88,UPI,KOTAK,NETWORK_ERROR,20,RETRY_LATER,0
0.8888888888888888,0.16666666666666666,8863.51,UPI,AXIS,CARD_EXPIRED,11,SEND_REMINDER,0
0.25,0.16666666666666666,1367.03,WALLET,HDFC,AUTHENTICATION_FAILED,20,NO_ACTION,0
0.7,0.5833333333333334,1771.43,WALLET,AXIS,BANK_TIMEOUT,20,RETRY_LATER,1
0.7916666666666666,0.7,1125.42,NETBANKING,YESBANK,INSUFFICIENT_FUNDS,15,RETRY_LATER,1
0.9629629629629629,1.0,8976.41,UPI,YESBANK,INSUFFICIENT_FUNDS,11,RETRY_NOW,1
0.8333333333333334,1.0,8433.27,NETBANKING,HDFC,CARD_EXPIRED,14,RETRY_NOW,1
0.7608695652173914,0.7272727272727273,5759.61,NETBANKING,HDFC,NETWORK_ERROR,23,SEND_REMINDER,0
0.4594594594594595,0.45,6647.22,WALLET,YESBANK,NETWORK_ERROR,5,RETRY_LATER,1
0.631578947368421,0.2857142857142857,2690.69,UPI,YESBANK,BANK_TIMEOUT,17,RETRY_NOW,0
0.8,1.0,7762.02,WALLET,AXIS,NETWORK_ERROR,10,SEND_REMINDER,0
0.8125,0.0,9799.01,WALLET,HDFC,BANK_TIMEOUT,12,RETRY_LATER,1
0.6304347826086957,0.35294117647058826,3945.85,UPI,AXIS,INSUFFICIENT_FUNDS,4,NO_ACTION,0
0.0,1.0,5007.21,UPI,SBI,LIMIT_EXCEEDED,14,RETRY_LATER,0
0.78,0.45454545454545453,3150.67,UPI,KOTAK,LIMIT_EXCEEDED,13,RETRY_LATER,1
0.9074074074074074,0.0,4015.72,CARD,AXIS,AUTHENTICATION_FAILED,20,RETRY_LATER,0
0.9242424242424242,0.6,1729.68,UPI,HDFC,LIMIT_EXCEEDED,13,RETRY_NOW,0
0.0,1.0,7692.72,WALLET,HDFC,NETWORK_ERROR,10,NO_ACTION,0
0.6575342465753424,0.56,4342.07,CARD,SBI,LIMIT_EXCEEDED,21,NO_ACTION,0
0.7671232876712328,0.47058823529411764,8172.87,NETBANKING,ICICI,NETWORK_ERROR,21,NO_ACTION,0
0.7464788732394366,0.5,9363.97,UPI,YESBANK,INSUFFICIENT_FUNDS,18,SEND_REMINDER,1
0.631578947368421,0.42857142857142855,9855.22,CARD,HDFC,BANK_TIMEOUT,11,NO_ACTION,0
0.6285714285714286,0.46153846153846156,9408.62,NETBANKING,YESBANK,LIMIT_EXCEEDED,10,NO_ACTION,0
0.75,0.4666666666666667,7599.54,CARD,YESBANK,BANK_TIMEOUT,6,RETRY_NOW,0
0.75,0.4666666666666667,7599.54,CARD,YESBANK,BANK_TIMEOUT,6,SEND_REMINDER,1
0.7,0.5,1806.76,CARD,HDFC,NETWORK_ERROR,20,NO_ACTION,0
0.7457627118644068,0.5333333333333333,9651.6,UPI,YESBANK,NETWORK_ERROR,16,NO_ACTION,0
0.8285714285714286,0.3333333333333333,7975.14,NETBANKING,ICICI,INSUFFICIENT_FUNDS,7,RETRY_NOW,0
0.7368421052631579,0.4,7003.87,CARD,AXIS,LIMIT_EXCEEDED,2,NO_ACTION,0
0.6923076923076923,0.3888888888888889,7873.52,NETBANKING,YESBANK,NETWORK_ERROR,15,RETRY_NOW,0
0.6,0.6,6060.99,UPI,ICICI,BANK_TIMEOUT,17,RETRY_NOW,1
0.6,1.0,4179.19,NETBANKING,ICICI,AUTHENTICATION_FAILED,15,NO_ACTION,0
0.8604651162790697,0.6666666666666666,7171.41,CARD,KOTAK,AUTHENTICATION_FAILED,21,RETRY_NOW,0
0.7837837837837838,0.75,4165.17,WALLET,ICICI,CARD_EXPIRED,21,NO_ACTION,0
0.782608695652174,0.56,2018.16,NETBANKING,HDFC,AUTHENTICATION_FAILED,16,RETRY_NOW,1
0.7692307692307693,0.5555555555555556,5600.84,CARD,ICICI,BANK_TIMEOUT,10,RETRY_LATER,0
0.5454545454545454,0.8,6588.67,CARD,SBI,INSUFFICIENT_FUNDS,21,SEND_REMINDER,0
0.8333333333333334,0.42857142857142855,9121.08,CARD,AXIS,BANK_TIMEOUT,23,RETRY_NOW,1
0.6172839506172839,0.45161290322580644,3023.44,WALLET,HDFC,INSUFFICIENT_FUNDS,11,RETRY_NOW,0
0.6825396825396826,0.6,8989.53,CARD,HDFC,LIMIT_EXCEEDED,8,RETRY_LATER,1
0.6666666666666666,0.42857142857142855,7356.37,NETBANKING,ICICI,AUTHENTICATION_FAILED,17,NO_ACTION,0
0.6666666666666666,0.5,7120.77,WALLET,HDFC,LIMIT_EXCEEDED,2,RETRY_NOW,0
0.7142857142857143,0.75,485.06,UPI,SBI,INSUFFICIENT_FUNDS,9,RETRY_NOW,0
0.6363636363636364,0.5,4270.72,UPI,KOTAK,NETWORK_ERROR,20,SEND_REMINDER,0
0.7777777777777778,0.4090909090909091,6301.87,NETBANKING,ICICI,AUTHENTICATION_FAILED,9,RETRY_LATER,0
0.84,1.0,8947.02,NETBANKING,AXIS,NETWORK_ERROR,3,RETRY_NOW,1
0.8082191780821918,0.42857142857142855,8327.03,CARD,YESBANK,AUTHENTICATION_FAILED,20,RETRY_LATER,1
0.765625,0.4666666666666667,139.29,UPI,HDFC,CARD_EXPIRED,0,RETRY_NOW,0
0.9090909090909091,0.0,3109.17,CARD,SBI,AUTHENTICATION_FAILED,15,SEND_REMINDER,1
0.7,0.5,1806.76,CARD,HDFC,NETWORK_ERROR,20,RETRY_LATER,1
0.7894736842105263,0.5,1074.68,UPI,HDFC,BANK_TIMEOUT,10,NO_ACTION,0
0.7164179104477612,0.42105263157894735,1502.36,NETBANKING,KOTAK,CARD_EXPIRED,9,NO_ACTION,0
0.8666666666666667,0.75,7513.19,NETBANKING,ICICI,AUTHENTICATION_FAILED,15,RETRY_NOW,1
0.6739130434782609,0.4666666666666667,3170.57,WALLET,HDFC,INSUFFICIENT_FUNDS,12,SEND_REMINDER,0
0.7777777777777778,0.16666666666666666,902.8,UPI,YESBANK,INSUFFICIENT_FUNDS,22,SEND_REMINDER,0
0.625,0.5,9476.89,UPI,KOTAK,INSUFFICIENT_FUNDS,4,SEND_REMINDER,1
0.8412698412698413,0.65,7851.95,WALLET,SBI,NETWORK_ERROR,2,RETRY_LATER,0
0.9090909090909091,0.5,8868.69,WALLET,HDFC,AUTHENTICATION_FAILED,13,RETRY_NOW,1
0.6153846153846154,0.6,5570.92,UPI,AXIS,BANK_TIMEOUT,16,RETRY_NOW,0
0.8666666666666667,0.5,3737.4,NETBANKING,KOTAK,NETWORK_ERROR,10,RETRY_LATER,1
0.75,0.0,8351.82,UPI,YESBANK,AUTHENTICATION_FAILED,23,NO_ACTION,0
0.7758620689655172,0.5384615384615384,4053.94,UPI,ICICI,NETWORK_ERROR,19,RETRY_LATER,1
0.875,0.0,3283.85,NETBANKING,HDFC,CARD_EXPIRED,19,RETRY_NOW,0
0.6590909090909091,0.4,7765.88,CARD,HDFC,NETWORK_ERROR,11,RETRY_NOW,0
0.8888888888888888,1.0,2334.54,CARD,SBI,INSUFFICIENT_FUNDS,10,RETRY_NOW,0
0.8292682926829268,0.14285714285714285,6881.65,CARD,ICICI,AUTHENTICATION_FAILED,7,RETRY_LATER,1
0.8,0.5,9388.83,NETBANKING,SBI,INSUFFICIENT_FUNDS,19,RETRY_LATER,0
0.7096774193548387,0.5555555555555556,4281.86,NETBANKING,ICICI,CARD_EXPIRED,13,RETRY_LATER,0
0.7142857142857143,0.5,7179.9,NETBANKING,SBI,LIMIT_EXCEEDED,0,RETRY_LATER,0
0.7254901960784313,0.42857142857142855,4196.11,UPI,YESBANK,NETWORK_ERROR,12,NO_ACTION,0
0.7678571428571429,0.3076923076923077,2475.82,CARD,KOTAK,BANK_TIMEOUT,2,SEND_REMINDER,1
0.8076923076923077,0.4,5982.78,WALLET,HDFC,NETWORK_ERROR,14,NO_ACTION,0
0.7419354838709677,0.5,1138.74,CARD,AXIS,NETWORK_ERROR,14,SEND_REMINDER,1
0.8,0.3333333333333333,9937.9,CARD,YESBANK,INSUFFICIENT_FUNDS,11,NO_ACTION,0
0.7857142857142857,0.3333333333333333,8513.7,NETBANKING,KOTAK,NETWORK_ERROR,3,RETRY_LATER,1
0.6428571428571429,0.4,1803.35,WALLET,ICICI,CARD_EXPIRED,21,RETRY_LATER,0
0.8260869565217391,0.5,8003.71,WALLET,KOTAK,BANK_TIMEOUT,7,RETRY_LATER,0
0.6956521739130435,0.42857142857142855,2931.19,WALLET,HDFC,LIMIT_EXCEEDED,10,SEND_REMINDER,0
0.7115384615384616,0.6,5337.09,CARD,AXIS,AUTHENTICATION_FAILED,16,RETRY_NOW,0
0.9183673469387755,0.5833333333333334,9931.33,UPI,HDFC,NETWORK_ERROR,0,RETRY_LATER,1
0.6226415094339622,0.45,3516.16,NETBANKING,AXIS,AUTHENTICATION_FAILED,23,RETRY_NOW,1
0.875,0.0,6648.65,NETBANKING,KOTAK,AUTHENTICATION_FAILED,0,RETRY_LATER,0
0.8585858585858586,0.5,2773.09,UPI,AXIS,LIMIT_EXCEEDED,14,SEND_REMINDER,0
0.6521739130434783,0.375,1451.2,UPI,KOTAK,CARD_EXPIRED,23,RETRY_LATER,0
0.8135593220338984,0.5454545454545454,7550.99,CARD,HDFC,INSUFFICIENT_FUNDS,8,SEND_REMINDER,1
0.82,0.4444444444444444,855.7,WALLET,YESBANK,CARD_EXPIRED,7,RETRY_NOW,0
0.7142857142857143,0.3125,2068.02,WALLET,ICICI,LIMIT_EXCEEDED,1,RETRY_NOW,0
0.6638655462184874,0.55,8977.46,CARD,HDFC,INSUFFICIENT_FUNDS,19,RETRY_LATER,1
0.7023809523809523,0.48,1356.69,CARD,KOTAK,BANK_TIMEOUT,6,RETRY_NOW,0
0.65625,0.6363636363636364,4723.03,CARD,HDFC,CARD_EXPIRED,13,SEND_REMINDER,0
0.7333333333333333,0.08333333333333333,3013.85,UPI,HDFC,INSUFFICIENT_FUNDS,18,RETRY_LATER,0
0.7377049180327869,0.5,5510.66,NETBANKING,AXIS,INSUFFICIENT_FUNDS,11,NO_ACTION,0
0.75,0.0,6729.16,NETBANKING,KOTAK,AUTHENTICATION_FAILED,20,RETRY_LATER,0
0.8059701492537313,0.46153846153846156,2044.61,WALLET,YESBANK,LIMIT_EXCEEDED,1,SEND_REMINDER,1
0.56,0.45454545454545453,8642.58,UPI,AXIS,NETWORK_ERROR,15,NO_ACTION,0
0.0,0.0,5502.03,UPI,AXIS,INSUFFICIENT_FUNDS,7,RETRY_NOW,0
0.5,0.0,693.96,WALLET,KOTAK,INSUFFICIENT_FUNDS,21,NO_ACTION,0
0.55,0.5555555555555556,6428.91,CARD,ICICI,LIMIT_EXCEEDED,21,NO_ACTION,0
0.6862745098039216,0.5625,6518.29,UPI,KOTAK,NETWORK_ERROR,18,SEND_REMINDER,0
0.8125,0.3333333333333333,3955.46,WALLET,HDFC,BANK_TIMEOUT,16,RETRY_NOW,0
0.7272727272727273,0.4444444444444444,1011.27,UPI,SBI,BANK_TIMEOUT,5,SEND_REMINDER,0
0.7,0.3333333333333333,1847.71,WALLET,SBI,CARD_EXPIRED,13,RETRY_NOW,0
0.5113636363636364,0.4883720930232558,9384.36,CARD,SBI,CARD_EXPIRED,12,RETRY_NOW,0
0.75,1.0,3744.81,WALLET,KOTAK,CARD_EXPIRED,11,RETRY_NOW,0
0.5714285714285714,0.0,4237.78,NETBANKING,AXIS,BANK_TIMEOUT,15,SEND_REMINDER,0
0.6527777777777778,0.32,5904.86,NETBANKING,HDFC,LIMIT_EXCEEDED,4,NO_ACTION,0
0.0,0.0,8815.22,UPI,HDFC,BANK_TIMEOUT,18,RETRY_LATER,0
0.8888888888888888,1.0,7341.22,NETBANKING,ICICI,CARD_EXPIRED,11,NO_ACTION,0
0.6341463414634146,0.5111111111111111,9838.27,CARD,ICICI,CARD_EXPIRED,18,SEND_REMINDER,1
0.7777777777777778,0.16666666666666666,9197.58,UPI,HDFC,AUTHENTICATION_FAILED,2,SEND_REMINDER,0
0.6823529411764706,0.48148148148148145,8280.15,WALLET,AXIS,CARD_EXPIRED,15,SEND_REMINDER,0
0.631578947368421,0.2857142857142857,6157.13,UPI,YESBANK,INSUFFICIENT_FUNDS,2,RETRY_LATER,1
0.8666666666666667,0.5,5321.31,WALLET,HDFC,NETWORK_ERROR,0,RETRY_LATER,0
0.7333333333333333,0.75,6117.43,UPI,HDFC,INSUFFICIENT_FUNDS,14,RETRY_NOW,1
0.6086956521739131,0.5555555555555556,3565.2,UPI,AXIS,BANK_TIMEOUT,6,SEND_REMINDER,0
0.75,0.8333333333333334,6518.06,NETBANKING,SBI,BANK_TIMEOUT,19,NO_ACTION,0
0.6896551724137931,0.5,2187.02,UPI,YESBANK,LIMIT_EXCEEDED,3,NO_ACTION,0
0.75,0.6666666666666666,7920.1,UPI,KOTAK,INSUFFICIENT_FUNDS,4,SEND_REMINDER,1
0.7777777777777778,0.5,8152.7,WALLET,SBI,BANK_TIMEOUT,7,NO_ACTION,0
0.7777777777777778,0.4583333333333333,563.51,UPI,AXIS,BANK_TIMEOUT,0,SEND_REMINDER,0
0.9166666666666666,0.0,9952.0,NETBANKING,KOTAK,INSUFFICIENT_FUNDS,21,RETRY_LATER,0
0.6,0.5,4449.76,WALLET,ICICI,NETWORK_ERROR,4,NO_ACTION,0
0.7722772277227723,0.5652173913043478,1627.32,WALLET,YESBANK,CARD_EXPIRED,13,SEND_REMINDER,0
0.6,0.42857142857142855,1224.95,WALLET,SBI,CARD_EXPIRED,0,RETRY_NOW,0
0.5,0.0,5571.78,NETBANKING,YESBANK,BANK_TIMEOUT,2,NO_ACTION,0
0.6,0.25,3019.46,UPI,SBI,BANK_TIMEOUT,0,RETRY_NOW,0
0.7407407407407407,0.14285714285714285,2598.19,WALLET,HDFC,AUTHENTICATION_FAILED,15,RETRY_LATER,0
0.5769230769230769,0.5454545454545454,6825.53,NETBANKING,KOTAK,CARD_EXPIRED,13,NO_ACTION,0
0.7641509433962265,0.48,9927.43,CARD,YESBANK,INSUFFICIENT_FUNDS,2,RETRY_NOW,0
0.7096774193548387,0.5555555555555556,4281.86,NETBANKING,ICICI,CARD_EXPIRED,13,SEND_REMINDER,0
0.7236842105263158,0.38095238095238093,7756.51,WALLET,KOTAK,BANK_TIMEOUT,4,RETRY_LATER,1
0.8,1.0,8625.8,NETBANKING,ICICI,INSUFFICIENT_FUNDS,19,NO_ACTION,0
0.7428571428571429,0.4444444444444444,2032.92,NETBANKING,AXIS,CARD_EXPIRED,12,RETRY_LATER,0
0.8461538461538461,0.6666666666666666,9343.48,UPI,ICICI,LIMIT_EXCEEDED,6,RETRY_LATER,0
0.7142857142857143,0.6666666666666666,7513.43,UPI,ICICI,NETWORK_ERROR,3,RETRY_LATER,1
0.9393939393939394,1.0,2301.83,UPI,SBI,AUTHENTICATION_FAILED,7,NO_ACTION,0
0.6470588235294118,0.5833333333333334,1087.16,CARD,YESBANK,BANK_TIMEOUT,20,RETRY_NOW,0
0.664,0.5476190476190477,6268.77,UPI,HDFC,BANK_TIMEOUT,10,RETRY_NOW,1
0.6938775510204082,0.6,8993.23,WALLET,ICICI,CARD_EXPIRED,23,RETRY_LATER,1
0.7636363636363637,0.38461538461538464,8575.21,NETBANKING,ICICI,NETWORK_ERROR,15,RETRY_LATER,1
0.717391304347826,0.5,8394.93,WALLET,YESBANK,CARD_EXPIRED,13,SEND_REMINDER,0
0.6931818181818182,0.5555555555555556,5950.55,UPI,HDFC,CARD_EXPIRED,22,NO_ACTION,0
0.6,0.6,6060.99,UPI,ICICI,BANK_TIMEOUT,17,NO_ACTION,0
0.6666666666666666,0.4,3726.6,CARD,SBI,LIMIT_EXCEEDED,15,RETRY_NOW,1
0.75,0.4,338.3,UPI,HDFC,LIMIT_EXCEEDED,9,NO_ACTION,0
0.72,0.5714285714285714,7529.98,UPI,SBI,CARD_EXPIRED,22,SEND_REMINDER,1
0.9069767441860465,1.0,8560.94,UPI,ICICI,CARD_EXPIRED,16,RETRY_LATER,0
0.6363636363636364,0.5833333333333334,8943.88,NETBANKING,HDFC,BANK_TIMEOUT,7,NO_ACTION,0
0.5806451612903226,0.46153846153846156,8985.62,UPI,HDFC,AUTHENTICATION_FAILED,22,SEND_REMINDER,1
0.675,0.6923076923076923,6355.07,CARD,ICICI,BANK_TIMEOUT,0,RETRY_NOW,1
0.631578947368421,0.2857142857142857,2690.69,UPI,YESBANK,BANK_TIMEOUT,17,NO_ACTION,0
0.6785714285714286,0.4444444444444444,7679.5,CARD,ICICI,BANK_TIMEOUT,1,RETRY_LATER,1
0.6823529411764706,0.6666666666666666,6530.41,CARD,ICICI,NETWORK_ERROR,21,RETRY_NOW,1
0.6666666666666666,0.6666666666666666,416.33,NETBANKING,ICICI,CARD_EXPIRED,23,NO_ACTION,0
0.7523809523809524,0.5769230769230769,944.45,CARD,KOTAK,AUTHENTICATION_FAILED,18,SEND_REMINDER,1
0.5945945945945946,0.4,8452.75,NETBANKING,YESBANK,LIMIT_EXCEEDED,0,SEND_REMINDER,0
0.8235294117647058,0.6666666666666666,6341.18,WALLET,KOTAK,NETWORK_ERROR,23,NO_ACTION,0
0.5357142857142857,0.6153846153846154,1470.36,WALLET,YESBANK,AUTHENTICATION_FAILED,8,RETRY_NOW,1
0.711340206185567,0.5357142857142857,2131.34,CARD,HDFC,LIMIT_EXCEEDED,4,RETRY_LATER,0
0.651685393258427,0.6129032258064516,8606.42,CARD,AXIS,CARD_EXPIRED,9,NO_ACTION,0
0.7,0.3333333333333333,1684.75,WALLET,YESBANK,BANK_TIMEOUT,2,NO_ACTION,0
0.5,0.0,2835.46,NETBANKING,KOTAK,LIMIT_EXCEEDED,21,RETRY_LATER,0
0.76,0.4166666666666667,5158.02,CARD,AXIS,AUTHENTICATION_FAILED,16,SEND_REMINDER,0
0.3,0.7142857142857143,8198.27,UPI,ICICI,LIMIT_EXCEEDED,13,RETRY_NOW,1
0.25,0.16666666666666666,1367.03,WALLET,HDFC,AUTHENTICATION_FAILED,20,RETRY_NOW,0
0.9193548387096774,0.6,7771.93,CARD,KOTAK,NETWORK_ERROR,7,NO_ACTION,0
0.660377358490566,0.3888888888888889,3741.43,WALLET,KOTAK,INSUFFICIENT_FUNDS,15,RETRY_NOW,0
0.6821705426356589,0.3902439024390244,8149.83,UPI,ICICI,NETWORK_ERROR,11,RETRY_NOW,0
0.7164179104477612,0.42105263157894735,2513.05,UPI,AXIS,INSUFFICIENT_FUNDS,12,RETRY_NOW,1
0.6971830985915493,0.4418604651162791,8390.01,UPI,KOTAK,NETWORK_ERROR,18,RETRY_NOW,1
0.7384615384615385,0.4117647058823529,3357.6,UPI,HDFC,LIMIT_EXCEEDED,19,SEND_REMINDER,0
0.7333333333333333,0.5,1812.03,WALLET,AXIS,LIMIT_EXCEEDED,4,SEND_REMINDER,0
0.9243697478991597,0.5555555555555556,7348.29,NETBANKING,SBI,LIMIT_EXCEEDED,4,NO_ACTION,0
0.6285714285714286,0.5384615384615384,3753.74,CARD,YESBANK,LIMIT_EXCEEDED,3,RETRY_NOW,0
0.8831168831168831,0.7777777777777778,2712.31,WALLET,SBI,LIMIT_EXCEEDED,13,RETRY_NOW,0
0.782608695652174,0.6,5179.8,WALLET,KOTAK,AUTHENTICATION_FAILED,16,NO_ACTION,0
0.796875,0.46153846153846156,7011.11,WALLET,YESBANK,BANK_TIMEOUT,16,RETRY_NOW,0
0.6666666666666666,0.0,3527.29,WALLET,SBI,LIMIT_EXCEEDED,16,RETRY_NOW,0
0.7857142857142857,0.5333333333333333,3261.91,CARD,HDFC,BANK_TIMEOUT,7,RETRY_NOW,0
0.5,0.0,6701.31,WALLET,ICICI,BANK_TIMEOUT,23,SEND_REMINDER,0
0.9423076923076923,0.6666666666666666,5682.27,WALLET,KOTAK,LIMIT_EXCEEDED,18,SEND_REMINDER,1
0.75,1.0,5998.97,NETBANKING,AXIS,CARD_EXPIRED,17,RETRY_LATER,1
0.0,1.0,5439.6,WALLET,YESBANK,LIMIT_EXCEEDED,0,RETRY_LATER,0
0.7333333333333333,0.625,4679.14,CARD,YESBANK,BANK_TIMEOUT,22,SEND_REMINDER,0
0.5238095238095238,0.5666666666666667,5146.34,UPI,AXIS,CARD_EXPIRED,23,RETRY_LATER,0
0.8461538461538461,0.5,3854.25,WALLET,ICICI,CARD_EXPIRED,5,NO_ACTION,0
0.6226415094339622,0.65,2287.23,CARD,SBI,NETWORK_ERROR,12,SEND_REMINDER,0
0.6747967479674797,0.375,7748.09,UPI,HDFC,CARD_EXPIRED,23,RETRY_LATER,0
0.7833333333333333,0.6153846153846154,4533.23,WALLET,AXIS,BANK_TIMEOUT,19,NO_ACTION,0
0.8,0.375,4015.49,WALLET,HDFC,AUTHENTICATION_FAILED,23,NO_ACTION,0
0.74,0.46153846153846156,9993.71,CARD,ICICI,BANK_TIMEOUT,23,SEND_REMINDER,0
0.71875,0.6666666666666666,1151.59,CARD,HDFC,AUTHENTICATION_FAILED,10,SEND_REMINDER,1
0.8695652173913043,1.0,7209.69,CARD,HDFC,NETWORK_ERROR,4,NO_ACTION,0
0.6756756756756757,0.3333333333333333,4214.95,NETBANKING,YESBANK,BANK_TIMEOUT,14,NO_ACTION,0
0.75,0.0,7281.59,NETBANKING,YESBANK,LIMIT_EXCEEDED,0,SEND_REMINDER,0
0.8928571428571429,0.5,2384.88,UPI,HDFC,CARD_EXPIRED,12,SEND_REMINDER,1
0.7777777777777778,0.375,6978.8,NETBANKING,YESBANK,AUTHENTICATION_FAILED,19,SEND_REMINDER,0
0.7333333333333333,0.5,6533.3,UPI,KOTAK,CARD_EXPIRED,2,SEND_REMINDER,1
0.6451612903225806,0.45454545454545453,1260.23,UPI,KOTAK,INSUFFICIENT_FUNDS,18,RETRY_LATER,1
0.7391304347826086,0.5,4638.36,UPI,SBI,CARD_EXPIRED,13,NO_ACTION,0
0.9014084507042254,0.42857142857142855,5941.91,UPI,YESBANK,BANK_TIMEOUT,11,NO_ACTION,0
0.75,1.0,8827.68,UPI,HDFC,NETWORK_ERROR,3,RETRY_NOW,0
0.7247706422018348,0.6333333333333333,1391.57,WALLET,KOTAK,CARD_EXPIRED,22,SEND_REMINDER,1
0.7,0.5,5944.89,UPI,KOTAK,INSUFFICIENT_FUNDS,10,SEND_REMINDER,0
0.7012987012987013,0.43478260869565216,6201.62,UPI,ICICI,LIMIT_EXCEEDED,7,SEND_REMINDER,0
0.7586206896551724,0.5238095238095238,4827.12,UPI,ICICI,INSUFFICIENT_FUNDS,12,RETRY_LATER,0
0.8181818181818182,0.625,3368.74,WALLET,HDFC,BANK_TIMEOUT,20,RETRY_NOW,1
0.72,0.42857142857142855,2235.71,WALLET,ICICI,NETWORK_ERROR,23,RETRY_LATER,1
0.6666666666666666,0.16666666666666666,7537.52,UPI,YESBANK,INSUFFICIENT_FUNDS,1,RETRY_NOW,0
0.6956521739130435,0.2857142857142857,7943.37,CARD,SBI,NETWORK_ERROR,10,RETRY_NOW,1
0.9090909090909091,0.4,7214.43,CARD,KOTAK,LIMIT_EXCEEDED,18,SEND_REMINDER,1
0.8275862068965517,0.0,598.83,UPI,ICICI,LIMIT_EXCEEDED,19,SEND_REMINDER,0
0.47368421052631576,0.5,5271.85,NETBANKING,YESBANK,BANK_TIMEOUT,23,RETRY_LATER,1
0.890625,0.7142857142857143,3852.44,NETBANKING,SBI,AUTHENTICATION_FAILED,11,NO_ACTION,0
0.631578947368421,0.6428571428571429,8720.59,UPI,SBI,AUTHENTICATION_FAILED,11,RETRY_LATER,1
0.6470588235294118,0.5833333333333334,6262.89,NETBANKING,ICICI,CARD_EXPIRED,14,NO_ACTION,0
0.88,1.0,1986.63,NETBANKING,HDFC,CARD_EXPIRED,12,NO_ACTION,0
0.717948717948718,0.5757575757575758,4776.37,NETBANKING,SBI,NETWORK_ERROR,15,RETRY_NOW,1
0.7142857142857143,0.6666666666666666,7513.43,UPI,ICICI,NETWORK_ERROR,3,NO_ACTION,0
0.0,1.0,2613.81,UPI,ICICI,LIMIT_EXCEEDED,18,SEND_REMINDER,0
0.0,0.0,1746.51,CARD,YESBANK,BANK_TIMEOUT,15,SEND_REMINDER,0
0.5555555555555556,0.25,5968.06,WALLET,YESBANK,AUTHENTICATION_FAILED,16,NO_ACTION,0
0.875,0.5,3673.83,CARD,ICICI,INSUFFICIENT_FUNDS,7,SEND_REMINDER,1
0.7058823529411765,0.3,1100.09,CARD,KOTAK,CARD_EXPIRED,13,RETRY_NOW,0
0.6363636363636364,0.25,1931.39,CARD,HDFC,LIMIT_EXCEEDED,15,NO_ACTION,0
0.82,0.3333333333333333,9158.01,UPI,YESBANK,AUTHENTICATION_FAILED,19,SEND_REMINDER,1
0.6153846153846154,0.6,4625.63,CARD,KOTAK,NETWORK_ERROR,5,SEND_REMINDER,0
0.7111111111111111,0.5384615384615384,2674.7,CARD,ICICI,BANK_TIMEOUT,9,SEND_REMINDER,1
0.7758620689655172,0.5,6465.14,NETBANKING,YESBANK,INSUFFICIENT_FUNDS,20,SEND_REMINDER,1
0.7692307692307693,1.0,1888.86,WALLET,ICICI,INSUFFICIENT_FUNDS,13,NO_ACTION,0
0.7875,0.7058823529411765,2016.5,NETBANKING,SBI,CARD_EXPIRED,16,RETRY_LATER,0
0.6833333333333333,0.47368421052631576,5267.36,NETBANKING,YESBANK,BANK_TIMEOUT,23,RETRY_NOW,0
0.76,0.3333333333333333,8638.83,WALLET,ICICI,CARD_EXPIRED,8,NO_ACTION,0
0.7567567567567568,0.6666666666666666,7942.5,NETBANKING,YESBANK,INSUFFICIENT_FUNDS,3,NO_ACTION,0
0.8382352941176471,0.6363636363636364,8077.44,CARD,YESBANK,NETWORK_ERROR,17,SEND_REMINDER,0
0.8,0.5,9388.83,NETBANKING,SBI,INSUFFICIENT_FUNDS,19,NO_ACTION,0
0.625,0.3333333333333333,590.31,WALLET,YESBANK,AUTHENTICATION_FAILED,17,RETRY_NOW,1
0.6153846153846154,0.6,5570.92,UPI,AXIS,BANK_TIMEOUT,16,SEND_REMINDER,0
0.8,0.375,5220.62,CARD,AXIS,AUTHENTICATION_FAILED,19,RETRY_NOW,0
0.5,0.0,4637.57,NETBANKING,SBI,BANK_TIMEOUT,23,SEND_REMINDER,0
0.0,0.0,5502.03,UPI,AXIS,INSUFFICIENT_FUNDS,7,NO_ACTION,0
0.76,0.5555555555555556,595.66,WALLET,YESBANK,NETWORK_ERROR,6,SEND_REMINDER,0
0.0,0.0,137.95,UPI,KOTAK,INSUFFICIENT_FUNDS,8,RETRY_NOW,0
0.8924731182795699,0.2,8184.23,NETBANKING,AXIS,AUTHENTICATION_FAILED,2,RETRY_NOW,0
0.5833333333333334,0.6,1732.69,NETBANKING,SBI,NETWORK_ERROR,2,SEND_REMINDER,1
0.9560439560439561,0.75,641.27,WALLET,ICICI,BANK_TIMEOUT,19,RETRY_NOW,1
0.7931034482758621,0.5,6692.91,CARD,HDFC,AUTHENTICATION_FAILED,7,RETRY_LATER,1
0.9047619047619048,0.5,8020.71,CARD,AXIS,CARD_EXPIRED,15,RETRY_LATER,0
0.7352941176470589,0.3333333333333333,1012.25,CARD,SBI,LIMIT_EXCEEDED,5,RETRY_NOW,1
0.5428571428571428,0.5,6387.58,NETBANKING,KOTAK,NETWORK_ERROR,20,SEND_REMINDER,1
0.6909090909090909,0.5882352941176471,2272.86,CARD,AXIS,NETWORK_ERROR,7,RETRY_LATER,0
0.75,0.0,1228.74,WALLET,HDFC,CARD_EXPIRED,11,NO_ACTION,0
0.7647058823529411,0.375,3690.69,UPI,KOTAK,LIMIT_EXCEEDED,6,SEND_REMINDER,1
0.68,0.625,692.54,UPI,ICICI,BANK_TIMEOUT,10,SEND_REMINDER,0
0.75,0.0,404.45,CARD,AXIS,CARD_EXPIRED,1,RETRY_LATER,0
0.7528089887640449,0.6363636363636364,358.05,NETBANKING,AXIS,INSUFFICIENT_FUNDS,10,RETRY_NOW,0
0.8064516129032258,0.6111111111111112,8632.12,UPI,SBI,NETWORK_ERROR,18,SEND_REMINDER,0
0.0,0.0,5891.61,WALLET,KOTAK,NETWORK_ERROR,14,RETRY_LATER,0
0.7333333333333333,0.5,6533.3,UPI,KOTAK,CARD_EXPIRED,2,RETRY_NOW,0
0.7916666666666666,0.4,6245.77,NETBANKING,KOTAK,INSUFFICIENT_FUNDS,18,SEND_REMINDER,1
0.7203389830508474,0.45454545454545453,5532.76,CARD,YESBANK,BANK_TIMEOUT,22,RETRY_LATER,1
0.684931506849315,0.4782608695652174,7333.37,NETBANKING,HDFC,AUTHENTICATION_FAILED,0,SEND_REMINDER,1
0.9213483146067416,0.5714285714285714,9184.76,CARD,YESBANK,NETWORK_ERROR,3,NO_ACTION,0
0.7428571428571429,0.4444444444444444,2032.92,NETBANKING,AXIS,CARD_EXPIRED,12,RETRY_NOW,0
0.3333333333333333,0.5,6555.0,UPI,SBI,BANK_TIMEOUT,20,SEND_REMINDER,1
0.9327731092436975,0.375,4365.31,UPI,AXIS,CARD_EXPIRED,10,NO_ACTION,0
0.5,0.0,733.84,UPI,AXIS,AUTHENTICATION_FAILED,13,SEND_REMINDER,0
0.808695652173913,0.5454545454545454,1159.69,UPI,KOTAK,LIMIT_EXCEEDED,22,NO_ACTION,0
0.7358490566037735,0.42857142857142855,5101.97,WALLET,KOTAK,INSUFFICIENT_FUNDS,6,SEND_REMINDER,0
0.75,0.09090909090909091,5522.13,WALLET,AXIS,LIMIT_EXCEEDED,23,SEND_REMINDER,0
0.6990291262135923,0.5483870967741935,2582.15,CARD,ICICI,INSUFFICIENT_FUNDS,6,RETRY_LATER,0
0.7888888888888889,0.5789473684210527,738.61,NETBANKING,AXIS,NETWORK_ERROR,11,RETRY_NOW,1
0.7017543859649122,0.23529411764705882,9647.19,NETBANKING,YESBANK,INSUFFICIENT_FUNDS,22,SEND_REMINDER,0
0.7796610169491526,0.46153846153846156,910.81,CARD,YESBANK,CARD_EXPIRED,17,SEND_REMINDER,1
0.8285714285714286,0.2777777777777778,9653.63,WALLET,YESBANK,LIMIT_EXCEEDED,17,RETRY_NOW,0
0.7333333333333333,0.25,8203.88,UPI,KOTAK,NETWORK_ERROR,5,NO_ACTION,0
0.7247706422018348,0.6333333333333333,1391.57,WALLET,KOTAK,CARD_EXPIRED,22,RETRY_LATER,0
0.5714285714285714,0.5238095238095238,902.01,WALLET,KOTAK,INSUFFICIENT_FUNDS,22,SEND_REMINDER,1
0.84,0.375,7078.25,WALLET,ICICI,CARD_EXPIRED,19,RETRY_NOW,1
0.84251968503937,0.5,3444.63,WALLET,SBI,BANK_TIMEOUT,23,NO_ACTION,0
0.7169811320754716,0.6,6657.57,WALLET,HDFC,LIMIT_EXCEEDED,20,RETRY_NOW,1
0.7777777777777778,1.0,8470.48,CARD,HDFC,NETWORK_ERROR,2,SEND_REMINDER,1
0.9206349206349206,0.8,3251.98,NETBANKING,SBI,BANK_TIMEOUT,12,RETRY_NOW,1
0.5769230769230769,0.5454545454545454,6825.53,NETBANKING,KOTAK,CARD_EXPIRED,13,RETRY_NOW,0
0.6346153846153846,0.3684210526315789,4385.72,CARD,AXIS,NETWORK_ERROR,1,RETRY_LATER,1
0.6388888888888888,0.3076923076923077,2681.21,NETBANKING,ICICI,INSUFFICIENT_FUNDS,2,SEND_REMINDER,1
0.6567164179104478,0.5217391304347826,9021.92,CARD,YESBANK,INSUFFICIENT_FUNDS,22,SEND_REMINDER,0
0.875,1.0,8657.61,UPI,KOTAK,LIMIT_EXCEEDED,16,SEND_REMINDER,0
0.875,0.4,5031.88,UPI,SBI,AUTHENTICATION_FAILED,19,NO_ACTION,0
0.5714285714285714,0.47619047619047616,7124.35,NETBANKING,KOTAK,NETWORK_ERROR,7,RETRY_LATER,0
0.6521739130434783,0.6875,781.6,NETBANKING,ICICI,LIMIT_EXCEEDED,14,RETRY_NOW,0
0.891566265060241,0.6666666666666666,9444.3,CARD,KOTAK,AUTHENTICATION_FAILED,10,NO_ACTION,0
0.9130434782608695,1.0,9467.59,NETBANKING,HDFC,NETWORK_ERROR,14,RETRY_LATER,1
0.6198347107438017,0.43478260869565216,7321.54,NETBANKING,ICICI,INSUFFICIENT_FUNDS,18,RETRY_NOW,1
0.7719298245614035,0.46153846153846156,2591.39,WALLET,SBI,NETWORK_ERROR,9,RETRY_LATER,0
0.8709677419354839,0.75,2379.35,CARD,ICICI,NETWORK_ERROR,23,NO_ACTION,0
0.797979797979798,0.4,5366.24,UPI,HDFC,NETWORK_ERROR,5,NO_ACTION,0
0.8157894736842105,0.8571428571428571,1531.26,WALLET,ICICI,NETWORK_ERROR,4,SEND_REMINDER,0
0.5,0.5,7837.75,WALLET,ICICI,BANK_TIMEOUT,22,RETRY_LATER,1
0.7105263157894737,0.5454545454545454,7582.57,NETBANKING,KOTAK,LIMIT_EXCEEDED,5,NO_ACTION,0
0.6346153846153846,0.47368421052631576,6867.64,UPI,YESBANK,NETWORK_ERROR,11,RETRY_NOW,1
0.7317073170731707,0.2727272727272727,5683.6,UPI,KOTAK,NETWORK_ERROR,22,SEND_REMINDER,0
0.71875,0.4444444444444444,1244.71,NETBANKING,AXIS,AUTHENTICATION_FAILED,11,RETRY_NOW,1
0.8354430379746836,0.6923076923076923,5922.42,NETBANKING,SBI,CARD_EXPIRED,15,NO_ACTION,0
0.7424242424242424,0.35294117647058826,8274.65,WALLET,ICICI,INSUFFICIENT_FUNDS,1,NO_ACTION,0
0.8,0.0,2805.98,UPI,ICICI,AUTHENTICATION_FAILED,20,RETRY_NOW,0
0.7894736842105263,0.75,7428.26,WALLET,YESBANK,CARD_EXPIRED,22,NO_ACTION,0
0.42857142857142855,0.5,2729.41,CARD,KOTAK,BANK_TIMEOUT,7,RETRY_LATER,0
0.7128712871287128,0.5172413793103449,7076.94,NETBANKING,YESBANK,LIMIT_EXCEEDED,15,SEND_REMINDER,0
0.8169014084507042,0.38461538461538464,615.09,CARD,ICICI,CARD_EXPIRED,11,SEND_REMINDER,0
0.671875,0.6428571428571429,6178.73,CARD,YESBANK,BANK_TIMEOUT,3,SEND_REMINDER,1
0.5555555555555556,0.75,8348.11,CARD,AXIS,NETWORK_ERROR,11,RETRY_NOW,0
0.8059701492537313,0.46153846153846156,2044.61,WALLET,YESBANK,LIMIT_EXCEEDED,1,RETRY_LATER,1
0.9130434782608695,0.6666666666666666,5549.27,WALLET,AXIS,INSUFFICIENT_FUNDS,11,RETRY_LATER,1
0.7391304347826086,0.3333333333333333,3768.27,UPI,YESBANK,LIMIT_EXCEEDED,17,RETRY_LATER,1
0.7692307692307693,0.4583333333333333,6648.75,CARD,HDFC,AUTHENTICATION_FAILED,18,SEND_REMINDER,1
0.75,0.0,7281.59,NETBANKING,YESBANK,LIMIT_EXCEEDED,0,RETRY_LATER,0
0.6,1.0,3783.22,WALLET,SBI,INSUFFICIENT_FUNDS,11,NO_ACTION,0
0.8208955223880597,0.4166666666666667,2779.87,UPI,ICICI,CARD_EXPIRED,2,NO_ACTION,0
0.2857142857142857,0.6,5908.65,NETBANKING,SBI,NETWORK_ERROR,4,SEND_REMINDER,0
0.0,0.0,5891.61,WALLET,KOTAK,NETWORK_ERROR,14,RETRY_NOW,0
0.6931818181818182,0.4444444444444444,8831.64,WALLET,HDFC,NETWORK_ERROR,1,RETRY_LATER,1
0.7592592592592593,0.5384615384615384,9241.2,CARD,YESBANK,BANK_TIMEOUT,9,NO_ACTION,0
0.8918918918918919,0.25,1580.93,CARD,YESBANK,CARD_EXPIRED,22,RETRY_NOW,0
0.7956989247311828,0.3684210526315789,4349.4,UPI,SBI,NETWORK_ERROR,0,RETRY_NOW,0
0.5384615384615384,0.3333333333333333,3055.61,WALLET,SBI,CARD_EXPIRED,10,SEND_REMINDER,0
0.9120879120879121,0.25,6282.51,UPI,HDFC,LIMIT_EXCEEDED,5,NO_ACTION,0
0.5892857142857143,0.5652173913043478,4357.8,WALLET,YESBANK,NETWORK_ERROR,9,RETRY_NOW,1
0.6956521739130435,0.42857142857142855,4834.77,UPI,KOTAK,AUTHENTICATION_FAILED,3,RETRY_NOW,0
0.8846153846153846,0.0,4432.47,UPI,KOTAK,CARD_EXPIRED,22,SEND_REMINDER,1
0.7777777777777778,0.5,6861.7,NETBANKING,YESBANK,INSUFFICIENT_FUNDS,3,RETRY_NOW,0
0.7727272727272727,0.4,5087.28,CARD,YESBANK,INSUFFICIENT_FUNDS,6,SEND_REMINDER,1
0.8125,0.6666666666666666,9798.35,WALLET,AXIS,NETWORK_ERROR,3,NO_ACTION,0
0.6796875,0.4634146341463415,6470.84,CARD,HDFC,AUTHENTICATION_FAILED,14,SEND_REMINDER,0
0.7777777777777778,0.5,5914.7,NETBANKING,HDFC,AUTHENTICATION_FAILED,15,SEND_REMINDER,0
0.7894736842105263,0.5,3497.7,CARD,ICICI,INSUFFICIENT_FUNDS,0,SEND_REMINDER,0
0.75,1.0,2728.53,UPI,ICICI,BANK_TIMEOUT,12,RETRY_LATER,1
0.8703703703703703,0.5714285714285714,8301.18,NETBANKING,AXIS,NETWORK_ERROR,6,NO_ACTION,0
0.711340206185567,0.5357142857142857,2131.34,CARD,HDFC,LIMIT_EXCEEDED,4,SEND_REMINDER,1
0.5384615384615384,0.3333333333333333,3055.61,WALLET,SBI,CARD_EXPIRED,10,RETRY_LATER,0
0.5238095238095238,0.6,5751.04,CARD,KOTAK,NETWORK_ERROR,17,RETRY_LATER,1
0.813953488372093,0.375,4444.02,CARD,SBI,INSUFFICIENT_FUNDS,3,NO_ACTION,0
0.7631578947368421,0.8888888888888888,9200.44,CARD,ICICI,NETWORK_ERROR,15,RETRY_LATER,1
0.7758620689655172,0.5,6465.14,NETBANKING,YESBANK,INSUFFICIENT_FUNDS,20,RETRY_LATER,0
0.8666666666666667,0.75,7513.19,NETBANKING,ICICI,AUTHENTICATION_FAILED,15,NO_ACTION,0
0.9347826086956522,0.3333333333333333,3144.35,CARD,AXIS,LIMIT_EXCEEDED,20,RETRY_LATER,0
0.6470588235294118,0.5833333333333334,1087.16,CARD,YESBANK,BANK_TIMEOUT,20,NO_ACTION,0
0.7014925373134329,0.5,5800.09,CARD,KOTAK,CARD_EXPIRED,20,RETRY_LATER,1
0.7207207207207207,0.41935483870967744,7957.7,CARD,KOTAK,CARD_EXPIRED,12,NO_ACTION,0
0.775,0.5555555555555556,3479.09,UPI,AXIS,LIMIT_EXCEEDED,20,SEND_REMINDER,0
0.6984126984126984,0.42105263157894735,7250.64,UPI,YESBANK,LIMIT_EXCEEDED,20,RETRY_LATER,0
0.7777777777777778,0.5,8102.82,UPI,AXIS,AUTHENTICATION_FAILED,14,RETRY_LATER,1
0.8108108108108109,0.42857142857142855,5972.84,WALLET,AXIS,CARD_EXPIRED,2,RETRY_LATER,1
0.6,0.5,8502.31,UPI,HDFC,AUTHENTICATION_FAILED,7,NO_ACTION,0
0.7,0.5,5944.89,UPI,KOTAK,INSUFFICIENT_FUNDS,10,RETRY_LATER,1
0.717391304347826,0.5,8394.93,WALLET,YESBANK,CARD_EXPIRED,13,NO_ACTION,0
0.6363636363636364,0.5,7926.54,UPI,KOTAK,INSUFFICIENT_FUNDS,11,NO_ACTION,0
0.7307692307692307,0.42857142857142855,545.03,WALLET,YESBANK,CARD_EXPIRED,11,RETRY_LATER,0
0.7368421052631579,0.6,9385.46,CARD,YESBANK,LIMIT_EXCEEDED,10,RETRY_LATER,1
0.7692307692307693,0.3333333333333333,3766.36,WALLET,ICICI,BANK_TIMEOUT,2,NO_ACTION,0
0.7045454545454546,0.6923076923076923,3426.98,UPI,AXIS,NETWORK_ERROR,11,RETRY_LATER,1
0.8412698412698413,0.7,5285.77,CARD,YESBANK,NETWORK_ERROR,8,RETRY_NOW,1
0.5428571428571428,0.5,4686.75,CARD,HDFC,AUTHENTICATION_FAILED,11,NO_ACTION,0
0.7428571428571429,0.3333333333333333,7125.06,WALLET,HDFC,BANK_TIMEOUT,23,RETRY_LATER,1
0.625,0.6666666666666666,8566.84,NETBANKING,AXIS,INSUFFICIENT_FUNDS,17,NO_ACTION,0
0.8831168831168831,0.7777777777777778,2712.31,WALLET,SBI,LIMIT_EXCEEDED,13,SEND_REMINDER,1
0.5666666666666667,0.5384615384615384,8263.68,CARD,ICICI,CARD_EXPIRED,14,RETRY_NOW,0
0.7767857142857143,0.52,4984.34,CARD,ICICI,CARD_EXPIRED,19,RETRY_NOW,0
0.6666666666666666,0.2,9044.72,WALLET,SBI,CARD_EXPIRED,19,RETRY_LATER,1
0.6701030927835051,0.53125,5767.51,UPI,KOTAK,CARD_EXPIRED,3,RETRY_LATER,1
0.75,0.8333333333333334,6518.06,NETBANKING,SBI,BANK_TIMEOUT,19,RETRY_NOW,0
0.765625,0.4666666666666667,139.29,UPI,HDFC,CARD_EXPIRED,0,SEND_REMINDER,1
0.7777777777777778,0.5,6861.7,NETBANKING,YESBANK,INSUFFICIENT_FUNDS,3,NO_ACTION,0
0.7142857142857143,0.6,6415.35,CARD,ICICI,AUTHENTICATION_FAILED,5,SEND_REMINDER,0
0.8387096774193549,0.6,8204.01,WALLET,YESBANK,NETWORK_ERROR,3,RETRY_LATER,1
0.7142857142857143,0.5,4567.48,CARD,SBI,LIMIT_EXCEEDED,2,NO_ACTION,0
0.7733333333333333,0.5294117647058824,7919.12,NETBANKING,SBI,LIMIT_EXCEEDED,2,RETRY_NOW,1
0.3333333333333333,0.3333333333333333,2482.32,UPI,SBI,NETWORK_ERROR,3,RETRY_LATER,0
0.7551020408163265,0.75,7973.7,CARD,AXIS,BANK_TIMEOUT,16,RETRY_LATER,1
0.6571428571428571,0.5,3915.28,UPI,SBI,LIMIT_EXCEEDED,15,RETRY_LATER,1
0.5454545454545454,0.48,3942.94,WALLET,SBI,CARD_EXPIRED,2,NO_ACTION,0
0.581081081081081,0.5161290322580645,2909.05,WALLET,KOTAK,INSUFFICIENT_FUNDS,1,RETRY_NOW,0
0.7441860465116279,0.5757575757575758,6717.31,CARD,HDFC,LIMIT_EXCEEDED,9,RETRY_LATER,0
0.6592592592592592,0.6086956521739131,5138.72,UPI,ICICI,LIMIT_EXCEEDED,5,SEND_REMINDER,1
0.85,0.6666666666666666,3152.83,WALLET,AXIS,INSUFFICIENT_FUNDS,0,NO_ACTION,0
0.6956521739130435,0.42857142857142855,4834.77,UPI,KOTAK,AUTHENTICATION_FAILED,3,RETRY_LATER,0
0.797979797979798,0.4,5366.24,UPI,HDFC,NETWORK_ERROR,5,SEND_REMINDER,0
0.5882352941176471,0.6428571428571429,7702.86,UPI,ICICI,BANK_TIMEOUT,19,SEND_REMINDER,0
0.7272727272727273,0.0,9396.03,WALLET,YESBANK,NETWORK_ERROR,7,RETRY_NOW,0
0.45454545454545453,0.4166666666666667,3432.4,WALLET,YESBANK,INSUFFICIENT_FUNDS,2,NO_ACTION,0
0.7375,0.47619047619047616,6748.09,NETBANKING,HDFC,AUTHENTICATION_FAILED,6,RETRY_NOW,0
0.6619718309859155,0.6666666666666666,3861.23,WALLET,SBI,AUTHENTICATION_FAILED,10,RETRY_LATER,1
0.5,0.5,7239.56,UPI,SBI,NETWORK_ERROR,3,NO_ACTION,0
0.6875,0.4,9452.74,UPI,AXIS,LIMIT_EXCEEDED,19,NO_ACTION,0
0.8214285714285714,0.6,1186.37,UPI,ICICI,AUTHENTICATION_FAILED,6,RETRY_NOW,1
0.7368421052631579,0.8,449.42,NETBANKING,ICICI,LIMIT_EXCEEDED,7,NO_ACTION,0
0.7297297297297297,0.4,1290.75,NETBANKING,HDFC,BANK_TIMEOUT,3,RETRY_LATER,1
0.7586206896551724,0.5238095238095238,4827.12,UPI,ICICI,INSUFFICIENT_FUNDS,12,SEND_REMINDER,1
0.9032258064516129,0.5,8512.42,NETBANKING,HDFC,CARD_EXPIRED,18,RETRY_NOW,0
0.7659574468085106,0.5,8734.22,UPI,ICICI,INSUFFICIENT_FUNDS,8,RETRY_NOW,0
0.5384615384615384,0.8333333333333334,4685.97,UPI,HDFC,LIMIT_EXCEEDED,1,NO_ACTION,0
0.6326530612244898,0.6666666666666666,7091.69,UPI,KOTAK,AUTHENTICATION_FAILED,12,SEND_REMINDER,0
0.6923076923076923,0.75,765.11,WALLET,YESBANK,CARD_EXPIRED,18,SEND_REMINDER,0
0.8125,1.0,7717.77,NETBANKING,AXIS,AUTHENTICATION_FAILED,18,RETRY_NOW,1
0.5,1.0,5531.79,NETBANKING,YESBANK,LIMIT_EXCEEDED,10,SEND_REMINDER,1
0.8317757009345794,0.6666666666666666,2984.76,WALLET,KOTAK,CARD_EXPIRED,21,RETRY_LATER,1
0.8333333333333334,0.4,9697.23,NETBANKING,SBI,LIMIT_EXCEEDED,15,SEND_REMINDER,0
0.6190476190476191,0.375,9352.12,CARD,SBI,CARD_EXPIRED,6,RETRY_LATER,0
0.78,0.45454545454545453,3150.67,UPI,KOTAK,LIMIT_EXCEEDED,13,RETRY_NOW,0
0.5,0.42857142857142855,6992.08,CARD,ICICI,BANK_TIMEOUT,2,RETRY_LATER,0
0.7702702702702703,0.47058823529411764,1904.03,NETBANKING,ICICI,AUTHENTICATION_FAILED,23,RETRY_LATER,1
0.9375,0.3333333333333333,8723.62,CARD,ICICI,BANK_TIMEOUT,11,NO_ACTION,0
0.9113924050632911,0.7142857142857143,5321.73,CARD,YESBANK,LIMIT_EXCEEDED,8,SEND_REMINDER,1
0.8641975308641975,0.5454545454545454,1694.88,WALLET,HDFC,BANK_TIMEOUT,20,RETRY_LATER,1
0.8666666666666667,0.5,6932.16,CARD,YESBANK,INSUFFICIENT_FUNDS,10,SEND_REMINDER,1
0.7714285714285715,0.75,735.67,WALLET,YESBANK,NETWORK_ERROR,11,RETRY_LATER,1
0.788235294117647,0.3888888888888889,4845.23,UPI,SBI,INSUFFICIENT_FUNDS,11,SEND_REMINDER,0
0.7555555555555555,0.45454545454545453,215.21,WALLET,ICICI,CARD_EXPIRED,0,NO_ACTION,0
0.7272727272727273,1.0,486.81,NETBANKING,ICICI,BANK_TIMEOUT,5,NO_ACTION,0
0.55,0.4444444444444444,1220.41,WALLET,SBI,LIMIT_EXCEEDED,21,SEND_REMINDER,0
0.8260869565217391,0.5,6949.01,WALLET,KOTAK,LIMIT_EXCEEDED,1,RETRY_NOW,1
0.7401574803149606,0.45454545454545453,1354.29,WALLET,KOTAK,LIMIT_EXCEEDED,1,RETRY_LATER,1
0.7857142857142857,0.5833333333333334,355.31,UPI,YESBANK,AUTHENTICATION_FAILED,12,SEND_REMINDER,0
0.65625,0.5454545454545454,9326.3,CARD,YESBANK,LIMIT_EXCEEDED,14,SEND_REMINDER,1
0.875,0.6666666666666666,1682.36,CARD,ICICI,NETWORK_ERROR,19,RETRY_NOW,1
0.8082191780821918,0.5714285714285714,9978.16,WALLET,ICICI,INSUFFICIENT_FUNDS,19,RETRY_LATER,0
0.6153846153846154,0.6,8607.65,CARD,KOTAK,INSUFFICIENT_FUNDS,20,RETRY_LATER,0
0.651685393258427,0.6129032258064516,8606.42,CARD,AXIS,CARD_EXPIRED,9,RETRY_NOW,0
0.84375,0.6,8774.03,WALLET,SBI,LIMIT_EXCEEDED,10,RETRY_NOW,0
0.6153846153846154,0.5333333333333333,8212.11,NETBANKING,KOTAK,BANK_TIMEOUT,19,RETRY_NOW,0
0.775,0.6666666666666666,9179.12,WALLET,AXIS,CARD_EXPIRED,7,NO_ACTION,0
0.7802197802197802,0.35,839.51,UPI,ICICI,NETWORK_ERROR,0,RETRY_NOW,1
0.7857142857142857,0.3333333333333333,3830.81,NETBANKING,YESBANK,NETWORK_ERROR,5,RETRY_LATER,0
0.8316831683168316,0.7058823529411765,7380.3,UPI,HDFC,AUTHENTICATION_FAILED,17,SEND_REMINDER,0
0.75,0.5,9184.96,CARD,KOTAK,INSUFFICIENT_FUNDS,13,RETRY_NOW,0
0.7722772277227723,0.5652173913043478,1627.32,WALLET,YESBANK,CARD_EXPIRED,13,RETRY_NOW,0
0.7966101694915254,0.25,5595.81,NETBANKING,YESBANK,NETWORK_ERROR,7,SEND_REMINDER,0
0.725,0.45454545454545453,1377.45,UPI,KOTAK,CARD_EXPIRED,14,NO_ACTION,0
0.8076923076923077,0.2,9990.81,UPI,ICICI,INSUFFICIENT_FUNDS,13,RETRY_NOW,1
0.8360655737704918,0.8,3130.52,NETBANKING,SBI,LIMIT_EXCEEDED,13,RETRY_LATER,1
0.7101449275362319,0.5,993.46,WALLET,ICICI,LIMIT_EXCEEDED,20,NO_ACTION,0
0.4444444444444444,0.2,3846.11,CARD,SBI,NETWORK_ERROR,12,RETRY_NOW,0
0.8928571428571429,0.5,2384.88,UPI,HDFC,CARD_EXPIRED,12,RETRY_LATER,0
0.8846153846153846,0.5,6700.52,CARD,HDFC,LIMIT_EXCEEDED,7,RETRY_LATER,0
0.84251968503937,0.5,3444.63,WALLET,SBI,BANK_TIMEOUT,23,SEND_REMINDER,0
0.5428571428571428,0.5,6387.58,NETBANKING,KOTAK,NETWORK_ERROR,20,RETRY_LATER,0
0.75,0.4666666666666667,4420.41,CARD,YESBANK,INSUFFICIENT_FUNDS,22,NO_ACTION,0
0.6634615384615384,0.5428571428571428,635.72,UPI,HDFC,CARD_EXPIRED,11,SEND_REMINDER,0
0.6206896551724138,0.6363636363636364,5765.04,CARD,HDFC,INSUFFICIENT_FUNDS,16,RETRY_LATER,0
0.7241379310344828,0.5,1053.93,NETBANKING,HDFC,AUTHENTICATION_FAILED,3,SEND_REMINDER,1
0.6796875,0.4634146341463415,6470.84,CARD,HDFC,AUTHENTICATION_FAILED,14,NO_ACTION,0
0.900709219858156,0.42857142857142855,651.7,UPI,AXIS,CARD_EXPIRED,22,SEND_REMINDER,0
0.6388888888888888,0.3076923076923077,2681.21,NETBANKING,ICICI,INSUFFICIENT_FUNDS,2,RETRY_LATER,0
0.7647058823529411,0.75,9925.27,UPI,SBI,CARD_EXPIRED,5,RETRY_LATER,1
0.9318181818181818,0.0,8229.22,WALLET,YESBANK,INSUFFICIENT_FUNDS,1,NO_ACTION,0
0.7428571428571429,0.3888888888888889,3657.55,UPI,ICICI,AUTHENTICATION_FAILED,14,RETRY_NOW,0
0.9090909090909091,0.25,8578.31,NETBANKING,HDFC,AUTHENTICATION_FAILED,18,SEND_REMINDER,1
0.5652173913043478,0.5,1723.11,CARD,HDFC,LIMIT_EXCEEDED,15,SEND_REMINDER,0
0.6666666666666666,0.3333333333333333,6908.4,WALLET,AXIS,CARD_EXPIRED,18,SEND_REMINDER,1
0.8507462686567164,0.4,8314.03,CARD,AXIS,INSUFFICIENT_FUNDS,7,RETRY_LATER,0
0.9,0.5,2044.13,UPI,HDFC,CARD_EXPIRED,4,RETRY_LATER,1
0.7333333333333333,0.25,3910.25,NETBANKING,YESBANK,INSUFFICIENT_FUNDS,10,RETRY_LATER,1
0.6190476190476191,0.5625,2608.21,CARD,KOTAK,CARD_EXPIRED,6,RETRY_LATER,0
0.75,0.4375,5412.1,NETBANKING,SBI,LIMIT_EXCEEDED,14,SEND_REMINDER,1
0.56,0.45454545454545453,9647.42,UPI,ICICI,NETWORK_ERROR,10,NO_ACTION,0
0.7906976744186046,0.3333333333333333,6045.96,NETBANKING,KOTAK,AUTHENTICATION_FAILED,7,SEND_REMINDER,1
0.6923076923076923,0.25,4157.89,UPI,SBI,AUTHENTICATION_FAILED,13,RETRY_LATER,1
0.0,0.0,5570.62,WALLET,AXIS,BANK_TIMEOUT,22,RETRY_NOW,0
0.7,0.6666666666666666,7287.14,NETBANKING,ICICI,CARD_EXPIRED,7,RETRY_NOW,0
0.6724137931034483,0.2631578947368421,8169.04,WALLET,SBI,CARD_EXPIRED,22,RETRY_LATER,1
0.5,0.5,197.71,WALLET,HDFC,CARD_EXPIRED,2,RETRY_NOW,0
0.7380952380952381,0.5454545454545454,9420.67,CARD,SBI,LIMIT_EXCEEDED,8,RETRY_LATER,1
0.6875,0.3333333333333333,8405.63,WALLET,SBI,LIMIT_EXCEEDED,15,NO_ACTION,0
0.6935483870967742,0.2631578947368421,8559.73,NETBANKING,HDFC,INSUFFICIENT_FUNDS,5,RETRY_NOW,0
0.94,0.0,6164.55,WALLET,AXIS,CARD_EXPIRED,23,RETRY_LATER,0
0.8153846153846154,0.75,1550.99,CARD,YESBANK,BANK_TIMEOUT,8,RETRY_LATER,1
0.6666666666666666,0.5,2882.43,WALLET,AXIS,BANK_TIMEOUT,13,NO_ACTION,0
0.8928571428571429,0.5,2384.88,UPI,HDFC,CARD_EXPIRED,12,RETRY_NOW,0
0.6551724137931034,0.4,3596.1,CARD,HDFC,LIMIT_EXCEEDED,15,RETRY_NOW,0
0.7857142857142857,0.5,726.06,UPI,KOTAK,BANK_TIMEOUT,8,NO_ACTION,0
0.9166666666666666,0.5,2259.36,WALLET,HDFC,INSUFFICIENT_FUNDS,13,RETRY_LATER,1
0.9333333333333333,0.875,5933.89,CARD,YESBANK,CARD_EXPIRED,5,SEND_REMINDER,1
0.759493670886076,0.5789473684210527,6422.75,WALLET,YESBANK,INSUFFICIENT_FUNDS,7,RETRY_NOW,0
0.7777777777777778,0.375,1858.05,UPI,HDFC,INSUFFICIENT_FUNDS,6,NO_ACTION,0
0.64,0.5555555555555556,8523.68,WALLET,HDFC,INSUFFICIENT_FUNDS,3,RETRY_NOW,0
0.7346938775510204,0.6923076923076923,450.07,WALLET,AXIS,CARD_EXPIRED,14,NO_ACTION,0
0.7872340425531915,0.6,3634.59,CARD,KOTAK,INSUFFICIENT_FUNDS,22,RETRY_LATER,0
0.6938775510204082,0.4,9971.28,UPI,KOTAK,INSUFFICIENT_FUNDS,9,NO_ACTION,0
0.43333333333333335,0.4117647058823529,3082.09,UPI,SBI,BANK_TIMEOUT,5,SEND_REMINDER,1
0.7,0.3333333333333333,1847.71,WALLET,SBI,CARD_EXPIRED,13,RETRY_LATER,0
0.9230769230769231,0.0,4403.04,WALLET,KOTAK,INSUFFICIENT_FUNDS,3,NO_ACTION,0
0.6818181818181818,0.2857142857142857,5611.43,CARD,HDFC,CARD_EXPIRED,8,RETRY_LATER,0
0.8455284552845529,0.631578947368421,1927.67,CARD,AXIS,AUTHENTICATION_FAILED,7,RETRY_NOW,1
0.6170212765957447,0.2777777777777778,1023.77,WALLET,SBI,INSUFFICIENT_FUNDS,15,RETRY_LATER,1
0.759493670886076,0.5789473684210527,5338.36,WALLET,HDFC,BANK_TIMEOUT,0,SEND_REMINDER,0
0.7652173913043478,0.4444444444444444,1145.82,WALLET,KOTAK,INSUFFICIENT_FUNDS,5,SEND_REMINDER,1
0.8333333333333334,0.0,2274.47,NETBANKING,KOTAK,NETWORK_ERROR,7,RETRY_LATER,0
0.7796610169491526,0.46153846153846156,910.81,CARD,YESBANK,CARD_EXPIRED,17,NO_ACTION,0
0.6666666666666666,0.5,9291.27,CARD,YESBANK,INSUFFICIENT_FUNDS,9,NO_ACTION,0
0.9,0.5,3511.9,NETBANKING,AXIS,CARD_EXPIRED,19,SEND_REMINDER,1
0.6,1.0,4674.49,NETBANKING,SBI,LIMIT_EXCEEDED,6,RETRY_NOW,1
0.45714285714285713,0.42105263157894735,7274.3,WALLET,HDFC,NETWORK_ERROR,12,NO_ACTION,0
0.7291666666666666,0.3076923076923077,5804.94,WALLET,AXIS,LIMIT_EXCEEDED,4,SEND_REMINDER,0
0.708029197080292,0.475,1722.2,WALLET,HDFC,BANK_TIMEOUT,6,RETRY_LATER,1
0.7386363636363636,0.5217391304347826,4356.66,WALLET,ICICI,AUTHENTICATION_FAILED,1,SEND_REMINDER,1
0.9054054054054054,0.7142857142857143,267.84,NETBANKING,ICICI,AUTHENTICATION_FAILED,17,RETRY_LATER,1
0.6222222222222222,0.6470588235294118,3143.7,WALLET,AXIS,CARD_EXPIRED,17,RETRY_NOW,0
0.875,0.0,3283.85,NETBANKING,HDFC,CARD_EXPIRED,19,SEND_REMINDER,1
0.44,0.5,5597.59,WALLET,SBI,CARD_EXPIRED,1,RETRY_NOW,0
0.726027397260274,0.35,4081.06,NETBANKING,ICICI,LIMIT_EXCEEDED,15,RETRY_LATER,1
0.7105263157894737,0.45454545454545453,6414.9,NETBANKING,HDFC,AUTHENTICATION_FAILED,16,NO_ACTION,0
0.9,0.5,3511.9,NETBANKING,AXIS,CARD_EXPIRED,19,RETRY_NOW,1
0.6666666666666666,0.0,7602.1,UPI,ICICI,AUTHENTICATION_FAILED,9,RETRY_NOW,0
0.7428571428571429,0.3888888888888889,6210.3,NETBANKING,KOTAK,BANK_TIMEOUT,19,RETRY_LATER,1
0.825,0.42857142857142855,1403.41,WALLET,HDFC,AUTHENTICATION_FAILED,6,SEND_REMINDER,1
0.5,0.5,7705.9,UPI,ICICI,NETWORK_ERROR,10,NO_ACTION,0
0.6285714285714286,0.6923076923076923,7658.65,NETBANKING,KOTAK,AUTHENTICATION_FAILED,2,NO_ACTION,0
0.6901408450704225,0.5909090909090909,1506.98,UPI,ICICI,BANK_TIMEOUT,5,RETRY_NOW,1
0.7627118644067796,0.42857142857142855,6769.0,NETBANKING,ICICI,CARD_EXPIRED,21,NO_ACTION,0
0.6818181818181818,0.42857142857142855,6591.01,UPI,YESBANK,CARD_EXPIRED,15,RETRY_LATER,0
0.6790123456790124,0.5384615384615384,4557.32,UPI,AXIS,AUTHENTICATION_FAILED,23,RETRY_NOW,0
0.6233766233766234,0.4482758620689655,5208.02,CARD,HDFC,BANK_TIMEOUT,18,RETRY_LATER,1
0.5882352941176471,0.6428571428571429,7702.86,UPI,ICICI,BANK_TIMEOUT,19,NO_ACTION,0
0.8723404255319149,0.3333333333333333,6404.0,WALLET,SBI,CARD_EXPIRED,23,NO_ACTION,0
0.8024691358024691,0.5625,1633.59,NETBANKING,KOTAK,BANK_TIMEOUT,20,RETRY_NOW,0
0.8648648648648649,0.6,2066.62,NETBANKING,AXIS,BANK_TIMEOUT,1,SEND_REMINDER,1
0.6176470588235294,0.6153846153846154,8149.03,WALLET,ICICI,AUTHENTICATION_FAILED,6,SEND_REMINDER,0
0.8181818181818182,0.5555555555555556,2763.51,NETBANKING,ICICI,NETWORK_ERROR,22,RETRY_LATER,1
0.6216216216216216,0.42857142857142855,4793.12,UPI,YESBANK,CARD_EXPIRED,23,RETRY_NOW,0
0.6744186046511628,0.5714285714285714,5165.59,CARD,YESBANK,NETWORK_ERROR,0,RETRY_NOW,1
0.6346153846153846,0.631578947368421,2638.31,WALLET,SBI,NETWORK_ERROR,0,SEND_REMINDER,0
0.8636363636363636,0.5,3228.41,WALLET,AXIS,LIMIT_EXCEEDED,18,SEND_REMINDER,0
0.75,0.5833333333333334,5835.58,UPI,AXIS,NETWORK_ERROR,19,SEND_REMINDER,1
0.8484848484848485,0.7,2924.14,UPI,AXIS,AUTHENTICATION_FAILED,0,SEND_REMINDER,0
0.8421052631578947,0.5333333333333333,4163.5,CARD,HDFC,BANK_TIMEOUT,12,NO_ACTION,0
0.6944444444444444,0.45454545454545453,6711.22,CARD,HDFC,AUTHENTICATION_FAILED,3,NO_ACTION,0
0.7857142857142857,0.5,7105.54,UPI,SBI,CARD_EXPIRED,6,RETRY_LATER,1
0.8928571428571429,0.6666666666666666,1962.72,UPI,HDFC,NETWORK_ERROR,7,SEND_REMINDER,0
0.746031746031746,0.5625,6969.73,WALLET,ICICI,INSUFFICIENT_FUNDS,21,SEND_REMINDER,1
0.8082191780821918,0.42857142857142855,8327.03,CARD,YESBANK,AUTHENTICATION_FAILED,20,SEND_REMINDER,0
0.8958333333333334,0.6,5755.0,CARD,YESBANK,BANK_TIMEOUT,13,RETRY_NOW,1
0.7428571428571429,0.3333333333333333,4995.98,UPI,SBI,NETWORK_ERROR,14,NO_ACTION,0
0.7204301075268817,0.5769230769230769,3604.16,NETBANKING,AXIS,BANK_TIMEOUT,17,NO_ACTION,0
0.8089887640449438,0.35294117647058826,1654.12,UPI,HDFC,NETWORK_ERROR,11,RETRY_NOW,1
0.8507462686567164,0.4,8314.03,CARD,AXIS,INSUFFICIENT_FUNDS,7,NO_ACTION,0
0.7875,0.8235294117647058,4308.47,UPI,AXIS,CARD_EXPIRED,2,RETRY_NOW,1
0.8571428571428571,0.5,1958.81,CARD,SBI,LIMIT_EXCEEDED,9,SEND_REMINDER,0
0.7272727272727273,0.16666666666666666,8428.69,CARD,KOTAK,BANK_TIMEOUT,23,RETRY_NOW,0
0.8064516129032258,0.3333333333333333,537.09,CARD,ICICI,LIMIT_EXCEEDED,20,RETRY_NOW,0
0.6233766233766234,0.4482758620689655,368.89,NETBANKING,AXIS,AUTHENTICATION_FAILED,4,SEND_REMINDER,1
0.7333333333333333,0.3333333333333333,8555.95,WALLET,KOTAK,INSUFFICIENT_FUNDS,2,RETRY_NOW,0
0.75,1.0,7134.11,NETBANKING,ICICI,NETWORK_ERROR,6,NO_ACTION,0
0.5714285714285714,0.0,160.79,WALLET,SBI,CARD_EXPIRED,9,NO_ACTION,0
0.6857142857142857,0.5909090909090909,6009.12,CARD,HDFC,LIMIT_EXCEEDED,23,RETRY_LATER,0
0.6296296296296297,0.5,3199.51,CARD,AXIS,NETWORK_ERROR,14,NO_ACTION,0
0.6595744680851063,0.5,7883.53,NETBANKING,YESBANK,BANK_TIMEOUT,21,RETRY_LATER,0
0.3333333333333333,0.5,4651.11,WALLET,HDFC,BANK_TIMEOUT,14,RETRY_NOW,1
0.825,0.42857142857142855,6180.43,NETBANKING,SBI,BANK_TIMEOUT,3,RETRY_NOW,1
0.94,0.3333333333333333,3686.16,NETBANKING,AXIS,NETWORK_ERROR,7,NO_ACTION,0
0.7076923076923077,0.6842105263157895,4483.03,UPI,ICICI,INSUFFICIENT_FUNDS,3,SEND_REMINDER,1
0.8333333333333334,1.0,4027.41,CARD,ICICI,LIMIT_EXCEEDED,9,RETRY_NOW,0
0.8214285714285714,0.8,9569.91,CARD,ICICI,LIMIT_EXCEEDED,0,SEND_REMINDER,1
0.8133333333333334,0.6428571428571429,1570.6,WALLET,ICICI,NETWORK_ERROR,9,RETRY_NOW,1
0.7868852459016393,0.46153846153846156,5042.16,CARD,YESBANK,BANK_TIMEOUT,9,RETRY_LATER,1
0.75,0.3333333333333333,4392.45,NETBANKING,SBI,AUTHENTICATION_FAILED,0,NO_ACTION,0
0.8,0.5,9151.11,UPI,AXIS,CARD_EXPIRED,8,NO_ACTION,0
0.7906976744186046,0.5555555555555556,8392.1,CARD,YESBANK,INSUFFICIENT_FUNDS,18,RETRY_LATER,0
0.75,1.0,8444.71,WALLET,KOTAK,CARD_EXPIRED,19,SEND_REMINDER,1
0.5,0.5,7188.35,UPI,HDFC,BANK_TIMEOUT,1,RETRY_NOW,1
0.6850393700787402,0.375,2510.01,NETBANKING,AXIS,BANK_TIMEOUT,19,RETRY_LATER,0
0.6627906976744186,0.5862068965517241,2374.6,UPI,SBI,BANK_TIMEOUT,22,RETRY_LATER,0
0.6875,0.7,5068.77,WALLET,ICICI,NETWORK_ERROR,7,NO_ACTION,0
0.9,0.0,4555.68,WALLET,SBI,CARD_EXPIRED,17,RETRY_LATER,0
0.6296296296296297,0.6666666666666666,2348.96,CARD,SBI,AUTHENTICATION_FAILED,4,RETRY_LATER,1
0.7741935483870968,0.2857142857142857,1881.18,UPI,KOTAK,NETWORK_ERROR,21,RETRY_NOW,0
0.7572815533980582,0.52,3624.04,WALLET,YESBANK,CARD_EXPIRED,12,RETRY_NOW,0
0.9243697478991597,0.5555555555555556,7023.43,CARD,YESBANK,LIMIT_EXCEEDED,2,RETRY_NOW,0
0.808695652173913,0.5454545454545454,1159.69,UPI,KOTAK,LIMIT_EXCEEDED,22,RETRY_NOW,0
0.7037037037037037,0.46875,5408.38,CARD,HDFC,AUTHENTICATION_FAILED,18,RETRY_NOW,0
0.5833333333333334,0.6,1732.69,NETBANKING,SBI,NETWORK_ERROR,2,RETRY_LATER,1
0.8571428571428571,0.6666666666666666,4231.44,UPI,ICICI,LIMIT_EXCEEDED,8,RETRY_NOW,1
0.7555555555555555,0.45454545454545453,215.21,WALLET,ICICI,CARD_EXPIRED,0,RETRY_NOW,0
0.8666666666666667,0.4166666666666667,2906.12,WALLET,AXIS,AUTHENTICATION_FAILED,16,SEND_REMINDER,1
0.72,0.2857142857142857,1500.34,UPI,SBI,INSUFFICIENT_FUNDS,3,RETRY_NOW,0
0.6744186046511628,0.5714285714285714,2855.55,WALLET,KOTAK,INSUFFICIENT_FUNDS,11,RETRY_LATER,0
0.7441860465116279,0.5454545454545454,8466.5,UPI,SBI,INSUFFICIENT_FUNDS,15,SEND_REMINDER,1
0.6880733944954128,0.5588235294117647,7607.93,WALLET,KOTAK,AUTHENTICATION_FAILED,5,RETRY_LATER,0
0.8,0.5,8187.35,CARD,ICICI,BANK_TIMEOUT,13,RETRY_LATER,1
0.782608695652174,0.4,8822.82,NETBANKING,AXIS,AUTHENTICATION_FAILED,22,SEND_REMINDER,1
0.9,1.0,5684.38,WALLET,KOTAK,CARD_EXPIRED,16,SEND_REMINDER,0
0.6434782608695652,0.5365853658536586,956.16,CARD,AXIS,AUTHENTICATION_FAILED,0,SEND_REMINDER,1
0.9642857142857143,0.0,5077.73,NETBANKING,ICICI,BANK_TIMEOUT,16,SEND_REMINDER,0
0.8260869565217391,0.5,5640.54,WALLET,AXIS,CARD_EXPIRED,4,RETRY_LATER,0
0.69,0.3870967741935484,6920.28,UPI,AXIS,NETWORK_ERROR,20,RETRY_LATER,1
0.9230769230769231,0.5714285714285714,9521.81,WALLET,YESBANK,BANK_TIMEOUT,17,RETRY_LATER,1
0.703125,0.5263157894736842,6900.71,NETBANKING,ICICI,AUTHENTICATION_FAILED,18,NO_ACTION,0
0.835820895522388,0.45454545454545453,3349.48,NETBANKING,HDFC,LIMIT_EXCEEDED,12,RETRY_LATER,1
0.8194444444444444,0.38461538461538464,5587.94,WALLET,SBI,BANK_TIMEOUT,14,NO_ACTION,0
0.8,0.6666666666666666,7553.35,UPI,HDFC,CARD_EXPIRED,7,RETRY_NOW,0
0.8831168831168831,0.7777777777777778,2712.31,WALLET,SBI,LIMIT_EXCEEDED,13,NO_ACTION,0
0.6521739130434783,0.5,1376.95,UPI,KOTAK,AUTHENTICATION_FAILED,23,NO_ACTION,0
0.7105263157894737,0.45454545454545453,6414.9,NETBANKING,HDFC,AUTHENTICATION_FAILED,16,RETRY_NOW,0
0.8181818181818182,0.5833333333333334,2192.33,NETBANKING,YESBANK,LIMIT_EXCEEDED,21,SEND_REMINDER,0
0.5555555555555556,0.45,8241.01,UPI,ICICI,CARD_EXPIRED,2,RETRY_NOW,0
0.6551724137931034,0.7,7349.4,UPI,ICICI,BANK_TIMEOUT,15,RETRY_NOW,1
0.6666666666666666,0.0,4548.19,UPI,ICICI,NETWORK_ERROR,4,SEND_REMINDER,0
0.75,1.0,4304.57,NETBANKING,SBI,CARD_EXPIRED,16,RETRY_NOW,1
0.7307692307692307,0.42857142857142855,545.03,WALLET,YESBANK,CARD_EXPIRED,11,RETRY_NOW,0
0.6363636363636364,0.5833333333333334,8943.88,NETBANKING,HDFC,BANK_TIMEOUT,7,RETRY_NOW,1
0.7105263157894737,0.45454545454545453,6414.9,NETBANKING,HDFC,AUTHENTICATION_FAILED,16,RETRY_LATER,0
0.8409090909090909,0.42857142857142855,2884.7,NETBANKING,HDFC,AUTHENTICATION_FAILED,11,NO_ACTION,0
0.8933333333333333,0.25,4299.19,UPI,YESBANK,CARD_EXPIRED,3,SEND_REMINDER,0
0.6916666666666667,0.32432432432432434,1559.47,WALLET,AXIS,INSUFFICIENT_FUNDS,12,RETRY_NOW,1
0.7377049180327869,0.4375,8650.23,NETBANKING,SBI,LIMIT_EXCEEDED,7,RETRY_NOW,0
0.5714285714285714,0.3333333333333333,6838.18,WALLET,ICICI,LIMIT_EXCEEDED,13,NO_ACTION,0
0.6951219512195121,0.36,7696.8,WALLET,SBI,LIMIT_EXCEEDED,14,RETRY_NOW,1
0.6666666666666666,0.4,161.7,UPI,SBI,AUTHENTICATION_FAILED,10,SEND_REMINDER,1
0.8771929824561403,0.5714285714285714,9804.03,NETBANKING,YESBANK,NETWORK_ERROR,3,SEND_REMINDER,1
0.8285714285714286,0.4166666666666667,209.01,WALLET,AXIS,CARD_EXPIRED,8,SEND_REMINDER,1
0.8157894736842105,0.8571428571428571,1531.26,WALLET,ICICI,NETWORK_ERROR,4,RETRY_NOW,1
0.6388888888888888,0.38461538461538464,4946.55,CARD,YESBANK,LIMIT_EXCEEDED,5,SEND_REMINDER,0
0.6346153846153846,0.631578947368421,2638.31,WALLET,SBI,NETWORK_ERROR,0,NO_ACTION,0
0.75,0.4,338.3,UPI,HDFC,LIMIT_EXCEEDED,9,RETRY_NOW,0
0.6867469879518072,0.6153846153846154,9451.48,NETBANKING,KOTAK,CARD_EXPIRED,2,NO_ACTION,0
0.6981132075471698,0.375,7144.46,NETBANKING,YESBANK,CARD_EXPIRED,15,NO_ACTION,0
0.6666666666666666,0.6,359.78,NETBANKING,YESBANK,CARD_EXPIRED,16,NO_ACTION,0
0.7,0.6666666666666666,152.99,UPI,HDFC,INSUFFICIENT_FUNDS,1,RETRY_NOW,1
0.9230769230769231,0.5,3368.48,NETBANKING,ICICI,BANK_TIMEOUT,0,SEND_REMINDER,0
0.7333333333333333,0.3333333333333333,1860.99,NETBANKING,SBI,BANK_TIMEOUT,1,RETRY_NOW,1
0.7416666666666667,0.4838709677419355,8395.72,CARD,YESBANK,AUTHENTICATION_FAILED,13,SEND_REMINDER,0
0.6363636363636364,0.55,3290.66,CARD,SBI,LIMIT_EXCEEDED,23,RETRY_NOW,0
0.7894736842105263,0.5,5617.81,WALLET,HDFC,NETWORK_ERROR,11,NO_ACTION,0
0.7241379310344828,0.5625,6003.25,WALLET,YESBANK,AUTHENTICATION_FAILED,17,RETRY_LATER,1
0.8421052631578947,0.6666666666666666,3739.09,CARD,YESBANK,CARD_EXPIRED,12,SEND_REMINDER,1
0.8245614035087719,0.4,1022.89,NETBANKING,ICICI,BANK_TIMEOUT,5,RETRY_NOW,0
0.6851851851851852,0.5882352941176471,5685.81,WALLET,ICICI,BANK_TIMEOUT,15,RETRY_NOW,1
0.8518518518518519,0.75,4854.56,WALLET,SBI,NETWORK_ERROR,12,RETRY_NOW,1
0.8085106382978723,0.5555555555555556,110.86,NETBANKING,KOTAK,AUTHENTICATION_FAILED,5,SEND_REMINDER,0
0.7340425531914894,0.48,2118.33,CARD,HDFC,LIMIT_EXCEEDED,17,RETRY_NOW,0
0.631578947368421,0.21428571428571427,4295.8,UPI,KOTAK,INSUFFICIENT_FUNDS,22,NO_ACTION,0
0.7058823529411765,0.3,1100.09,CARD,KOTAK,CARD_EXPIRED,13,NO_ACTION,0
0.8,0.8,6042.6,CARD,ICICI,NETWORK_ERROR,6,NO_ACTION,0
0.6486486486486487,0.3076923076923077,3914.05,CARD,ICICI,AUTHENTICATION_FAILED,8,SEND_REMINDER,1
0.7674418604651163,0.7,5589.02,UPI,HDFC,LIMIT_EXCEEDED,11,RETRY_NOW,0
0.8285714285714286,0.6666666666666666,8833.68,CARD,ICICI,AUTHENTICATION_FAILED,16,RETRY_NOW,0
0.6,0.625,7137.92,WALLET,ICICI,INSUFFICIENT_FUNDS,3,SEND_REMINDER,1
0.6176470588235294,0.6153846153846154,8149.03,WALLET,ICICI,AUTHENTICATION_FAILED,6,RETRY_LATER,0
0.6119402985074627,0.4230769230769231,106.14,NETBANKING,HDFC,BANK_TIMEOUT,15,RETRY_LATER,1
0.680327868852459,0.4358974358974359,9745.43,UPI,HDFC,LIMIT_EXCEEDED,11,RETRY_NOW,1
0.4444444444444444,0.2,3405.27,UPI,KOTAK,INSUFFICIENT_FUNDS,22,RETRY_LATER,0
0.7058823529411765,0.4,1802.02,NETBANKING,SBI,AUTHENTICATION_FAILED,15,RETRY_NOW,0
0.7755102040816326,0.36363636363636365,8500.86,UPI,ICICI,LIMIT_EXCEEDED,8,RETRY_LATER,1
0.0,1.0,2033.72,CARD,AXIS,BANK_TIMEOUT,7,NO_ACTION,0
0.7352941176470589,0.3333333333333333,1012.25,CARD,SBI,LIMIT_EXCEEDED,5,NO_ACTION,0
0.972027972027972,0.5,7003.52,WALLET,KOTAK,AUTHENTICATION_FAILED,15,SEND_REMINDER,1
0.6071428571428571,0.45454545454545453,6269.1,WALLET,KOTAK,INSUFFICIENT_FUNDS,11,RETRY_LATER,0
0.7976190476190477,0.5882352941176471,6939.41,NETBANKING,YESBANK,AUTHENTICATION_FAILED,19,SEND_REMINDER,0
0.5903614457831325,0.5588235294117647,1203.38,UPI,YESBANK,LIMIT_EXCEEDED,16,RETRY_NOW,0
0.7362637362637363,0.625,1270.59,NETBANKING,KOTAK,AUTHENTICATION_FAILED,1,RETRY_LATER,1
0.8045977011494253,0.5294117647058824,5692.55,UPI,KOTAK,BANK_TIMEOUT,21,RETRY_LATER,1
0.7848101265822784,0.4117647058823529,5903.89,WALLET,HDFC,AUTHENTICATION_FAILED,8,RETRY_NOW,1
0.7297297297297297,0.5,5808.96,WALLET,KOTAK,LIMIT_EXCEEDED,21,NO_ACTION,0
0.6756756756756757,0.4166666666666667,9984.82,NETBANKING,KOTAK,CARD_EXPIRED,18,RETRY_LATER,0
0.6140350877192983,0.4090909090909091,3831.89,CARD,HDFC,LIMIT_EXCEEDED,7,RETRY_LATER,0
0.5333333333333333,0.2857142857142857,4596.01,UPI,ICICI,INSUFFICIENT_FUNDS,21,SEND_REMINDER,1
0.6950354609929078,0.5348837209302325,3166.34,WALLET,HDFC,INSUFFICIENT_FUNDS,19,RETRY_NOW,0
0.6971830985915493,0.4418604651162791,3202.34,UPI,YESBANK,BANK_TIMEOUT,1,RETRY_NOW,0
0.6233766233766234,0.5517241379310345,8519.39,NETBANKING,HDFC,CARD_EXPIRED,17,SEND_REMINDER,1
0.8888888888888888,1.0,9078.32,CARD,HDFC,NETWORK_ERROR,13,SEND_REMINDER,0
0.8301886792452831,0.4444444444444444,7751.73,CARD,YESBANK,BANK_TIMEOUT,14,RETRY_NOW,1
0.6666666666666666,0.5,6745.21,NETBANKING,AXIS,INSUFFICIENT_FUNDS,1,SEND_REMINDER,1
0.6590909090909091,0.4,9302.37,WALLET,AXIS,CARD_EXPIRED,16,RETRY_LATER,1
0.875,0.5,2851.94,CARD,SBI,CARD_EXPIRED,5,NO_ACTION,0
0.717391304347826,0.7307692307692307,8618.14,WALLET,YESBANK,AUTHENTICATION_FAILED,15,SEND_REMINDER,1
0.8292682926829268,0.42857142857142855,8933.45,UPI,KOTAK,INSUFFICIENT_FUNDS,20,NO_ACTION,0
0.92,1.0,3591.82,NETBANKING,KOTAK,NETWORK_ERROR,18,RETRY_NOW,0
0.7142857142857143,0.5,5063.84,NETBANKING,SBI,CARD_EXPIRED,12,SEND_REMINDER,1
0.8611111111111112,0.4,2513.72,NETBANKING,HDFC,AUTHENTICATION_FAILED,22,RETRY_NOW,1
0.7203389830508474,0.45454545454545453,5532.76,CARD,YESBANK,BANK_TIMEOUT,22,NO_ACTION,0
0.6050420168067226,0.5319148936170213,6641.76,NETBANKING,ICICI,AUTHENTICATION_FAILED,5,SEND_REMINDER,1
0.6666666666666666,0.25,2830.2,WALLET,AXIS,INSUFFICIENT_FUNDS,5,SEND_REMINDER,1
0.5,0.3333333333333333,4713.96,CARD,KOTAK,LIMIT_EXCEEDED,21,RETRY_NOW,1
0.6666666666666666,0.0,7602.1,UPI,ICICI,AUTHENTICATION_FAILED,9,SEND_REMINDER,1
0.6875,0.5333333333333333,7780.63,CARD,ICICI,LIMIT_EXCEEDED,7,RETRY_LATER,1
0.6,1.0,3783.22,WALLET,SBI,INSUFFICIENT_FUNDS,11,RETRY_LATER,0
0.45454545454545453,0.3333333333333333,4701.0,WALLET,YESBANK,LIMIT_EXCEEDED,7,RETRY_LATER,0
0.89,0.36363636363636365,4412.82,NETBANKING,KOTAK,LIMIT_EXCEEDED,7,SEND_REMINDER,1
0.8,0.4,677.81,WALLET,KOTAK,AUTHENTICATION_FAILED,11,SEND_REMINDER,1
0.7383177570093458,0.6071428571428571,1122.84,NETBANKING,ICICI,NETWORK_ERROR,16,SEND_REMINDER,0
0.6590909090909091,0.4,9302.37,WALLET,AXIS,CARD_EXPIRED,16,NO_ACTION,0
0.7647058823529411,0.375,5616.19,CARD,ICICI,LIMIT_EXCEEDED,6,NO_ACTION,0
0.5384615384615384,0.5,1432.08,CARD,ICICI,BANK_TIMEOUT,12,SEND_REMINDER,0
0.6666666666666666,0.0,1442.13,WALLET,YESBANK,AUTHENTICATION_FAILED,1,SEND_REMINDER,1
0.6551724137931034,0.2,1864.53,WALLET,YESBANK,NETWORK_ERROR,20,RETRY_LATER,0
0.8985507246376812,0.42857142857142855,2930.74,UPI,HDFC,LIMIT_EXCEEDED,0,NO_ACTION,0
0.84,0.0,5727.98,NETBANKING,ICICI,NETWORK_ERROR,14,RETRY_NOW,1
0.775,0.5555555555555556,3479.09,UPI,AXIS,LIMIT_EXCEEDED,20,RETRY_NOW,1
0.7894736842105263,0.75,7428.26,WALLET,YESBANK,CARD_EXPIRED,22,SEND_REMINDER,0
0.6,0.5,4449.76,WALLET,ICICI,NETWORK_ERROR,4,SEND_REMINDER,0
0.7572815533980582,0.52,7614.72,UPI,YESBANK,NETWORK_ERROR,0,NO_ACTION,0
0.7941176470588235,0.42857142857142855,8540.18,WALLET,AXIS,CARD_EXPIRED,10,NO_ACTION,0
0.7835051546391752,0.6190476190476191,6839.05,CARD,YESBANK,INSUFFICIENT_FUNDS,17,NO_ACTION,0
0.8977272727272727,0.6666666666666666,5027.96,CARD,KOTAK,INSUFFICIENT_FUNDS,17,RETRY_NOW,0
0.9230769230769231,0.5,4637.75,NETBANKING,ICICI,AUTHENTICATION_FAILED,1,RETRY_LATER,0
0.8928571428571429,0.6666666666666666,1962.72,UPI,HDFC,NETWORK_ERROR,7,RETRY_LATER,0
0.803921568627451,0.5,1318.53,NETBANKING,YESBANK,LIMIT_EXCEEDED,19,RETRY_NOW,1
0.5652173913043478,0.5,8075.87,NETBANKING,HDFC,INSUFFICIENT_FUNDS,7,NO_ACTION,0
0.0,0.0,9253.2,WALLET,ICICI,INSUFFICIENT_FUNDS,3,NO_ACTION,0
0.7678571428571429,0.3076923076923077,2475.82,CARD,KOTAK,BANK_TIMEOUT,2,RETRY_LATER,1
0.7719298245614035,0.46153846153846156,2591.39,WALLET,SBI,NETWORK_ERROR,9,SEND_REMINDER,1
0.8709677419354839,1.0,8714.39,UPI,KOTAK,LIMIT_EXCEEDED,18,RETRY_LATER,0
0.6530612244897959,0.47058823529411764,744.17,UPI,YESBANK,LIMIT_EXCEEDED,10,RETRY_LATER,1
0.7425742574257426,0.2692307692307692,4514.04,CARD,KOTAK,LIMIT_EXCEEDED,1,RETRY_NOW,0
0.7777777777777778,0.4,7593.0,CARD,ICICI,AUTHENTICATION_FAILED,1,RETRY_NOW,1
0.6623376623376623,0.5,7504.39,NETBANKING,SBI,LIMIT_EXCEEDED,8,SEND_REMINDER,0
0.6976744186046512,0.6153846153846154,9482.43,CARD,HDFC,BANK_TIMEOUT,0,RETRY_LATER,1
0.8181818181818182,1.0,5517.58,NETBANKING,HDFC,AUTHENTICATION_FAILED,12,NO_ACTION,0
0.673469387755102,0.5625,9715.13,WALLET,HDFC,LIMIT_EXCEEDED,9,RETRY_LATER,1
0.8461538461538461,0.5,7711.23,NETBANKING,ICICI,LIMIT_EXCEEDED,12,RETRY_LATER,1
0.5,1.0,6452.71,WALLET,HDFC,LIMIT_EXCEEDED,19,RETRY_LATER,0
0.8468468468468469,0.5294117647058824,823.31,CARD,ICICI,CARD_EXPIRED,6,SEND_REMINDER,1
0.7906976744186046,0.6111111111111112,6275.84,UPI,SBI,NETWORK_ERROR,14,NO_ACTION,0
0.7777777777777778,0.4166666666666667,9645.66,NETBANKING,AXIS,BANK_TIMEOUT,1,NO_ACTION,0
0.5555555555555556,0.625,4228.71,WALLET,YESBANK,BANK_TIMEOUT,19,NO_ACTION,0
0.7714285714285715,0.375,7009.82,UPI,SBI,NETWORK_ERROR,8,NO_ACTION,0
0.6363636363636364,0.75,4849.45,NETBANKING,KOTAK,BANK_TIMEOUT,6,RETRY_NOW,1
0.6923076923076923,0.5,7926.95,WALLET,ICICI,BANK_TIMEOUT,4,RETRY_LATER,0
0.6216216216216216,0.5714285714285714,8245.89,CARD,SBI,AUTHENTICATION_FAILED,16,RETRY_NOW,1
0.7307692307692307,0.39285714285714285,9461.72,CARD,YESBANK,NETWORK_ERROR,20,RETRY_NOW,0
0.0,0.0,9526.52,WALLET,KOTAK,BANK_TIMEOUT,13,RETRY_LATER,0
0.7076923076923077,0.39473684210526316,335.78,CARD,ICICI,CARD_EXPIRED,8,RETRY_LATER,0
0.7926829268292683,0.47058823529411764,9120.45,NETBANKING,YESBANK,INSUFFICIENT_FUNDS,6,SEND_REMINDER,1
0.5409836065573771,0.6071428571428571,1264.23,CARD,KOTAK,CARD_EXPIRED,18,NO_ACTION,0
0.6904761904761905,0.38461538461538464,2201.78,UPI,YESBANK,INSUFFICIENT_FUNDS,5,NO_ACTION,0
0.7058823529411765,0.8,8349.15,NETBANKING,HDFC,AUTHENTICATION_FAILED,11,RETRY_NOW,1
0.8666666666666667,1.0,8895.83,UPI,YESBANK,LIMIT_EXCEEDED,17,NO_ACTION,0
0.8928571428571429,0.16666666666666666,8294.88,WALLET,SBI,CARD_EXPIRED,10,SEND_REMINDER,0
0.7037037037037037,0.625,1541.46,UPI,KOTAK,LIMIT_EXCEEDED,22,SEND_REMINDER,0
0.25,1.0,7835.82,NETBANKING,YESBANK,BANK_TIMEOUT,7,RETRY_NOW,1
0.9354838709677419,0.5,8258.94,CARD,AXIS,INSUFFICIENT_FUNDS,9,RETRY_NOW,0
0.8133333333333334,0.6428571428571429,1570.6,WALLET,ICICI,NETWORK_ERROR,9,RETRY_LATER,1
0.75,0.0,3115.68,UPI,ICICI,INSUFFICIENT_FUNDS,6,RETRY_LATER,0
0.6438356164383562,0.5384615384615384,6852.52,UPI,ICICI,CARD_EXPIRED,9,RETRY_NOW,1
0.5555555555555556,0.75,8348.11,CARD,AXIS,NETWORK_ERROR,11,NO_ACTION,0
0.7777777777777778,0.16666666666666666,9197.58,UPI,HDFC,AUTHENTICATION_FAILED,2,NO_ACTION,0
0.8333333333333334,0.5,6222.49,UPI,SBI,BANK_TIMEOUT,8,RETRY_NOW,1
0.9032258064516129,0.3333333333333333,3030.55,WALLET,KOTAK,LIMIT_EXCEEDED,6,NO_ACTION,0
0.7931034482758621,0.5,577.99,CARD,ICICI,CARD_EXPIRED,2,SEND_REMINDER,0
0.6153846153846154,0.4,5490.86,CARD,KOTAK,BANK_TIMEOUT,23,SEND_REMINDER,1
0.6666666666666666,1.0,5378.53,CARD,SBI,CARD_EXPIRED,16,NO_ACTION,0
0.7735849056603774,0.25,5667.06,NETBANKING,AXIS,CARD_EXPIRED,20,RETRY_LATER,0
0.7941176470588235,0.42857142857142855,8540.18,WALLET,AXIS,CARD_EXPIRED,10,RETRY_LATER,0
0.8214285714285714,0.3,7176.39,WALLET,SBI,INSUFFICIENT_FUNDS,21,NO_ACTION,0
0.6046511627906976,0.47058823529411764,6400.06,CARD,KOTAK,NETWORK_ERROR,19,SEND_REMINDER,1
0.75,0.25,7380.85,UPI,AXIS,AUTHENTICATION_FAILED,14,NO_ACTION,0
0.6601941747572816,0.5142857142857142,4047.97,WALLET,AXIS,CARD_EXPIRED,0,NO_ACTION,0
0.6551724137931034,0.7,7349.4,UPI,ICICI,BANK_TIMEOUT,15,SEND_REMINDER,1
0.8297872340425532,0.625,9725.61,WALLET,YESBANK,INSUFFICIENT_FUNDS,23,NO_ACTION,0
0.9384615384615385,0.75,7753.19,CARD,KOTAK,CARD_EXPIRED,0,SEND_REMINDER,1
0.5714285714285714,0.6666666666666666,9926.32,CARD,SBI,AUTHENTICATION_FAILED,12,SEND_REMINDER,0
0.6410256410256411,0.35714285714285715,4435.81,UPI,ICICI,BANK_TIMEOUT,11,NO_ACTION,0
0.5,0.75,4785.21,CARD,HDFC,BANK_TIMEOUT,11,NO_ACTION,0
0.6615384615384615,0.5,5777.55,CARD,AXIS,LIMIT_EXCEEDED,2,RETRY_NOW,0
0.7272727272727273,0.3333333333333333,817.78,NETBANKING,AXIS,INSUFFICIENT_FUNDS,11,SEND_REMINDER,0
0.711864406779661,0.4117647058823529,5750.45,WALLET,KOTAK,CARD_EXPIRED,18,SEND_REMINDER,0
0.8095238095238095,0.25,1249.16,WALLET,ICICI,BANK_TIMEOUT,15,RETRY_LATER,1
0.8169014084507042,0.38461538461538464,615.09,CARD,ICICI,CARD_EXPIRED,11,NO_ACTION,0
0.7868852459016393,0.46153846153846156,3479.7,NETBANKING,SBI,NETWORK_ERROR,5,RETRY_NOW,1
0.6976744186046512,0.5384615384615384,4246.91,UPI,AXIS,AUTHENTICATION_FAILED,2,RETRY_NOW,0
0.711340206185567,0.5357142857142857,2131.34,CARD,HDFC,LIMIT_EXCEEDED,4,NO_ACTION,0
0.8103448275862069,0.5454545454545454,8142.84,NETBANKING,HDFC,NETWORK_ERROR,7,SEND_REMINDER,0
0.875,0.6666666666666666,5145.23,UPI,ICICI,CARD_EXPIRED,21,RETRY_LATER,0
0.8723404255319149,0.3333333333333333,6404.0,WALLET,SBI,CARD_EXPIRED,23,RETRY_NOW,0
0.8297872340425532,0.5,3994.71,UPI,SBI,AUTHENTICATION_FAILED,4,RETRY_LATER,0
0.8,0.3333333333333333,1388.81,NETBANKING,AXIS,AUTHENTICATION_FAILED,18,NO_ACTION,0
0.6481481481481481,0.47368421052631576,8993.36,NETBANKING,YESBANK,CARD_EXPIRED,14,SEND_REMINDER,1
0.8653846153846154,0.7142857142857143,267.9,CARD,HDFC,AUTHENTICATION_FAILED,10,NO_ACTION,0
0.8333333333333334,0.5,6560.24,CARD,SBI,INSUFFICIENT_FUNDS,8,NO_ACTION,0
0.717391304347826,0.6153846153846154,9131.14,WALLET,YESBANK,AUTHENTICATION_FAILED,0,RETRY_LATER,1
0.759493670886076,0.5789473684210527,1629.17,CARD,YESBANK,BANK_TIMEOUT,13,SEND_REMINDER,0
0.6615384615384615,0.5,5777.55,CARD,AXIS,LIMIT_EXCEEDED,2,RETRY_LATER,0
0.7941176470588235,0.35714285714285715,1351.3,WALLET,AXIS,BANK_TIMEOUT,5,NO_ACTION,0
0.8695652173913043,1.0,4427.3,CARD,AXIS,AUTHENTICATION_FAILED,10,NO_ACTION,0
0.7053571428571429,0.45454545454545453,6711.68,UPI,YESBANK,LIMIT_EXCEEDED,8,NO_ACTION,0
0.6363636363636364,0.55,9619.05,WALLET,HDFC,CARD_EXPIRED,3,RETRY_LATER,0
0.9134615384615384,0.5555555555555556,3146.25,NETBANKING,ICICI,BANK_TIMEOUT,0,SEND_REMINDER,1
0.8823529411764706,0.5,330.37,NETBANKING,KOTAK,CARD_EXPIRED,12,RETRY_LATER,1
0.7222222222222222,0.8,3497.79,NETBANKING,YESBANK,AUTHENTICATION_FAILED,7,NO_ACTION,0
0.7868852459016393,0.38461538461538464,3245.68,WALLET,KOTAK,AUTHENTICATION_FAILED,8,SEND_REMINDER,0
0.875,1.0,8657.61,UPI,KOTAK,LIMIT_EXCEEDED,16,RETRY_LATER,1
0.45,0.45454545454545453,8995.12,UPI,HDFC,INSUFFICIENT_FUNDS,1,NO_ACTION,0
0.6981132075471698,0.375,7144.46,NETBANKING,YESBANK,CARD_EXPIRED,15,RETRY_NOW,0
0.759493670886076,0.5789473684210527,1629.17,CARD,YESBANK,BANK_TIMEOUT,13,RETRY_NOW,0
0.775,0.6111111111111112,7531.37,WALLET,KOTAK,INSUFFICIENT_FUNDS,2,SEND_REMINDER,0
0.6818181818181818,0.42857142857142855,736.62,WALLET,HDFC,INSUFFICIENT_FUNDS,22,RETRY_NOW,1
0.6666666666666666,0.6666666666666666,3492.67,CARD,ICICI,CARD_EXPIRED,5,NO_ACTION,0
0.7777777777777778,0.5,8338.69,CARD,YESBANK,INSUFFICIENT_FUNDS,0,RETRY_LATER,1
0.76,0.8333333333333334,6740.4,NETBANKING,KOTAK,NETWORK_ERROR,2,NO_ACTION,0
0.6341463414634146,0.5111111111111111,9838.27,CARD,ICICI,CARD_EXPIRED,18,RETRY_NOW,0
0.75,0.0,8640.8,CARD,HDFC,LIMIT_EXCEEDED,0,RETRY_LATER,1
0.8275862068965517,0.4,212.71,UPI,AXIS,BANK_TIMEOUT,17,RETRY_NOW,0
0.75,0.0,4984.72,UPI,AXIS,BANK_TIMEOUT,5,RETRY_LATER,1
0.8,0.0,341.97,UPI,AXIS,CARD_EXPIRED,15,RETRY_NOW,0
0.7014925373134329,0.5,5800.09,CARD,KOTAK,CARD_EXPIRED,20,RETRY_NOW,0
0.6630434782608695,0.3548387096774194,5041.61,WALLET,SBI,NETWORK_ERROR,5,RETRY_NOW,1
0.6818181818181818,0.5714285714285714,2195.04,WALLET,ICICI,INSUFFICIENT_FUNDS,22,RETRY_NOW,1
0.5,0.5,4450.81,NETBANKING,KOTAK,INSUFFICIENT_FUNDS,10,SEND_REMINDER,1
0.65,0.2857142857142857,3386.15,UPI,AXIS,BANK_TIMEOUT,17,NO_ACTION,0
0.7128712871287128,0.5172413793103449,7076.94,NETBANKING,YESBANK,LIMIT_EXCEEDED,15,RETRY_LATER,1
0.5,0.75,7441.89,CARD,YESBANK,BANK_TIMEOUT,7,NO_ACTION,0
0.7692307692307693,0.8333333333333334,6937.44,UPI,HDFC,AUTHENTICATION_FAILED,12,RETRY_NOW,1
0.7894736842105263,0.5,4162.83,WALLET,ICICI,CARD_EXPIRED,18,NO_ACTION,0
0.8461538461538461,0.25,8906.64,UPI,YESBANK,AUTHENTICATION_FAILED,3,NO_ACTION,0
0.6666666666666666,0.0,3436.11,UPI,ICICI,BANK_TIMEOUT,9,RETRY_NOW,1
0.6153846153846154,0.6,4326.88,WALLET,YESBANK,INSUFFICIENT_FUNDS,5,SEND_REMINDER,1
0.82,0.5555555555555556,6465.46,CARD,KOTAK,INSUFFICIENT_FUNDS,3,SEND_REMINDER,0
0.8085106382978723,0.4444444444444444,1847.84,NETBANKING,KOTAK,NETWORK_ERROR,12,NO_ACTION,0
0.9375,0.6666666666666666,733.47,CARD,SBI,NETWORK_ERROR,4,RETRY_LATER,0
0.7333333333333333,0.375,2876.16,NETBANKING,KOTAK,LIMIT_EXCEEDED,0,NO_ACTION,0
0.7397260273972602,0.42105263157894735,4495.49,WALLET,SBI,INSUFFICIENT_FUNDS,9,RETRY_NOW,0
0.55,0.3333333333333333,5337.28,CARD,KOTAK,INSUFFICIENT_FUNDS,21,RETRY_NOW,0
0.7105263157894737,0.8181818181818182,3279.18,WALLET,AXIS,AUTHENTICATION_FAILED,23,SEND_REMINDER,1
0.84251968503937,0.5,3444.63,WALLET,SBI,BANK_TIMEOUT,23,RETRY_NOW,0
0.6,0.5,9351.03,CARD,HDFC,CARD_EXPIRED,21,RETRY_LATER,0
0.625,0.0,6476.38,NETBANKING,AXIS,CARD_EXPIRED,5,NO_ACTION,0
0.6216216216216216,0.5714285714285714,8245.89,CARD,SBI,AUTHENTICATION_FAILED,16,NO_ACTION,0
0.8,0.4375,7797.8,NETBANKING,HDFC,LIMIT_EXCEEDED,11,RETRY_LATER,1
0.8863636363636364,0.6,788.3,WALLET,YESBANK,AUTHENTICATION_FAILED,16,RETRY_NOW,0
0.972027972027972,0.5,7003.52,WALLET,KOTAK,AUTHENTICATION_FAILED,15,NO_ACTION,0
0.9130434782608695,1.0,9467.59,NETBANKING,HDFC,NETWORK_ERROR,14,RETRY_NOW,1
0.7804878048780488,0.5555555555555556,8323.64,UPI,SBI,NETWORK_ERROR,2,RETRY_LATER,1
0.7115384615384616,0.4666666666666667,211.16,WALLET,AXIS,BANK_TIMEOUT,12,RETRY_NOW,1
0.4,0.3333333333333333,1280.21,UPI,ICICI,INSUFFICIENT_FUNDS,17,SEND_REMINDER,0
0.6785714285714286,0.2777777777777778,5434.62,NETBANKING,ICICI,BANK_TIMEOUT,9,SEND_REMINDER,0
0.9,1.0,3480.75,CARD,HDFC,CARD_EXPIRED,5,RETRY_LATER,0
0.7692307692307693,0.3333333333333333,3766.36,WALLET,ICICI,BANK_TIMEOUT,2,RETRY_LATER,1
0.9298245614035088,0.5,4380.65,NETBANKING,YESBANK,LIMIT_EXCEEDED,23,SEND_REMINDER,0
0.6964285714285714,0.6470588235294118,955.77,NETBANKING,KOTAK,BANK_TIMEOUT,12,RETRY_NOW,0
0.8214285714285714,0.6,9897.98,WALLET,ICICI,AUTHENTICATION_FAILED,18,RETRY_LATER,0
0.7283950617283951,0.5,7746.4,CARD,AXIS,INSUFFICIENT_FUNDS,3,SEND_REMINDER,1
0.9333333333333333,0.0,5959.18,CARD,HDFC,INSUFFICIENT_FUNDS,23,RETRY_LATER,0
0.6346153846153846,0.631578947368421,3780.02,UPI,AXIS,AUTHENTICATION_FAILED,5,RETRY_LATER,0
0.7906976744186046,0.5555555555555556,5592.68,NETBANKING,YESBANK,NETWORK_ERROR,9,SEND_REMINDER,0
0.6833333333333333,0.5526315789473685,6662.0,WALLET,KOTAK,LIMIT_EXCEEDED,9,RETRY_NOW,0
0.8888888888888888,1.0,7341.22,NETBANKING,ICICI,CARD_EXPIRED,11,SEND_REMINDER,1
0.8488372093023255,0.38461538461538464,2553.57,CARD,HDFC,INSUFFICIENT_FUNDS,19,SEND_REMINDER,1
0.7368421052631579,0.4,525.31,NETBANKING,AXIS,LIMIT_EXCEEDED,3,RETRY_LATER,1
0.7755102040816326,0.36363636363636365,2565.33,CARD,AXIS,BANK_TIMEOUT,5,NO_ACTION,0
0.6666666666666666,0.4,584.9,UPI,SBI,CARD_EXPIRED,2,RETRY_LATER,0
0.746031746031746,0.375,4237.33,CARD,AXIS,BANK_TIMEOUT,6,RETRY_NOW,0
0.7894736842105263,0.5,5617.81,WALLET,HDFC,NETWORK_ERROR,11,RETRY_LATER,1
0.7142857142857143,0.8333333333333334,1308.87,CARD,YESBANK,BANK_TIMEOUT,22,SEND_REMINDER,0
0.8181818181818182,0.6,5898.18,WALLET,HDFC,LIMIT_EXCEEDED,19,RETRY_NOW,1
0.5263157894736842,0.5555555555555556,868.89,CARD,YESBANK,NETWORK_ERROR,0,SEND_REMINDER,0
0.7692307692307693,0.6666666666666666,2318.43,WALLET,AXIS,LIMIT_EXCEEDED,20,RETRY_LATER,0
0.7663551401869159,0.44,9746.55,CARD,KOTAK,LIMIT_EXCEEDED,9,RETRY_LATER,1
0.746031746031746,0.5625,6969.73,WALLET,ICICI,INSUFFICIENT_FUNDS,21,NO_ACTION,0
0.6296296296296297,0.6666666666666666,2348.96,CARD,SBI,AUTHENTICATION_FAILED,4,RETRY_NOW,1
0.7596153846153846,0.28,3063.46,CARD,SBI,LIMIT_EXCEEDED,23,RETRY_NOW,1
0.782608695652174,0.4,8822.82,NETBANKING,AXIS,AUTHENTICATION_FAILED,22,RETRY_NOW,0
0.6363636363636364,0.625,5793.68,UPI,KOTAK,INSUFFICIENT_FUNDS,21,RETRY_NOW,0
0.75,0.25,7380.85,UPI,AXIS,AUTHENTICATION_FAILED,14,SEND_REMINDER,1
0.7551020408163265,0.75,5017.39,UPI,AXIS,INSUFFICIENT_FUNDS,7,NO_ACTION,0
0.7076923076923077,0.7894736842105263,135.92,NETBANKING,SBI,INSUFFICIENT_FUNDS,0,RETRY_LATER,0
0.6885245901639344,0.42105263157894735,1293.82,NETBANKING,SBI,AUTHENTICATION_FAILED,1,NO_ACTION,0
0.5555555555555556,0.3333333333333333,6139.15,WALLET,YESBANK,LIMIT_EXCEEDED,18,RETRY_LATER,1
0.7525773195876289,0.375,8106.36,NETBANKING,KOTAK,AUTHENTICATION_FAILED,20,SEND_REMINDER,0
0.5555555555555556,0.4166666666666667,519.33,NETBANKING,ICICI,LIMIT_EXCEEDED,13,RETRY_NOW,0
0.6666666666666666,0.2,8921.35,WALLET,HDFC,NETWORK_ERROR,15,SEND_REMINDER,0
0.6666666666666666,0.4,3726.6,CARD,SBI,LIMIT_EXCEEDED,15,NO_ACTION,0
0.7361111111111112,0.631578947368421,3742.41,NETBANKING,KOTAK,NETWORK_ERROR,16,RETRY_NOW,0
0.4,0.3333333333333333,8833.25,NETBANKING,AXIS,BANK_TIMEOUT,4,RETRY_NOW,0
0.8,0.6666666666666666,7553.35,UPI,HDFC,CARD_EXPIRED,7,RETRY_LATER,0
0.6949152542372882,0.5,4317.86,CARD,HDFC,INSUFFICIENT_FUNDS,6,RETRY_NOW,0
0.8333333333333334,0.6,2835.81,UPI,AXIS,AUTHENTICATION_FAILED,22,SEND_REMINDER,0
0.6434782608695652,0.5365853658536586,956.16,CARD,AXIS,AUTHENTICATION_FAILED,0,RETRY_LATER,0
0.631578947368421,0.6428571428571429,8720.59,UPI,SBI,AUTHENTICATION_FAILED,11,NO_ACTION,0
0.6470588235294118,0.6666666666666666,5157.12,UPI,HDFC,BANK_TIMEOUT,7,RETRY_NOW,1
0.890625,0.7142857142857143,3852.44,NETBANKING,SBI,AUTHENTICATION_FAILED,11,RETRY_NOW,1
0.7358490566037735,0.39285714285714285,2155.19,NETBANKING,HDFC,LIMIT_EXCEEDED,9,NO_ACTION,0
0.74,0.46153846153846156,9993.71,CARD,ICICI,BANK_TIMEOUT,23,RETRY_NOW,0
0.7428571428571429,0.5555555555555556,1078.9,WALLET,KOTAK,AUTHENTICATION_FAILED,14,SEND_REMINDER,1
0.7,0.6666666666666666,6207.26,NETBANKING,ICICI,CARD_EXPIRED,15,SEND_REMINDER,0
0.7966101694915254,0.5,7088.25,NETBANKING,SBI,BANK_TIMEOUT,21,SEND_REMINDER,0
0.625,0.5833333333333334,6041.88,CARD,HDFC,AUTHENTICATION_FAILED,14,RETRY_LATER,0
0.7671232876712328,0.5294117647058824,7006.89,CARD,ICICI,INSUFFICIENT_FUNDS,23,RETRY_LATER,0
0.5666666666666667,0.5384615384615384,8263.68,CARD,ICICI,CARD_EXPIRED,14,RETRY_LATER,0
0.5,1.0,3181.58,UPI,YESBANK,NETWORK_ERROR,21,RETRY_NOW,0
0.0,1.0,9162.58,NETBANKING,ICICI,NETWORK_ERROR,3,SEND_REMINDER,1
0.6923076923076923,0.75,2594.21,CARD,ICICI,INSUFFICIENT_FUNDS,14,RETRY_NOW,0
0.7049180327868853,0.3333333333333333,8899.84,CARD,YESBANK,CARD_EXPIRED,4,SEND_REMINDER,1
0.8829787234042553,0.45454545454545453,519.71,WALLET,HDFC,NETWORK_ERROR,18,RETRY_LATER,0
0.8,0.0,4221.9,NETBANKING,AXIS,BANK_TIMEOUT,20,RETRY_NOW,0
0.7878787878787878,0.42857142857142855,3050.94,WALLET,HDFC,NETWORK_ERROR,7,RETRY_LATER,1
0.6,0.5,2489.87,UPI,HDFC,BANK_TIMEOUT,20,RETRY_NOW,1
0.7105263157894737,0.36363636363636365,4860.76,NETBANKING,YESBANK,NETWORK_ERROR,7,RETRY_NOW,1
0.7413793103448276,0.5333333333333333,4664.0,CARD,AXIS,BANK_TIMEOUT,2,NO_ACTION,0
0.5384615384615384,0.5,4815.65,NETBANKING,KOTAK,NETWORK_ERROR,10,NO_ACTION,0
0.6557377049180327,0.38095238095238093,5125.78,WALLET,AXIS,BANK_TIMEOUT,5,SEND_REMINDER,1
0.6615384615384615,0.45454545454545453,7165.05,WALLET,KOTAK,AUTHENTICATION_FAILED,5,SEND_REMINDER,0
0.9482758620689655,0.3333333333333333,8777.81,NETBANKING,ICICI,BANK_TIMEOUT,12,NO_ACTION,0
0.5714285714285714,1.0,9481.49,NETBANKING,YESBANK,INSUFFICIENT_FUNDS,3,NO_ACTION,0
0.7647058823529411,0.5,3493.35,NETBANKING,SBI,INSUFFICIENT_FUNDS,12,RETRY_LATER,0
0.9310344827586207,0.5,6722.27,UPI,AXIS,CARD_EXPIRED,13,SEND_REMINDER,1
0.7857142857142857,0.6666666666666666,590.48,WALLET,SBI,NETWORK_ERROR,13,RETRY_NOW,0
0.75,0.0,4984.72,UPI,AXIS,BANK_TIMEOUT,5,NO_ACTION,0
0.8181818181818182,0.25,698.0,WALLET,SBI,AUTHENTICATION_FAILED,10,SEND_REMINDER,0
0.6,0.625,2241.52,NETBANKING,HDFC,NETWORK_ERROR,3,RETRY_LATER,0
0.7428571428571429,0.3888888888888889,3657.55,UPI,ICICI,AUTHENTICATION_FAILED,14,SEND_REMINDER,0
0.8269230769230769,0.5555555555555556,395.04,UPI,AXIS,BANK_TIMEOUT,17,NO_ACTION,0
0.7692307692307693,0.16666666666666666,7244.37,CARD,KOTAK,CARD_EXPIRED,6,RETRY_NOW,0
0.8,0.3333333333333333,4138.11,UPI,YESBANK,NETWORK_ERROR,10,RETRY_LATER,0
0.6885245901639344,0.42105263157894735,1293.82,NETBANKING,SBI,AUTHENTICATION_FAILED,1,RETRY_LATER,1
0.6,0.0,1598.37,UPI,HDFC,BANK_TIMEOUT,4,NO_ACTION,0
0.7361111111111112,0.631578947368421,3742.41,NETBANKING,KOTAK,NETWORK_ERROR,16,NO_ACTION,0
0.7777777777777778,0.625,2654.68,NETBANKING,HDFC,BANK_TIMEOUT,11,SEND_REMINDER,1
0.6363636363636364,0.5,8031.76,CARD,KOTAK,NETWORK_ERROR,12,SEND_REMINDER,0
0.68,0.4375,2238.69,CARD,HDFC,LIMIT_EXCEEDED,2,NO_ACTION,0
0.7777777777777778,0.0,4878.71,NETBANKING,KOTAK,INSUFFICIENT_FUNDS,6,RETRY_LATER,0
0.9404761904761905,0.6,5333.3,WALLET,HDFC,LIMIT_EXCEEDED,21,NO_ACTION,0
0.7586206896551724,0.42857142857142855,9023.85,CARD,ICICI,AUTHENTICATION_FAILED,15,SEND_REMINDER,1
0.6153846153846154,0.4,544.44,NETBANKING,HDFC,NETWORK_ERROR,20,SEND_REMINDER,1
0.8,0.0,8253.23,UPI,KOTAK,NETWORK_ERROR,23,NO_ACTION,0
0.696969696969697,0.6,6176.02,WALLET,AXIS,CARD_EXPIRED,7,NO_ACTION,0
0.8,0.3333333333333333,7936.45,NETBANKING,KOTAK,LIMIT_EXCEEDED,10,SEND_REMINDER,0
0.6451612903225806,0.45454545454545453,1260.23,UPI,KOTAK,INSUFFICIENT_FUNDS,18,SEND_REMINDER,0
0.7333333333333333,0.625,2980.66,NETBANKING,YESBANK,INSUFFICIENT_FUNDS,19,NO_ACTION,0
0.6818181818181818,0.42857142857142855,1052.35,CARD,KOTAK,LIMIT_EXCEEDED,20,SEND_REMINDER,0
0.6470588235294118,0.5833333333333334,1087.16,CARD,YESBANK,BANK_TIMEOUT,20,RETRY_LATER,0
0.8,0.375,4916.36,CARD,AXIS,CARD_EXPIRED,23,NO_ACTION,0
0.8947368421052632,0.125,8721.36,WALLET,AXIS,CARD_EXPIRED,11,SEND_REMINDER,1
0.7254901960784313,0.42857142857142855,4196.11,UPI,YESBANK,NETWORK_ERROR,12,RETRY_LATER,1
0.8085106382978723,0.5,4078.61,UPI,HDFC,CARD_EXPIRED,3,NO_ACTION,0
0.8227848101265823,0.2857142857142857,9924.37,NETBANKING,YESBANK,BANK_TIMEOUT,15,SEND_REMINDER,0
0.6136363636363636,0.35294117647058826,5929.73,WALLET,AXIS,CARD_EXPIRED,8,RETRY_LATER,0
0.9113924050632911,0.5714285714285714,890.63,UPI,ICICI,CARD_EXPIRED,11,NO_ACTION,0
0.6153846153846154,0.6,8607.65,CARD,KOTAK,INSUFFICIENT_FUNDS,20,SEND_REMINDER,1
0.9069767441860465,1.0,8560.94,UPI,ICICI,CARD_EXPIRED,16,NO_ACTION,0
0.5,0.0,7648.36,WALLET,KOTAK,AUTHENTICATION_FAILED,12,SEND_REMINDER,0
0.7761194029850746,0.5333333333333333,6575.53,UPI,HDFC,NETWORK_ERROR,22,NO_ACTION,0
0.9166666666666666,0.0,9952.0,NETBANKING,KOTAK,INSUFFICIENT_FUNDS,21,RETRY_NOW,0
0.7755102040816326,0.3181818181818182,2435.36,WALLET,HDFC,LIMIT_EXCEEDED,12,RETRY_LATER,0
0.7,0.3333333333333333,7126.33,CARD,KOTAK,LIMIT_EXCEEDED,15,RETRY_NOW,0
0.6236559139784946,0.6,5835.38,CARD,KOTAK,NETWORK_ERROR,14,RETRY_LATER,1
0.7592592592592593,0.46153846153846156,9484.18,NETBANKING,AXIS,NETWORK_ERROR,11,RETRY_LATER,1
0.47058823529411764,0.3333333333333333,2056.79,WALLET,AXIS,BANK_TIMEOUT,19,RETRY_NOW,0
0.7777777777777778,1.0,1687.06,CARD,KOTAK,BANK_TIMEOUT,20,SEND_REMINDER,1
0.8421052631578947,0.5333333333333333,4163.5,CARD,HDFC,BANK_TIMEOUT,12,RETRY_LATER,0
0.8852459016393442,0.42857142857142855,6026.74,CARD,AXIS,CARD_EXPIRED,2,RETRY_NOW,0
0.7628865979381443,0.6521739130434783,1484.67,UPI,KOTAK,LIMIT_EXCEEDED,20,RETRY_NOW,0
0.6991869918699187,0.7027027027027027,9600.94,UPI,SBI,CARD_EXPIRED,13,RETRY_LATER,0
0.6136363636363636,0.35294117647058826,5929.73,WALLET,AXIS,CARD_EXPIRED,8,NO_ACTION,0
0.7391304347826086,0.4444444444444444,1024.72,WALLET,KOTAK,NETWORK_ERROR,17,SEND_REMINDER,0
0.6,0.6,6060.99,UPI,ICICI,BANK_TIMEOUT,17,RETRY_LATER,0
0.7674418604651163,0.7,5589.02,UPI,HDFC,LIMIT_EXCEEDED,11,SEND_REMINDER,1
0.8947368421052632,0.5,3473.35,CARD,HDFC,AUTHENTICATION_FAILED,16,SEND_REMINDER,1
0.6198347107438017,0.43478260869565216,7321.54,NETBANKING,ICICI,INSUFFICIENT_FUNDS,18,SEND_REMINDER,1
0.8,0.0,6970.4,WALLET,SBI,AUTHENTICATION_FAILED,10,RETRY_LATER,0
0.75,0.4666666666666667,4420.41,CARD,YESBANK,INSUFFICIENT_FUNDS,22,SEND_REMINDER,1
0.0,1.0,7482.6,WALLET,YESBANK,INSUFFICIENT_FUNDS,22,RETRY_LATER,1
0.875,0.0,4482.94,NETBANKING,KOTAK,AUTHENTICATION_FAILED,1,NO_ACTION,0
0.5,0.0,8214.99,WALLET,KOTAK,LIMIT_EXCEEDED,16,SEND_REMINDER,0
0.7115384615384616,0.6,1959.57,WALLET,AXIS,CARD_EXPIRED,9,RETRY_NOW,0
0.9473684210526315,1.0,1776.93,CARD,SBI,CARD_EXPIRED,3,RETRY_LATER,1
0.7966101694915254,0.5,7088.25,NETBANKING,SBI,BANK_TIMEOUT,21,NO_ACTION,0
0.9347826086956522,0.6666666666666666,7489.31,CARD,SBI,NETWORK_ERROR,1,NO_ACTION,0
0.75,0.6818181818181818,1101.96,CARD,KOTAK,NETWORK_ERROR,13,RETRY_LATER,1
0.9047619047619048,0.5,7393.93,UPI,ICICI,BANK_TIMEOUT,23,NO_ACTION,0
0.8333333333333334,0.5,6222.49,UPI,SBI,BANK_TIMEOUT,8,NO_ACTION,0
0.6363636363636364,0.55,9619.05,WALLET,HDFC,CARD_EXPIRED,3,SEND_REMINDER,1
0.7,0.4666666666666667,7921.57,NETBANKING,YESBANK,BANK_TIMEOUT,22,RETRY_NOW,1
0.696969696969697,0.3,3858.84,CARD,ICICI,CARD_EXPIRED,14,SEND_REMINDER,1
0.7142857142857143,0.65,2693.11,WALLET,AXIS,BANK_TIMEOUT,20,SEND_REMINDER,1
0.8214285714285714,0.2,5806.37,CARD,HDFC,AUTHENTICATION_FAILED,3,RETRY_NOW,0
0.7777777777777778,0.5,2875.83,UPI,KOTAK,LIMIT_EXCEEDED,3,RETRY_LATER,0
0.5714285714285714,0.6666666666666666,2568.11,WALLET,SBI,AUTHENTICATION_FAILED,22,SEND_REMINDER,1
0.6515151515151515,0.6086956521739131,9298.28,NETBANKING,SBI,INSUFFICIENT_FUNDS,5,RETRY_NOW,0
0.6666666666666666,0.3333333333333333,7967.78,WALLET,KOTAK,INSUFFICIENT_FUNDS,4,NO_ACTION,0
0.7948717948717948,0.25,5606.45,WALLET,SBI,BANK_TIMEOUT,13,NO_ACTION,0
0.75,0.48148148148148145,1225.67,CARD,KOTAK,LIMIT_EXCEEDED,18,NO_ACTION,0
0.5517241379310345,0.5384615384615384,1006.42,WALLET,HDFC,AUTHENTICATION_FAILED,21,SEND_REMINDER,1
0.746031746031746,0.4375,8957.59,CARD,HDFC,AUTHENTICATION_FAILED,18,RETRY_NOW,0
0.8194444444444444,0.5384615384615384,2857.83,CARD,HDFC,AUTHENTICATION_FAILED,14,RETRY_LATER,1
0.9369369369369369,0.8571428571428571,2394.22,WALLET,SBI,INSUFFICIENT_FUNDS,3,RETRY_NOW,1
0.7777777777777778,0.4583333333333333,563.51,UPI,AXIS,BANK_TIMEOUT,0,NO_ACTION,0
0.7652173913043478,0.4444444444444444,1145.82,WALLET,KOTAK,INSUFFICIENT_FUNDS,5,RETRY_LATER,1
0.8468468468468469,0.5294117647058824,823.31,CARD,ICICI,CARD_EXPIRED,6,RETRY_NOW,0
0.9615384615384616,0.6,3247.42,CARD,ICICI,INSUFFICIENT_FUNDS,20,NO_ACTION,0
0.7641509433962265,0.4,6973.92,NETBANKING,KOTAK,INSUFFICIENT_FUNDS,17,RETRY_NOW,0
0.65625,0.6363636363636364,9853.33,NETBANKING,KOTAK,INSUFFICIENT_FUNDS,18,NO_ACTION,0
0.6666666666666666,0.2,9044.72,WALLET,SBI,CARD_EXPIRED,19,RETRY_NOW,0
0.6470588235294118,0.5555555555555556,4997.33,CARD,KOTAK,LIMIT_EXCEEDED,19,RETRY_LATER,1
0.5909090909090909,0.5555555555555556,6997.35,NETBANKING,HDFC,CARD_EXPIRED,14,RETRY_LATER,0
0.8428571428571429,0.5454545454545454,1130.5,UPI,ICICI,NETWORK_ERROR,6,RETRY_LATER,0
0.88,1.0,1986.63,NETBANKING,HDFC,CARD_EXPIRED,12,RETRY_LATER,0
0.7777777777777778,0.375,1858.05,UPI,HDFC,INSUFFICIENT_FUNDS,6,SEND_REMINDER,0
0.7333333333333333,0.5,6533.3,UPI,KOTAK,CARD_EXPIRED,2,NO_ACTION,0
0.5294117647058824,0.375,9434.35,NETBANKING,YESBANK,AUTHENTICATION_FAILED,5,RETRY_NOW,0
0.6881720430107527,0.5862068965517241,7877.02,CARD,KOTAK,NETWORK_ERROR,8,RETRY_NOW,1
0.6818181818181818,0.6666666666666666,4458.15,WALLET,SBI,LIMIT_EXCEEDED,18,NO_ACTION,0
0.8108108108108109,0.42857142857142855,5972.84,WALLET,AXIS,CARD_EXPIRED,2,SEND_REMINDER,0
0.5882352941176471,0.6428571428571429,3039.43,NETBANKING,HDFC,INSUFFICIENT_FUNDS,19,RETRY_LATER,1
0.48,0.5384615384615384,6746.58,CARD,HDFC,CARD_EXPIRED,10,RETRY_NOW,0
0.8181818181818182,0.5,6256.2,WALLET,KOTAK,BANK_TIMEOUT,18,NO_ACTION,0
0.75,0.5,7962.01,WALLET,SBI,AUTHENTICATION_FAILED,15,RETRY_NOW,0
0.9302325581395349,0.6666666666666666,6063.07,UPI,AXIS,LIMIT_EXCEEDED,21,NO_ACTION,0
0.8,0.5,8762.13,CARD,ICICI,LIMIT_EXCEEDED,16,RETRY_LATER,1
0.0,0.0,1174.83,UPI,SBI,BANK_TIMEOUT,6,RETRY_NOW,0
0.8333333333333334,0.625,4658.23,NETBANKING,AXIS,AUTHENTICATION_FAILED,14,NO_ACTION,0
0.8095238095238095,0.5,6073.32,WALLET,SBI,INSUFFICIENT_FUNDS,4,NO_ACTION,0
0.7297297297297297,0.8,5444.58,NETBANKING,YESBANK,LIMIT_EXCEEDED,12,SEND_REMINDER,1
0.7419354838709677,0.5,1138.74,CARD,AXIS,NETWORK_ERROR,14,RETRY_NOW,1
0.7346938775510204,0.46153846153846156,3661.62,CARD,HDFC,AUTHENTICATION_FAILED,17,RETRY_LATER,1
0.7796610169491526,0.46153846153846156,526.92,UPI,KOTAK,BANK_TIMEOUT,22,RETRY_LATER,1
0.6638655462184874,0.55,8977.46,CARD,HDFC,INSUFFICIENT_FUNDS,19,RETRY_NOW,0
0.7464788732394366,0.5,9693.8,NETBANKING,AXIS,NETWORK_ERROR,17,SEND_REMINDER,1
0.8387096774193549,0.0,3685.12,UPI,SBI,AUTHENTICATION_FAILED,5,SEND_REMINDER,0
0.8823529411764706,0.5,6621.48,NETBANKING,SBI,NETWORK_ERROR,21,RETRY_NOW,0
0.9456521739130435,0.6,9410.32,UPI,SBI,INSUFFICIENT_FUNDS,5,RETRY_NOW,1
0.6,0.5,7944.68,WALLET,SBI,NETWORK_ERROR,2,RETRY_LATER,1
0.8571428571428571,1.0,9719.63,NETBANKING,KOTAK,NETWORK_ERROR,7,RETRY_NOW,0
0.7777777777777778,0.4090909090909091,6301.87,NETBANKING,ICICI,AUTHENTICATION_FAILED,9,SEND_REMINDER,0
0.6551724137931034,0.7,473.06,UPI,HDFC,BANK_TIMEOUT,10,RETRY_LATER,1
0.6666666666666666,0.6666666666666666,1005.82,NETBANKING,HDFC,NETWORK_ERROR,15,SEND_REMINDER,0
0.5,0.3333333333333333,1485.9,WALLET,YESBANK,LIMIT_EXCEEDED,5,RETRY_NOW,0
0.8255813953488372,0.3333333333333333,8408.78,WALLET,HDFC,AUTHENTICATION_FAILED,15,SEND_REMINDER,0
0.6666666666666666,0.4,4764.14,WALLET,SBI,CARD_EXPIRED,7,SEND_REMINDER,0
0.776595744680851,0.42857142857142855,5811.51,CARD,AXIS,CARD_EXPIRED,16,SEND_REMINDER,0
0.6956521739130435,0.42857142857142855,2931.19,WALLET,HDFC,LIMIT_EXCEEDED,10,RETRY_LATER,0
0.7692307692307693,0.8,2887.75,CARD,KOTAK,INSUFFICIENT_FUNDS,8,RETRY_LATER,0
0.7777777777777778,0.5,8152.7,WALLET,SBI,BANK_TIMEOUT,7,RETRY_LATER,1
0.62,0.5263157894736842,2701.74,WALLET,KOTAK,BANK_TIMEOUT,18,SEND_REMINDER,0
0.6971830985915493,0.4418604651162791,8390.01,UPI,KOTAK,NETWORK_ERROR,18,NO_ACTION,0
0.7722772277227723,0.4782608695652174,8136.72,CARD,SBI,INSUFFICIENT_FUNDS,3,RETRY_LATER,1
0.7894736842105263,0.5,1384.94,UPI,HDFC,CARD_EXPIRED,7,NO_ACTION,0
0.9230769230769231,0.5,4637.75,NETBANKING,ICICI,AUTHENTICATION_FAILED,1,SEND_REMINDER,0
0.8135593220338984,0.5454545454545454,7550.99,CARD,HDFC,INSUFFICIENT_FUNDS,8,RETRY_LATER,1
0.8529411764705882,0.6,5098.58,UPI,HDFC,LIMIT_EXCEEDED,9,RETRY_NOW,0
0.8924731182795699,0.2,8184.23,NETBANKING,AXIS,AUTHENTICATION_FAILED,2,NO_ACTION,0
0.9032258064516129,0.5,151.45,WALLET,AXIS,INSUFFICIENT_FUNDS,18,NO_ACTION,0
0.6535433070866141,0.45454545454545453,1592.09,WALLET,SBI,CARD_EXPIRED,19,RETRY_NOW,0
0.8333333333333334,0.0,3523.41,NETBANKING,SBI,LIMIT_EXCEEDED,14,NO_ACTION,0
0.7685185185185185,0.8,3085.47,CARD,ICICI,CARD_EXPIRED,0,RETRY_NOW,0
0.65,0.42857142857142855,1830.0,CARD,KOTAK,INSUFFICIENT_FUNDS,14,SEND_REMINDER,1
0.8,0.375,3875.98,WALLET,ICICI,BANK_TIMEOUT,20,RETRY_NOW,0
0.8536585365853658,0.5,5386.96,NETBANKING,KOTAK,AUTHENTICATION_FAILED,7,RETRY_LATER,1
0.6666666666666666,0.36585365853658536,7023.03,CARD,YESBANK,INSUFFICIENT_FUNDS,21,SEND_REMINDER,1
0.711864406779661,0.4117647058823529,5750.45,WALLET,KOTAK,CARD_EXPIRED,18,RETRY_NOW,1
0.6521739130434783,0.625,8955.09,CARD,HDFC,LIMIT_EXCEEDED,21,RETRY_NOW,0
0.5909090909090909,0.4444444444444444,4552.41,WALLET,AXIS,CARD_EXPIRED,14,SEND_REMINDER,0
0.7426470588235294,0.5142857142857142,8510.07,CARD,HDFC,NETWORK_ERROR,13,SEND_REMINDER,1
0.5,0.5,8078.15,NETBANKING,ICICI,CARD_EXPIRED,3,RETRY_LATER,1
0.6428571428571429,0.6,1121.06,CARD,ICICI,BANK_TIMEOUT,0,NO_ACTION,0
0.8,0.5,7309.55,CARD,SBI,LIMIT_EXCEEDED,11,NO_ACTION,0
0.8,0.6,7313.45,UPI,YESBANK,CARD_EXPIRED,5,NO_ACTION,0
0.7142857142857143,0.5,8183.97,NETBANKING,ICICI,CARD_EXPIRED,2,RETRY_NOW,0
0.6835443037974683,0.4,3568.25,WALLET,KOTAK,CARD_EXPIRED,6,RETRY_NOW,0
0.744,0.46875,3213.7,NETBANKING,YESBANK,BANK_TIMEOUT,11,SEND_REMINDER,1
0.6119402985074627,0.4230769230769231,106.14,NETBANKING,HDFC,BANK_TIMEOUT,15,NO_ACTION,0
0.7857142857142857,0.5,7105.54,UPI,SBI,CARD_EXPIRED,6,SEND_REMINDER,1
0.7441860465116279,0.4090909090909091,2788.32,NETBANKING,AXIS,NETWORK_ERROR,3,RETRY_NOW,1
0.7297297297297297,0.7,4190.66,UPI,SBI,NETWORK_ERROR,17,NO_ACTION,0
0.6666666666666666,0.45454545454545453,968.93,WALLET,KOTAK,AUTHENTICATION_FAILED,16,RETRY_NOW,0
0.9130434782608695,0.5,8462.42,WALLET,SBI,BANK_TIMEOUT,2,NO_ACTION,0
0.8,0.5,8762.13,CARD,ICICI,LIMIT_EXCEEDED,16,SEND_REMINDER,0
0.6666666666666666,0.45454545454545453,968.93,WALLET,KOTAK,AUTHENTICATION_FAILED,16,RETRY_LATER,1
0.6666666666666666,0.5,9396.55,NETBANKING,ICICI,NETWORK_ERROR,13,RETRY_LATER,1
0.7777777777777778,0.6,9476.39,UPI,KOTAK,BANK_TIMEOUT,4,RETRY_LATER,0
0.75,0.5714285714285714,3524.04,CARD,KOTAK,NETWORK_ERROR,10,SEND_REMINDER,0
0.7407407407407407,0.7142857142857143,923.56,NETBANKING,ICICI,AUTHENTICATION_FAILED,0,NO_ACTION,0
0.6666666666666666,0.0,4548.19,UPI,ICICI,NETWORK_ERROR,4,NO_ACTION,0
0.7924528301886793,0.5454545454545454,1206.92,WALLET,YESBANK,LIMIT_EXCEEDED,22,SEND_REMINDER,1
0.7777777777777778,1.0,2380.97,WALLET,ICICI,AUTHENTICATION_FAILED,14,NO_ACTION,0
0.8524590163934426,0.4444444444444444,2420.1,CARD,SBI,INSUFFICIENT_FUNDS,2,SEND_REMINDER,1
0.9090909090909091,0.0,3109.17,CARD,SBI,AUTHENTICATION_FAILED,15,RETRY_NOW,0
0.8125,0.5555555555555556,3166.47,NETBANKING,AXIS,CARD_EXPIRED,0,NO_ACTION,0
0.7894736842105263,0.75,2172.71,CARD,HDFC,CARD_EXPIRED,3,NO_ACTION,0
0.7391304347826086,0.4444444444444444,1024.72,WALLET,KOTAK,NETWORK_ERROR,17,RETRY_LATER,1
0.6666666666666666,0.0,5653.85,WALLET,SBI,BANK_TIMEOUT,3,SEND_REMINDER,0
0.7230769230769231,0.2777777777777778,4475.97,WALLET,YESBANK,CARD_EXPIRED,8,NO_ACTION,0
0.875,0.42857142857142855,3218.49,NETBANKING,AXIS,BANK_TIMEOUT,0,RETRY_LATER,1
0.625,0.6666666666666666,1657.11,CARD,HDFC,AUTHENTICATION_FAILED,15,NO_ACTION,0
0.7380952380952381,0.36363636363636365,460.42,CARD,HDFC,NETWORK_ERROR,23,SEND_REMINDER,0
0.5657894736842105,0.5454545454545454,8824.43,WALLET,ICICI,INSUFFICIENT_FUNDS,13,SEND_REMINDER,1
0.7592592592592593,0.34615384615384615,5343.53,NETBANKING,KOTAK,AUTHENTICATION_FAILED,6,RETRY_NOW,1
0.75,0.3333333333333333,8378.16,CARD,AXIS,NETWORK_ERROR,2,RETRY_LATER,1
0.6153846153846154,0.6,8607.65,CARD,KOTAK,INSUFFICIENT_FUNDS,20,RETRY_NOW,0
0.0,0.6666666666666666,1863.61,UPI,ICICI,LIMIT_EXCEEDED,8,RETRY_LATER,0
0.5,0.6666666666666666,8185.66,CARD,ICICI,CARD_EXPIRED,1,SEND_REMINDER,0
0.9642857142857143,0.0,4232.78,NETBANKING,KOTAK,AUTHENTICATION_FAILED,13,NO_ACTION,0
0.7105263157894737,0.36363636363636365,4860.76,NETBANKING,YESBANK,NETWORK_ERROR,7,RETRY_LATER,0
0.7575757575757576,0.5,360.75,NETBANKING,KOTAK,BANK_TIMEOUT,11,RETRY_LATER,1
0.6363636363636364,0.5,2017.78,NETBANKING,KOTAK,BANK_TIMEOUT,16,RETRY_NOW,1
0.6842105263157895,0.7222222222222222,3360.59,WALLET,SBI,CARD_EXPIRED,15,NO_ACTION,0
0.75,0.0,3115.68,UPI,ICICI,INSUFFICIENT_FUNDS,6,RETRY_NOW,0
0.8024691358024691,0.5625,1633.59,NETBANKING,KOTAK,BANK_TIMEOUT,20,NO_ACTION,0
0.6153846153846154,0.6,7385.51,CARD,HDFC,NETWORK_ERROR,1,NO_ACTION,0
0.776595744680851,0.42857142857142855,5811.51,CARD,AXIS,CARD_EXPIRED,16,NO_ACTION,0
0.84,0.5,258.06,UPI,SBI,LIMIT_EXCEEDED,9,SEND_REMINDER,0
0.7295081967213115,0.42424242424242425,6519.84,CARD,YESBANK,AUTHENTICATION_FAILED,21,RETRY_NOW,0
0.6666666666666666,1.0,6607.78,WALLET,KOTAK,LIMIT_EXCEEDED,2,SEND_REMINDER,1
0.3333333333333333,0.5,7947.45,UPI,YESBANK,INSUFFICIENT_FUNDS,5,RETRY_LATER,0
0.7962962962962963,0.5454545454545454,4191.11,NETBANKING,ICICI,BANK_TIMEOUT,3,SEND_REMINDER,0
0.6,1.0,4179.19,NETBANKING,ICICI,AUTHENTICATION_FAILED,15,RETRY_NOW,0
0.6867469879518072,0.6153846153846154,9451.48,NETBANKING,KOTAK,CARD_EXPIRED,2,RETRY_NOW,0
0.75,0.4117647058823529,8366.76,UPI,ICICI,LIMIT_EXCEEDED,23,NO_ACTION,0
0.7572815533980582,0.52,3624.04,WALLET,YESBANK,CARD_EXPIRED,12,NO_ACTION,0
0.8125,0.5333333333333333,5560.45,NETBANKING,HDFC,BANK_TIMEOUT,6,NO_ACTION,0
0.7543859649122807,0.4642857142857143,4004.23,UPI,YESBANK,BANK_TIMEOUT,0,RETRY_NOW,1
0.7747747747747747,0.6,7065.34,CARD,AXIS,CARD_EXPIRED,6,RETRY_NOW,0
0.7333333333333333,0.5,6533.3,UPI,KOTAK,CARD_EXPIRED,2,RETRY_LATER,1
0.7,0.4444444444444444,3147.03,UPI,KOTAK,BANK_TIMEOUT,10,SEND_REMINDER,1
0.5,1.0,8669.42,CARD,HDFC,CARD_EXPIRED,22,RETRY_NOW,0
0.7368421052631579,0.4,4970.11,CARD,AXIS,INSUFFICIENT_FUNDS,13,SEND_REMINDER,1
0.7333333333333333,0.5,5715.26,NETBANKING,YESBANK,INSUFFICIENT_FUNDS,5,SEND_REMINDER,0
0.8412698412698413,0.8,6483.73,UPI,YESBANK,NETWORK_ERROR,21,RETRY_NOW,1
0.7142857142857143,0.5,4698.15,NETBANKING,YESBANK,BANK_TIMEOUT,14,NO_ACTION,0
0.8,1.0,7833.35,WALLET,HDFC,CARD_EXPIRED,5,RETRY_NOW,1
0.7844827586206896,0.64,5441.3,NETBANKING,KOTAK,AUTHENTICATION_FAILED,15,RETRY_NOW,1
0.8875,0.1111111111111111,8192.47,NETBANKING,SBI,NETWORK_ERROR,2,SEND_REMINDER,0
0.8421052631578947,0.6666666666666666,3739.09,CARD,YESBANK,CARD_EXPIRED,12,RETRY_LATER,0
0.8,0.5833333333333334,6419.67,WALLET,HDFC,LIMIT_EXCEEDED,21,SEND_REMINDER,0
0.5555555555555556,0.3333333333333333,6139.15,WALLET,YESBANK,LIMIT_EXCEEDED,18,RETRY_NOW,1
0.9473684210526315,0.3333333333333333,383.62,CARD,ICICI,LIMIT_EXCEEDED,19,NO_ACTION,0
0.7777777777777778,1.0,2380.97,WALLET,ICICI,AUTHENTICATION_FAILED,14,RETRY_LATER,0
0.6814814814814815,0.3953488372093023,7846.96,UPI,ICICI,BANK_TIMEOUT,13,NO_ACTION,0
0.7604166666666666,0.5217391304347826,8140.88,UPI,HDFC,NETWORK_ERROR,5,RETRY_NOW,0
0.6666666666666666,0.3333333333333333,5983.13,WALLET,ICICI,NETWORK_ERROR,9,NO_ACTION,0
0.7246376811594203,0.3684210526315789,8790.1,WALLET,YESBANK,BANK_TIMEOUT,20,RETRY_NOW,1
0.875,0.0,4482.94,NETBANKING,KOTAK,AUTHENTICATION_FAILED,1,RETRY_NOW,0
0.6086956521739131,0.5555555555555556,3565.2,UPI,AXIS,BANK_TIMEOUT,6,NO_ACTION,0
0.6666666666666666,0.4,584.9,UPI,SBI,CARD_EXPIRED,2,NO_ACTION,0
0.8181818181818182,0.5,3083.35,NETBANKING,KOTAK,INSUFFICIENT_FUNDS,20,RETRY_LATER,1
0.6071428571428571,0.45454545454545453,6269.1,WALLET,KOTAK,INSUFFICIENT_FUNDS,11,NO_ACTION,0
0.8823529411764706,0.5,691.22,NETBANKING,ICICI,CARD_EXPIRED,6,NO_ACTION,0
0.88,0.0,7356.47,NETBANKING,YESBANK,LIMIT_EXCEEDED,1,RETRY_LATER,0
0.8241758241758241,0.6875,2111.98,CARD,HDFC,AUTHENTICATION_FAILED,4,RETRY_LATER,0
0.6486486486486487,0.46153846153846156,1685.88,UPI,KOTAK,BANK_TIMEOUT,18,SEND_REMINDER,1
0.75,0.3333333333333333,6879.43,WALLET,HDFC,CARD_EXPIRED,3,RETRY_NOW,0
0.7931034482758621,0.5,6692.91,CARD,HDFC,AUTHENTICATION_FAILED,7,RETRY_NOW,1
0.5294117647058824,0.375,9434.35,NETBANKING,YESBANK,AUTHENTICATION_FAILED,5,RETRY_LATER,0
0.7575757575757576,0.75,311.89,UPI,ICICI,INSUFFICIENT_FUNDS,23,SEND_REMINDER,0
0.6666666666666666,0.6,359.78,NETBANKING,YESBANK,CARD_EXPIRED,16,RETRY_NOW,0
0.6990291262135923,0.5483870967741935,2582.15,CARD,ICICI,INSUFFICIENT_FUNDS,6,SEND_REMINDER,1
0.6666666666666666,0.7777777777777778,4683.57,NETBANKING,AXIS,CARD_EXPIRED,6,RETRY_LATER,0
0.6875,0.4666666666666667,8700.68,WALLET,SBI,AUTHENTICATION_FAILED,8,RETRY_NOW,0
0.7241379310344828,0.375,9497.73,CARD,AXIS,BANK_TIMEOUT,6,RETRY_NOW,1
0.9134615384615384,0.5555555555555556,3146.25,NETBANKING,ICICI,BANK_TIMEOUT,0,RETRY_LATER,0
0.7702702702702703,0.47058823529411764,1904.03,NETBANKING,ICICI,AUTHENTICATION_FAILED,23,NO_ACTION,0
0.6823529411764706,0.48148148148148145,8280.15,WALLET,AXIS,CARD_EXPIRED,15,RETRY_LATER,0
0.9,1.0,7812.49,NETBANKING,HDFC,NETWORK_ERROR,2,NO_ACTION,0
0.7906976744186046,0.5,6875.51,WALLET,KOTAK,CARD_EXPIRED,1,RETRY_NOW,0
0.9591836734693877,1.0,5176.06,WALLET,KOTAK,LIMIT_EXCEEDED,8,RETRY_NOW,0
0.6818181818181818,0.6428571428571429,534.05,NETBANKING,KOTAK,BANK_TIMEOUT,12,RETRY_LATER,0
0.875,0.3333333333333333,9970.07,CARD,YESBANK,NETWORK_ERROR,8,RETRY_LATER,1
0.8225806451612904,0.5454545454545454,8124.71,WALLET,YESBANK,BANK_TIMEOUT,10,RETRY_NOW,0
0.6379310344827587,0.47619047619047616,7662.63,WALLET,YESBANK,CARD_EXPIRED,19,NO_ACTION,0
0.7524752475247525,0.72,3934.59,NETBANKING,ICICI,NETWORK_ERROR,17,RETRY_LATER,1
0.7083333333333334,0.5142857142857142,6142.41,WALLET,SBI,CARD_EXPIRED,4,RETRY_LATER,1
0.8125,0.3333333333333333,1659.85,WALLET,KOTAK,LIMIT_EXCEEDED,15,RETRY_LATER,1
0.7777777777777778,0.3333333333333333,1081.77,NETBANKING,KOTAK,INSUFFICIENT_FUNDS,21,RETRY_NOW,0
0.9069767441860465,0.375,2797.17,CARD,KOTAK,BANK_TIMEOUT,0,SEND_REMINDER,1
0.25,0.3333333333333333,6951.6,NETBANKING,AXIS,NETWORK_ERROR,11,NO_ACTION,0
0.7105263157894737,0.2727272727272727,2821.84,CARD,YESBANK,INSUFFICIENT_FUNDS,10,SEND_REMINDER,0
0.8064516129032258,0.3333333333333333,9677.73,CARD,YESBANK,CARD_EXPIRED,13,NO_ACTION,0
0.7142857142857143,0.3333333333333333,2754.38,NETBANKING,HDFC,NETWORK_ERROR,1,NO_ACTION,0
0.7714285714285715,0.375,5130.65,NETBANKING,YESBANK,NETWORK_ERROR,13,NO_ACTION,0
0.9302325581395349,1.0,5711.67,WALLET,YESBANK,BANK_TIMEOUT,13,SEND_REMINDER,1
0.7608695652173914,0.6363636363636364,3525.7,UPI,SBI,INSUFFICIENT_FUNDS,18,RETRY_LATER,0
0.625,0.6666666666666666,2132.35,UPI,HDFC,INSUFFICIENT_FUNDS,8,SEND_REMINDER,0
0.8073394495412844,0.6190476190476191,4833.01,UPI,SBI,NETWORK_ERROR,21,SEND_REMINDER,1
0.7608695652173914,0.6363636363636364,6742.58,CARD,YESBANK,INSUFFICIENT_FUNDS,5,SEND_REMINDER,0
0.6097560975609756,0.3125,4129.22,NETBANKING,HDFC,CARD_EXPIRED,0,SEND_REMINDER,0
0.7681159420289855,0.5,6095.82,WALLET,HDFC,LIMIT_EXCEEDED,14,RETRY_NOW,1
0.631578947368421,0.5,2545.38,UPI,SBI,BANK_TIMEOUT,7,RETRY_LATER,1
0.8775510204081632,0.8333333333333334,1656.69,NETBANKING,KOTAK,NETWORK_ERROR,13,SEND_REMINDER,1
0.7763157894736842,0.29411764705882354,6871.87,NETBANKING,AXIS,AUTHENTICATION_FAILED,15,NO_ACTION,0
0.7,0.6666666666666666,8955.8,UPI,HDFC,AUTHENTICATION_FAILED,12,NO_ACTION,0
0.7575757575757576,0.625,9150.92,UPI,SBI,LIMIT_EXCEEDED,23,SEND_REMINDER,0
0.8214285714285714,0.5,2089.53,WALLET,YESBANK,LIMIT_EXCEEDED,23,RETRY_LATER,1
0.6153846153846154,0.6,8490.59,WALLET,SBI,INSUFFICIENT_FUNDS,11,RETRY_NOW,0
0.7391304347826086,0.4444444444444444,1024.72,WALLET,KOTAK,NETWORK_ERROR,17,NO_ACTION,0
0.7058823529411765,0.4,6287.1,WALLET,AXIS,INSUFFICIENT_FUNDS,12,RETRY_NOW,1
0.75,0.5,8239.6,UPI,AXIS,AUTHENTICATION_FAILED,17,RETRY_NOW,0
0.6,0.5,6446.08,UPI,SBI,BANK_TIMEOUT,1,NO_ACTION,0
0.7191011235955056,0.76,5740.65,UPI,AXIS,CARD_EXPIRED,3,NO_ACTION,0
0.8823529411764706,0.5,9983.08,UPI,AXIS,BANK_TIMEOUT,20,RETRY_LATER,1
0.6973684210526315,0.5652173913043478,8480.75,WALLET,AXIS,CARD_EXPIRED,20,RETRY_LATER,0
0.9047619047619048,0.25,2719.0,WALLET,KOTAK,AUTHENTICATION_FAILED,9,SEND_REMINDER,0
0.9222222222222223,0.42857142857142855,5269.45,WALLET,AXIS,BANK_TIMEOUT,19,RETRY_LATER,1
0.4,0.3333333333333333,7942.05,UPI,KOTAK,AUTHENTICATION_FAILED,9,NO_ACTION,0
0.6632653061224489,0.3939393939393939,2643.65,CARD,HDFC,INSUFFICIENT_FUNDS,6,SEND_REMINDER,1
0.7777777777777778,0.625,2654.68,NETBANKING,HDFC,BANK_TIMEOUT,11,NO_ACTION,0
0.8688524590163934,0.625,1077.21,CARD,SBI,CARD_EXPIRED,18,RETRY_LATER,0
0.5211267605633803,0.5588235294117647,9252.91,CARD,AXIS,AUTHENTICATION_FAILED,14,NO_ACTION,0
0.6867469879518072,0.6153846153846154,9451.48,NETBANKING,KOTAK,CARD_EXPIRED,2,RETRY_LATER,0
0.75,1.0,8444.71,WALLET,KOTAK,CARD_EXPIRED,19,RETRY_LATER,1
0.7727272727272727,0.4,1780.8,WALLET,ICICI,CARD_EXPIRED,18,RETRY_NOW,0
0.7294117647058823,0.5217391304347826,4892.73,WALLET,AXIS,CARD_EXPIRED,20,RETRY_NOW,0
0.6590909090909091,0.4,7765.88,CARD,HDFC,NETWORK_ERROR,11,NO_ACTION,0
0.7906976744186046,0.3333333333333333,4051.96,NETBANKING,KOTAK,INSUFFICIENT_FUNDS,18,RETRY_NOW,1
0.8,0.3333333333333333,3347.71,UPI,YESBANK,NETWORK_ERROR,3,RETRY_NOW,1
0.7962962962962963,0.5454545454545454,4191.11,NETBANKING,ICICI,BANK_TIMEOUT,3,NO_ACTION,0
0.8888888888888888,0.5714285714285714,161.65,UPI,SBI,AUTHENTICATION_FAILED,15,RETRY_LATER,1
0.6666666666666666,0.2857142857142857,3354.95,NETBANKING,ICICI,INSUFFICIENT_FUNDS,21,NO_ACTION,0
0.85,0.6666666666666666,8638.01,CARD,AXIS,CARD_EXPIRED,10,RETRY_LATER,1
0.7291666666666666,0.6153846153846154,8475.0,WALLET,SBI,INSUFFICIENT_FUNDS,16,NO_ACTION,0
0.8157894736842105,0.2857142857142857,8313.58,NETBANKING,SBI,NETWORK_ERROR,19,RETRY_NOW,1
0.7894736842105263,0.5,2773.77,NETBANKING,AXIS,INSUFFICIENT_FUNDS,13,SEND_REMINDER,0
0.6666666666666666,1.0,6607.78,WALLET,KOTAK,LIMIT_EXCEEDED,2,RETRY_NOW,0
0.6666666666666666,0.29411764705882354,4541.49,WALLET,HDFC,CARD_EXPIRED,23,RETRY_NOW,0
0.7868852459016393,0.46153846153846156,3479.7,NETBANKING,SBI,NETWORK_ERROR,5,NO_ACTION,0
0.8157894736842105,0.42857142857142855,134.85,NETBANKING,KOTAK,INSUFFICIENT_FUNDS,15,RETRY_LATER,1
0.2857142857142857,0.2,6601.44,WALLET,HDFC,CARD_EXPIRED,0,SEND_REMINDER,0
0.75,1.0,2728.53,UPI,ICICI,BANK_TIMEOUT,12,SEND_REMINDER,1
0.7333333333333333,0.375,1609.06,CARD,YESBANK,NETWORK_ERROR,16,RETRY_LATER,1
0.7164179104477612,0.42105263157894735,2513.05,UPI,AXIS,INSUFFICIENT_FUNDS,12,NO_ACTION,0
0.6956521739130435,0.5714285714285714,9643.37,WALLET,YESBANK,INSUFFICIENT_FUNDS,19,RETRY_LATER,0
0.7142857142857143,0.5833333333333334,8787.3,NETBANKING,SBI,AUTHENTICATION_FAILED,10,RETRY_LATER,1
0.7525773195876289,0.375,8106.36,NETBANKING,KOTAK,AUTHENTICATION_FAILED,20,RETRY_NOW,1
0.7719298245614035,0.3076923076923077,1304.07,WALLET,SBI,NETWORK_ERROR,4,RETRY_LATER,0
0.8317757009345794,0.6666666666666666,7575.67,NETBANKING,SBI,NETWORK_ERROR,14,RETRY_LATER,1
0.8297872340425532,0.75,7324.36,UPI,YESBANK,LIMIT_EXCEEDED,18,SEND_REMINDER,1
0.6271186440677966,0.6818181818181818,5978.34,NETBANKING,ICICI,NETWORK_ERROR,1,SEND_REMINDER,1
0.6050420168067226,0.5319148936170213,6641.76,NETBANKING,ICICI,AUTHENTICATION_FAILED,5,RETRY_LATER,0
0.6666666666666666,0.5,6334.72,WALLET,SBI,LIMIT_EXCEEDED,11,SEND_REMINDER,0
0.7007299270072993,0.5365853658536586,1963.09,CARD,SBI,INSUFFICIENT_FUNDS,23,SEND_REMINDER,1
0.5,1.0,6452.71,WALLET,HDFC,LIMIT_EXCEEDED,19,NO_ACTION,0
0.703125,0.5789473684210527,6891.06,WALLET,YESBANK,NETWORK_ERROR,18,SEND_REMINDER,0
0.7906976744186046,0.6111111111111112,6275.84,UPI,SBI,NETWORK_ERROR,14,RETRY_NOW,1
0.8448275862068966,0.5,603.61,CARD,HDFC,BANK_TIMEOUT,4,SEND_REMINDER,1
0.6410256410256411,0.35714285714285715,4435.81,UPI,ICICI,BANK_TIMEOUT,11,RETRY_NOW,1
0.8,0.375,2248.37,CARD,AXIS,CARD_EXPIRED,2,NO_ACTION,0
0.8759124087591241,0.5294117647058824,7426.67,NETBANKING,SBI,BANK_TIMEOUT,22,SEND_REMINDER,1
0.9779411764705882,0.6666666666666666,7679.17,UPI,HDFC,AUTHENTICATION_FAILED,17,RETRY_LATER,0
0.7377049180327869,0.5625,1446.39,WALLET,SBI,NETWORK_ERROR,22,RETRY_LATER,0
0.776595744680851,0.5714285714285714,1985.55,CARD,HDFC,LIMIT_EXCEEDED,15,NO_ACTION,0
0.8076923076923077,0.4,5982.78,WALLET,HDFC,NETWORK_ERROR,14,RETRY_LATER,1
0.7777777777777778,0.3,8600.66,WALLET,SBI,CARD_EXPIRED,1,SEND_REMINDER,1
0.8064516129032258,0.3333333333333333,1306.61,CARD,ICICI,AUTHENTICATION_FAILED,4,RETRY_NOW,1
0.8085106382978723,0.3333333333333333,5971.06,CARD,HDFC,NETWORK_ERROR,11,SEND_REMINDER,1
0.6592592592592592,0.6086956521739131,5138.72,UPI,ICICI,LIMIT_EXCEEDED,5,RETRY_NOW,1
0.6428571428571429,0.7,6559.07,UPI,SBI,LIMIT_EXCEEDED,14,SEND_REMINDER,1
0.7875,0.8235294117647058,8557.26,NETBANKING,AXIS,AUTHENTICATION_FAILED,7,RETRY_NOW,0
0.6666666666666666,0.4,7360.2,WALLET,AXIS,INSUFFICIENT_FUNDS,17,RETRY_LATER,0
0.7931034482758621,0.5,6007.88,CARD,KOTAK,NETWORK_ERROR,8,RETRY_LATER,1
0.6666666666666666,1.0,4354.1,NETBANKING,KOTAK,AUTHENTICATION_FAILED,14,NO_ACTION,0
0.8,0.3333333333333333,1388.81,NETBANKING,AXIS,AUTHENTICATION_FAILED,18,RETRY_LATER,0
0.8636363636363636,0.7777777777777778,7329.76,NETBANKING,ICICI,CARD_EXPIRED,2,RETRY_NOW,0
0.5555555555555556,0.625,4228.71,WALLET,YESBANK,BANK_TIMEOUT,19,RETRY_NOW,0
0.717391304347826,0.7307692307692307,8618.14,WALLET,YESBANK,AUTHENTICATION_FAILED,15,RETRY_LATER,1
0.6181818181818182,0.7142857142857143,4053.11,NETBANKING,KOTAK,CARD_EXPIRED,0,RETRY_LATER,1
0.5,0.0,7920.93,UPI,SBI,AUTHENTICATION_FAILED,14,NO_ACTION,0
0.6785714285714286,0.4444444444444444,7679.5,CARD,ICICI,BANK_TIMEOUT,1,NO_ACTION,0
0.6875,0.5666666666666667,7919.33,UPI,ICICI,LIMIT_EXCEEDED,16,RETRY_NOW,0
0.8709677419354839,1.0,8714.39,UPI,KOTAK,LIMIT_EXCEEDED,18,NO_ACTION,0
0.8,0.6428571428571429,8399.13,NETBANKING,HDFC,CARD_EXPIRED,12,NO_ACTION,0
0.8918918918918919,0.75,9253.95,WALLET,AXIS,INSUFFICIENT_FUNDS,3,RETRY_LATER,1
0.0,0.6666666666666666,4403.11,WALLET,AXIS,BANK_TIMEOUT,12,SEND_REMINDER,0
0.72,0.42857142857142855,2235.71,WALLET,ICICI,NETWORK_ERROR,23,SEND_REMINDER,0
0.7333333333333333,0.75,1503.04,UPI,HDFC,NETWORK_ERROR,9,SEND_REMINDER,1
0.5957446808510638,0.631578947368421,747.71,NETBANKING,HDFC,CARD_EXPIRED,3,RETRY_NOW,0
0.7777777777777778,0.4090909090909091,4735.55,NETBANKING,SBI,BANK_TIMEOUT,5,SEND_REMINDER,1
0.825,0.5714285714285714,6362.4,WALLET,ICICI,INSUFFICIENT_FUNDS,15,RETRY_NOW,0
0.6707317073170732,0.4074074074074074,3556.8,CARD,HDFC,CARD_EXPIRED,8,NO_ACTION,0
0.75,0.5294117647058824,9067.84,WALLET,ICICI,AUTHENTICATION_FAILED,10,SEND_REMINDER,1
0.9222222222222223,0.42857142857142855,5269.45,WALLET,AXIS,BANK_TIMEOUT,19,RETRY_NOW,1
0.8,0.6428571428571429,8399.13,NETBANKING,HDFC,CARD_EXPIRED,12,RETRY_LATER,0
0.8181818181818182,0.5555555555555556,2763.51,NETBANKING,ICICI,NETWORK_ERROR,22,SEND_REMINDER,0
0.7115384615384616,0.36666666666666664,1287.71,UPI,KOTAK,CARD_EXPIRED,21,RETRY_LATER,0
0.8558558558558559,0.625,4554.1,UPI,AXIS,AUTHENTICATION_FAILED,17,RETRY_NOW,0
0.8817204301075269,0.6363636363636364,9685.07,UPI,YESBANK,BANK_TIMEOUT,17,NO_ACTION,0
0.8,0.36363636363636365,1303.1,UPI,YESBANK,LIMIT_EXCEEDED,16,RETRY_NOW,0
0.8307692307692308,0.18181818181818182,6672.43,UPI,AXIS,AUTHENTICATION_FAILED,1,NO_ACTION,0
0.8275862068965517,0.2,9745.42,WALLET,HDFC,LIMIT_EXCEEDED,17,RETRY_NOW,1
0.7272727272727273,1.0,7593.49,WALLET,AXIS,AUTHENTICATION_FAILED,16,RETRY_LATER,0
0.6666666666666666,0.5,635.11,NETBANKING,HDFC,CARD_EXPIRED,10,RETRY_NOW,0
0.6612903225806451,0.42857142857142855,7688.96,UPI,AXIS,NETWORK_ERROR,13,NO_ACTION,0
0.8387096774193549,0.6,8204.01,WALLET,YESBANK,NETWORK_ERROR,3,SEND_REMINDER,0
0.5454545454545454,0.0,4338.51,UPI,YESBANK,LIMIT_EXCEEDED,13,RETRY_LATER,1
0.8532110091743119,0.5,5224.56,UPI,KOTAK,NETWORK_ERROR,3,RETRY_LATER,1
0.717948717948718,0.5757575757575758,486.12,WALLET,AXIS,NETWORK_ERROR,15,RETRY_NOW,1
0.75,0.0,5783.13,UPI,SBI,NETWORK_ERROR,0,SEND_REMINDER,1
0.84,0.25,6221.94,CARD,SBI,NETWORK_ERROR,22,SEND_REMINDER,0
0.631578947368421,0.21428571428571427,4295.8,UPI,KOTAK,INSUFFICIENT_FUNDS,22,SEND_REMINDER,0
0.5714285714285714,0.6666666666666666,2568.11,WALLET,SBI,AUTHENTICATION_FAILED,22,RETRY_LATER,1
0.7906976744186046,0.6666666666666666,8829.22,WALLET,ICICI,CARD_EXPIRED,17,NO_ACTION,0
0.7835051546391752,0.47619047619047616,5341.6,CARD,HDFC,CARD_EXPIRED,14,NO_ACTION,0
0.5454545454545454,0.5,1865.55,WALLET,HDFC,INSUFFICIENT_FUNDS,15,RETRY_NOW,0
0.6190476190476191,0.5625,2608.21,CARD,KOTAK,CARD_EXPIRED,6,NO_ACTION,0
0.6373626373626373,0.45454545454545453,7717.11,WALLET,SBI,AUTHENTICATION_FAILED,12,SEND_REMINDER,0
0.8888888888888888,0.4,6412.6,CARD,ICICI,BANK_TIMEOUT,5,RETRY_NOW,0
0.6335877862595419,0.5,1576.34,UPI,HDFC,INSUFFICIENT_FUNDS,14,RETRY_NOW,1
0.6363636363636364,0.5,8938.76,CARD,SBI,NETWORK_ERROR,5,RETRY_NOW,1
0.8455284552845529,0.631578947368421,9831.42,UPI,SBI,CARD_EXPIRED,6,RETRY_LATER,0
0.8431372549019608,0.375,9547.06,WALLET,SBI,LIMIT_EXCEEDED,22,NO_ACTION,0
0.8,0.5555555555555556,5170.62,WALLET,ICICI,CARD_EXPIRED,7,RETRY_LATER,0
0.6263736263736264,0.5588235294117647,2977.05,NETBANKING,SBI,LIMIT_EXCEEDED,21,RETRY_NOW,0
0.75,0.5,8239.6,UPI,AXIS,AUTHENTICATION_FAILED,17,RETRY_LATER,0
0.881578947368421,0.5555555555555556,6852.11,WALLET,AXIS,BANK_TIMEOUT,9,RETRY_NOW,1
0.9113924050632911,0.5714285714285714,890.63,UPI,ICICI,CARD_EXPIRED,11,RETRY_NOW,0
0.5757575757575758,0.5,4715.71,CARD,HDFC,INSUFFICIENT_FUNDS,7,RETRY_NOW,0
0.9130434782608695,0.5,8462.42,WALLET,SBI,BANK_TIMEOUT,2,RETRY_LATER,1
0.6666666666666666,0.0,9539.67,WALLET,KOTAK,INSUFFICIENT_FUNDS,1,NO_ACTION,0
0.5,0.5,4101.74,NETBANKING,AXIS,CARD_EXPIRED,2,RETRY_NOW,0
0.78,0.5454545454545454,1603.54,WALLET,HDFC,LIMIT_EXCEEDED,4,RETRY_NOW,1
0.7804878048780488,0.6666666666666666,4238.25,NETBANKING,KOTAK,LIMIT_EXCEEDED,18,NO_ACTION,0
0.6875,0.5333333333333333,7780.63,CARD,ICICI,LIMIT_EXCEEDED,7,RETRY_NOW,0
0.6666666666666666,0.45454545454545453,2825.62,CARD,KOTAK,LIMIT_EXCEEDED,20,SEND_REMINDER,0
0.8947368421052632,0.0,7018.72,NETBANKING,YESBANK,INSUFFICIENT_FUNDS,10,SEND_REMINDER,0
0.7948717948717948,0.625,9047.97,UPI,HDFC,INSUFFICIENT_FUNDS,2,SEND_REMINDER,0
0.8333333333333334,0.75,6512.61,UPI,AXIS,CARD_EXPIRED,21,NO_ACTION,0
0.7763157894736842,0.4117647058823529,9036.2,CARD,SBI,LIMIT_EXCEEDED,16,NO_ACTION,0
0.6666666666666666,0.5,9396.55,NETBANKING,ICICI,NETWORK_ERROR,13,SEND_REMINDER,0
0.5882352941176471,0.42857142857142855,3767.55,CARD,HDFC,INSUFFICIENT_FUNDS,7,RETRY_LATER,0
0.84,0.25,6221.94,CARD,SBI,NETWORK_ERROR,22,RETRY_NOW,0
0.7662337662337663,0.3888888888888889,6635.16,CARD,HDFC,CARD_EXPIRED,11,SEND_REMINDER,0
0.8636363636363636,0.3333333333333333,4831.95,CARD,SBI,LIMIT_EXCEEDED,11,NO_ACTION,0
0.7313432835820896,0.6111111111111112,6504.07,WALLET,AXIS,INSUFFICIENT_FUNDS,9,RETRY_LATER,0
0.8,0.0,6682.66,NETBANKING,ICICI,CARD_EXPIRED,2,NO_ACTION,0
0.7671232876712328,0.47058823529411764,8172.87,NETBANKING,ICICI,NETWORK_ERROR,21,RETRY_NOW,1
0.5957446808510638,0.631578947368421,747.71,NETBANKING,HDFC,CARD_EXPIRED,3,RETRY_LATER,1
0.891566265060241,0.6666666666666666,9444.3,CARD,KOTAK,AUTHENTICATION_FAILED,10,RETRY_LATER,1
0.76,0.4166666666666667,7708.01,NETBANKING,AXIS,CARD_EXPIRED,2,SEND_REMINDER,1
0.9166666666666666,0.0,4191.08,WALLET,KOTAK,CARD_EXPIRED,17,NO_ACTION,0
0.8421052631578947,0.6666666666666666,2080.16,UPI,HDFC,NETWORK_ERROR,4,NO_ACTION,0
0.7906976744186046,0.3333333333333333,6045.96,NETBANKING,KOTAK,AUTHENTICATION_FAILED,7,NO_ACTION,0
0.7692307692307693,0.4166666666666667,4229.65,NETBANKING,SBI,NETWORK_ERROR,10,RETRY_LATER,1
0.8222222222222222,0.125,3418.55,WALLET,KOTAK,LIMIT_EXCEEDED,10,NO_ACTION,0
0.8217821782178217,0.4444444444444444,4849.82,CARD,AXIS,LIMIT_EXCEEDED,20,RETRY_NOW,0
0.6285714285714286,0.15384615384615385,9546.5,CARD,HDFC,INSUFFICIENT_FUNDS,18,RETRY_LATER,0
0.6818181818181818,0.4642857142857143,9758.16,CARD,ICICI,NETWORK_ERROR,3,NO_ACTION,0
0.6,0.25,5655.6,NETBANKING,HDFC,INSUFFICIENT_FUNDS,17,SEND_REMINDER,1
0.8194444444444444,0.38461538461538464,5587.94,WALLET,SBI,BANK_TIMEOUT,14,SEND_REMINDER,0
0.7,0.4666666666666667,7921.57,NETBANKING,YESBANK,BANK_TIMEOUT,22,RETRY_LATER,0
0.4,0.6666666666666666,4330.56,NETBANKING,SBI,LIMIT_EXCEEDED,12,NO_ACTION,0
0.7203389830508474,0.45454545454545453,8891.47,CARD,SBI,CARD_EXPIRED,13,RETRY_LATER,1
0.5217391304347826,0.5454545454545454,9244.98,UPI,YESBANK,LIMIT_EXCEEDED,10,NO_ACTION,0
0.875,0.3333333333333333,9269.89,WALLET,SBI,AUTHENTICATION_FAILED,11,RETRY_NOW,0
0.7592592592592593,0.5384615384615384,8064.09,CARD,YESBANK,BANK_TIMEOUT,23,RETRY_NOW,1
0.6153846153846154,0.6,8490.59,WALLET,SBI,INSUFFICIENT_FUNDS,11,SEND_REMINDER,1
0.7755102040816326,0.3181818181818182,2435.36,WALLET,HDFC,LIMIT_EXCEEDED,12,SEND_REMINDER,1
0.8333333333333334,0.42857142857142855,730.8,CARD,HDFC,BANK_TIMEOUT,6,SEND_REMINDER,0
0.75,0.4666666666666667,4352.22,UPI,YESBANK,CARD_EXPIRED,21,RETRY_LATER,0
0.9130434782608695,0.0,3294.66,WALLET,SBI,INSUFFICIENT_FUNDS,23,RETRY_LATER,0
0.7397260273972602,0.631578947368421,4755.62,UPI,KOTAK,INSUFFICIENT_FUNDS,7,NO_ACTION,0
0.0,0.0,9253.2,WALLET,ICICI,INSUFFICIENT_FUNDS,3,RETRY_NOW,0
0.6481481481481481,0.47368421052631576,8993.36,NETBANKING,YESBANK,CARD_EXPIRED,14,NO_ACTION,0
0.6428571428571429,0.5,9841.92,NETBANKING,AXIS,INSUFFICIENT_FUNDS,10,RETRY_LATER,0
0.6761904761904762,0.35294117647058826,4211.69,CARD,SBI,BANK_TIMEOUT,17,RETRY_LATER,1
0.3333333333333333,0.0,385.65,CARD,KOTAK,NETWORK_ERROR,16,NO_ACTION,0
0.6226415094339622,0.65,2287.23,CARD,SBI,NETWORK_ERROR,12,NO_ACTION,0
0.7666666666666667,0.5238095238095238,5785.26,CARD,KOTAK,LIMIT_EXCEEDED,22,SEND_REMINDER,0
0.7368421052631579,0.6,101.85,NETBANKING,KOTAK,LIMIT_EXCEEDED,14,RETRY_LATER,1
0.7916666666666666,0.4,6245.77,NETBANKING,KOTAK,INSUFFICIENT_FUNDS,18,NO_ACTION,0
0.782608695652174,0.6666666666666666,4381.25,NETBANKING,KOTAK,CARD_EXPIRED,3,RETRY_NOW,0
0.7666666666666667,0.7142857142857143,3411.82,UPI,KOTAK,BANK_TIMEOUT,13,RETRY_LATER,0
0.5714285714285714,0.3333333333333333,2226.93,WALLET,AXIS,NETWORK_ERROR,20,RETRY_LATER,1
0.8,1.0,2686.52,WALLET,HDFC,AUTHENTICATION_FAILED,17,NO_ACTION,0
0.875,0.0,6648.65,NETBANKING,KOTAK,AUTHENTICATION_FAILED,0,NO_ACTION,0
0.7195121951219512,0.782608695652174,9271.14,UPI,KOTAK,NETWORK_ERROR,17,RETRY_NOW,0
0.94,0.0,6164.55,WALLET,AXIS,CARD_EXPIRED,23,SEND_REMINDER,0
0.8,0.375,1029.65,CARD,SBI,AUTHENTICATION_FAILED,0,RETRY_LATER,0
0.7272727272727273,0.3333333333333333,817.78,NETBANKING,AXIS,INSUFFICIENT_FUNDS,11,RETRY_LATER,1
0.5,0.0,2243.5,UPI,AXIS,NETWORK_ERROR,19,SEND_REMINDER,0
0.8181818181818182,0.0,7963.62,CARD,AXIS,BANK_TIMEOUT,7,SEND_REMINDER,1
0.725,0.2727272727272727,4441.28,CARD,ICICI,AUTHENTICATION_FAILED,8,NO_ACTION,0
0.7142857142857143,0.6428571428571429,8973.91,NETBANKING,SBI,NETWORK_ERROR,4,SEND_REMINDER,1
0.782608695652174,0.8,5564.7,NETBANKING,KOTAK,LIMIT_EXCEEDED,22,SEND_REMINDER,0
0.7058823529411765,0.0,9908.93,WALLET,AXIS,INSUFFICIENT_FUNDS,9,NO_ACTION,0
0.6470588235294118,0.5,3975.5,CARD,AXIS,NETWORK_ERROR,15,SEND_REMINDER,0
0.7272727272727273,0.3333333333333333,6971.37,NETBANKING,KOTAK,CARD_EXPIRED,4,NO_ACTION,0
0.8214285714285714,0.4,1050.85,CARD,SBI,LIMIT_EXCEEDED,6,SEND_REMINDER,0
0.803921568627451,0.5,7529.54,CARD,YESBANK,BANK_TIMEOUT,4,RETRY_NOW,0
0.675,0.46153846153846156,5590.95,NETBANKING,YESBANK,AUTHENTICATION_FAILED,20,RETRY_NOW,0
0.6,0.75,1916.15,WALLET,KOTAK,CARD_EXPIRED,15,NO_ACTION,0
0.5441176470588235,0.5483870967741935,369.17,WALLET,ICICI,LIMIT_EXCEEDED,3,NO_ACTION,0
0.8,0.6666666666666666,6473.19,CARD,AXIS,INSUFFICIENT_FUNDS,4,RETRY_NOW,0
0.45714285714285713,0.42105263157894735,7274.3,WALLET,HDFC,NETWORK_ERROR,12,RETRY_NOW,1
0.9315068493150684,0.4,7400.2,WALLET,ICICI,BANK_TIMEOUT,8,RETRY_NOW,1
0.7894736842105263,0.75,6709.77,CARD,SBI,NETWORK_ERROR,19,RETRY_LATER,1
0.7428571428571429,0.3333333333333333,7125.06,WALLET,HDFC,BANK_TIMEOUT,23,NO_ACTION,0
0.7317073170731707,0.45454545454545453,9515.22,NETBANKING,KOTAK,NETWORK_ERROR,16,NO_ACTION,0
0.8275862068965517,0.4,212.71,UPI,AXIS,BANK_TIMEOUT,17,RETRY_LATER,0
0.6904761904761905,0.38461538461538464,6385.12,CARD,KOTAK,AUTHENTICATION_FAILED,7,RETRY_NOW,0
0.5714285714285714,0.3333333333333333,4814.72,NETBANKING,YESBANK,BANK_TIMEOUT,10,SEND_REMINDER,0
0.7241379310344828,0.75,772.89,CARD,KOTAK,CARD_EXPIRED,10,SEND_REMINDER,1
0.918918918918919,0.6666666666666666,7118.95,UPI,AXIS,CARD_EXPIRED,10,SEND_REMINDER,0
0.8333333333333334,0.42857142857142855,730.8,CARD,HDFC,BANK_TIMEOUT,6,NO_ACTION,0
0.5,1.0,5531.79,NETBANKING,YESBANK,LIMIT_EXCEEDED,10,RETRY_LATER,1
0.7297297297297297,0.8,5444.58,NETBANKING,YESBANK,LIMIT_EXCEEDED,12,NO_ACTION,0
0.3333333333333333,0.3333333333333333,2482.32,UPI,SBI,NETWORK_ERROR,3,NO_ACTION,0
0.5263157894736842,0.6111111111111112,9980.33,WALLET,KOTAK,LIMIT_EXCEEDED,9,RETRY_NOW,0
0.8214285714285714,0.6,1186.37,UPI,ICICI,AUTHENTICATION_FAILED,6,SEND_REMINDER,1
0.6444444444444445,0.5,6331.0,NETBANKING,HDFC,AUTHENTICATION_FAILED,3,SEND_REMINDER,1
0.6885245901639344,0.42105263157894735,1293.82,NETBANKING,SBI,AUTHENTICATION_FAILED,1,SEND_REMINDER,1
0.8888888888888888,1.0,2334.54,CARD,SBI,INSUFFICIENT_FUNDS,10,NO_ACTION,0
0.8666666666666667,0.5,3321.32,NETBANKING,SBI,INSUFFICIENT_FUNDS,17,SEND_REMINDER,1
0.7840909090909091,0.631578947368421,6954.85,UPI,ICICI,NETWORK_ERROR,2,NO_ACTION,0
0.7241379310344828,0.375,943.92,CARD,HDFC,NETWORK_ERROR,9,RETRY_NOW,0
0.7593984962406015,0.4375,5641.74,NETBANKING,AXIS,BANK_TIMEOUT,18,RETRY_LATER,1
0.6285714285714286,0.46153846153846156,9408.62,NETBANKING,YESBANK,LIMIT_EXCEEDED,10,RETRY_LATER,1
0.6941176470588235,0.5384615384615384,337.55,NETBANKING,ICICI,NETWORK_ERROR,18,RETRY_NOW,1
0.4444444444444444,0.6,2800.89,NETBANKING,SBI,AUTHENTICATION_FAILED,6,RETRY_NOW,1
0.7755102040816326,0.36363636363636365,2213.5,UPI,KOTAK,BANK_TIMEOUT,3,NO_ACTION,0
0.7391304347826086,0.5,7691.91,CARD,KOTAK,LIMIT_EXCEEDED,13,RETRY_LATER,1
0.7804878048780488,0.7777777777777778,8292.25,CARD,YESBANK,LIMIT_EXCEEDED,8,NO_ACTION,0
0.6,0.625,2241.52,NETBANKING,HDFC,NETWORK_ERROR,3,RETRY_NOW,1
0.7333333333333333,0.75,9186.9,NETBANKING,SBI,AUTHENTICATION_FAILED,4,SEND_REMINDER,0
0.7931034482758621,0.5,6692.91,CARD,HDFC,AUTHENTICATION_FAILED,7,SEND_REMINDER,0
0.7416666666666667,0.4838709677419355,8395.72,CARD,YESBANK,AUTHENTICATION_FAILED,13,RETRY_LATER,0
0.6831683168316832,0.5,7479.23,WALLET,HDFC,CARD_EXPIRED,5,RETRY_NOW,0
0.7894736842105263,0.4166666666666667,6266.29,UPI,AXIS,BANK_TIMEOUT,11,RETRY_LATER,1
0.7372262773722628,0.4444444444444444,7083.48,UPI,SBI,BANK_TIMEOUT,21,RETRY_NOW,1
0.574468085106383,0.45,8383.55,WALLET,AXIS,NETWORK_ERROR,11,RETRY_LATER,0
0.5454545454545454,0.8,2343.16,WALLET,HDFC,INSUFFICIENT_FUNDS,19,RETRY_LATER,0
0.7948717948717948,0.75,6152.29,WALLET,KOTAK,AUTHENTICATION_FAILED,0,RETRY_LATER,0
0.8,0.6666666666666666,6473.19,CARD,AXIS,INSUFFICIENT_FUNDS,4,RETRY_LATER,0
0.75,0.6666666666666666,7494.39,WALLET,KOTAK,BANK_TIMEOUT,1,NO_ACTION,0
0.6065573770491803,0.6666666666666666,9386.37,CARD,AXIS,NETWORK_ERROR,16,SEND_REMINDER,1
0.6666666666666666,0.2,7038.94,NETBANKING,HDFC,LIMIT_EXCEEDED,15,RETRY_LATER,1
0.75,0.4,1833.75,UPI,ICICI,AUTHENTICATION_FAILED,18,RETRY_LATER,0
0.7,0.6666666666666666,2441.81,CARD,HDFC,NETWORK_ERROR,7,RETRY_LATER,1
0.8020833333333334,0.5263157894736842,5377.76,NETBANKING,YESBANK,CARD_EXPIRED,1,RETRY_NOW,0
0.8723404255319149,0.5,8371.65,WALLET,ICICI,LIMIT_EXCEEDED,0,RETRY_LATER,1
0.6923076923076923,0.0,4066.49,CARD,HDFC,INSUFFICIENT_FUNDS,5,RETRY_NOW,1
0.7777777777777778,0.6,4946.65,WALLET,YESBANK,INSUFFICIENT_FUNDS,7,RETRY_LATER,1
0.7974683544303798,0.6875,2819.39,UPI,KOTAK,LIMIT_EXCEEDED,5,NO_ACTION,0
0.7037037037037037,0.4583333333333333,5789.32,CARD,YESBANK,CARD_EXPIRED,12,SEND_REMINDER,1
0.696969696969697,0.6,1205.7,NETBANKING,AXIS,BANK_TIMEOUT,22,RETRY_NOW,1
0.6571428571428571,0.5,3915.28,UPI,SBI,LIMIT_EXCEEDED,15,NO_ACTION,0
0.92,1.0,3591.82,NETBANKING,KOTAK,NETWORK_ERROR,18,NO_ACTION,0
0.7301587301587301,0.5882352941176471,891.16,UPI,AXIS,CARD_EXPIRED,17,NO_ACTION,0
0.9,1.0,3480.75,CARD,HDFC,CARD_EXPIRED,5,RETRY_NOW,0
0.7102803738317757,0.5161290322580645,9274.55,UPI,SBI,INSUFFICIENT_FUNDS,20,RETRY_LATER,0
0.627906976744186,0.46875,3067.86,WALLET,KOTAK,INSUFFICIENT_FUNDS,20,RETRY_LATER,0
0.7475728155339806,0.7307692307692307,1891.34,WALLET,SBI,LIMIT_EXCEEDED,5,RETRY_NOW,0
0.9076923076923077,0.5,9391.1,WALLET,ICICI,NETWORK_ERROR,8,RETRY_NOW,1
0.6884057971014492,0.4186046511627907,1798.49,UPI,KOTAK,AUTHENTICATION_FAILED,21,RETRY_NOW,0
0.8064516129032258,0.6666666666666666,8635.55,CARD,YESBANK,CARD_EXPIRED,19,RETRY_LATER,0
0.8641975308641975,0.7272727272727273,9206.54,NETBANKING,AXIS,NETWORK_ERROR,2,RETRY_LATER,1
0.8775510204081632,0.5,5603.69,UPI,YESBANK,NETWORK_ERROR,21,SEND_REMINDER,1
0.7741935483870968,0.2857142857142857,1881.18,UPI,KOTAK,NETWORK_ERROR,21,NO_ACTION,0
0.8904109589041096,0.5,887.67,UPI,ICICI,INSUFFICIENT_FUNDS,9,NO_ACTION,0
0.75,0.0,2271.99,UPI,KOTAK,NETWORK_ERROR,7,NO_ACTION,0
0.8918918918918919,0.5,5098.18,WALLET,KOTAK,INSUFFICIENT_FUNDS,0,NO_ACTION,0
0.7804878048780488,0.6666666666666666,4238.25,NETBANKING,KOTAK,LIMIT_EXCEEDED,18,SEND_REMINDER,0
0.77,0.4782608695652174,6309.92,CARD,HDFC,LIMIT_EXCEEDED,10,SEND_REMINDER,0
0.5625,0.42857142857142855,8009.86,UPI,HDFC,NETWORK_ERROR,13,RETRY_NOW,0
0.75,0.0,7281.59,NETBANKING,YESBANK,LIMIT_EXCEEDED,0,NO_ACTION,0
0.0,1.0,4008.72,WALLET,YESBANK,BANK_TIMEOUT,11,RETRY_NOW,0
0.6818181818181818,0.7142857142857143,1234.65,NETBANKING,SBI,LIMIT_EXCEEDED,14,SEND_REMINDER,1
0.7777777777777778,0.5,1580.27,UPI,KOTAK,NETWORK_ERROR,16,NO_ACTION,0
0.6052631578947368,0.6,5156.57,WALLET,HDFC,NETWORK_ERROR,5,RETRY_NOW,1
0.6774193548387096,0.6,6791.86,UPI,SBI,LIMIT_EXCEEDED,21,NO_ACTION,0
0.9327731092436975,0.375,4365.31,UPI,AXIS,CARD_EXPIRED,10,SEND_REMINDER,1
0.7596153846153846,0.28,3063.46,CARD,SBI,LIMIT_EXCEEDED,23,NO_ACTION,0
0.6875,0.6,788.63,UPI,ICICI,BANK_TIMEOUT,14,SEND_REMINDER,0
0.6875,0.3333333333333333,8405.63,WALLET,SBI,LIMIT_EXCEEDED,15,RETRY_NOW,0
0.375,0.6,4752.82,CARD,ICICI,AUTHENTICATION_FAILED,21,RETRY_LATER,1
0.7692307692307693,0.5555555555555556,4763.67,CARD,SBI,NETWORK_ERROR,8,NO_ACTION,0
0.7719298245614035,0.46153846153846156,2434.03,CARD,SBI,AUTHENTICATION_FAILED,7,RETRY_LATER,1
0.6951219512195121,0.36,9016.92,UPI,AXIS,AUTHENTICATION_FAILED,4,RETRY_LATER,1
0.6818181818181818,0.42857142857142855,736.62,WALLET,HDFC,INSUFFICIENT_FUNDS,22,NO_ACTION,0
0.6823529411764706,0.6666666666666666,6530.41,CARD,ICICI,NETWORK_ERROR,21,RETRY_LATER,1
0.25,0.5,4082.07,WALLET,SBI,LIMIT_EXCEEDED,0,SEND_REMINDER,0
0.6666666666666666,0.2,5250.41,UPI,SBI,INSUFFICIENT_FUNDS,10,RETRY_LATER,1
0.803921568627451,0.3,6728.13,WALLET,ICICI,NETWORK_ERROR,5,RETRY_LATER,1
0.3333333333333333,0.25,5246.8,UPI,SBI,AUTHENTICATION_FAILED,3,SEND_REMINDER,0
0.6170212765957447,0.5,2722.59,WALLET,KOTAK,BANK_TIMEOUT,5,NO_ACTION,0
0.6065573770491803,0.2916666666666667,1266.93,UPI,AXIS,AUTHENTICATION_FAILED,15,SEND_REMINDER,0
0.6640625,0.5348837209302325,1605.79,UPI,SBI,CARD_EXPIRED,7,RETRY_NOW,0
0.6075949367088608,0.5483870967741935,6704.09,CARD,SBI,NETWORK_ERROR,3,NO_ACTION,0
0.875,0.0,3283.85,NETBANKING,HDFC,CARD_EXPIRED,19,RETRY_LATER,0
0.84,0.25,6935.25,UPI,KOTAK,NETWORK_ERROR,7,RETRY_NOW,1
0.7666666666666667,0.7142857142857143,6032.06,WALLET,SBI,BANK_TIMEOUT,0,NO_ACTION,0
0.7216494845360825,0.3333333333333333,8552.01,NETBANKING,YESBANK,AUTHENTICATION_FAILED,16,RETRY_NOW,0
0.6984126984126984,0.5263157894736842,1883.74,NETBANKING,AXIS,INSUFFICIENT_FUNDS,10,RETRY_NOW,0
0.5263157894736842,0.6111111111111112,9980.33,WALLET,KOTAK,LIMIT_EXCEEDED,9,RETRY_LATER,0
0.7142857142857143,0.6428571428571429,8973.91,NETBANKING,SBI,NETWORK_ERROR,4,RETRY_LATER,1
0.8305084745762712,0.3,3380.07,NETBANKING,SBI,LIMIT_EXCEEDED,16,RETRY_NOW,1
0.6747967479674797,0.375,7748.09,UPI,HDFC,CARD_EXPIRED,23,RETRY_NOW,0
0.6190476190476191,0.375,7177.76,CARD,AXIS,INSUFFICIENT_FUNDS,11,SEND_REMINDER,1
0.8275862068965517,0.4,7009.83,UPI,HDFC,NETWORK_ERROR,21,RETRY_NOW,1
0.7931034482758621,0.5,6692.91,CARD,HDFC,AUTHENTICATION_FAILED,7,NO_ACTION,0
0.75,0.8333333333333334,7033.81,NETBANKING,AXIS,CARD_EXPIRED,0,RETRY_NOW,0
0.7978723404255319,0.631578947368421,1885.62,WALLET,KOTAK,BANK_TIMEOUT,23,RETRY_LATER,1
0.8620689655172413,0.375,7430.25,CARD,KOTAK,CARD_EXPIRED,12,RETRY_LATER,0
0.7948717948717948,0.625,9047.97,UPI,HDFC,INSUFFICIENT_FUNDS,2,RETRY_LATER,0
0.8666666666666667,0.5,5556.61,NETBANKING,KOTAK,INSUFFICIENT_FUNDS,9,RETRY_NOW,0
0.75,0.9,6345.9,NETBANKING,ICICI,AUTHENTICATION_FAILED,15,NO_ACTION,0
0.6756756756756757,0.4166666666666667,9984.82,NETBANKING,KOTAK,CARD_EXPIRED,18,NO_ACTION,0
0.6015625,0.4117647058823529,4323.3,WALLET,HDFC,INSUFFICIENT_FUNDS,17,SEND_REMINDER,0
0.6904761904761905,0.5384615384615384,6012.65,NETBANKING,YESBANK,LIMIT_EXCEEDED,2,NO_ACTION,0
0.8275862068965517,0.4,212.71,UPI,AXIS,BANK_TIMEOUT,17,NO_ACTION,0
0.75,0.4,4668.78,UPI,HDFC,CARD_EXPIRED,4,SEND_REMINDER,1
0.7894736842105263,0.75,1209.43,WALLET,ICICI,CARD_EXPIRED,17,NO_ACTION,0
0.78,0.5454545454545454,4246.05,WALLET,ICICI,AUTHENTICATION_FAILED,5,RETRY_NOW,0
0.7727272727272727,0.2,1539.48,UPI,ICICI,CARD_EXPIRED,10,RETRY_LATER,0
0.8064516129032258,0.8333333333333334,7255.79,WALLET,ICICI,CARD_EXPIRED,1,RETRY_LATER,1
0.6666666666666666,0.5,7120.77,WALLET,HDFC,LIMIT_EXCEEDED,2,SEND_REMINDER,0
0.7634408602150538,0.5,8673.6,WALLET,HDFC,LIMIT_EXCEEDED,3,NO_ACTION,0
0.7142857142857143,0.5,8183.97,NETBANKING,ICICI,CARD_EXPIRED,2,RETRY_LATER,0
0.7441860465116279,0.5454545454545454,3279.27,NETBANKING,AXIS,CARD_EXPIRED,18,RETRY_NOW,0
0.8085106382978723,0.5555555555555556,110.86,NETBANKING,KOTAK,AUTHENTICATION_FAILED,5,RETRY_NOW,1
0.6923076923076923,0.25,9492.6,UPI,AXIS,CARD_EXPIRED,9,RETRY_LATER,0
0.631578947368421,0.4897959183673469,1804.45,WALLET,ICICI,NETWORK_ERROR,12,RETRY_NOW,1
0.8823529411764706,0.5,6621.48,NETBANKING,SBI,NETWORK_ERROR,21,RETRY_LATER,0
0.7586206896551724,0.35714285714285715,6879.48,UPI,YESBANK,AUTHENTICATION_FAILED,17,SEND_REMINDER,1
0.85,0.5,7305.27,CARD,YESBANK,LIMIT_EXCEEDED,6,SEND_REMINDER,1
0.6818181818181818,0.42857142857142855,6610.43,UPI,AXIS,INSUFFICIENT_FUNDS,13,RETRY_LATER,0
0.65625,0.5454545454545454,5784.59,CARD,HDFC,INSUFFICIENT_FUNDS,5,NO_ACTION,0
0.7301587301587301,0.6470588235294118,2593.78,UPI,KOTAK,CARD_EXPIRED,11,RETRY_LATER,0
0.6666666666666666,0.0,1442.13,WALLET,YESBANK,AUTHENTICATION_FAILED,1,RETRY_NOW,1
0.5714285714285714,0.16666666666666666,7879.72,NETBANKING,KOTAK,NETWORK_ERROR,13,NO_ACTION,0
0.0,0.0,9526.52,WALLET,KOTAK,BANK_TIMEOUT,13,RETRY_NOW,0
0.6666666666666666,0.4,2770.6,WALLET,YESBANK,LIMIT_EXCEEDED,10,NO_ACTION,0
0.6071428571428571,0.5909090909090909,6203.29,WALLET,HDFC,BANK_TIMEOUT,19,SEND_REMINDER,0
0.7352941176470589,0.4444444444444444,1182.31,WALLET,ICICI,BANK_TIMEOUT,14,RETRY_LATER,1
0.7142857142857143,1.0,8469.37,WALLET,SBI,LIMIT_EXCEEDED,11,SEND_REMINDER,0
0.8,0.5,6414.73,UPI,SBI,AUTHENTICATION_FAILED,11,SEND_REMINDER,1
0.7857142857142857,0.5833333333333334,4426.38,NETBANKING,KOTAK,NETWORK_ERROR,13,SEND_REMINDER,0
0.65,0.42857142857142855,8104.72,UPI,KOTAK,CARD_EXPIRED,2,NO_ACTION,0
0.7948717948717948,0.5,3435.16,CARD,HDFC,BANK_TIMEOUT,11,SEND_REMINDER,0
0.7441860465116279,0.5454545454545454,3279.27,NETBANKING,AXIS,CARD_EXPIRED,18,NO_ACTION,0
0.7888888888888889,0.5789473684210527,4005.22,CARD,HDFC,LIMIT_EXCEEDED,8,NO_ACTION,0
0.5555555555555556,0.3333333333333333,6139.15,WALLET,YESBANK,LIMIT_EXCEEDED,18,NO_ACTION,0
0.5441176470588235,0.5483870967741935,369.17,WALLET,ICICI,LIMIT_EXCEEDED,3,RETRY_NOW,0
0.6231884057971014,0.6538461538461539,6621.37,WALLET,AXIS,BANK_TIMEOUT,4,RETRY_LATER,0
0.9047619047619048,0.5,8255.45,UPI,SBI,AUTHENTICATION_FAILED,8,RETRY_NOW,1
0.8387096774193549,0.4,3375.04,WALLET,AXIS,CARD_EXPIRED,12,NO_ACTION,0
0.6774193548387096,0.6,6791.86,UPI,SBI,LIMIT_EXCEEDED,21,RETRY_LATER,1
0.625,0.6666666666666666,6752.87,NETBANKING,HDFC,AUTHENTICATION_FAILED,6,NO_ACTION,0
0.696969696969697,0.45,4061.19,WALLET,AXIS,INSUFFICIENT_FUNDS,17,NO_ACTION,0
0.8125,0.16666666666666666,3156.69,UPI,SBI,LIMIT_EXCEEDED,22,SEND_REMINDER,0
0.8461538461538461,0.5714285714285714,6569.04,WALLET,ICICI,AUTHENTICATION_FAILED,7,RETRY_NOW,1
0.7377049180327869,0.4375,8650.23,NETBANKING,SBI,LIMIT_EXCEEDED,7,RETRY_LATER,1
0.7272727272727273,0.3333333333333333,9527.85,UPI,YESBANK,CARD_EXPIRED,0,RETRY_NOW,0
0.5,0.35714285714285715,4721.14,WALLET,ICICI,NETWORK_ERROR,3,NO_ACTION,0
0.8333333333333334,0.4,8453.55,NETBANKING,HDFC,LIMIT_EXCEEDED,0,RETRY_NOW,0
0.6666666666666666,0.625,9997.86,CARD,SBI,CARD_EXPIRED,14,NO_ACTION,0
0.9298245614035088,0.5,4380.65,NETBANKING,YESBANK,LIMIT_EXCEEDED,23,RETRY_LATER,0
0.9027777777777778,0.42857142857142855,967.77,NETBANKING,HDFC,NETWORK_ERROR,2,NO_ACTION,0
0.7391304347826086,0.6666666666666666,7183.24,NETBANKING,ICICI,INSUFFICIENT_FUNDS,20,RETRY_LATER,0
0.8314606741573034,0.6,1818.29,NETBANKING,AXIS,NETWORK_ERROR,6,NO_ACTION,0
0.6363636363636364,0.5,882.16,WALLET,HDFC,BANK_TIMEOUT,21,SEND_REMINDER,1
0.7105263157894737,0.8181818181818182,3186.31,CARD,HDFC,AUTHENTICATION_FAILED,7,SEND_REMINDER,1
0.8301886792452831,0.5555555555555556,3359.61,UPI,YESBANK,CARD_EXPIRED,22,NO_ACTION,0
0.9285714285714286,1.0,9828.15,CARD,ICICI,CARD_EXPIRED,15,NO_ACTION,0
0.6296296296296297,0.7,8482.75,WALLET,SBI,BANK_TIMEOUT,17,RETRY_LATER,1
0.9191176470588235,0.5454545454545454,4502.42,CARD,ICICI,CARD_EXPIRED,4,RETRY_NOW,0
0.7142857142857143,0.5,8183.97,NETBANKING,ICICI,CARD_EXPIRED,2,SEND_REMINDER,0
0.725,0.5909090909090909,5353.28,CARD,ICICI,BANK_TIMEOUT,19,SEND_REMINDER,0
0.8333333333333334,0.0,5825.38,NETBANKING,YESBANK,BANK_TIMEOUT,17,NO_ACTION,0
0.88,0.6666666666666666,9650.46,NETBANKING,YESBANK,INSUFFICIENT_FUNDS,14,RETRY_LATER,1
0.7142857142857143,0.7,2385.35,UPI,SBI,CARD_EXPIRED,18,NO_ACTION,0
0.6818181818181818,0.2857142857142857,5864.48,UPI,HDFC,NETWORK_ERROR,12,NO_ACTION,0
0.7358490566037735,0.39285714285714285,2155.19,NETBANKING,HDFC,LIMIT_EXCEEDED,9,RETRY_NOW,0
0.6470588235294118,0.5,5250.52,WALLET,ICICI,LIMIT_EXCEEDED,12,RETRY_LATER,0
0.7297297297297297,0.5,3795.45,NETBANKING,ICICI,INSUFFICIENT_FUNDS,20,RETRY_NOW,0
0.6285714285714286,0.6923076923076923,7658.65,NETBANKING,KOTAK,AUTHENTICATION_FAILED,2,RETRY_LATER,1
0.84375,0.6,8774.03,WALLET,SBI,LIMIT_EXCEEDED,10,RETRY_LATER,0
0.8024691358024691,0.6875,5188.95,WALLET,AXIS,AUTHENTICATION_FAILED,12,RETRY_NOW,1
0.660377358490566,0.5555555555555556,3501.89,CARD,SBI,INSUFFICIENT_FUNDS,12,RETRY_LATER,1
0.6438356164383562,0.5384615384615384,6852.52,UPI,ICICI,CARD_EXPIRED,9,SEND_REMINDER,1
0.7835051546391752,0.47619047619047616,5341.6,CARD,HDFC,CARD_EXPIRED,14,RETRY_LATER,0
0.7615384615384615,0.5161290322580645,879.41,NETBANKING,KOTAK,INSUFFICIENT_FUNDS,15,SEND_REMINDER,1
0.7058823529411765,0.4,807.28,WALLET,HDFC,NETWORK_ERROR,2,NO_ACTION,0
0.8,0.0,6682.66,NETBANKING,ICICI,CARD_EXPIRED,2,SEND_REMINDER,0
0.8333333333333334,0.42857142857142855,223.53,NETBANKING,ICICI,LIMIT_EXCEEDED,15,SEND_REMINDER,1
0.8082191780821918,0.5714285714285714,9978.16,WALLET,ICICI,INSUFFICIENT_FUNDS,19,NO_ACTION,0
0.631578947368421,0.5,2464.61,WALLET,YESBANK,BANK_TIMEOUT,21,RETRY_LATER,1
0.8484848484848485,0.4,2026.38,WALLET,HDFC,BANK_TIMEOUT,0,SEND_REMINDER,1
0.8558558558558559,0.625,4554.1,UPI,AXIS,AUTHENTICATION_FAILED,17,NO_ACTION,0
0.8958333333333334,0.6,5755.0,CARD,YESBANK,BANK_TIMEOUT,13,SEND_REMINDER,0
0.8131868131868132,0.5882352941176471,1766.81,CARD,ICICI,LIMIT_EXCEEDED,11,RETRY_LATER,0
0.9,0.5,5494.46,UPI,AXIS,INSUFFICIENT_FUNDS,10,SEND_REMINDER,1
0.7058823529411765,0.8,8349.15,NETBANKING,HDFC,AUTHENTICATION_FAILED,11,SEND_REMINDER,0
0.8214285714285714,0.6,3417.18,CARD,ICICI,LIMIT_EXCEEDED,12,NO_ACTION,0
0.8524590163934426,0.5555555555555556,3222.76,NETBANKING,KOTAK,BANK_TIMEOUT,10,RETRY_LATER,1
0.6850393700787402,0.375,2510.01,NETBANKING,AXIS,BANK_TIMEOUT,19,RETRY_NOW,1
0.6538461538461539,0.4444444444444444,5581.28,WALLET,ICICI,LIMIT_EXCEEDED,6,RETRY_LATER,1
0.796875,0.46153846153846156,7011.11,WALLET,YESBANK,BANK_TIMEOUT,16,SEND_REMINDER,1
0.7166666666666667,0.4411764705882353,8561.33,UPI,SBI,CARD_EXPIRED,17,SEND_REMINDER,1
0.7833333333333333,0.6153846153846154,1468.72,NETBANKING,KOTAK,BANK_TIMEOUT,17,SEND_REMINDER,0
0.631578947368421,0.14285714285714285,8500.25,CARD,YESBANK,CARD_EXPIRED,20,NO_ACTION,0
0.7692307692307693,0.0,2782.91,NETBANKING,SBI,BANK_TIMEOUT,15,NO_ACTION,0
0.8194444444444444,0.5384615384615384,2857.83,CARD,HDFC,AUTHENTICATION_FAILED,14,RETRY_NOW,0
0.631578947368421,0.2857142857142857,6157.13,UPI,YESBANK,INSUFFICIENT_FUNDS,2,SEND_REMINDER,0
0.8947368421052632,0.75,8225.57,UPI,HDFC,INSUFFICIENT_FUNDS,9,RETRY_LATER,1
0.6991869918699187,0.7027027027027027,9600.94,UPI,SBI,CARD_EXPIRED,13,NO_ACTION,0
0.6415094339622641,0.3684210526315789,1675.99,CARD,SBI,AUTHENTICATION_FAILED,8,RETRY_LATER,0
0.6363636363636364,0.5,882.16,WALLET,HDFC,BANK_TIMEOUT,21,RETRY_LATER,0
0.9047619047619048,0.3333333333333333,486.87,WALLET,SBI,AUTHENTICATION_FAILED,10,RETRY_NOW,0
0.0,0.0,8100.41,WALLET,SBI,BANK_TIMEOUT,10,SEND_REMINDER,0
0.7777777777777778,0.5,9022.12,UPI,YESBANK,AUTHENTICATION_FAILED,0,RETRY_LATER,1
0.9038461538461539,0.2,2863.04,UPI,AXIS,INSUFFICIENT_FUNDS,7,SEND_REMINDER,1
0.8382352941176471,0.6363636363636364,9661.65,CARD,YESBANK,INSUFFICIENT_FUNDS,18,NO_ACTION,0
0.8653846153846154,0.7142857142857143,267.9,CARD,HDFC,AUTHENTICATION_FAILED,10,SEND_REMINDER,0
0.8666666666666667,0.3333333333333333,2211.32,WALLET,KOTAK,NETWORK_ERROR,13,RETRY_NOW,1
0.5,1.0,2547.37,UPI,KOTAK,LIMIT_EXCEEDED,14,RETRY_LATER,1
0.6,0.0,1680.57,CARD,AXIS,BANK_TIMEOUT,0,RETRY_NOW,1
0.7894736842105263,0.5,4859.68,UPI,AXIS,BANK_TIMEOUT,12,RETRY_NOW,1
0.8387096774193549,0.4,9611.19,NETBANKING,SBI,NETWORK_ERROR,9,RETRY_NOW,1
0.5,1.0,2547.37,UPI,KOTAK,LIMIT_EXCEEDED,14,NO_ACTION,0
0.7872340425531915,0.4,6569.26,NETBANKING,KOTAK,BANK_TIMEOUT,20,NO_ACTION,0
0.5384615384615384,0.6666666666666666,8218.82,CARD,HDFC,INSUFFICIENT_FUNDS,9,NO_ACTION,0
0.9027777777777778,0.42857142857142855,967.77,NETBANKING,HDFC,NETWORK_ERROR,2,RETRY_NOW,1
0.7727272727272727,0.6,6751.28,NETBANKING,SBI,LIMIT_EXCEEDED,8,RETRY_LATER,1
0.6363636363636364,0.5,3225.32,WALLET,YESBANK,INSUFFICIENT_FUNDS,5,RETRY_LATER,1
0.8870967741935484,0.14285714285714285,999.32,WALLET,KOTAK,LIMIT_EXCEEDED,8,SEND_REMINDER,0
0.8484848484848485,0.5,7475.87,UPI,YESBANK,LIMIT_EXCEEDED,6,NO_ACTION,0
0.9310344827586207,0.0,8340.14,UPI,AXIS,AUTHENTICATION_FAILED,16,RETRY_NOW,0
0.8571428571428571,0.5,4549.51,UPI,SBI,BANK_TIMEOUT,9,RETRY_NOW,1
0.7401574803149606,0.5757575757575758,4143.68,NETBANKING,YESBANK,CARD_EXPIRED,13,RETRY_LATER,0
0.8,1.0,7833.35,WALLET,HDFC,CARD_EXPIRED,5,NO_ACTION,0
0.25,1.0,7835.82,NETBANKING,YESBANK,BANK_TIMEOUT,7,SEND_REMINDER,1
0.6923076923076923,0.75,2594.21,CARD,ICICI,INSUFFICIENT_FUNDS,14,RETRY_LATER,0
0.9411764705882353,0.0,8789.45,NETBANKING,AXIS,BANK_TIMEOUT,1,RETRY_NOW,0
0.725,0.36363636363636365,7387.69,WALLET,HDFC,BANK_TIMEOUT,0,RETRY_NOW,0
0.5648148148148148,0.425531914893617,7051.35,CARD,YESBANK,INSUFFICIENT_FUNDS,4,RETRY_LATER,1
0.6666666666666666,0.6071428571428571,4814.13,CARD,HDFC,LIMIT_EXCEEDED,2,RETRY_NOW,0
0.9210526315789473,0.3333333333333333,3148.23,UPI,KOTAK,INSUFFICIENT_FUNDS,7,RETRY_NOW,0
0.6696428571428571,0.6756756756756757,9203.56,NETBANKING,AXIS,INSUFFICIENT_FUNDS,21,SEND_REMINDER,1
0.4444444444444444,0.4,6373.78,NETBANKING,AXIS,BANK_TIMEOUT,2,RETRY_LATER,0
0.75,0.5,1294.7,UPI,ICICI,LIMIT_EXCEEDED,6,RETRY_LATER,1
0.75,1.0,4304.57,NETBANKING,SBI,CARD_EXPIRED,16,RETRY_LATER,1
0.875,0.0,6756.32,CARD,KOTAK,NETWORK_ERROR,15,SEND_REMINDER,0
0.66,0.5882352941176471,4077.64,WALLET,KOTAK,AUTHENTICATION_FAILED,3,SEND_REMINDER,1
0.44,0.5,5597.59,WALLET,SBI,CARD_EXPIRED,1,RETRY_LATER,0
0.9594594594594594,0.3333333333333333,8517.42,WALLET,AXIS,LIMIT_EXCEEDED,20,NO_ACTION,0
0.0,1.0,2033.72,CARD,AXIS,BANK_TIMEOUT,7,SEND_REMINDER,0
0.5769230769230769,0.2727272727272727,132.55,UPI,HDFC,INSUFFICIENT_FUNDS,20,SEND_REMINDER,0
0.8235294117647058,0.3333333333333333,3043.45,UPI,ICICI,AUTHENTICATION_FAILED,7,NO_ACTION,0
0.82,0.3333333333333333,9158.01,UPI,YESBANK,AUTHENTICATION_FAILED,19,RETRY_LATER,0
0.8484848484848485,0.7,2924.14,UPI,AXIS,AUTHENTICATION_FAILED,0,NO_ACTION,0
0.8571428571428571,1.0,9489.04,NETBANKING,HDFC,LIMIT_EXCEEDED,21,NO_ACTION,0
0.25,0.5,4082.07,WALLET,SBI,LIMIT_EXCEEDED,0,NO_ACTION,0
0.9183673469387755,0.25,5207.16,WALLET,HDFC,NETWORK_ERROR,6,RETRY_LATER,1
0.6428571428571429,0.6,1121.06,CARD,ICICI,BANK_TIMEOUT,0,SEND_REMINDER,0
0.5894736842105263,0.5897435897435898,3762.92,CARD,ICICI,NETWORK_ERROR,12,NO_ACTION,0
0.5,0.35714285714285715,4721.14,WALLET,ICICI,NETWORK_ERROR,3,RETRY_LATER,1
0.7009345794392523,0.5,6632.24,CARD,SBI,CARD_EXPIRED,11,SEND_REMINDER,1
0.782608695652174,0.5,8322.49,WALLET,ICICI,BANK_TIMEOUT,8,SEND_REMINDER,1
0.6363636363636364,0.6666666666666666,2105.36,UPI,AXIS,AUTHENTICATION_FAILED,17,RETRY_NOW,0
0.8,0.3333333333333333,3027.24,WALLET,ICICI,BANK_TIMEOUT,7,RETRY_NOW,1
0.75,0.5294117647058824,9067.84,WALLET,ICICI,AUTHENTICATION_FAILED,10,RETRY_LATER,0
0.8382352941176471,0.6363636363636364,9661.65,CARD,YESBANK,INSUFFICIENT_FUNDS,18,RETRY_LATER,0
0.8625,0.7272727272727273,208.57,WALLET,SBI,INSUFFICIENT_FUNDS,20,SEND_REMINDER,1
0.6326530612244898,0.6666666666666666,7091.69,UPI,KOTAK,AUTHENTICATION_FAILED,12,NO_ACTION,0
0.4666666666666667,0.5,3517.86,CARD,SBI,INSUFFICIENT_FUNDS,23,SEND_REMINDER,1
0.8235294117647058,0.6666666666666666,4629.98,CARD,YESBANK,INSUFFICIENT_FUNDS,8,RETRY_NOW,0
0.6015625,0.4117647058823529,4323.3,WALLET,HDFC,INSUFFICIENT_FUNDS,17,RETRY_NOW,0
0.8571428571428571,0.4,2061.0,CARD,HDFC,BANK_TIMEOUT,5,SEND_REMINDER,0
0.6388888888888888,0.5384615384615384,633.13,NETBANKING,HDFC,BANK_TIMEOUT,7,RETRY_LATER,1
0.56,0.45454545454545453,8642.58,UPI,AXIS,NETWORK_ERROR,15,RETRY_NOW,0
0.9047619047619048,0.5,8255.45,UPI,SBI,AUTHENTICATION_FAILED,8,RETRY_LATER,1
0.6666666666666666,0.75,6450.42,CARD,YESBANK,LIMIT_EXCEEDED,18,SEND_REMINDER,1
0.7526881720430108,0.30434782608695654,9585.72,NETBANKING,KOTAK,NETWORK_ERROR,4,NO_ACTION,0
0.7380952380952381,0.6363636363636364,5191.25,WALLET,HDFC,LIMIT_EXCEEDED,15,NO_ACTION,0
0.9402985074626866,0.75,3215.65,CARD,AXIS,CARD_EXPIRED,19,RETRY_NOW,1
0.7391304347826086,0.16666666666666666,7833.03,CARD,AXIS,INSUFFICIENT_FUNDS,4,RETRY_LATER,0
0.0,0.5,4505.64,CARD,ICICI,AUTHENTICATION_FAILED,3,SEND_REMINDER,1
0.6363636363636364,0.5,4529.3,WALLET,YESBANK,LIMIT_EXCEEDED,0,RETRY_LATER,0
0.5625,0.2857142857142857,8323.18,WALLET,AXIS,INSUFFICIENT_FUNDS,3,NO_ACTION,0
0.6153846153846154,0.6,7385.51,CARD,HDFC,NETWORK_ERROR,1,RETRY_NOW,1
0.75,0.375,2460.7,NETBANKING,HDFC,CARD_EXPIRED,0,RETRY_NOW,0
0.825,0.5714285714285714,6362.4,WALLET,ICICI,INSUFFICIENT_FUNDS,15,RETRY_LATER,1
0.5925925925925926,0.5909090909090909,5305.54,NETBANKING,YESBANK,CARD_EXPIRED,20,NO_ACTION,0
0.7894736842105263,0.4166666666666667,6266.29,UPI,AXIS,BANK_TIMEOUT,11,NO_ACTION,0
0.6075949367088608,0.5161290322580645,7790.8,NETBANKING,KOTAK,INSUFFICIENT_FUNDS,7,SEND_REMINDER,0
0.7166666666666667,0.47058823529411764,2024.96,NETBANKING,ICICI,BANK_TIMEOUT,13,NO_ACTION,0
0.7692307692307693,0.38095238095238093,3013.2,CARD,YESBANK,INSUFFICIENT_FUNDS,21,SEND_REMINDER,0
0.8333333333333334,0.5,486.73,WALLET,SBI,NETWORK_ERROR,3,NO_ACTION,0
0.631578947368421,0.14285714285714285,5565.53,NETBANKING,HDFC,BANK_TIMEOUT,19,RETRY_NOW,1
0.4666666666666667,0.25,6673.04,NETBANKING,AXIS,AUTHENTICATION_FAILED,9,RETRY_NOW,1
0.7894736842105263,0.4166666666666667,8118.28,UPI,YESBANK,INSUFFICIENT_FUNDS,0,RETRY_NOW,0
0.8095238095238095,0.5625,6340.93,CARD,ICICI,AUTHENTICATION_FAILED,22,RETRY_LATER,1
0.7068965517241379,0.5294117647058824,997.58,UPI,KOTAK,BANK_TIMEOUT,20,RETRY_NOW,1
0.6701030927835051,0.53125,5767.51,UPI,KOTAK,CARD_EXPIRED,3,RETRY_NOW,0
0.7065217391304348,0.4074074074074074,4437.56,NETBANKING,YESBANK,BANK_TIMEOUT,21,NO_ACTION,0
0.8,0.42857142857142855,1438.27,UPI,YESBANK,INSUFFICIENT_FUNDS,10,SEND_REMINDER,0
0.7272727272727273,1.0,7593.49,WALLET,AXIS,AUTHENTICATION_FAILED,16,SEND_REMINDER,0
0.7209302325581395,0.5833333333333334,1677.17,UPI,AXIS,BANK_TIMEOUT,16,RETRY_NOW,1
0.625,0.3333333333333333,697.04,CARD,HDFC,INSUFFICIENT_FUNDS,4,SEND_REMINDER,0
0.8532110091743119,0.5,5224.56,UPI,KOTAK,NETWORK_ERROR,3,SEND_REMINDER,0
0.6666666666666666,0.0,5653.85,WALLET,SBI,BANK_TIMEOUT,3,RETRY_LATER,0
0.6756756756756757,0.4166666666666667,9984.82,NETBANKING,KOTAK,CARD_EXPIRED,18,SEND_REMINDER,1
0.7719298245614035,0.8461538461538461,4884.42,WALLET,SBI,BANK_TIMEOUT,12,SEND_REMINDER,1
0.6857142857142857,0.5909090909090909,6009.12,CARD,HDFC,LIMIT_EXCEEDED,23,RETRY_NOW,0
0.9259259259259259,0.5,8100.91,CARD,SBI,NETWORK_ERROR,2,NO_ACTION,0
0.46153846153846156,0.7142857142857143,7840.77,UPI,SBI,AUTHENTICATION_FAILED,22,SEND_REMINDER,1
0.5555555555555556,0.375,3079.34,WALLET,SBI,LIMIT_EXCEEDED,0,RETRY_NOW,0
0.9714285714285714,0.75,324.12,UPI,HDFC,LIMIT_EXCEEDED,4,RETRY_NOW,0
0.9577464788732394,0.3333333333333333,7444.59,NETBANKING,ICICI,INSUFFICIENT_FUNDS,1,NO_ACTION,0
0.6891891891891891,0.391304347826087,5850.62,NETBANKING,AXIS,CARD_EXPIRED,13,RETRY_LATER,0
0.725,0.2727272727272727,4441.28,CARD,ICICI,AUTHENTICATION_FAILED,8,SEND_REMINDER,0
0.7241379310344828,0.5,1053.93,NETBANKING,HDFC,AUTHENTICATION_FAILED,3,NO_ACTION,0
0.6818181818181818,0.6666666666666666,4458.15,WALLET,SBI,LIMIT_EXCEEDED,18,SEND_REMINDER,0
0.8,0.8571428571428571,5313.22,NETBANKING,KOTAK,BANK_TIMEOUT,23,SEND_REMINDER,1
0.7906976744186046,0.3333333333333333,4051.96,NETBANKING,KOTAK,INSUFFICIENT_FUNDS,18,RETRY_LATER,0
0.6764705882352942,0.4090909090909091,6509.63,UPI,AXIS,LIMIT_EXCEEDED,13,RETRY_LATER,1
0.5517241379310345,0.5384615384615384,1006.42,WALLET,HDFC,AUTHENTICATION_FAILED,21,RETRY_LATER,1
0.6666666666666666,0.4782608695652174,5532.5,UPI,AXIS,CARD_EXPIRED,23,RETRY_LATER,0
0.6710526315789473,0.48,4222.18,CARD,AXIS,INSUFFICIENT_FUNDS,21,RETRY_LATER,0
0.7931034482758621,0.3333333333333333,2886.9,NETBANKING,KOTAK,CARD_EXPIRED,9,RETRY_LATER,1
0.7592592592592593,0.34615384615384615,5343.53,NETBANKING,KOTAK,AUTHENTICATION_FAILED,6,SEND_REMINDER,1
0.9047619047619048,0.5,7393.93,UPI,ICICI,BANK_TIMEOUT,23,RETRY_NOW,0
0.9428571428571428,0.5,8166.18,NETBANKING,AXIS,INSUFFICIENT_FUNDS,21,RETRY_LATER,0
0.7835051546391752,0.5714285714285714,9486.18,NETBANKING,HDFC,LIMIT_EXCEEDED,11,NO_ACTION,0
0.7108433734939759,0.5,5057.39,WALLET,HDFC,CARD_EXPIRED,17,SEND_REMINDER,1
0.8529411764705882,0.4,3058.28,UPI,KOTAK,CARD_EXPIRED,0,RETRY_LATER,1
0.8924731182795699,0.2,8184.23,NETBANKING,AXIS,AUTHENTICATION_FAILED,2,RETRY_LATER,1
0.7184466019417476,0.4482758620689655,5538.92,WALLET,ICICI,CARD_EXPIRED,2,NO_ACTION,0
0.9375,1.0,5346.65,CARD,ICICI,LIMIT_EXCEEDED,0,SEND_REMINDER,0
0.5454545454545454,0.6,2797.8,WALLET,SBI,BANK_TIMEOUT,4,NO_ACTION,0
0.6785714285714286,0.2777777777777778,5434.62,NETBANKING,ICICI,BANK_TIMEOUT,9,NO_ACTION,0
0.5454545454545454,0.8,2343.16,WALLET,HDFC,INSUFFICIENT_FUNDS,19,SEND_REMINDER,0
0.6470588235294118,0.16666666666666666,8140.89,UPI,HDFC,AUTHENTICATION_FAILED,4,NO_ACTION,0
0.6862745098039216,0.5625,6518.29,UPI,KOTAK,NETWORK_ERROR,18,RETRY_NOW,0
0.8823529411764706,0.5,9983.08,UPI,AXIS,BANK_TIMEOUT,20,NO_ACTION,0
0.8904109589041096,0.5,887.67,UPI,ICICI,INSUFFICIENT_FUNDS,9,RETRY_LATER,1
0.6833333333333333,0.47368421052631576,5267.36,NETBANKING,YESBANK,BANK_TIMEOUT,23,SEND_REMINDER,1
0.7397260273972602,0.15789473684210525,7437.38,UPI,SBI,INSUFFICIENT_FUNDS,8,RETRY_LATER,0
0.5894736842105263,0.5897435897435898,3762.92,CARD,ICICI,NETWORK_ERROR,12,RETRY_LATER,1
0.6818181818181818,0.42857142857142855,736.62,WALLET,HDFC,INSUFFICIENT_FUNDS,22,RETRY_LATER,1
0.6666666666666666,0.2857142857142857,3354.95,NETBANKING,ICICI,INSUFFICIENT_FUNDS,21,SEND_REMINDER,0
0.8214285714285714,1.0,9770.59,CARD,HDFC,INSUFFICIENT_FUNDS,2,RETRY_LATER,0
0.5217391304347826,0.45454545454545453,1201.81,NETBANKING,KOTAK,CARD_EXPIRED,4,SEND_REMINDER,0
0.7692307692307693,0.38095238095238093,3013.2,CARD,YESBANK,INSUFFICIENT_FUNDS,21,RETRY_LATER,0
0.8444444444444444,0.5714285714285714,4839.18,WALLET,ICICI,AUTHENTICATION_FAILED,9,RETRY_NOW,0
0.8846153846153846,0.5,6700.52,CARD,HDFC,LIMIT_EXCEEDED,7,NO_ACTION,0
0.9113924050632911,0.5714285714285714,9801.31,NETBANKING,YESBANK,NETWORK_ERROR,1,NO_ACTION,0
0.6190476190476191,0.375,7177.76,CARD,AXIS,INSUFFICIENT_FUNDS,11,NO_ACTION,0
0.6475409836065574,0.627906976744186,5386.81,WALLET,SBI,CARD_EXPIRED,19,NO_ACTION,0
0.5,0.35714285714285715,4721.14,WALLET,ICICI,NETWORK_ERROR,3,RETRY_NOW,1
0.8181818181818182,0.5555555555555556,2763.51,NETBANKING,ICICI,NETWORK_ERROR,22,NO_ACTION,0
0.8769230769230769,0.25,6633.81,UPI,AXIS,CARD_EXPIRED,15,RETRY_NOW,0
0.782608695652174,0.4,8822.82,NETBANKING,AXIS,AUTHENTICATION_FAILED,22,NO_ACTION,0
0.9349593495934959,0.25,326.06,CARD,ICICI,LIMIT_EXCEEDED,11,NO_ACTION,0
0.7948717948717948,0.25,5606.45,WALLET,SBI,BANK_TIMEOUT,13,RETRY_NOW,0
0.375,0.8,5370.15,NETBANKING,ICICI,AUTHENTICATION_FAILED,20,NO_ACTION,0
0.8695652173913043,0.6666666666666666,7477.72,UPI,HDFC,LIMIT_EXCEEDED,20,RETRY_NOW,0
0.7777777777777778,0.6666666666666666,4921.22,CARD,YESBANK,NETWORK_ERROR,9,NO_ACTION,0
0.7222222222222222,0.5,7199.22,WALLET,ICICI,INSUFFICIENT_FUNDS,8,RETRY_LATER,0
0.6565656565656566,0.5,9336.51,NETBANKING,ICICI,AUTHENTICATION_FAILED,13,SEND_REMINDER,1
0.7755102040816326,0.36363636363636365,8500.86,UPI,ICICI,LIMIT_EXCEEDED,8,NO_ACTION,0
0.6363636363636364,0.625,5793.68,UPI,KOTAK,INSUFFICIENT_FUNDS,21,NO_ACTION,0
0.8214285714285714,0.35,6959.24,WALLET,AXIS,AUTHENTICATION_FAILED,21,NO_ACTION,0
0.7659574468085106,0.5454545454545454,3783.67,UPI,SBI,INSUFFICIENT_FUNDS,14,RETRY_LATER,0
0.5555555555555556,0.375,3079.34,WALLET,SBI,LIMIT_EXCEEDED,0,RETRY_LATER,1
0.0,0.0,8940.23,WALLET,KOTAK,INSUFFICIENT_FUNDS,23,RETRY_NOW,0
0.7272727272727273,0.16666666666666666,8428.69,CARD,KOTAK,BANK_TIMEOUT,23,RETRY_LATER,1
0.6176470588235294,0.6153846153846154,5201.63,UPI,KOTAK,AUTHENTICATION_FAILED,14,RETRY_LATER,0
0.7407407407407407,0.2857142857142857,5659.69,CARD,KOTAK,AUTHENTICATION_FAILED,18,NO_ACTION,0
0.6075949367088608,0.5483870967741935,9567.36,WALLET,HDFC,BANK_TIMEOUT,16,RETRY_NOW,1
0.0,0.6666666666666666,2194.13,WALLET,ICICI,NETWORK_ERROR,9,NO_ACTION,0
0.9230769230769231,0.5714285714285714,9521.81,WALLET,YESBANK,BANK_TIMEOUT,17,SEND_REMINDER,0
0.6470588235294118,0.5833333333333334,261.25,CARD,ICICI,BANK_TIMEOUT,23,SEND_REMINDER,0
0.7037037037037037,0.5,1699.33,NETBANKING,AXIS,CARD_EXPIRED,17,NO_ACTION,0
0.0,1.0,1334.59,UPI,HDFC,BANK_TIMEOUT,2,SEND_REMINDER,1
0.6666666666666666,0.0,4633.92,UPI,SBI,AUTHENTICATION_FAILED,1,SEND_REMINDER,0
0.7333333333333333,0.5,5715.26,NETBANKING,YESBANK,INSUFFICIENT_FUNDS,5,NO_ACTION,0
0.7647058823529411,0.5,3535.7,NETBANKING,KOTAK,INSUFFICIENT_FUNDS,17,RETRY_LATER,1
0.0,0.0,1750.4,NETBANKING,KOTAK,NETWORK_ERROR,9,RETRY_LATER,1
0.4444444444444444,0.4,4875.4,CARD,YESBANK,NETWORK_ERROR,10,SEND_REMINDER,0
0.7045454545454546,0.5384615384615384,9762.79,CARD,ICICI,INSUFFICIENT_FUNDS,15,SEND_REMINDER,1
0.7053571428571429,0.45454545454545453,6711.68,UPI,YESBANK,LIMIT_EXCEEDED,8,RETRY_LATER,0
0.7857142857142857,0.6666666666666666,4830.62,CARD,HDFC,INSUFFICIENT_FUNDS,8,SEND_REMINDER,1
0.6825396825396826,0.6,8989.53,CARD,HDFC,LIMIT_EXCEEDED,8,NO_ACTION,0
0.7868852459016393,0.38461538461538464,8712.0,UPI,AXIS,CARD_EXPIRED,16,SEND_REMINDER,0
0.8695652173913043,0.5,2226.55,NETBANKING,YESBANK,BANK_TIMEOUT,5,NO_ACTION,0
0.7424242424242424,0.35294117647058826,8274.65,WALLET,ICICI,INSUFFICIENT_FUNDS,1,SEND_REMINDER,1
0.6,0.5,4449.76,WALLET,ICICI,NETWORK_ERROR,4,RETRY_NOW,0
0.9047619047619048,0.5,7393.93,UPI,ICICI,BANK_TIMEOUT,23,SEND_REMINDER,0
0.8064516129032258,0.6111111111111112,8632.12,UPI,SBI,NETWORK_ERROR,18,RETRY_NOW,1
0.7083333333333334,0.5142857142857142,6142.41,WALLET,SBI,CARD_EXPIRED,4,RETRY_NOW,0
0.5333333333333333,0.42857142857142855,7904.75,WALLET,HDFC,LIMIT_EXCEEDED,23,RETRY_NOW,0
0.7555555555555555,0.45454545454545453,6602.32,UPI,YESBANK,NETWORK_ERROR,22,NO_ACTION,0
0.8,1.0,7762.02,WALLET,AXIS,NETWORK_ERROR,10,NO_ACTION,0
0.7076923076923077,0.7894736842105263,135.92,NETBANKING,SBI,INSUFFICIENT_FUNDS,0,NO_ACTION,0
0.6470588235294118,0.6666666666666666,5157.12,UPI,HDFC,BANK_TIMEOUT,7,SEND_REMINDER,0
0.8714285714285714,0.5555555555555556,8858.9,WALLET,KOTAK,INSUFFICIENT_FUNDS,15,SEND_REMINDER,1
0.7307692307692307,0.4642857142857143,4107.05,WALLET,HDFC,BANK_TIMEOUT,0,RETRY_NOW,1
0.7666666666666667,0.7142857142857143,3411.82,UPI,KOTAK,BANK_TIMEOUT,13,RETRY_NOW,1
0.7530864197530864,0.5,189.54,WALLET,SBI,BANK_TIMEOUT,14,RETRY_LATER,1
0.7086614173228346,0.43243243243243246,1241.34,NETBANKING,KOTAK,NETWORK_ERROR,3,RETRY_NOW,0
0.891566265060241,0.5555555555555556,8146.6,WALLET,KOTAK,CARD_EXPIRED,10,RETRY_LATER,1
0.7777777777777778,1.0,4664.58,NETBANKING,HDFC,LIMIT_EXCEEDED,14,RETRY_LATER,1
0.6509433962264151,0.43243243243243246,4119.46,NETBANKING,ICICI,NETWORK_ERROR,19,NO_ACTION,0
0.5555555555555556,0.45,8241.01,UPI,ICICI,CARD_EXPIRED,2,SEND_REMINDER,0
0.631578947368421,0.4897959183673469,1804.45,WALLET,ICICI,NETWORK_ERROR,12,NO_ACTION,0
0.7391304347826086,0.3333333333333333,9721.83,NETBANKING,KOTAK,INSUFFICIENT_FUNDS,12,SEND_REMINDER,1
0.6637168141592921,0.4473684210526316,3839.9,UPI,HDFC,LIMIT_EXCEEDED,17,SEND_REMINDER,0
0.7685185185185185,0.8,3085.47,CARD,ICICI,CARD_EXPIRED,0,NO_ACTION,0
0.7931034482758621,0.5,577.99,CARD,ICICI,CARD_EXPIRED,2,NO_ACTION,0
0.62,0.6842105263157895,5905.93,CARD,KOTAK,CARD_EXPIRED,1,NO_ACTION,0
0.5357142857142857,0.6153846153846154,1470.36,WALLET,YESBANK,AUTHENTICATION_FAILED,8,NO_ACTION,0
0.7593984962406015,0.4375,5641.74,NETBANKING,AXIS,BANK_TIMEOUT,18,NO_ACTION,0
0.84,0.0,5727.98,NETBANKING,ICICI,NETWORK_ERROR,14,RETRY_LATER,1
0.6666666666666666,1.0,8281.98,CARD,AXIS,CARD_EXPIRED,14,RETRY_NOW,0
0.7619047619047619,0.3333333333333333,6049.96,NETBANKING,AXIS,INSUFFICIENT_FUNDS,0,RETRY_LATER,1
0.7142857142857143,0.5,8183.97,NETBANKING,ICICI,CARD_EXPIRED,2,NO_ACTION,0
0.6666666666666666,0.5,9583.67,CARD,YESBANK,NETWORK_ERROR,19,NO_ACTION,0
0.2,0.75,7701.85,CARD,SBI,NETWORK_ERROR,13,SEND_REMINDER,1
0.9090909090909091,1.0,4456.84,CARD,HDFC,BANK_TIMEOUT,12,RETRY_LATER,1
0.9142857142857143,1.0,6800.34,UPI,SBI,INSUFFICIENT_FUNDS,1,RETRY_NOW,1
0.6571428571428571,0.75,2677.64,CARD,SBI,BANK_TIMEOUT,5,NO_ACTION,0
0.788235294117647,0.3888888888888889,4845.23,UPI,SBI,INSUFFICIENT_FUNDS,11,RETRY_NOW,1
0.5238095238095238,0.6,5751.04,CARD,KOTAK,NETWORK_ERROR,17,RETRY_NOW,1
0.7391304347826086,0.3333333333333333,3768.27,UPI,YESBANK,LIMIT_EXCEEDED,17,SEND_REMINDER,1
0.7142857142857143,0.4375,3895.7,CARD,ICICI,INSUFFICIENT_FUNDS,16,RETRY_LATER,1
0.5789473684210527,0.5,1366.96,WALLET,HDFC,NETWORK_ERROR,7,NO_ACTION,0
0.7272727272727273,0.3333333333333333,8126.0,NETBANKING,SBI,INSUFFICIENT_FUNDS,5,RETRY_NOW,1
0.868421052631579,0.8,6488.91,WALLET,YESBANK,AUTHENTICATION_FAILED,5,SEND_REMINDER,1
0.7567567567567568,0.6666666666666666,7942.5,NETBANKING,YESBANK,INSUFFICIENT_FUNDS,3,RETRY_LATER,0
0.8979591836734694,0.4,466.25,WALLET,YESBANK,NETWORK_ERROR,2,NO_ACTION,0
0.675,0.46153846153846156,3508.42,UPI,SBI,NETWORK_ERROR,15,RETRY_LATER,1
0.5,0.5,7847.62,UPI,SBI,AUTHENTICATION_FAILED,23,SEND_REMINDER,0
0.71875,0.4444444444444444,1244.71,NETBANKING,AXIS,AUTHENTICATION_FAILED,11,SEND_REMINDER,1
0.7575757575757576,0.625,9150.92,UPI,SBI,LIMIT_EXCEEDED,23,NO_ACTION,0
0.7777777777777778,1.0,1687.06,CARD,KOTAK,BANK_TIMEOUT,20,NO_ACTION,0
0.9302325581395349,0.6666666666666666,6063.07,UPI,AXIS,LIMIT_EXCEEDED,21,RETRY_LATER,1
0.7101449275362319,0.5,993.46,WALLET,ICICI,LIMIT_EXCEEDED,20,RETRY_LATER,1
0.56,0.2727272727272727,2424.16,CARD,ICICI,BANK_TIMEOUT,13,NO_ACTION,0
0.8888888888888888,0.6666666666666666,6205.33,NETBANKING,ICICI,BANK_TIMEOUT,16,RETRY_NOW,1
0.6818181818181818,0.42857142857142855,6591.01,UPI,YESBANK,CARD_EXPIRED,15,SEND_REMINDER,0
0.75,0.48148148148148145,1225.67,CARD,KOTAK,LIMIT_EXCEEDED,18,SEND_REMINDER,0
0.6567164179104478,0.5652173913043478,2334.95,CARD,YESBANK,LIMIT_EXCEEDED,22,SEND_REMINDER,1
0.7128712871287128,0.5172413793103449,7076.94,NETBANKING,YESBANK,LIMIT_EXCEEDED,15,RETRY_NOW,0
0.6976744186046512,0.38461538461538464,9654.69,UPI,YESBANK,LIMIT_EXCEEDED,19,NO_ACTION,0
0.6410256410256411,0.5,7780.31,WALLET,HDFC,CARD_EXPIRED,21,RETRY_NOW,0
0.6296296296296297,0.5,3199.51,CARD,AXIS,NETWORK_ERROR,14,SEND_REMINDER,0
0.9411764705882353,0.0,8789.45,NETBANKING,AXIS,BANK_TIMEOUT,1,SEND_REMINDER,0
0.6,0.25,811.69,CARD,SBI,LIMIT_EXCEEDED,11,RETRY_NOW,0
0.7184466019417476,0.4482758620689655,5538.92,WALLET,ICICI,CARD_EXPIRED,2,RETRY_LATER,1
0.5454545454545454,0.5,1865.55,WALLET,HDFC,INSUFFICIENT_FUNDS,15,SEND_REMINDER,1
0.4,0.6666666666666666,4330.56,NETBANKING,SBI,LIMIT_EXCEEDED,12,RETRY_NOW,0
0.6884057971014492,0.4186046511627907,1798.49,UPI,KOTAK,AUTHENTICATION_FAILED,21,NO_ACTION,0
0.6511627906976745,0.7333333333333333,4949.92,NETBANKING,AXIS,NETWORK_ERROR,23,RETRY_LATER,1
0.8484848484848485,0.2,3354.48,WALLET,YESBANK,BANK_TIMEOUT,16,RETRY_NOW,1
0.6923076923076923,0.375,1601.66,WALLET,HDFC,AUTHENTICATION_FAILED,5,NO_ACTION,0
0.6896551724137931,0.5555555555555556,697.58,NETBANKING,AXIS,LIMIT_EXCEEDED,13,SEND_REMINDER,1
0.7647058823529411,0.5,7459.18,UPI,YESBANK,INSUFFICIENT_FUNDS,1,RETRY_LATER,0
0.7627118644067796,0.42857142857142855,6769.0,NETBANKING,ICICI,CARD_EXPIRED,21,SEND_REMINDER,0
0.8,0.5,5610.19,UPI,YESBANK,LIMIT_EXCEEDED,11,RETRY_LATER,1
0.7391304347826086,0.3333333333333333,3768.27,UPI,YESBANK,LIMIT_EXCEEDED,17,NO_ACTION,0
0.6666666666666666,1.0,8281.98,CARD,AXIS,CARD_EXPIRED,14,SEND_REMINDER,0
0.8372093023255814,0.42857142857142855,4288.96,NETBANKING,AXIS,NETWORK_ERROR,16,SEND_REMINDER,0
0.7777777777777778,0.5,1208.31,UPI,HDFC,CARD_EXPIRED,14,SEND_REMINDER,1
0.6707317073170732,0.4074074074074074,834.86,CARD,ICICI,NETWORK_ERROR,0,SEND_REMINDER,1
0.875,1.0,7715.71,UPI,KOTAK,CARD_EXPIRED,23,SEND_REMINDER,1
0.9354838709677419,1.0,5650.88,CARD,AXIS,CARD_EXPIRED,11,RETRY_LATER,0
0.6428571428571429,0.4,4949.98,WALLET,SBI,LIMIT_EXCEEDED,1,NO_ACTION,0
0.6986301369863014,0.45454545454545453,7317.18,CARD,KOTAK,BANK_TIMEOUT,21,NO_ACTION,0
0.717391304347826,0.5,8394.93,WALLET,YESBANK,CARD_EXPIRED,13,RETRY_LATER,0
0.7888888888888889,0.5789473684210527,738.61,NETBANKING,AXIS,NETWORK_ERROR,11,SEND_REMINDER,1
0.813953488372093,0.375,7865.38,WALLET,SBI,LIMIT_EXCEEDED,11,RETRY_NOW,0
0.65,0.7142857142857143,6195.75,WALLET,KOTAK,LIMIT_EXCEEDED,0,RETRY_NOW,0
0.6777777777777778,0.4482758620689655,1260.47,CARD,AXIS,LIMIT_EXCEEDED,12,RETRY_LATER,0
0.7659574468085106,0.5454545454545454,3783.67,UPI,SBI,INSUFFICIENT_FUNDS,14,RETRY_NOW,0
0.9318181818181818,0.0,8229.22,WALLET,YESBANK,INSUFFICIENT_FUNDS,1,RETRY_NOW,1
0.6896551724137931,0.5555555555555556,5501.89,CARD,KOTAK,INSUFFICIENT_FUNDS,15,NO_ACTION,0
0.6867469879518072,0.46153846153846156,5929.5,UPI,AXIS,LIMIT_EXCEEDED,9,RETRY_LATER,0
0.7878787878787878,0.5714285714285714,9262.24,CARD,HDFC,CARD_EXPIRED,8,RETRY_NOW,0
0.7352941176470589,0.4444444444444444,1661.36,UPI,AXIS,CARD_EXPIRED,21,RETRY_NOW,0
0.8181818181818182,1.0,5517.58,NETBANKING,HDFC,AUTHENTICATION_FAILED,12,RETRY_NOW,1
0.8571428571428571,1.0,9719.63,NETBANKING,KOTAK,NETWORK_ERROR,7,NO_ACTION,0
0.8947368421052632,0.5,6873.02,WALLET,AXIS,BANK_TIMEOUT,17,NO_ACTION,0
0.6373626373626373,0.45454545454545453,7717.11,WALLET,SBI,AUTHENTICATION_FAILED,12,RETRY_LATER,0
0.6153846153846154,0.8,3359.54,UPI,ICICI,LIMIT_EXCEEDED,21,SEND_REMINDER,0
0.9090909090909091,0.6,6672.34,CARD,SBI,NETWORK_ERROR,7,SEND_REMINDER,0
0.7142857142857143,0.65,2693.11,WALLET,AXIS,BANK_TIMEOUT,20,RETRY_NOW,0
0.881578947368421,0.5555555555555556,6852.11,WALLET,AXIS,BANK_TIMEOUT,9,RETRY_LATER,0
0.8255813953488372,0.3333333333333333,8408.78,WALLET,HDFC,AUTHENTICATION_FAILED,15,RETRY_NOW,1
0.6617647058823529,0.6521739130434783,6006.97,NETBANKING,YESBANK,CARD_EXPIRED,2,NO_ACTION,0
0.75,0.0,9145.21,UPI,HDFC,AUTHENTICATION_FAILED,23,SEND_REMINDER,0
0.5357142857142857,0.7692307692307693,1730.13,WALLET,AXIS,AUTHENTICATION_FAILED,14,NO_ACTION,0
0.8068181818181818,0.47058823529411764,798.9,CARD,HDFC,LIMIT_EXCEEDED,6,RETRY_LATER,0
0.9113924050632911,0.7142857142857143,2938.1,CARD,HDFC,LIMIT_EXCEEDED,12,RETRY_NOW,1
0.639344262295082,0.5227272727272727,4297.22,WALLET,AXIS,INSUFFICIENT_FUNDS,7,NO_ACTION,0
0.68,0.5,9011.8,CARD,HDFC,NETWORK_ERROR,3,RETRY_LATER,1
0.3333333333333333,0.25,4309.2,UPI,YESBANK,AUTHENTICATION_FAILED,8,SEND_REMINDER,0
0.5454545454545454,0.5,1865.55,WALLET,HDFC,INSUFFICIENT_FUNDS,15,RETRY_LATER,0
0.7397260273972602,0.631578947368421,4755.62,UPI,KOTAK,INSUFFICIENT_FUNDS,7,SEND_REMINDER,1
0.8888888888888888,0.6666666666666666,6205.33,NETBANKING,ICICI,BANK_TIMEOUT,16,RETRY_LATER,1
0.7636363636363637,0.6153846153846154,9005.22,CARD,AXIS,BANK_TIMEOUT,20,RETRY_NOW,1
0.6875,0.5,8693.93,CARD,YESBANK,LIMIT_EXCEEDED,5,SEND_REMINDER,0
0.9420289855072463,0.5,3497.56,NETBANKING,YESBANK,CARD_EXPIRED,16,SEND_REMINDER,1
0.8571428571428571,0.0,173.4,WALLET,AXIS,LIMIT_EXCEEDED,18,NO_ACTION,0
0.5,0.25,5829.94,UPI,SBI,BANK_TIMEOUT,12,NO_ACTION,0
0.6346153846153846,0.631578947368421,2638.31,WALLET,SBI,NETWORK_ERROR,0,RETRY_LATER,1
0.8571428571428571,0.75,1332.36,NETBANKING,SBI,INSUFFICIENT_FUNDS,21,NO_ACTION,0
0.9090909090909091,0.0,4160.07,CARD,KOTAK,CARD_EXPIRED,11,RETRY_LATER,0
0.6304347826086957,0.47058823529411764,8948.44,NETBANKING,KOTAK,AUTHENTICATION_FAILED,11,RETRY_LATER,0
0.8048780487804879,1.0,7291.5,UPI,ICICI,INSUFFICIENT_FUNDS,8,SEND_REMINDER,1
0.5,1.0,8713.44,NETBANKING,HDFC,LIMIT_EXCEEDED,21,RETRY_LATER,1
0.9076923076923077,0.5,9391.1,WALLET,ICICI,NETWORK_ERROR,8,RETRY_LATER,1
0.813953488372093,0.625,1251.53,WALLET,HDFC,BANK_TIMEOUT,4,RETRY_LATER,1
0.8431372549019608,0.375,9547.06,WALLET,SBI,LIMIT_EXCEEDED,22,RETRY_LATER,0
0.8,0.25,4207.75,WALLET,ICICI,AUTHENTICATION_FAILED,16,NO_ACTION,0
0.8617021276595744,0.7692307692307693,847.23,WALLET,YESBANK,INSUFFICIENT_FUNDS,6,RETRY_LATER,0
0.7627118644067796,0.35714285714285715,409.74,CARD,YESBANK,AUTHENTICATION_FAILED,2,RETRY_LATER,1
0.926829268292683,1.0,4713.17,NETBANKING,HDFC,CARD_EXPIRED,7,NO_ACTION,0
0.6271186440677966,0.5681818181818182,7035.53,CARD,YESBANK,CARD_EXPIRED,15,RETRY_LATER,0
0.6538461538461539,0.5925925925925926,5170.88,CARD,YESBANK,BANK_TIMEOUT,21,SEND_REMINDER,1
0.9,0.5,4069.58,NETBANKING,KOTAK,BANK_TIMEOUT,1,RETRY_NOW,0
0.6875,0.4666666666666667,8700.68,WALLET,SBI,AUTHENTICATION_FAILED,8,SEND_REMINDER,1
0.9393939393939394,1.0,1295.43,CARD,AXIS,INSUFFICIENT_FUNDS,11,RETRY_NOW,0
0.7777777777777778,0.4090909090909091,4735.55,NETBANKING,SBI,BANK_TIMEOUT,5,RETRY_NOW,0
0.851063829787234,0.7142857142857143,9360.11,WALLET,ICICI,NETWORK_ERROR,12,RETRY_LATER,1
0.6666666666666666,0.75,6450.42,CARD,YESBANK,LIMIT_EXCEEDED,18,NO_ACTION,0
0.7,0.47619047619047616,9282.85,WALLET,YESBANK,BANK_TIMEOUT,5,SEND_REMINDER,0
0.7272727272727273,0.3333333333333333,6971.37,NETBANKING,KOTAK,CARD_EXPIRED,4,SEND_REMINDER,0
0.6891891891891891,0.391304347826087,5850.62,NETBANKING,AXIS,CARD_EXPIRED,13,NO_ACTION,0
0.7777777777777778,0.7916666666666666,299.95,WALLET,YESBANK,LIMIT_EXCEEDED,17,RETRY_NOW,0
0.84,1.0,8947.02,NETBANKING,AXIS,NETWORK_ERROR,3,RETRY_LATER,1
0.75,0.4,7760.74,CARD,ICICI,LIMIT_EXCEEDED,22,NO_ACTION,0
0.7966101694915254,0.5,7088.25,NETBANKING,SBI,BANK_TIMEOUT,21,RETRY_NOW,0
0.6153846153846154,0.2,8733.0,CARD,HDFC,LIMIT_EXCEEDED,18,SEND_REMINDER,0
0.6440677966101694,0.6666666666666666,8099.48,UPI,AXIS,AUTHENTICATION_FAILED,0,RETRY_LATER,1
0.7663551401869159,0.44,9746.55,CARD,KOTAK,LIMIT_EXCEEDED,9,RETRY_NOW,0
0.7317073170731707,0.2727272727272727,5683.6,UPI,KOTAK,NETWORK_ERROR,22,RETRY_NOW,1
0.5882352941176471,0.6428571428571429,7702.86,UPI,ICICI,BANK_TIMEOUT,19,RETRY_NOW,0
0.6,0.75,2587.35,UPI,HDFC,LIMIT_EXCEEDED,7,SEND_REMINDER,1
0.9,1.0,7812.49,NETBANKING,HDFC,NETWORK_ERROR,2,RETRY_NOW,1
0.6875,0.5333333333333333,3804.45,CARD,HDFC,LIMIT_EXCEEDED,23,RETRY_NOW,1
0.7777777777777778,0.6666666666666666,4921.22,CARD,YESBANK,NETWORK_ERROR,9,SEND_REMINDER,0
0.8157894736842105,0.42857142857142855,134.85,NETBANKING,KOTAK,INSUFFICIENT_FUNDS,15,RETRY_NOW,1
0.5789473684210527,0.625,4100.41,CARD,SBI,LIMIT_EXCEEDED,4,RETRY_LATER,0
0.8,0.0,507.45,WALLET,YESBANK,LIMIT_EXCEEDED,5,NO_ACTION,0
0.631578947368421,0.5,2545.38,UPI,SBI,BANK_TIMEOUT,7,RETRY_NOW,1
0.5,0.6666666666666666,8185.66,CARD,ICICI,CARD_EXPIRED,1,RETRY_LATER,0
0.7796610169491526,0.46153846153846156,7073.46,UPI,YESBANK,NETWORK_ERROR,23,RETRY_NOW,0
0.7777777777777778,0.75,867.3,CARD,ICICI,AUTHENTICATION_FAILED,2,SEND_REMINDER,0
0.64,0.6666666666666666,7573.56,WALLET,HDFC,BANK_TIMEOUT,5,RETRY_LATER,0
0.8108108108108109,0.42857142857142855,5972.84,WALLET,AXIS,CARD_EXPIRED,2,NO_ACTION,0
0.75,0.3333333333333333,4392.45,NETBANKING,SBI,AUTHENTICATION_FAILED,0,RETRY_LATER,1
0.7241379310344828,0.5,8877.32,WALLET,KOTAK,INSUFFICIENT_FUNDS,12,RETRY_NOW,0
0.6666666666666666,0.2,5250.41,UPI,SBI,INSUFFICIENT_FUNDS,10,SEND_REMINDER,1
0.7868852459016393,0.38461538461538464,8712.0,UPI,AXIS,CARD_EXPIRED,16,NO_ACTION,0
0.8378378378378378,0.3333333333333333,6264.1,WALLET,HDFC,BANK_TIMEOUT,12,NO_ACTION,0
0.5882352941176471,0.5714285714285714,195.31,UPI,ICICI,NETWORK_ERROR,19,RETRY_LATER,1
0.8828125,0.5333333333333333,8727.55,CARD,YESBANK,BANK_TIMEOUT,6,RETRY_LATER,1
0.6346153846153846,0.631578947368421,3780.02,UPI,AXIS,AUTHENTICATION_FAILED,5,NO_ACTION,0
0.75,0.5555555555555556,8675.53,CARD,HDFC,INSUFFICIENT_FUNDS,15,RETRY_LATER,0
0.9761904761904762,1.0,9097.64,NETBANKING,ICICI,NETWORK_ERROR,4,RETRY_LATER,1
0.5555555555555556,0.75,3740.74,UPI,KOTAK,NETWORK_ERROR,5,RETRY_NOW,0
0.6666666666666666,0.6666666666666666,6173.78,WALLET,SBI,AUTHENTICATION_FAILED,0,RETRY_NOW,0
0.7560975609756098,0.6,5192.99,CARD,KOTAK,BANK_TIMEOUT,1,NO_ACTION,0
0.7073170731707317,0.3333333333333333,858.67,WALLET,KOTAK,CARD_EXPIRED,19,RETRY_LATER,0
0.8636363636363636,0.6666666666666666,5046.3,WALLET,ICICI,CARD_EXPIRED,7,SEND_REMINDER,1
0.7741935483870968,0.42857142857142855,6717.29,NETBANKING,KOTAK,NETWORK_ERROR,17,NO_ACTION,0
0.7631578947368421,0.4444444444444444,3425.15,CARD,YESBANK,CARD_EXPIRED,12,RETRY_NOW,0
0.7430555555555556,0.40540540540540543,8027.67,WALLET,KOTAK,NETWORK_ERROR,7,NO_ACTION,0
0.7086614173228346,0.43243243243243246,1241.34,NETBANKING,KOTAK,NETWORK_ERROR,3,NO_ACTION,0
0.8,0.375,4669.94,CARD,AXIS,CARD_EXPIRED,15,RETRY_NOW,0
0.7931034482758621,0.3333333333333333,5872.08,UPI,ICICI,AUTHENTICATION_FAILED,10,SEND_REMINDER,1
0.6363636363636364,0.55,9619.05,WALLET,HDFC,CARD_EXPIRED,3,RETRY_NOW,0
0.8947368421052632,0.5,3473.35,CARD,HDFC,AUTHENTICATION_FAILED,16,RETRY_LATER,1
0.7634408602150538,0.5,8673.6,WALLET,HDFC,LIMIT_EXCEEDED,3,RETRY_NOW,0
0.6666666666666666,0.0,339.06,UPI,YESBANK,INSUFFICIENT_FUNDS,1,SEND_REMINDER,0
0.8412698412698413,0.4,6374.22,WALLET,AXIS,NETWORK_ERROR,0,NO_ACTION,0
0.6666666666666666,0.0,6582.3,WALLET,YESBANK,INSUFFICIENT_FUNDS,6,RETRY_LATER,0
0.7906976744186046,0.3333333333333333,4051.96,NETBANKING,KOTAK,INSUFFICIENT_FUNDS,18,SEND_REMINDER,0
0.75,0.0,9145.21,UPI,HDFC,AUTHENTICATION_FAILED,23,RETRY_LATER,0
0.75,0.3333333333333333,6874.81,UPI,SBI,INSUFFICIENT_FUNDS,12,RETRY_LATER,0
0.7747747747747747,0.6,7530.0,CARD,HDFC,AUTHENTICATION_FAILED,1,RETRY_LATER,1
0.65,0.42857142857142855,8104.72,UPI,KOTAK,CARD_EXPIRED,2,RETRY_LATER,0
0.6956521739130435,0.5714285714285714,3574.72,CARD,SBI,BANK_TIMEOUT,19,RETRY_NOW,1
0.7058823529411765,0.3,1100.09,CARD,KOTAK,CARD_EXPIRED,13,SEND_REMINDER,1
0.4482758620689655,0.375,6269.59,WALLET,HDFC,NETWORK_ERROR,6,SEND_REMINDER,0
0.25,1.0,8876.36,CARD,ICICI,NETWORK_ERROR,17,SEND_REMINDER,0
0.7011494252873564,0.46153846153846156,5300.51,WALLET,KOTAK,AUTHENTICATION_FAILED,11,NO_ACTION,0
0.0,0.5,4505.64,CARD,ICICI,AUTHENTICATION_FAILED,3,NO_ACTION,0
0.78125,0.35714285714285715,303.78,WALLET,YESBANK,LIMIT_EXCEEDED,4,RETRY_LATER,0
0.7226890756302521,0.5151515151515151,6201.06,CARD,AXIS,INSUFFICIENT_FUNDS,17,NO_ACTION,0
0.8214285714285714,0.6,3417.18,CARD,ICICI,LIMIT_EXCEEDED,12,RETRY_NOW,0
0.8,0.5,9026.36,WALLET,YESBANK,LIMIT_EXCEEDED,4,NO_ACTION,0
0.5,1.0,7124.4,CARD,ICICI,NETWORK_ERROR,14,RETRY_NOW,1
0.8666666666666667,0.3333333333333333,2211.32,WALLET,KOTAK,NETWORK_ERROR,13,NO_ACTION,0
0.7368421052631579,0.4,7840.91,WALLET,HDFC,BANK_TIMEOUT,11,RETRY_LATER,1
0.7627118644067796,0.5714285714285714,2311.72,WALLET,YESBANK,LIMIT_EXCEEDED,14,RETRY_LATER,0
0.7938144329896907,0.5,6987.29,UPI,HDFC,NETWORK_ERROR,0,NO_ACTION,0
0.9090909090909091,0.6666666666666666,5898.81,NETBANKING,YESBANK,LIMIT_EXCEEDED,23,RETRY_NOW,0
0.891566265060241,0.5555555555555556,8146.6,WALLET,KOTAK,CARD_EXPIRED,10,NO_ACTION,0
0.8,0.5652173913043478,4859.81,NETBANKING,YESBANK,CARD_EXPIRED,16,NO_ACTION,0
0.6346153846153846,0.47368421052631576,6867.64,UPI,YESBANK,NETWORK_ERROR,11,RETRY_LATER,1
0.7692307692307693,0.6666666666666666,2318.43,WALLET,AXIS,LIMIT_EXCEEDED,20,SEND_REMINDER,0
0.6666666666666666,0.0,5965.74,CARD,SBI,INSUFFICIENT_FUNDS,23,RETRY_LATER,0
0.620253164556962,0.4666666666666667,1194.57,WALLET,AXIS,INSUFFICIENT_FUNDS,20,NO_ACTION,0
0.9565217391304348,0.3333333333333333,3787.68,CARD,KOTAK,CARD_EXPIRED,4,RETRY_NOW,0
0.7692307692307693,0.3333333333333333,6121.51,UPI,ICICI,BANK_TIMEOUT,5,RETRY_NOW,0
0.6363636363636364,0.5,3391.71,UPI,ICICI,INSUFFICIENT_FUNDS,20,NO_ACTION,0
0.55,0.4444444444444444,4698.25,UPI,SBI,CARD_EXPIRED,21,RETRY_LATER,0
0.5789473684210527,0.625,4100.41,CARD,SBI,LIMIT_EXCEEDED,4,RETRY_NOW,0
0.8181818181818182,0.5833333333333334,2192.33,NETBANKING,YESBANK,LIMIT_EXCEEDED,21,RETRY_LATER,1
0.7804878048780488,0.5555555555555556,2643.63,WALLET,KOTAK,BANK_TIMEOUT,7,SEND_REMINDER,0
0.5789473684210527,0.75,797.23,WALLET,AXIS,CARD_EXPIRED,7,SEND_REMINDER,1
0.5714285714285714,1.0,9481.49,NETBANKING,YESBANK,INSUFFICIENT_FUNDS,3,RETRY_NOW,0
0.703125,0.5263157894736842,6900.71,NETBANKING,ICICI,AUTHENTICATION_FAILED,18,RETRY_LATER,0
0.6666666666666666,0.0,8279.03,UPI,AXIS,LIMIT_EXCEEDED,13,SEND_REMINDER,0
0.78,0.5454545454545454,4246.05,WALLET,ICICI,AUTHENTICATION_FAILED,5,SEND_REMINDER,0
0.5789473684210527,0.5,4518.36,UPI,KOTAK,INSUFFICIENT_FUNDS,18,SEND_REMINDER,1
0.7441860465116279,0.5454545454545454,3279.27,NETBANKING,AXIS,CARD_EXPIRED,18,RETRY_LATER,1
0.7524752475247525,0.72,3934.59,NETBANKING,ICICI,NETWORK_ERROR,17,NO_ACTION,0
0.9354838709677419,0.5,360.76,WALLET,ICICI,BANK_TIMEOUT,11,RETRY_NOW,1
0.6666666666666666,0.5,8983.66,WALLET,YESBANK,LIMIT_EXCEEDED,2,RETRY_NOW,0
0.7383177570093458,0.6071428571428571,1122.84,NETBANKING,ICICI,NETWORK_ERROR,16,NO_ACTION,0
0.9183673469387755,0.25,5207.16,WALLET,HDFC,NETWORK_ERROR,6,NO_ACTION,0
0.8333333333333334,0.8333333333333334,7000.96,UPI,AXIS,NETWORK_ERROR,8,NO_ACTION,0
0.6666666666666666,0.2631578947368421,9794.27,WALLET,AXIS,BANK_TIMEOUT,8,RETRY_LATER,1
0.6578947368421053,0.34615384615384615,4648.39,NETBANKING,YESBANK,NETWORK_ERROR,23,SEND_REMINDER,0
0.8484848484848485,0.4,2026.38,WALLET,HDFC,BANK_TIMEOUT,0,NO_ACTION,0
0.5454545454545454,0.6,2797.8,WALLET,SBI,BANK_TIMEOUT,4,SEND_REMINDER,0
0.8375,0.6153846153846154,4029.28,CARD,AXIS,INSUFFICIENT_FUNDS,6,NO_ACTION,0
0.6136363636363636,0.35294117647058826,5929.73,WALLET,AXIS,CARD_EXPIRED,8,SEND_REMINDER,1
0.6666666666666666,0.5813953488372093,2255.25,NETBANKING,AXIS,CARD_EXPIRED,10,RETRY_NOW,0
0.0,0.5,4505.64,CARD,ICICI,AUTHENTICATION_FAILED,3,RETRY_LATER,1
0.7619047619047619,0.3,5601.85,NETBANKING,YESBANK,NETWORK_ERROR,23,RETRY_NOW,0
0.65625,0.5454545454545454,3869.11,WALLET,KOTAK,BANK_TIMEOUT,22,RETRY_NOW,0
0.8426966292134831,0.6428571428571429,3709.16,CARD,SBI,INSUFFICIENT_FUNDS,19,RETRY_LATER,0
0.5,0.5,2956.69,UPI,ICICI,AUTHENTICATION_FAILED,22,RETRY_NOW,0
0.7926829268292683,0.47058823529411764,9120.45,NETBANKING,YESBANK,INSUFFICIENT_FUNDS,6,NO_ACTION,0
0.6881720430107527,0.5862068965517241,7877.02,CARD,KOTAK,NETWORK_ERROR,8,RETRY_LATER,1
0.6842105263157895,0.5833333333333334,6505.92,WALLET,SBI,AUTHENTICATION_FAILED,9,SEND_REMINDER,1
0.8181818181818182,0.2,8813.16,UPI,ICICI,CARD_EXPIRED,3,RETRY_NOW,0
0.8589743589743589,0.2727272727272727,302.41,UPI,ICICI,INSUFFICIENT_FUNDS,2,RETRY_LATER,0
0.9195402298850575,0.42857142857142855,3717.12,UPI,AXIS,AUTHENTICATION_FAILED,6,RETRY_NOW,1
0.5,0.0,2835.46,NETBANKING,KOTAK,LIMIT_EXCEEDED,21,RETRY_NOW,0
0.6470588235294118,0.5,1532.98,WALLET,SBI,AUTHENTICATION_FAILED,15,SEND_REMINDER,1
0.7906976744186046,0.3333333333333333,1032.35,UPI,SBI,LIMIT_EXCEEDED,9,NO_ACTION,0
0.7407407407407407,0.42857142857142855,6634.97,CARD,HDFC,BANK_TIMEOUT,15,RETRY_NOW,1
0.6666666666666666,0.5,2904.74,UPI,KOTAK,CARD_EXPIRED,10,RETRY_NOW,0
0.5714285714285714,0.5238095238095238,9617.34,NETBANKING,ICICI,BANK_TIMEOUT,20,RETRY_LATER,1
0.6842105263157895,0.7222222222222222,3360.59,WALLET,SBI,CARD_EXPIRED,15,RETRY_NOW,1
0.6666666666666666,0.6666666666666666,6173.78,WALLET,SBI,AUTHENTICATION_FAILED,0,NO_ACTION,0
0.82,0.6666666666666666,4630.87,CARD,YESBANK,BANK_TIMEOUT,6,RETRY_NOW,1
0.898989898989899,0.5,6926.41,WALLET,KOTAK,NETWORK_ERROR,12,NO_ACTION,0
0.7777777777777778,0.6,4946.65,WALLET,YESBANK,INSUFFICIENT_FUNDS,7,SEND_REMINDER,1
0.6266666666666667,0.39285714285714285,1786.38,WALLET,ICICI,NETWORK_ERROR,0,NO_ACTION,0
0.8,0.0,8253.23,UPI,KOTAK,NETWORK_ERROR,23,SEND_REMINDER,0
0.9404761904761905,0.6,5333.3,WALLET,HDFC,LIMIT_EXCEEDED,21,RETRY_NOW,0
0.3333333333333333,0.5,9001.84,NETBANKING,YESBANK,NETWORK_ERROR,11,NO_ACTION,0
0.8181818181818182,1.0,5517.58,NETBANKING,HDFC,AUTHENTICATION_FAILED,12,RETRY_LATER,0
0.5648148148148148,0.425531914893617,9563.31,CARD,HDFC,AUTHENTICATION_FAILED,15,NO_ACTION,0
0.8645833333333334,0.3076923076923077,2677.87,UPI,ICICI,BANK_TIMEOUT,13,RETRY_LATER,0
0.6363636363636364,0.5,4529.3,WALLET,YESBANK,LIMIT_EXCEEDED,0,RETRY_NOW,0
0.7307692307692307,0.8571428571428571,7415.5,UPI,ICICI,NETWORK_ERROR,8,RETRY_NOW,0
0.9402985074626866,0.75,3215.65,CARD,AXIS,CARD_EXPIRED,19,NO_ACTION,0
0.7333333333333333,0.75,6117.43,UPI,HDFC,INSUFFICIENT_FUNDS,14,SEND_REMINDER,1
0.7142857142857143,0.75,4006.34,UPI,ICICI,AUTHENTICATION_FAILED,13,SEND_REMINDER,1
0.8169014084507042,0.38461538461538464,615.09,CARD,ICICI,CARD_EXPIRED,11,RETRY_NOW,0
0.8333333333333334,0.25,7923.64,CARD,ICICI,AUTHENTICATION_FAILED,16,RETRY_LATER,0
0.6666666666666666,0.4166666666666667,4053.46,CARD,KOTAK,AUTHENTICATION_FAILED,0,NO_ACTION,0
0.75,0.6666666666666666,7516.8,NETBANKING,HDFC,NETWORK_ERROR,1,NO_ACTION,0
0.7007299270072993,0.5365853658536586,1963.09,CARD,SBI,INSUFFICIENT_FUNDS,23,RETRY_LATER,0
0.7931034482758621,0.5,834.61,UPI,ICICI,AUTHENTICATION_FAILED,12,SEND_REMINDER,1
0.6382978723404256,0.7058823529411765,1051.17,UPI,KOTAK,CARD_EXPIRED,12,RETRY_NOW,0
0.7,0.6666666666666666,8955.8,UPI,HDFC,AUTHENTICATION_FAILED,12,RETRY_NOW,0
0.75,0.875,175.47,WALLET,SBI,CARD_EXPIRED,10,RETRY_NOW,1
0.9047619047619048,0.5,8020.71,CARD,AXIS,CARD_EXPIRED,15,RETRY_NOW,1
0.5769230769230769,0.36363636363636365,5009.92,UPI,AXIS,BANK_TIMEOUT,7,RETRY_NOW,0
0.6666666666666666,0.3333333333333333,7967.78,WALLET,KOTAK,INSUFFICIENT_FUNDS,4,RETRY_LATER,0
0.9219858156028369,0.2727272727272727,2478.63,UPI,HDFC,BANK_TIMEOUT,10,RETRY_LATER,1
0.6705882352941176,0.5,1991.29,WALLET,HDFC,INSUFFICIENT_FUNDS,14,SEND_REMINDER,0
0.8297872340425532,0.625,9725.61,WALLET,YESBANK,INSUFFICIENT_FUNDS,23,RETRY_LATER,0
0.7241379310344828,0.5625,6003.25,WALLET,YESBANK,AUTHENTICATION_FAILED,17,NO_ACTION,0
0.7938144329896907,0.5,6987.29,UPI,HDFC,NETWORK_ERROR,0,RETRY_NOW,0
0.4444444444444444,0.6,2874.58,UPI,KOTAK,LIMIT_EXCEEDED,8,SEND_REMINDER,0
0.6666666666666666,0.4,4764.14,WALLET,SBI,CARD_EXPIRED,7,RETRY_NOW,0
0.8285714285714286,0.6666666666666666,8833.68,CARD,ICICI,AUTHENTICATION_FAILED,16,NO_ACTION,0
0.6764705882352942,0.4090909090909091,6509.63,UPI,AXIS,LIMIT_EXCEEDED,13,SEND_REMINDER,0
0.6923076923076923,0.25,4157.89,UPI,SBI,AUTHENTICATION_FAILED,13,NO_ACTION,0
0.8317757009345794,0.6666666666666666,2984.76,WALLET,KOTAK,CARD_EXPIRED,21,NO_ACTION,0
0.7246376811594203,0.3684210526315789,2679.24,CARD,ICICI,NETWORK_ERROR,12,SEND_REMINDER,1
0.8229166666666666,0.35294117647058826,6972.49,CARD,SBI,BANK_TIMEOUT,1,RETRY_LATER,0
0.7666666666666667,0.7142857142857143,4609.38,UPI,KOTAK,AUTHENTICATION_FAILED,11,RETRY_LATER,1
0.631578947368421,0.14285714285714285,8500.25,CARD,YESBANK,CARD_EXPIRED,20,RETRY_NOW,0
0.7272727272727273,0.6666666666666666,556.84,NETBANKING,HDFC,BANK_TIMEOUT,13,NO_ACTION,0
0.65625,0.6363636363636364,9853.33,NETBANKING,KOTAK,INSUFFICIENT_FUNDS,18,SEND_REMINDER,1
0.7931034482758621,0.5,6007.88,CARD,KOTAK,NETWORK_ERROR,8,SEND_REMINDER,0
0.75,0.8,2821.73,WALLET,AXIS,LIMIT_EXCEEDED,17,RETRY_LATER,1
0.6222222222222222,0.6470588235294118,9723.35,CARD,ICICI,NETWORK_ERROR,9,RETRY_NOW,0
0.0,0.0,6561.88,NETBANKING,YESBANK,BANK_TIMEOUT,6,RETRY_LATER,0
0.8020833333333334,0.5263157894736842,5377.76,NETBANKING,YESBANK,CARD_EXPIRED,1,RETRY_LATER,0
0.6944444444444444,0.3333333333333333,5690.6,UPI,ICICI,CARD_EXPIRED,16,RETRY_LATER,1
0.6774193548387096,0.4,9538.85,NETBANKING,SBI,NETWORK_ERROR,19,RETRY_LATER,1
0.8461538461538461,0.5,7711.23,NETBANKING,ICICI,LIMIT_EXCEEDED,12,RETRY_NOW,0
0.5294117647058824,0.5,2389.63,NETBANKING,YESBANK,CARD_EXPIRED,11,RETRY_NOW,0
0.6470588235294118,0.5833333333333334,1087.16,CARD,YESBANK,BANK_TIMEOUT,20,SEND_REMINDER,1
0.72,0.42857142857142855,6435.67,NETBANKING,HDFC,AUTHENTICATION_FAILED,2,RETRY_LATER,0
0.9166666666666666,0.4,3927.61,CARD,HDFC,BANK_TIMEOUT,8,RETRY_LATER,1
0.6,0.5,7915.31,UPI,KOTAK,AUTHENTICATION_FAILED,8,SEND_REMINDER,1
0.7868852459016393,0.38461538461538464,2333.27,WALLET,KOTAK,CARD_EXPIRED,2,NO_ACTION,0
0.8,0.25,4207.75,WALLET,ICICI,AUTHENTICATION_FAILED,16,SEND_REMINDER,0
0.8,0.4375,7797.8,NETBANKING,HDFC,LIMIT_EXCEEDED,11,RETRY_NOW,0
0.6938775510204082,0.5333333333333333,7856.54,WALLET,AXIS,BANK_TIMEOUT,18,RETRY_NOW,1
0.8125,0.5,2286.68,CARD,YESBANK,LIMIT_EXCEEDED,20,RETRY_NOW,1
0.55,0.4444444444444444,1220.41,WALLET,SBI,LIMIT_EXCEEDED,21,NO_ACTION,0
0.6666666666666666,1.0,3858.76,UPI,YESBANK,INSUFFICIENT_FUNDS,15,RETRY_NOW,1
0.6097560975609756,0.375,7930.05,UPI,AXIS,INSUFFICIENT_FUNDS,11,RETRY_NOW,0
0.7763157894736842,0.5882352941176471,2458.5,CARD,AXIS,CARD_EXPIRED,12,NO_ACTION,0
0.6346153846153846,0.47368421052631576,6867.64,UPI,YESBANK,NETWORK_ERROR,11,NO_ACTION,0
0.8214285714285714,0.6,9897.98,WALLET,ICICI,AUTHENTICATION_FAILED,18,SEND_REMINDER,0
0.6172839506172839,0.45161290322580644,3023.44,WALLET,HDFC,INSUFFICIENT_FUNDS,11,RETRY_LATER,0
0.9090909090909091,1.0,4746.16,UPI,AXIS,LIMIT_EXCEEDED,5,NO_ACTION,0
0.8375,0.6153846153846154,4029.28,CARD,AXIS,INSUFFICIENT_FUNDS,6,SEND_REMINDER,1
0.42857142857142855,0.5,365.36,NETBANKING,HDFC,CARD_EXPIRED,7,RETRY_LATER,0
0.6944444444444444,0.45454545454545453,101.87,NETBANKING,YESBANK,CARD_EXPIRED,19,SEND_REMINDER,0
0.6,0.42857142857142855,1224.95,WALLET,SBI,CARD_EXPIRED,0,SEND_REMINDER,0
0.9473684210526315,0.0,8562.25,CARD,YESBANK,CARD_EXPIRED,13,SEND_REMINDER,0
0.7746478873239436,0.375,7043.08,UPI,ICICI,AUTHENTICATION_FAILED,14,RETRY_LATER,0
0.917910447761194,0.36363636363636365,7801.42,WALLET,YESBANK,BANK_TIMEOUT,17,SEND_REMINDER,0
0.6206896551724138,0.6363636363636364,5765.04,CARD,HDFC,INSUFFICIENT_FUNDS,16,RETRY_NOW,1
0.631578947368421,0.42857142857142855,7233.26,CARD,SBI,AUTHENTICATION_FAILED,13,RETRY_NOW,0
0.9222222222222223,0.42857142857142855,5269.45,WALLET,AXIS,BANK_TIMEOUT,19,SEND_REMINDER,1
0.872093023255814,0.2727272727272727,5309.52,CARD,KOTAK,NETWORK_ERROR,5,NO_ACTION,0
0.5625,0.42857142857142855,8009.86,UPI,HDFC,NETWORK_ERROR,13,RETRY_LATER,1
0.46153846153846156,0.5714285714285714,6971.71,CARD,YESBANK,CARD_EXPIRED,16,RETRY_NOW,0
0.6341463414634146,0.6,8712.09,CARD,HDFC,LIMIT_EXCEEDED,8,RETRY_LATER,0
0.5909090909090909,0.6296296296296297,5145.1,WALLET,YESBANK,BANK_TIMEOUT,21,RETRY_NOW,0
0.45,0.45454545454545453,8995.12,UPI,HDFC,INSUFFICIENT_FUNDS,1,RETRY_NOW,0
0.6621621621621622,0.68,421.14,NETBANKING,HDFC,INSUFFICIENT_FUNDS,17,NO_ACTION,0
0.7837837837837838,0.5,504.13,WALLET,YESBANK,AUTHENTICATION_FAILED,10,SEND_REMINDER,1
0.7692307692307693,0.8,2887.75,CARD,KOTAK,INSUFFICIENT_FUNDS,8,NO_ACTION,0
0.6271186440677966,0.6818181818181818,5978.34,NETBANKING,ICICI,NETWORK_ERROR,1,RETRY_LATER,0
0.7719298245614035,0.6153846153846154,1637.07,UPI,KOTAK,INSUFFICIENT_FUNDS,13,SEND_REMINDER,1
0.66,0.5882352941176471,4077.64,WALLET,KOTAK,AUTHENTICATION_FAILED,3,RETRY_NOW,0
0.0,0.0,6049.49,CARD,ICICI,CARD_EXPIRED,7,NO_ACTION,0
0.890625,0.42857142857142855,225.78,UPI,ICICI,BANK_TIMEOUT,22,RETRY_LATER,1
0.9285714285714286,1.0,7236.29,NETBANKING,SBI,LIMIT_EXCEEDED,5,RETRY_LATER,1
0.7636363636363637,0.6153846153846154,9005.22,CARD,AXIS,BANK_TIMEOUT,20,RETRY_LATER,1
0.6578947368421053,0.7692307692307693,9581.8,CARD,SBI,NETWORK_ERROR,17,RETRY_NOW,1
0.6666666666666666,0.6521739130434783,1519.74,UPI,KOTAK,CARD_EXPIRED,20,RETRY_NOW,0
0.7857142857142857,0.3333333333333333,9032.15,NETBANKING,ICICI,AUTHENTICATION_FAILED,4,SEND_REMINDER,1
0.782608695652174,0.4,8380.62,WALLET,YESBANK,AUTHENTICATION_FAILED,6,NO_ACTION,0
0.56,0.2727272727272727,2424.16,CARD,ICICI,BANK_TIMEOUT,13,SEND_REMINDER,0
0.8983050847457628,0.3333333333333333,3292.62,CARD,KOTAK,AUTHENTICATION_FAILED,22,NO_ACTION,0
0.8,0.3333333333333333,1401.63,NETBANKING,AXIS,AUTHENTICATION_FAILED,2,RETRY_NOW,0
0.7083333333333334,0.8571428571428571,2815.77,CARD,YESBANK,AUTHENTICATION_FAILED,22,RETRY_LATER,0
0.6666666666666666,0.7777777777777778,4683.57,NETBANKING,AXIS,CARD_EXPIRED,6,RETRY_NOW,0
0.7804878048780488,0.5555555555555556,2643.63,WALLET,KOTAK,BANK_TIMEOUT,7,NO_ACTION,0
0.9090909090909091,1.0,4456.84,CARD,HDFC,BANK_TIMEOUT,12,RETRY_NOW,1
0.75,0.0,1228.74,WALLET,HDFC,CARD_EXPIRED,11,SEND_REMINDER,1
0.7058823529411765,0.6,7104.71,WALLET,HDFC,CARD_EXPIRED,12,RETRY_NOW,0
0.6875,0.2,2287.7,UPI,KOTAK,AUTHENTICATION_FAILED,10,RETRY_LATER,1
0.5,1.0,7124.4,CARD,ICICI,NETWORK_ERROR,14,RETRY_LATER,1
0.8421052631578947,0.3333333333333333,1034.5,CARD,YESBANK,LIMIT_EXCEEDED,23,SEND_REMINDER,0
0.42857142857142855,0.5,1770.35,NETBANKING,ICICI,INSUFFICIENT_FUNDS,8,SEND_REMINDER,0
0.48484848484848486,0.35294117647058826,5164.11,CARD,YESBANK,BANK_TIMEOUT,11,RETRY_LATER,1
0.7258064516129032,0.5882352941176471,9412.95,UPI,HDFC,BANK_TIMEOUT,23,NO_ACTION,0
0.7692307692307693,0.4166666666666667,4229.65,NETBANKING,SBI,NETWORK_ERROR,10,RETRY_NOW,0
0.6976744186046512,0.5384615384615384,4246.91,UPI,AXIS,AUTHENTICATION_FAILED,2,RETRY_LATER,0
0.7796610169491526,0.38461538461538464,2965.94,CARD,HDFC,INSUFFICIENT_FUNDS,8,NO_ACTION,0
0.7916666666666666,0.7,9733.9,WALLET,SBI,BANK_TIMEOUT,5,RETRY_LATER,1
0.8518518518518519,0.3333333333333333,6932.51,UPI,HDFC,LIMIT_EXCEEDED,3,NO_ACTION,0
0.6341463414634146,0.5111111111111111,9838.27,CARD,ICICI,CARD_EXPIRED,18,RETRY_LATER,0
0.9315068493150684,0.4,7400.2,WALLET,ICICI,BANK_TIMEOUT,8,RETRY_LATER,0
0.7868852459016393,0.46153846153846156,5042.16,CARD,YESBANK,BANK_TIMEOUT,9,RETRY_NOW,1
0.92,0.5,6071.8,WALLET,SBI,CARD_EXPIRED,23,NO_ACTION,0
0.8333333333333334,1.0,5186.86,WALLET,SBI,CARD_EXPIRED,12,RETRY_LATER,0
0.675,0.46153846153846156,5590.95,NETBANKING,YESBANK,AUTHENTICATION_FAILED,20,SEND_REMINDER,1
0.7,1.0,4846.69,NETBANKING,KOTAK,AUTHENTICATION_FAILED,8,NO_ACTION,0
0.47368421052631576,0.8,5695.57,NETBANKING,AXIS,CARD_EXPIRED,19,RETRY_LATER,0
0.7857142857142857,0.5,726.06,UPI,KOTAK,BANK_TIMEOUT,8,SEND_REMINDER,0
0.625,0.2222222222222222,2237.83,WALLET,KOTAK,LIMIT_EXCEEDED,3,RETRY_LATER,0
0.7604166666666666,0.5217391304347826,8140.88,UPI,HDFC,NETWORK_ERROR,5,RETRY_LATER,0
0.8571428571428571,0.6666666666666666,4231.44,UPI,ICICI,LIMIT_EXCEEDED,8,SEND_REMINDER,0
0.7662337662337663,0.3888888888888889,6635.16,CARD,HDFC,CARD_EXPIRED,11,RETRY_NOW,0
0.7619047619047619,0.0,4166.12,UPI,YESBANK,BANK_TIMEOUT,16,NO_ACTION,0
0.664,0.5476190476190477,6268.77,UPI,HDFC,BANK_TIMEOUT,10,RETRY_LATER,1
0.7391304347826086,0.3333333333333333,3321.01,WALLET,SBI,BANK_TIMEOUT,22,RETRY_NOW,0
0.6744186046511628,0.5714285714285714,2855.55,WALLET,KOTAK,INSUFFICIENT_FUNDS,11,NO_ACTION,0
0.708029197080292,0.425,4393.28,WALLET,ICICI,INSUFFICIENT_FUNDS,10,NO_ACTION,0
0.5405405405405406,0.47058823529411764,7302.07,UPI,KOTAK,BANK_TIMEOUT,9,RETRY_LATER,1
0.7297297297297297,0.8,5444.58,NETBANKING,YESBANK,LIMIT_EXCEEDED,12,RETRY_LATER,1
0.8181818181818182,0.5,962.0,WALLET,YESBANK,LIMIT_EXCEEDED,16,RETRY_NOW,0
0.75,0.16666666666666666,7065.81,CARD,KOTAK,LIMIT_EXCEEDED,17,SEND_REMINDER,0
0.7627118644067796,0.5714285714285714,2311.72,WALLET,YESBANK,LIMIT_EXCEEDED,14,SEND_REMINDER,1
0.6285714285714286,0.6923076923076923,7658.65,NETBANKING,KOTAK,AUTHENTICATION_FAILED,2,SEND_REMINDER,1
0.6565656565656566,0.5,8326.43,NETBANKING,AXIS,LIMIT_EXCEEDED,20,RETRY_LATER,1
0.6896551724137931,0.5555555555555556,697.58,NETBANKING,AXIS,LIMIT_EXCEEDED,13,RETRY_NOW,0
0.9242424242424242,0.6,1729.68,UPI,HDFC,LIMIT_EXCEEDED,13,RETRY_LATER,1
0.9090909090909091,0.6666666666666666,5898.81,NETBANKING,YESBANK,LIMIT_EXCEEDED,23,SEND_REMINDER,0
0.7619047619047619,0.0,4166.12,UPI,YESBANK,BANK_TIMEOUT,16,SEND_REMINDER,1
0.0,1.0,1334.59,UPI,HDFC,BANK_TIMEOUT,2,RETRY_LATER,1
0.6,0.5,7915.31,UPI,KOTAK,AUTHENTICATION_FAILED,8,NO_ACTION,0
0.7272727272727273,0.6666666666666666,556.84,NETBANKING,HDFC,BANK_TIMEOUT,13,RETRY_NOW,1
0.7956989247311828,0.3684210526315789,4349.4,UPI,SBI,NETWORK_ERROR,0,RETRY_LATER,1
0.7659574468085106,0.45454545454545453,8898.02,WALLET,AXIS,CARD_EXPIRED,14,NO_ACTION,0
0.8,0.0,931.0,WALLET,YESBANK,BANK_TIMEOUT,13,SEND_REMINDER,1
0.8571428571428571,0.6666666666666666,4231.44,UPI,ICICI,LIMIT_EXCEEDED,8,RETRY_LATER,1
0.7692307692307693,0.6666666666666666,3190.99,WALLET,ICICI,NETWORK_ERROR,15,SEND_REMINDER,0
0.7297297297297297,0.5,5808.96,WALLET,KOTAK,LIMIT_EXCEEDED,21,RETRY_NOW,0
0.8275862068965517,0.4,212.71,UPI,AXIS,BANK_TIMEOUT,17,SEND_REMINDER,0
0.8571428571428571,0.75,5993.02,NETBANKING,KOTAK,AUTHENTICATION_FAILED,18,SEND_REMINDER,0
0.9078947368421053,0.5714285714285714,9588.92,CARD,YESBANK,NETWORK_ERROR,19,NO_ACTION,0
0.8421052631578947,1.0,7874.65,UPI,HDFC,AUTHENTICATION_FAILED,23,RETRY_NOW,1
0.5,0.16666666666666666,3600.28,CARD,KOTAK,INSUFFICIENT_FUNDS,0,RETRY_NOW,0
0.5217391304347826,0.45454545454545453,1201.81,NETBANKING,KOTAK,CARD_EXPIRED,4,RETRY_LATER,0
0.7857142857142857,0.3333333333333333,5945.69,NETBANKING,SBI,BANK_TIMEOUT,18,RETRY_NOW,1
0.9195402298850575,0.42857142857142855,3717.12,UPI,AXIS,AUTHENTICATION_FAILED,6,NO_ACTION,0
0.7747747747747747,0.6,7530.0,CARD,HDFC,AUTHENTICATION_FAILED,1,RETRY_NOW,1
0.4117647058823529,0.5,965.31,WALLET,KOTAK,CARD_EXPIRED,13,NO_ACTION,0
0.4444444444444444,0.4,6373.78,NETBANKING,AXIS,BANK_TIMEOUT,2,NO_ACTION,0
0.6176470588235294,0.6153846153846154,5201.63,UPI,KOTAK,AUTHENTICATION_FAILED,14,SEND_REMINDER,0
0.8658536585365854,0.7272727272727273,601.33,UPI,YESBANK,NETWORK_ERROR,7,SEND_REMINDER,0
0.7346938775510204,0.46153846153846156,3661.62,CARD,HDFC,AUTHENTICATION_FAILED,17,SEND_REMINDER,0
0.7333333333333333,0.5,3029.11,CARD,KOTAK,NETWORK_ERROR,21,NO_ACTION,0
0.926829268292683,1.0,7400.75,NETBANKING,ICICI,AUTHENTICATION_FAILED,21,RETRY_LATER,1
0.0,0.0,1174.83,UPI,SBI,BANK_TIMEOUT,6,RETRY_LATER,0
0.42857142857142855,0.5,6506.34,NETBANKING,SBI,AUTHENTICATION_FAILED,11,RETRY_NOW,0
0.75,1.0,1712.44,UPI,YESBANK,CARD_EXPIRED,17,RETRY_NOW,1
0.8,1.0,7762.02,WALLET,AXIS,NETWORK_ERROR,10,RETRY_NOW,1
0.7844827586206896,0.64,5441.3,NETBANKING,KOTAK,AUTHENTICATION_FAILED,15,NO_ACTION,0
0.7758620689655172,0.5,6465.14,NETBANKING,YESBANK,INSUFFICIENT_FUNDS,20,NO_ACTION,0
0.7428571428571429,0.4444444444444444,9819.99,NETBANKING,KOTAK,CARD_EXPIRED,16,NO_ACTION,0
0.7796610169491526,0.38461538461538464,2965.94,CARD,HDFC,INSUFFICIENT_FUNDS,8,SEND_REMINDER,0
0.8048780487804879,0.125,6440.34,UPI,YESBANK,AUTHENTICATION_FAILED,0,RETRY_LATER,1
0.8636363636363636,0.6666666666666666,700.71,NETBANKING,HDFC,LIMIT_EXCEEDED,19,RETRY_LATER,0
0.6521739130434783,0.875,6452.38,CARD,KOTAK,NETWORK_ERROR,16,RETRY_LATER,1
0.7466666666666667,0.2631578947368421,9966.9,WALLET,ICICI,INSUFFICIENT_FUNDS,17,SEND_REMINDER,1
0.6637168141592921,0.4473684210526316,3839.9,UPI,HDFC,LIMIT_EXCEEDED,17,NO_ACTION,0
0.639344262295082,0.5227272727272727,4297.22,WALLET,AXIS,INSUFFICIENT_FUNDS,7,RETRY_LATER,0
0.5,0.0,733.84,UPI,AXIS,AUTHENTICATION_FAILED,13,RETRY_LATER,0
0.9014084507042254,0.42857142857142855,5941.91,UPI,YESBANK,BANK_TIMEOUT,11,RETRY_LATER,1
0.7536231884057971,0.5294117647058824,2010.79,CARD,KOTAK,INSUFFICIENT_FUNDS,19,NO_ACTION,0
0.6666666666666666,0.6666666666666666,3492.67,CARD,ICICI,CARD_EXPIRED,5,SEND_REMINDER,1
0.7931034482758621,0.6666666666666666,7813.23,NETBANKING,YESBANK,LIMIT_EXCEEDED,18,NO_ACTION,0
0.5648148148148148,0.425531914893617,7051.35,CARD,YESBANK,INSUFFICIENT_FUNDS,4,RETRY_NOW,0
0.7105263157894737,0.5454545454545454,2361.48,WALLET,HDFC,INSUFFICIENT_FUNDS,23,RETRY_NOW,0
0.8571428571428571,0.3333333333333333,9265.24,WALLET,SBI,LIMIT_EXCEEDED,6,SEND_REMINDER,0
0.68,0.525,5961.7,WALLET,AXIS,INSUFFICIENT_FUNDS,1,RETRY_NOW,0
0.8,0.0,2728.41,CARD,KOTAK,INSUFFICIENT_FUNDS,11,RETRY_LATER,0
0.7096774193548387,0.6666666666666666,1758.16,CARD,HDFC,CARD_EXPIRED,17,RETRY_NOW,1
0.7777777777777778,0.5,7309.95,WALLET,KOTAK,CARD_EXPIRED,1,SEND_REMINDER,0
0.9090909090909091,0.0,7876.26,WALLET,YESBANK,LIMIT_EXCEEDED,14,RETRY_NOW,0
0.72,0.5714285714285714,7529.98,UPI,SBI,CARD_EXPIRED,22,NO_ACTION,0
0.776595744680851,0.5714285714285714,1985.55,CARD,HDFC,LIMIT_EXCEEDED,15,RETRY_NOW,0
0.9375,1.0,5346.65,CARD,ICICI,LIMIT_EXCEEDED,0,RETRY_LATER,1
0.8214285714285714,0.2,5806.37,CARD,HDFC,AUTHENTICATION_FAILED,3,NO_ACTION,0
0.5757575757575758,0.5,6071.65,WALLET,SBI,BANK_TIMEOUT,4,NO_ACTION,0
0.7160493827160493,0.5217391304347826,5148.94,CARD,SBI,CARD_EXPIRED,8,RETRY_NOW,0
0.6634615384615384,0.4857142857142857,7129.95,UPI,SBI,LIMIT_EXCEEDED,2,NO_ACTION,0
0.7906976744186046,0.6666666666666666,8829.22,WALLET,ICICI,CARD_EXPIRED,17,SEND_REMINDER,1
0.88,0.0,7356.47,NETBANKING,YESBANK,LIMIT_EXCEEDED,1,RETRY_NOW,0
0.7592592592592593,0.46153846153846156,3109.55,WALLET,KOTAK,LIMIT_EXCEEDED,2,SEND_REMINDER,0
0.803921568627451,0.5,7529.54,CARD,YESBANK,BANK_TIMEOUT,4,SEND_REMINDER,1
0.8,1.0,2686.52,WALLET,HDFC,AUTHENTICATION_FAILED,17,RETRY_NOW,1
0.725,0.36363636363636365,7387.69,WALLET,HDFC,BANK_TIMEOUT,0,RETRY_LATER,1
0.8387096774193549,0.4,3375.04,WALLET,AXIS,CARD_EXPIRED,12,RETRY_NOW,0
0.8813559322033898,0.42857142857142855,4100.13,NETBANKING,ICICI,NETWORK_ERROR,6,RETRY_LATER,0
0.8,0.5,1308.88,WALLET,HDFC,BANK_TIMEOUT,7,SEND_REMINDER,0
0.2857142857142857,0.6,5908.65,NETBANKING,SBI,NETWORK_ERROR,4,RETRY_NOW,1
0.839622641509434,0.5882352941176471,5827.36,WALLET,YESBANK,INSUFFICIENT_FUNDS,5,NO_ACTION,0
0.808695652173913,0.5454545454545454,1159.69,UPI,KOTAK,LIMIT_EXCEEDED,22,SEND_REMINDER,1
0.7777777777777778,0.5,9022.12,UPI,YESBANK,AUTHENTICATION_FAILED,0,RETRY_NOW,0
0.7685185185185185,0.8,3085.47,CARD,ICICI,CARD_EXPIRED,0,RETRY_LATER,0
0.8928571428571429,0.5,6723.71,WALLET,ICICI,INSUFFICIENT_FUNDS,2,SEND_REMINDER,1
0.6428571428571429,0.6,1121.06,CARD,ICICI,BANK_TIMEOUT,0,RETRY_LATER,1
0.6666666666666666,0.4,161.7,UPI,SBI,AUTHENTICATION_FAILED,10,RETRY_LATER,0
0.625,0.5,2489.3,UPI,KOTAK,AUTHENTICATION_FAILED,11,RETRY_NOW,0
0.84,0.25,6935.25,UPI,KOTAK,NETWORK_ERROR,7,NO_ACTION,0
0.7317073170731707,0.36363636363636365,8487.51,WALLET,KOTAK,NETWORK_ERROR,21,RETRY_LATER,1
0.8333333333333334,0.3333333333333333,1934.7,WALLET,KOTAK,AUTHENTICATION_FAILED,0,SEND_REMINDER,0
0.8571428571428571,1.0,8867.69,CARD,KOTAK,INSUFFICIENT_FUNDS,7,RETRY_LATER,0
0.9016393442622951,0.6666666666666666,8539.07,NETBANKING,KOTAK,NETWORK_ERROR,3,RETRY_LATER,1
0.8372093023255814,0.42857142857142855,4288.96,NETBANKING,AXIS,NETWORK_ERROR,16,NO_ACTION,0
0.95,1.0,5173.1,NETBANKING,HDFC,LIMIT_EXCEEDED,19,RETRY_NOW,0
0.782608695652174,0.4,8380.62,WALLET,YESBANK,AUTHENTICATION_FAILED,6,SEND_REMINDER,1
0.6153846153846154,0.4,5975.54,WALLET,AXIS,INSUFFICIENT_FUNDS,4,RETRY_NOW,1
0.0,1.0,1828.63,NETBANKING,ICICI,NETWORK_ERROR,4,NO_ACTION,0
0.7746478873239436,0.375,7043.08,UPI,ICICI,AUTHENTICATION_FAILED,14,SEND_REMINDER,1
0.7833333333333333,0.6153846153846154,1468.72,NETBANKING,KOTAK,BANK_TIMEOUT,17,RETRY_LATER,1
0.9090909090909091,0.6666666666666666,5898.81,NETBANKING,YESBANK,LIMIT_EXCEEDED,23,RETRY_LATER,1
0.8307692307692308,0.18181818181818182,2665.84,WALLET,HDFC,BANK_TIMEOUT,11,SEND_REMINDER,0
0.6923076923076923,0.3888888888888889,7873.52,NETBANKING,YESBANK,NETWORK_ERROR,15,SEND_REMINDER,1
0.8181818181818182,0.5,556.68,CARD,YESBANK,CARD_EXPIRED,15,RETRY_LATER,0
0.79,0.7619047619047619,8066.81,NETBANKING,YESBANK,INSUFFICIENT_FUNDS,19,RETRY_LATER,0
0.808695652173913,0.5454545454545454,1159.69,UPI,KOTAK,LIMIT_EXCEEDED,22,RETRY_LATER,1
0.9069767441860465,0.75,4033.87,WALLET,YESBANK,CARD_EXPIRED,14,RETRY_NOW,0
0.64,0.5555555555555556,8523.68,WALLET,HDFC,INSUFFICIENT_FUNDS,3,NO_ACTION,0
0.6206896551724138,0.6363636363636364,5765.04,CARD,HDFC,INSUFFICIENT_FUNDS,16,NO_ACTION,0
0.620253164556962,0.4,110.97,UPI,SBI,LIMIT_EXCEEDED,18,SEND_REMINDER,0
0.918918918918919,0.6666666666666666,7118.95,UPI,AXIS,CARD_EXPIRED,10,NO_ACTION,0
0.7835051546391752,0.47619047619047616,5341.6,CARD,HDFC,CARD_EXPIRED,14,SEND_REMINDER,0
0.5757575757575758,0.5,4715.71,CARD,HDFC,INSUFFICIENT_FUNDS,7,NO_ACTION,0
0.9577464788732394,0.3333333333333333,7444.59,NETBANKING,ICICI,INSUFFICIENT_FUNDS,1,SEND_REMINDER,0
0.7204301075268817,0.5769230769230769,3604.16,NETBANKING,AXIS,BANK_TIMEOUT,17,SEND_REMINDER,1
0.7894736842105263,0.75,6709.77,CARD,SBI,NETWORK_ERROR,19,RETRY_NOW,1
0.8181818181818182,0.2,8813.16,UPI,ICICI,CARD_EXPIRED,3,NO_ACTION,0
0.7333333333333333,0.625,4679.14,CARD,YESBANK,BANK_TIMEOUT,22,RETRY_NOW,1
0.6,0.625,6168.15,NETBANKING,ICICI,CARD_EXPIRED,10,NO_ACTION,0
0.6415094339622641,0.47368421052631576,681.72,WALLET,SBI,BANK_TIMEOUT,12,RETRY_LATER,1
0.6976744186046512,0.6153846153846154,9482.43,CARD,HDFC,BANK_TIMEOUT,0,NO_ACTION,0
0.7468354430379747,0.45,3404.45,CARD,SBI,LIMIT_EXCEEDED,10,RETRY_NOW,0
0.734375,0.4117647058823529,184.97,UPI,SBI,INSUFFICIENT_FUNDS,15,NO_ACTION,0
0.6140350877192983,0.4090909090909091,3831.89,CARD,HDFC,LIMIT_EXCEEDED,7,SEND_REMINDER,0
0.9130434782608695,0.0,3294.66,WALLET,SBI,INSUFFICIENT_FUNDS,23,NO_ACTION,0
0.6075949367088608,0.5161290322580645,7790.8,NETBANKING,KOTAK,INSUFFICIENT_FUNDS,7,RETRY_LATER,1
0.7,0.5,8131.01,CARD,AXIS,LIMIT_EXCEEDED,0,NO_ACTION,0
0.6511627906976745,0.6666666666666666,6578.38,UPI,KOTAK,LIMIT_EXCEEDED,23,NO_ACTION,0
0.7317073170731707,0.36363636363636365,4758.92,CARD,YESBANK,NETWORK_ERROR,11,RETRY_NOW,0
0.45454545454545453,0.3333333333333333,6131.4,WALLET,SBI,CARD_EXPIRED,22,NO_ACTION,0
0.6666666666666666,0.4782608695652174,5532.5,UPI,AXIS,CARD_EXPIRED,23,SEND_REMINDER,1
0.8085106382978723,0.4444444444444444,5777.19,NETBANKING,KOTAK,AUTHENTICATION_FAILED,22,RETRY_NOW,0
0.4666666666666667,0.75,2894.94,WALLET,SBI,BANK_TIMEOUT,16,RETRY_NOW,0
0.6363636363636364,0.5,3225.32,WALLET,YESBANK,INSUFFICIENT_FUNDS,5,RETRY_NOW,0
0.9285714285714286,1.0,7236.29,NETBANKING,SBI,LIMIT_EXCEEDED,5,RETRY_NOW,0
0.8214285714285714,0.6,1186.37,UPI,ICICI,AUTHENTICATION_FAILED,6,RETRY_LATER,1
0.5,0.42857142857142855,6992.08,CARD,ICICI,BANK_TIMEOUT,2,RETRY_NOW,1
0.776595744680851,0.5714285714285714,3306.78,NETBANKING,SBI,BANK_TIMEOUT,13,RETRY_LATER,1
0.696969696969697,0.6,1205.7,NETBANKING,AXIS,BANK_TIMEOUT,22,SEND_REMINDER,0
0.6363636363636364,0.25,5302.01,UPI,AXIS,INSUFFICIENT_FUNDS,21,RETRY_NOW,0
0.9047619047619048,0.5,8255.45,UPI,SBI,AUTHENTICATION_FAILED,8,SEND_REMINDER,0
0.7384615384615385,0.4117647058823529,3357.6,UPI,HDFC,LIMIT_EXCEEDED,19,NO_ACTION,0
0.6842105263157895,0.5666666666666667,8797.47,UPI,SBI,AUTHENTICATION_FAILED,20,RETRY_NOW,0
0.8472222222222222,0.7272727272727273,2097.42,NETBANKING,SBI,CARD_EXPIRED,6,RETRY_NOW,1
0.625,0.5,9476.89,UPI,KOTAK,INSUFFICIENT_FUNDS,4,RETRY_NOW,0
0.7777777777777778,0.5,5738.56,CARD,ICICI,AUTHENTICATION_FAILED,11,NO_ACTION,0
0.7142857142857143,0.4375,3895.7,CARD,ICICI,INSUFFICIENT_FUNDS,16,NO_ACTION,0
0.5657894736842105,0.5454545454545454,8824.43,WALLET,ICICI,INSUFFICIENT_FUNDS,13,RETRY_LATER,0
0.8260869565217391,0.75,7418.13,WALLET,HDFC,BANK_TIMEOUT,8,RETRY_NOW,0
0.8024691358024691,0.5,1990.43,UPI,ICICI,BANK_TIMEOUT,5,NO_ACTION,0
0.0,0.0,9253.2,WALLET,ICICI,INSUFFICIENT_FUNDS,3,SEND_REMINDER,1
0.7692307692307693,0.48148148148148145,2905.29,UPI,SBI,AUTHENTICATION_FAILED,9,NO_ACTION,0
0.7857142857142857,0.5,9619.9,CARD,AXIS,INSUFFICIENT_FUNDS,10,RETRY_LATER,1
0.6583333333333333,0.5853658536585366,9956.15,WALLET,ICICI,AUTHENTICATION_FAILED,8,SEND_REMINDER,1
0.0,0.0,9526.52,WALLET,KOTAK,BANK_TIMEOUT,13,SEND_REMINDER,0
0.75,0.5,8216.11,WALLET,SBI,AUTHENTICATION_FAILED,6,SEND_REMINDER,1
0.8857142857142857,0.5,6121.62,UPI,ICICI,CARD_EXPIRED,11,RETRY_NOW,1
0.5909090909090909,0.4444444444444444,4961.5,NETBANKING,SBI,NETWORK_ERROR,6,SEND_REMINDER,0
0.7702702702702703,0.47058823529411764,8879.09,NETBANKING,SBI,NETWORK_ERROR,9,SEND_REMINDER,0
0.8260869565217391,0.75,7418.13,WALLET,HDFC,BANK_TIMEOUT,8,RETRY_LATER,1
0.75,0.5,7962.01,WALLET,SBI,AUTHENTICATION_FAILED,15,RETRY_LATER,0
0.8085106382978723,0.4444444444444444,5777.19,NETBANKING,KOTAK,AUTHENTICATION_FAILED,22,NO_ACTION,0
0.8958333333333334,0.4,1497.72,WALLET,HDFC,INSUFFICIENT_FUNDS,1,RETRY_NOW,1
0.7767857142857143,0.52,4984.34,CARD,ICICI,CARD_EXPIRED,19,NO_ACTION,0
0.9130434782608695,1.0,5336.77,WALLET,KOTAK,AUTHENTICATION_FAILED,16,NO_ACTION,0
0.717391304347826,0.46153846153846156,1967.48,WALLET,SBI,AUTHENTICATION_FAILED,10,RETRY_NOW,0
0.875,1.0,6196.72,UPI,YESBANK,CARD_EXPIRED,5,SEND_REMINDER,1
0.717948717948718,0.5757575757575758,4776.37,NETBANKING,SBI,NETWORK_ERROR,15,RETRY_LATER,1
0.6846846846846847,0.5714285714285714,9785.41,CARD,YESBANK,NETWORK_ERROR,2,RETRY_LATER,0
0.6190476190476191,0.5833333333333334,9357.24,WALLET,HDFC,AUTHENTICATION_FAILED,15,NO_ACTION,0
0.9,0.0,6175.77,CARD,KOTAK,AUTHENTICATION_FAILED,19,RETRY_NOW,0
0.8320610687022901,0.4090909090909091,5742.31,CARD,HDFC,LIMIT_EXCEEDED,3,RETRY_NOW,0
0.7666666666666667,0.7142857142857143,584.98,NETBANKING,HDFC,LIMIT_EXCEEDED,7,RETRY_LATER,1
0.6666666666666666,0.625,9997.86,CARD,SBI,CARD_EXPIRED,14,RETRY_NOW,1
0.75,0.5,1294.7,UPI,ICICI,LIMIT_EXCEEDED,6,RETRY_NOW,0
0.6704545454545454,0.5862068965517241,5257.83,WALLET,YESBANK,LIMIT_EXCEEDED,10,RETRY_NOW,0
0.8333333333333334,0.4,1105.25,NETBANKING,AXIS,NETWORK_ERROR,14,SEND_REMINDER,1
0.6666666666666666,0.6111111111111112,1213.07,WALLET,ICICI,BANK_TIMEOUT,18,NO_ACTION,0
0.6972477064220184,0.5454545454545454,1131.53,WALLET,HDFC,AUTHENTICATION_FAILED,8,SEND_REMINDER,0
0.8,0.0,2266.32,CARD,SBI,BANK_TIMEOUT,10,RETRY_LATER,1
0.7375,0.5714285714285714,4269.51,UPI,KOTAK,INSUFFICIENT_FUNDS,7,NO_ACTION,0
0.9032258064516129,0.0,7503.98,CARD,KOTAK,INSUFFICIENT_FUNDS,3,SEND_REMINDER,1
0.77,0.34782608695652173,5507.68,CARD,YESBANK,CARD_EXPIRED,3,NO_ACTION,0
0.5454545454545454,0.8,2793.38,NETBANKING,SBI,LIMIT_EXCEEDED,6,RETRY_LATER,0
0.43333333333333335,0.4117647058823529,3082.09,UPI,SBI,BANK_TIMEOUT,5,RETRY_LATER,0
0.7307692307692307,0.5,3128.0,NETBANKING,SBI,LIMIT_EXCEEDED,23,NO_ACTION,0
0.65,0.42857142857142855,1830.0,CARD,KOTAK,INSUFFICIENT_FUNDS,14,RETRY_LATER,0
0.95,1.0,9777.85,NETBANKING,ICICI,NETWORK_ERROR,5,RETRY_NOW,1
0.8076923076923077,0.2,9990.81,UPI,ICICI,INSUFFICIENT_FUNDS,13,SEND_REMINDER,1
0.3333333333333333,0.5,4651.11,WALLET,HDFC,BANK_TIMEOUT,14,SEND_REMINDER,1
0.6181818181818182,0.7142857142857143,4053.11,NETBANKING,KOTAK,CARD_EXPIRED,0,SEND_REMINDER,0
0.9027777777777778,0.7142857142857143,1137.48,WALLET,YESBANK,INSUFFICIENT_FUNDS,18,RETRY_NOW,1
0.6111111111111112,0.2857142857142857,7821.65,CARD,YESBANK,LIMIT_EXCEEDED,3,NO_ACTION,0
0.75,0.9,6345.9,NETBANKING,ICICI,AUTHENTICATION_FAILED,15,SEND_REMINDER,0
0.6666666666666666,0.0,4548.19,UPI,ICICI,NETWORK_ERROR,4,RETRY_LATER,0
0.6551724137931034,0.4,3596.1,CARD,HDFC,LIMIT_EXCEEDED,15,SEND_REMINDER,0
0.5098039215686274,0.48,3202.38,UPI,HDFC,NETWORK_ERROR,3,RETRY_LATER,1
0.8235294117647058,0.6666666666666666,6513.76,UPI,SBI,BANK_TIMEOUT,0,RETRY_LATER,1
0.65625,0.5454545454545454,4948.61,CARD,KOTAK,AUTHENTICATION_FAILED,11,SEND_REMINDER,0
0.9032258064516129,0.5,151.45,WALLET,AXIS,INSUFFICIENT_FUNDS,18,RETRY_NOW,1
0.8,0.3333333333333333,6781.89,CARD,YESBANK,LIMIT_EXCEEDED,0,SEND_REMINDER,1
0.9222222222222223,0.42857142857142855,5269.45,WALLET,AXIS,BANK_TIMEOUT,19,NO_ACTION,0
0.9117647058823529,0.6666666666666666,9202.79,NETBANKING,SBI,LIMIT_EXCEEDED,11,RETRY_LATER,1
0.7,1.0,4846.69,NETBANKING,KOTAK,AUTHENTICATION_FAILED,8,SEND_REMINDER,1
0.375,0.6,4752.82,CARD,ICICI,AUTHENTICATION_FAILED,21,SEND_REMINDER,0
0.8585858585858586,0.5,2773.09,UPI,AXIS,LIMIT_EXCEEDED,14,RETRY_LATER,1
0.6938775510204082,0.5333333333333333,7856.54,WALLET,AXIS,BANK_TIMEOUT,18,RETRY_LATER,1
0.6850393700787402,0.375,2510.01,NETBANKING,AXIS,BANK_TIMEOUT,19,NO_ACTION,0
0.6075949367088608,0.5483870967741935,6704.09,CARD,SBI,NETWORK_ERROR,3,RETRY_NOW,1
0.7692307692307693,0.5555555555555556,4763.67,CARD,SBI,NETWORK_ERROR,8,RETRY_NOW,1
0.9032258064516129,0.5,151.45,WALLET,AXIS,INSUFFICIENT_FUNDS,18,SEND_REMINDER,1
0.7,0.6666666666666666,152.99,UPI,HDFC,INSUFFICIENT_FUNDS,1,NO_ACTION,0
0.75,0.0,8640.8,CARD,HDFC,LIMIT_EXCEEDED,0,NO_ACTION,0
0.7948717948717948,0.5,813.12,CARD,AXIS,NETWORK_ERROR,16,NO_ACTION,0
0.6428571428571429,0.5,9841.92,NETBANKING,AXIS,INSUFFICIENT_FUNDS,10,NO_ACTION,0
0.78125,0.2857142857142857,1034.28,WALLET,AXIS,LIMIT_EXCEEDED,20,SEND_REMINDER,1
0.8529411764705882,0.4,3058.28,UPI,KOTAK,CARD_EXPIRED,0,SEND_REMINDER,0
0.6666666666666666,0.5,3152.07,UPI,SBI,INSUFFICIENT_FUNDS,0,SEND_REMINDER,1
0.7425742574257426,0.2692307692307692,4514.04,CARD,KOTAK,LIMIT_EXCEEDED,1,SEND_REMINDER,1
0.7659574468085106,0.45454545454545453,8898.02,WALLET,AXIS,CARD_EXPIRED,14,RETRY_LATER,0
0.0,0.0,9362.57,WALLET,AXIS,NETWORK_ERROR,8,RETRY_NOW,1
0.8636363636363636,0.3333333333333333,4831.95,CARD,SBI,LIMIT_EXCEEDED,11,RETRY_NOW,0
0.47058823529411764,0.4444444444444444,6812.53,NETBANKING,KOTAK,INSUFFICIENT_FUNDS,6,RETRY_NOW,0
0.7536231884057971,0.5294117647058824,2010.79,CARD,KOTAK,INSUFFICIENT_FUNDS,19,RETRY_LATER,1
0.75,0.2,9936.56,CARD,HDFC,LIMIT_EXCEEDED,8,SEND_REMINDER,0
0.7333333333333333,0.5,1812.03,WALLET,AXIS,LIMIT_EXCEEDED,4,NO_ACTION,0
0.6666666666666666,0.4,2770.6,WALLET,YESBANK,LIMIT_EXCEEDED,10,SEND_REMINDER,0
0.7195121951219512,0.782608695652174,9999.19,NETBANKING,KOTAK,INSUFFICIENT_FUNDS,2,RETRY_NOW,0
0.6619718309859155,0.6666666666666666,3861.23,WALLET,SBI,AUTHENTICATION_FAILED,10,SEND_REMINDER,0
0.8181818181818182,0.25,698.0,WALLET,SBI,AUTHENTICATION_FAILED,10,RETRY_LATER,0
0.5789473684210527,0.5,4518.36,UPI,KOTAK,INSUFFICIENT_FUNDS,18,RETRY_NOW,0
0.7666666666666667,0.7142857142857143,6032.06,WALLET,SBI,BANK_TIMEOUT,0,RETRY_LATER,1
0.8695652173913043,0.6666666666666666,1770.21,CARD,ICICI,CARD_EXPIRED,13,SEND_REMINDER,0
0.7195121951219512,0.13043478260869565,301.59,UPI,YESBANK,BANK_TIMEOUT,12,RETRY_NOW,0
0.7692307692307693,0.5,2318.34,UPI,HDFC,INSUFFICIENT_FUNDS,8,NO_ACTION,0
0.7352941176470589,0.4444444444444444,1182.31,WALLET,ICICI,BANK_TIMEOUT,14,SEND_REMINDER,0
0.9349593495934959,0.25,326.06,CARD,ICICI,LIMIT_EXCEEDED,11,SEND_REMINDER,0
0.7142857142857143,0.5,6673.95,WALLET,HDFC,NETWORK_ERROR,22,SEND_REMINDER,1
0.8333333333333334,0.0,8663.48,NETBANKING,HDFC,AUTHENTICATION_FAILED,0,SEND_REMINDER,0
0.0,1.0,4877.47,NETBANKING,SBI,CARD_EXPIRED,20,RETRY_LATER,0
0.7777777777777778,0.6,6805.32,CARD,YESBANK,AUTHENTICATION_FAILED,6,RETRY_NOW,0
0.7666666666666667,0.8571428571428571,7347.65,NETBANKING,HDFC,AUTHENTICATION_FAILED,19,SEND_REMINDER,1
0.6229508196721312,0.5652173913043478,5886.49,CARD,SBI,INSUFFICIENT_FUNDS,1,RETRY_NOW,0
0.7916666666666666,0.5,9397.28,NETBANKING,ICICI,BANK_TIMEOUT,11,NO_ACTION,0
0.7457627118644068,0.5333333333333333,6080.65,CARD,KOTAK,BANK_TIMEOUT,21,SEND_REMINDER,0
0.7592592592592593,0.34615384615384615,5343.53,NETBANKING,KOTAK,AUTHENTICATION_FAILED,6,RETRY_LATER,1
0.7708333333333334,0.5454545454545454,759.8,WALLET,ICICI,CARD_EXPIRED,8,RETRY_LATER,0
0.7692307692307693,0.38095238095238093,3013.2,CARD,YESBANK,INSUFFICIENT_FUNDS,21,RETRY_NOW,0
0.6578947368421053,0.5384615384615384,1100.19,UPI,KOTAK,BANK_TIMEOUT,3,NO_ACTION,0
0.7954545454545454,0.3333333333333333,9122.76,CARD,KOTAK,LIMIT_EXCEEDED,5,SEND_REMINDER,0
0.8571428571428571,1.0,9489.04,NETBANKING,HDFC,LIMIT_EXCEEDED,21,RETRY_LATER,1
0.4444444444444444,0.2,3846.11,CARD,SBI,NETWORK_ERROR,12,RETRY_LATER,0
0.7307692307692307,0.5714285714285714,7590.35,CARD,ICICI,LIMIT_EXCEEDED,20,SEND_REMINDER,0
0.7,0.6666666666666666,2231.05,UPI,YESBANK,AUTHENTICATION_FAILED,14,RETRY_LATER,0
0.75,0.5555555555555556,8675.53,CARD,HDFC,INSUFFICIENT_FUNDS,15,RETRY_NOW,0
0.7258064516129032,0.6470588235294118,5836.32,WALLET,KOTAK,BANK_TIMEOUT,11,RETRY_NOW,0
0.7333333333333333,0.75,6117.43,UPI,HDFC,INSUFFICIENT_FUNDS,14,NO_ACTION,0
0.7692307692307693,0.6666666666666666,5674.65,UPI,YESBANK,BANK_TIMEOUT,22,RETRY_NOW,1
0.65625,0.5454545454545454,3869.11,WALLET,KOTAK,BANK_TIMEOUT,22,SEND_REMINDER,1
0.8125,0.3333333333333333,694.57,CARD,SBI,CARD_EXPIRED,23,RETRY_NOW,0
0.0,1.0,248.97,WALLET,HDFC,AUTHENTICATION_FAILED,1,RETRY_NOW,0
0.0,0.0,8806.86,UPI,KOTAK,CARD_EXPIRED,10,SEND_REMINDER,0
0.6521739130434783,0.375,1451.2,UPI,KOTAK,CARD_EXPIRED,23,RETRY_NOW,0
0.8625,0.7272727272727273,1919.13,CARD,YESBANK,AUTHENTICATION_FAILED,21,RETRY_NOW,0
0.7714285714285715,0.375,7009.82,UPI,SBI,NETWORK_ERROR,8,SEND_REMINDER,1
0.7777777777777778,0.5,5914.7,NETBANKING,HDFC,AUTHENTICATION_FAILED,15,NO_ACTION,0
0.8,0.0,4682.91,UPI,AXIS,INSUFFICIENT_FUNDS,12,RETRY_LATER,0
0.6666666666666666,0.6428571428571429,7489.06,NETBANKING,YESBANK,AUTHENTICATION_FAILED,20,RETRY_NOW,0
0.7835051546391752,0.6190476190476191,6839.05,CARD,YESBANK,INSUFFICIENT_FUNDS,17,SEND_REMINDER,0
0.5777777777777777,0.5263157894736842,8868.58,UPI,ICICI,AUTHENTICATION_FAILED,23,RETRY_LATER,1
0.8846153846153846,0.3333333333333333,4563.0,NETBANKING,KOTAK,CARD_EXPIRED,2,SEND_REMINDER,1
0.3333333333333333,1.0,5721.44,NETBANKING,YESBANK,CARD_EXPIRED,4,SEND_REMINDER,1
0.7875,0.8235294117647058,4308.47,UPI,AXIS,CARD_EXPIRED,2,SEND_REMINDER,1
0.8918918918918919,0.5,5098.18,WALLET,KOTAK,INSUFFICIENT_FUNDS,0,RETRY_LATER,0
0.7380952380952381,0.5909090909090909,8209.14,CARD,ICICI,INSUFFICIENT_FUNDS,4,RETRY_NOW,0
0.8421052631578947,1.0,7874.65,UPI,HDFC,AUTHENTICATION_FAILED,23,NO_ACTION,0
0.6583333333333333,0.5853658536585366,9956.15,WALLET,ICICI,AUTHENTICATION_FAILED,8,RETRY_NOW,1
0.9565217391304348,0.3333333333333333,3787.68,CARD,KOTAK,CARD_EXPIRED,4,SEND_REMINDER,1
0.8455284552845529,0.631578947368421,9831.42,UPI,SBI,CARD_EXPIRED,6,NO_ACTION,0
0.875,0.6666666666666666,1682.36,CARD,ICICI,NETWORK_ERROR,19,RETRY_LATER,1
0.6923076923076923,0.75,765.11,WALLET,YESBANK,CARD_EXPIRED,18,NO_ACTION,0
0.5517241379310345,0.5384615384615384,1006.42,WALLET,HDFC,AUTHENTICATION_FAILED,21,RETRY_NOW,1
0.7142857142857143,0.75,4006.34,UPI,ICICI,AUTHENTICATION_FAILED,13,NO_ACTION,0
0.7428571428571429,0.7777777777777778,6931.34,WALLET,AXIS,CARD_EXPIRED,4,SEND_REMINDER,1
0.632,0.5217391304347826,2387.53,WALLET,ICICI,LIMIT_EXCEEDED,15,RETRY_LATER,0
0.7160493827160493,0.5217391304347826,5148.94,CARD,SBI,CARD_EXPIRED,8,RETRY_LATER,1
0.5555555555555556,0.4166666666666667,9011.33,UPI,AXIS,LIMIT_EXCEEDED,11,NO_ACTION,0
0.7142857142857143,0.5,5063.84,NETBANKING,SBI,CARD_EXPIRED,12,RETRY_LATER,0
0.8333333333333334,0.6666666666666666,3387.09,WALLET,SBI,AUTHENTICATION_FAILED,6,RETRY_LATER,0
0.8771929824561403,0.5714285714285714,9804.03,NETBANKING,YESBANK,NETWORK_ERROR,3,NO_ACTION,0
0.782608695652174,0.4,5180.0,NETBANKING,ICICI,CARD_EXPIRED,15,NO_ACTION,0
0.9300699300699301,0.8,7000.16,NETBANKING,SBI,AUTHENTICATION_FAILED,1,RETRY_LATER,0
0.875,0.6666666666666666,1682.36,CARD,ICICI,NETWORK_ERROR,19,NO_ACTION,0
0.7619047619047619,0.4666666666666667,8094.06,CARD,ICICI,LIMIT_EXCEEDED,4,SEND_REMINDER,0
0.4666666666666667,0.25,6673.04,NETBANKING,AXIS,AUTHENTICATION_FAILED,9,NO_ACTION,0
0.5714285714285714,0.3333333333333333,8460.11,UPI,ICICI,LIMIT_EXCEEDED,23,RETRY_NOW,1
0.7763157894736842,0.29411764705882354,6871.87,NETBANKING,AXIS,AUTHENTICATION_FAILED,15,RETRY_LATER,0
0.7777777777777778,0.4583333333333333,563.51,UPI,AXIS,BANK_TIMEOUT,0,RETRY_LATER,1
0.803921568627451,0.5,7529.54,CARD,YESBANK,BANK_TIMEOUT,4,NO_ACTION,0
0.9090909090909091,0.0,9637.88,CARD,SBI,CARD_EXPIRED,4,NO_ACTION,0
0.9,0.0,299.51,WALLET,SBI,LIMIT_EXCEEDED,19,NO_ACTION,0
0.9523809523809523,0.0,6631.38,CARD,ICICI,BANK_TIMEOUT,13,NO_ACTION,0
0.7777777777777778,0.16666666666666666,902.8,UPI,YESBANK,INSUFFICIENT_FUNDS,22,RETRY_LATER,0
0.7246376811594203,0.3684210526315789,2679.24,CARD,ICICI,NETWORK_ERROR,12,NO_ACTION,0
0.8842105263157894,0.7272727272727273,2665.58,NETBANKING,ICICI,CARD_EXPIRED,21,RETRY_LATER,0
0.696969696969697,0.6,6176.02,WALLET,AXIS,CARD_EXPIRED,7,SEND_REMINDER,1
0.8144329896907216,0.3888888888888889,5052.94,UPI,HDFC,INSUFFICIENT_FUNDS,17,NO_ACTION,0
0.8709677419354839,0.75,2379.35,CARD,ICICI,NETWORK_ERROR,23,RETRY_NOW,0
0.3333333333333333,0.75,608.64,CARD,ICICI,INSUFFICIENT_FUNDS,22,RETRY_NOW,0
0.6666666666666666,0.0,3436.11,UPI,ICICI,BANK_TIMEOUT,9,SEND_REMINDER,0
0.625,0.6666666666666666,8667.91,UPI,HDFC,LIMIT_EXCEEDED,20,SEND_REMINDER,0
0.6509433962264151,0.43243243243243246,4119.46,NETBANKING,ICICI,NETWORK_ERROR,19,RETRY_NOW,0
0.7692307692307693,1.0,1888.86,WALLET,ICICI,INSUFFICIENT_FUNDS,13,RETRY_NOW,1
0.6774193548387096,0.4,9538.85,NETBANKING,SBI,NETWORK_ERROR,19,NO_ACTION,0
0.65625,0.5454545454545454,5784.59,CARD,HDFC,INSUFFICIENT_FUNDS,5,SEND_REMINDER,1
0.6,0.3333333333333333,8104.09,CARD,AXIS,INSUFFICIENT_FUNDS,0,NO_ACTION,0
0.8024691358024691,0.4375,2649.11,CARD,AXIS,AUTHENTICATION_FAILED,20,SEND_REMINDER,1
0.9300699300699301,0.8,7000.16,NETBANKING,SBI,AUTHENTICATION_FAILED,1,NO_ACTION,0
0.703125,0.3684210526315789,3449.49,CARD,SBI,BANK_TIMEOUT,2,SEND_REMINDER,0
0.6666666666666666,0.5,8660.93,UPI,HDFC,NETWORK_ERROR,18,SEND_REMINDER,1
0.9130434782608695,0.25,1075.25,UPI,YESBANK,CARD_EXPIRED,20,RETRY_NOW,0
0.7241379310344828,0.375,2644.63,UPI,HDFC,LIMIT_EXCEEDED,4,NO_ACTION,0
0.94,0.0,6164.55,WALLET,AXIS,CARD_EXPIRED,23,RETRY_NOW,0
0.84,0.375,7078.25,WALLET,ICICI,CARD_EXPIRED,19,SEND_REMINDER,1
0.6938775510204082,0.4666666666666667,717.81,WALLET,SBI,INSUFFICIENT_FUNDS,6,RETRY_LATER,0
0.75,0.4117647058823529,906.23,NETBANKING,ICICI,INSUFFICIENT_FUNDS,15,SEND_REMINDER,0
0.75,0.8333333333333334,3144.98,UPI,ICICI,BANK_TIMEOUT,8,RETRY_NOW,1
0.7611940298507462,0.5,7709.62,UPI,HDFC,BANK_TIMEOUT,2,SEND_REMINDER,1
0.7397260273972602,0.42105263157894735,7261.26,CARD,YESBANK,AUTHENTICATION_FAILED,15,RETRY_NOW,0
0.71875,0.4444444444444444,1244.71,NETBANKING,AXIS,AUTHENTICATION_FAILED,11,RETRY_LATER,1
0.7230769230769231,0.2777777777777778,4475.97,WALLET,YESBANK,CARD_EXPIRED,8,SEND_REMINDER,0
0.8846153846153846,0.6666666666666666,2168.89,WALLET,KOTAK,CARD_EXPIRED,23,NO_ACTION,0
0.6588235294117647,0.41379310344827586,590.03,NETBANKING,ICICI,AUTHENTICATION_FAILED,10,RETRY_NOW,1
0.7777777777777778,0.5,1675.14,NETBANKING,AXIS,LIMIT_EXCEEDED,8,RETRY_NOW,1
0.7818181818181819,0.6666666666666666,7543.09,UPI,AXIS,CARD_EXPIRED,15,NO_ACTION,0
0.6666666666666666,0.5714285714285714,7163.73,UPI,ICICI,CARD_EXPIRED,2,RETRY_NOW,0
0.625,0.2222222222222222,2237.83,WALLET,KOTAK,LIMIT_EXCEEDED,3,RETRY_NOW,1
0.7746478873239436,0.375,7043.08,UPI,ICICI,AUTHENTICATION_FAILED,14,NO_ACTION,0
0.7444444444444445,0.6086956521739131,3528.29,WALLET,SBI,CARD_EXPIRED,2,RETRY_NOW,0
0.7878787878787878,0.5714285714285714,9262.24,CARD,HDFC,CARD_EXPIRED,8,NO_ACTION,0
0.6666666666666666,0.5384615384615384,7310.03,WALLET,SBI,NETWORK_ERROR,13,RETRY_NOW,1
0.7674418604651163,0.7,5589.02,UPI,HDFC,LIMIT_EXCEEDED,11,NO_ACTION,0
0.8194444444444444,0.6153846153846154,3970.13,NETBANKING,ICICI,INSUFFICIENT_FUNDS,1,RETRY_LATER,1
0.7105263157894737,0.45454545454545453,6414.9,NETBANKING,HDFC,AUTHENTICATION_FAILED,16,SEND_REMINDER,1
0.8333333333333334,1.0,3599.16,CARD,KOTAK,INSUFFICIENT_FUNDS,6,SEND_REMINDER,1
0.9620253164556962,0.6666666666666666,3291.42,UPI,ICICI,BANK_TIMEOUT,16,NO_ACTION,0
0.7368421052631579,0.4,525.31,NETBANKING,AXIS,LIMIT_EXCEEDED,3,RETRY_NOW,1
0.9166666666666666,0.4,3927.61,CARD,HDFC,BANK_TIMEOUT,8,SEND_REMINDER,0
0.7368421052631579,0.5714285714285714,4725.46,UPI,YESBANK,LIMIT_EXCEEDED,9,SEND_REMINDER,1
0.759493670886076,0.5789473684210527,1629.17,CARD,YESBANK,BANK_TIMEOUT,13,RETRY_LATER,0
0.7088607594936709,0.5652173913043478,7003.57,NETBANKING,SBI,BANK_TIMEOUT,13,SEND_REMINDER,0
0.7142857142857143,0.5,4567.48,CARD,SBI,LIMIT_EXCEEDED,2,RETRY_NOW,0
0.8279569892473119,0.3125,5291.68,UPI,YESBANK,CARD_EXPIRED,15,NO_ACTION,0
0.5555555555555556,0.5,8191.42,UPI,YESBANK,INSUFFICIENT_FUNDS,14,NO_ACTION,0
0.6666666666666666,0.5,635.11,NETBANKING,HDFC,CARD_EXPIRED,10,RETRY_LATER,1
0.7956989247311828,0.3684210526315789,4349.4,UPI,SBI,NETWORK_ERROR,0,NO_ACTION,0
0.5882352941176471,0.42857142857142855,5912.22,UPI,ICICI,INSUFFICIENT_FUNDS,0,RETRY_LATER,1
0.9,1.0,7812.49,NETBANKING,HDFC,NETWORK_ERROR,2,SEND_REMINDER,1
0.9259259259259259,0.5,8100.91,CARD,SBI,NETWORK_ERROR,2,RETRY_NOW,0
0.8041237113402062,0.5789473684210527,2401.04,NETBANKING,AXIS,INSUFFICIENT_FUNDS,6,RETRY_LATER,1
0.7358490566037735,0.42857142857142855,5101.97,WALLET,KOTAK,INSUFFICIENT_FUNDS,6,NO_ACTION,0
0.7777777777777778,0.6666666666666666,600.45,NETBANKING,ICICI,LIMIT_EXCEEDED,15,RETRY_NOW,1
0.6595744680851063,0.5,7883.53,NETBANKING,YESBANK,BANK_TIMEOUT,21,SEND_REMINDER,0
0.7078651685393258,0.5,7455.69,WALLET,KOTAK,LIMIT_EXCEEDED,0,NO_ACTION,0
0.7959183673469388,0.8,6393.39,WALLET,KOTAK,AUTHENTICATION_FAILED,13,RETRY_NOW,1
0.7692307692307693,0.6666666666666666,5510.82,CARD,KOTAK,LIMIT_EXCEEDED,2,SEND_REMINDER,0
0.5,0.25,8063.82,WALLET,KOTAK,CARD_EXPIRED,23,RETRY_NOW,0
0.6233766233766234,0.4482758620689655,368.89,NETBANKING,AXIS,AUTHENTICATION_FAILED,4,NO_ACTION,0
0.7102803738317757,0.5161290322580645,9274.55,UPI,SBI,INSUFFICIENT_FUNDS,20,SEND_REMINDER,1
0.6666666666666666,0.391304347826087,8238.08,WALLET,KOTAK,INSUFFICIENT_FUNDS,16,RETRY_LATER,0
0.6956521739130435,0.5238095238095238,9455.42,CARD,SBI,NETWORK_ERROR,12,RETRY_NOW,0
0.759493670886076,0.5789473684210527,5338.36,WALLET,HDFC,BANK_TIMEOUT,0,NO_ACTION,0
0.7246376811594203,0.3684210526315789,8790.1,WALLET,YESBANK,BANK_TIMEOUT,20,RETRY_LATER,1
0.8222222222222222,0.125,3418.55,WALLET,KOTAK,LIMIT_EXCEEDED,10,SEND_REMINDER,1
0.7272727272727273,0.3333333333333333,1202.21,NETBANKING,ICICI,INSUFFICIENT_FUNDS,13,RETRY_NOW,1
0.0,0.0,8486.05,NETBANKING,KOTAK,CARD_EXPIRED,14,NO_ACTION,0
0.8125,0.5,9070.78,NETBANKING,YESBANK,NETWORK_ERROR,14,RETRY_LATER,1
0.6875,0.2,2936.42,WALLET,AXIS,CARD_EXPIRED,10,NO_ACTION,0
0.7804878048780488,0.6666666666666666,4238.25,NETBANKING,KOTAK,LIMIT_EXCEEDED,18,RETRY_LATER,1
0.631578947368421,0.2857142857142857,2611.58,WALLET,HDFC,NETWORK_ERROR,1,NO_ACTION,0
0.7558139534883721,0.5714285714285714,1667.57,NETBANKING,AXIS,AUTHENTICATION_FAILED,14,RETRY_LATER,0
0.6923076923076923,0.25,4157.89,UPI,SBI,AUTHENTICATION_FAILED,13,SEND_REMINDER,0
0.6747967479674797,0.45,5968.78,NETBANKING,SBI,INSUFFICIENT_FUNDS,9,RETRY_NOW,0
0.8359375,0.5714285714285714,306.89,WALLET,YESBANK,BANK_TIMEOUT,18,RETRY_LATER,1
0.7410714285714286,0.4827586206896552,4444.35,CARD,ICICI,CARD_EXPIRED,3,SEND_REMINDER,1
0.6666666666666666,0.5384615384615384,7310.03,WALLET,SBI,NETWORK_ERROR,13,SEND_REMINDER,1
0.8333333333333334,0.75,9263.21,WALLET,HDFC,INSUFFICIENT_FUNDS,16,SEND_REMINDER,0
0.9047619047619048,0.5,7393.93,UPI,ICICI,BANK_TIMEOUT,23,RETRY_LATER,1
0.7931034482758621,0.6666666666666666,7813.23,NETBANKING,YESBANK,LIMIT_EXCEEDED,18,SEND_REMINDER,1
0.0,0.0,692.94,NETBANKING,YESBANK,NETWORK_ERROR,17,NO_ACTION,0
0.6715328467153284,0.6444444444444445,5276.4,CARD,HDFC,CARD_EXPIRED,8,RETRY_NOW,0
0.8901098901098901,0.5,1489.31,UPI,SBI,LIMIT_EXCEEDED,15,SEND_REMINDER,0
0.711340206185567,0.4642857142857143,8620.47,CARD,ICICI,NETWORK_ERROR,17,RETRY_LATER,1
0.6971830985915493,0.4418604651162791,8390.01,UPI,KOTAK,NETWORK_ERROR,18,RETRY_LATER,1
0.9180327868852459,0.6,3073.64,UPI,KOTAK,AUTHENTICATION_FAILED,15,RETRY_LATER,0
0.6666666666666666,0.3333333333333333,7967.78,WALLET,KOTAK,INSUFFICIENT_FUNDS,4,SEND_REMINDER,0
0.8865979381443299,0.45454545454545453,1810.68,CARD,YESBANK,LIMIT_EXCEEDED,19,RETRY_LATER,1
0.8604651162790697,0.5,330.17,CARD,ICICI,AUTHENTICATION_FAILED,6,RETRY_NOW,0
0.6904761904761905,0.38461538461538464,2201.78,UPI,YESBANK,INSUFFICIENT_FUNDS,5,RETRY_LATER,0
0.7169811320754716,0.6,9450.69,UPI,SBI,BANK_TIMEOUT,12,SEND_REMINDER,0
0.7641509433962265,0.4,6973.92,NETBANKING,KOTAK,INSUFFICIENT_FUNDS,17,RETRY_LATER,0
0.8,0.4,8105.26,UPI,SBI,LIMIT_EXCEEDED,17,SEND_REMINDER,0
0.76,0.6666666666666666,4570.38,NETBANKING,ICICI,CARD_EXPIRED,6,RETRY_LATER,1
0.7346938775510204,0.3076923076923077,8928.45,NETBANKING,ICICI,CARD_EXPIRED,22,NO_ACTION,0
0.8461538461538461,0.6666666666666666,6384.21,CARD,YESBANK,BANK_TIMEOUT,17,SEND_REMINDER,1
0.7333333333333333,0.75,9186.9,NETBANKING,SBI,AUTHENTICATION_FAILED,4,RETRY_NOW,1
0.9230769230769231,0.5,4637.75,NETBANKING,ICICI,AUTHENTICATION_FAILED,1,RETRY_NOW,0
0.7272727272727273,0.4583333333333333,4405.33,NETBANKING,YESBANK,CARD_EXPIRED,23,RETRY_NOW,0
0.8421052631578947,1.0,7874.65,UPI,HDFC,AUTHENTICATION_FAILED,23,RETRY_LATER,0
0.782608695652174,0.6,5160.67,CARD,HDFC,INSUFFICIENT_FUNDS,19,RETRY_LATER,0
0.6716417910447762,0.7272727272727273,7789.42,NETBANKING,HDFC,BANK_TIMEOUT,7,RETRY_LATER,1
0.8461538461538461,0.16666666666666666,1802.27,CARD,KOTAK,BANK_TIMEOUT,7,NO_ACTION,0
0.7735849056603774,0.25,5667.06,NETBANKING,AXIS,CARD_EXPIRED,20,SEND_REMINDER,1
0.6226415094339622,0.55,6173.49,NETBANKING,HDFC,INSUFFICIENT_FUNDS,8,NO_ACTION,0
0.7959183673469388,0.8,5806.41,UPI,HDFC,CARD_EXPIRED,13,RETRY_LATER,0
0.7547169811320755,0.46153846153846156,1690.38,UPI,SBI,LIMIT_EXCEEDED,20,RETRY_LATER,1
0.765625,0.4666666666666667,139.29,UPI,HDFC,CARD_EXPIRED,0,NO_ACTION,0
0.5,0.4090909090909091,9007.19,UPI,AXIS,BANK_TIMEOUT,15,RETRY_LATER,1
0.8095238095238095,0.4166666666666667,8130.11,UPI,KOTAK,LIMIT_EXCEEDED,20,NO_ACTION,0
0.7358490566037735,0.39285714285714285,2155.19,NETBANKING,HDFC,LIMIT_EXCEEDED,9,RETRY_LATER,1
0.9285714285714286,1.0,7236.29,NETBANKING,SBI,LIMIT_EXCEEDED,5,SEND_REMINDER,1
0.7162162162162162,0.38095238095238093,6031.16,CARD,YESBANK,AUTHENTICATION_FAILED,22,RETRY_LATER,0
0.891566265060241,0.5555555555555556,8146.6,WALLET,KOTAK,CARD_EXPIRED,10,RETRY_NOW,0
0.6865671641791045,0.42857142857142855,175.28,CARD,AXIS,INSUFFICIENT_FUNDS,14,RETRY_LATER,0
0.8828125,0.5333333333333333,8727.55,CARD,YESBANK,BANK_TIMEOUT,6,RETRY_NOW,0
0.6779661016949152,0.6842105263157895,1898.88,WALLET,SBI,NETWORK_ERROR,16,SEND_REMINDER,1
0.8125,0.5555555555555556,3166.47,NETBANKING,AXIS,CARD_EXPIRED,0,RETRY_LATER,1
0.8021978021978022,0.7777777777777778,7162.7,UPI,HDFC,AUTHENTICATION_FAILED,0,RETRY_LATER,1
0.5769230769230769,0.2727272727272727,132.55,UPI,HDFC,INSUFFICIENT_FUNDS,20,NO_ACTION,0
0.7,0.6666666666666666,9114.87,CARD,SBI,CARD_EXPIRED,8,NO_ACTION,0
0.725,0.18181818181818182,2019.28,WALLET,YESBANK,CARD_EXPIRED,4,SEND_REMINDER,0
0.6666666666666666,0.5,635.11,NETBANKING,HDFC,CARD_EXPIRED,10,NO_ACTION,0
0.9024390243902439,0.5,8916.08,UPI,ICICI,NETWORK_ERROR,2,RETRY_NOW,1
0.8,0.5555555555555556,5170.62,WALLET,ICICI,CARD_EXPIRED,7,RETRY_NOW,0
0.8,0.5555555555555556,208.76,NETBANKING,KOTAK,AUTHENTICATION_FAILED,18,RETRY_LATER,1
0.7191011235955056,0.76,5740.65,UPI,AXIS,CARD_EXPIRED,3,SEND_REMINDER,0
0.7142857142857143,0.5,6673.95,WALLET,HDFC,NETWORK_ERROR,22,RETRY_LATER,0
0.8727272727272727,0.8571428571428571,7915.37,CARD,AXIS,CARD_EXPIRED,18,NO_ACTION,0
0.75,0.3333333333333333,6879.43,WALLET,HDFC,CARD_EXPIRED,3,NO_ACTION,0
0.0,0.0,6247.16,NETBANKING,AXIS,CARD_EXPIRED,0,NO_ACTION,0
0.9259259259259259,0.5,1089.59,UPI,ICICI,BANK_TIMEOUT,10,SEND_REMINDER,0
0.8181818181818182,0.625,5862.12,WALLET,HDFC,INSUFFICIENT_FUNDS,6,SEND_REMINDER,1
0.7692307692307693,0.8333333333333334,6937.44,UPI,HDFC,AUTHENTICATION_FAILED,12,RETRY_LATER,0
0.75,0.5,5252.84,CARD,AXIS,BANK_TIMEOUT,22,SEND_REMINDER,1
0.7868852459016393,0.46153846153846156,5042.16,CARD,YESBANK,BANK_TIMEOUT,9,SEND_REMINDER,0
0.9074074074074074,0.6,4632.63,NETBANKING,KOTAK,CARD_EXPIRED,9,RETRY_NOW,1
0.8666666666666667,1.0,8895.83,UPI,YESBANK,LIMIT_EXCEEDED,17,RETRY_NOW,1
0.6875,0.4,335.79,WALLET,SBI,CARD_EXPIRED,19,RETRY_LATER,0
0.6,0.625,5329.5,WALLET,AXIS,AUTHENTICATION_FAILED,4,RETRY_NOW,0
0.7777777777777778,0.5,4508.84,CARD,YESBANK,BANK_TIMEOUT,6,NO_ACTION,0
0.7647058823529411,0.75,9925.27,UPI,SBI,CARD_EXPIRED,5,NO_ACTION,0
0.7857142857142857,0.6666666666666666,2101.98,WALLET,KOTAK,BANK_TIMEOUT,7,SEND_REMINDER,0
0.7307692307692307,0.39285714285714285,9461.72,CARD,YESBANK,NETWORK_ERROR,20,SEND_REMINDER,1
0.7857142857142857,0.6666666666666666,4830.62,CARD,HDFC,INSUFFICIENT_FUNDS,8,NO_ACTION,0
0.47058823529411764,0.4444444444444444,6812.53,NETBANKING,KOTAK,INSUFFICIENT_FUNDS,6,RETRY_LATER,0
0.375,0.8,5370.15,NETBANKING,ICICI,AUTHENTICATION_FAILED,20,RETRY_LATER,1
0.7857142857142857,0.5833333333333334,9835.3,NETBANKING,ICICI,CARD_EXPIRED,6,RETRY_LATER,1
0.56,0.45454545454545453,9647.42,UPI,ICICI,NETWORK_ERROR,10,SEND_REMINDER,1
0.0,0.0,1746.51,CARD,YESBANK,BANK_TIMEOUT,15,RETRY_LATER,0
0.6857142857142857,0.45454545454545453,3171.69,NETBANKING,KOTAK,INSUFFICIENT_FUNDS,4,NO_ACTION,0
0.9166666666666666,0.6666666666666666,9698.84,WALLET,AXIS,CARD_EXPIRED,21,RETRY_NOW,0
0.7647058823529411,0.25,4702.18,NETBANKING,HDFC,BANK_TIMEOUT,22,NO_ACTION,0
0.6226415094339622,0.65,2287.23,CARD,SBI,NETWORK_ERROR,12,RETRY_NOW,0
0.78125,0.5714285714285714,3503.21,UPI,HDFC,AUTHENTICATION_FAILED,13,SEND_REMINDER,1
0.25,0.16666666666666666,1367.03,WALLET,HDFC,AUTHENTICATION_FAILED,20,SEND_REMINDER,0
0.8933333333333333,0.25,4299.19,UPI,YESBANK,CARD_EXPIRED,3,NO_ACTION,0
0.5,0.0,7648.36,WALLET,KOTAK,AUTHENTICATION_FAILED,12,RETRY_LATER,0
0.6904761904761905,0.717948717948718,9573.08,UPI,YESBANK,NETWORK_ERROR,17,RETRY_NOW,1
0.84,1.0,8947.02,NETBANKING,AXIS,NETWORK_ERROR,3,SEND_REMINDER,0
0.703125,0.5263157894736842,6900.71,NETBANKING,ICICI,AUTHENTICATION_FAILED,18,SEND_REMINDER,0
0.6458333333333334,0.5294117647058824,7818.32,WALLET,YESBANK,CARD_EXPIRED,17,RETRY_LATER,0
0.7692307692307693,0.4166666666666667,4229.65,NETBANKING,SBI,NETWORK_ERROR,10,SEND_REMINDER,0
0.6521739130434783,0.5,1376.95,UPI,KOTAK,AUTHENTICATION_FAILED,23,SEND_REMINDER,0
0.6891891891891891,0.391304347826087,5850.62,NETBANKING,AXIS,CARD_EXPIRED,13,RETRY_NOW,1
0.675,0.46153846153846156,5590.95,NETBANKING,YESBANK,AUTHENTICATION_FAILED,20,NO_ACTION,0
0.7142857142857143,0.5,4567.48,CARD,SBI,LIMIT_EXCEEDED,2,SEND_REMINDER,0
0.6274509803921569,0.5789473684210527,6921.56,CARD,AXIS,LIMIT_EXCEEDED,15,NO_ACTION,0
0.8072289156626506,0.5,1357.08,NETBANKING,AXIS,INSUFFICIENT_FUNDS,22,RETRY_NOW,0
0.675,0.6923076923076923,6355.07,CARD,ICICI,BANK_TIMEOUT,0,NO_ACTION,0
0.8225806451612904,0.5454545454545454,8124.71,WALLET,YESBANK,BANK_TIMEOUT,10,SEND_REMINDER,1
0.8,0.375,3875.98,WALLET,ICICI,BANK_TIMEOUT,20,RETRY_LATER,1
0.6893203883495146,0.59375,9651.08,CARD,ICICI,AUTHENTICATION_FAILED,23,NO_ACTION,0
0.6666666666666666,0.5217391304347826,6778.05,UPI,YESBANK,LIMIT_EXCEEDED,20,SEND_REMINDER,0
0.7941176470588235,0.5714285714285714,1737.52,NETBANKING,YESBANK,AUTHENTICATION_FAILED,16,SEND_REMINDER,1
0.7654320987654321,0.47368421052631576,4194.38,UPI,AXIS,NETWORK_ERROR,15,RETRY_LATER,0
0.7857142857142857,0.3333333333333333,3830.81,NETBANKING,YESBANK,NETWORK_ERROR,5,NO_ACTION,0
0.75,1.0,7134.11,NETBANKING,ICICI,NETWORK_ERROR,6,RETRY_NOW,1
0.8,0.0,4682.91,UPI,AXIS,INSUFFICIENT_FUNDS,12,RETRY_NOW,0
0.6666666666666666,0.4,3726.6,CARD,SBI,LIMIT_EXCEEDED,15,SEND_REMINDER,0
0.48484848484848486,0.35294117647058826,5164.11,CARD,YESBANK,BANK_TIMEOUT,11,RETRY_NOW,0
0.875,1.0,3003.86,UPI,HDFC,AUTHENTICATION_FAILED,23,SEND_REMINDER,1
0.7280701754385965,0.41935483870967744,3977.95,NETBANKING,YESBANK,LIMIT_EXCEEDED,10,NO_ACTION,0
0.84,0.0,5727.98,NETBANKING,ICICI,NETWORK_ERROR,14,NO_ACTION,0
0.7368421052631579,0.5,1094.04,UPI,HDFC,LIMIT_EXCEEDED,10,RETRY_NOW,1
0.0,1.0,3644.45,NETBANKING,YESBANK,CARD_EXPIRED,14,NO_ACTION,0
0.8333333333333334,0.3333333333333333,1934.7,WALLET,KOTAK,AUTHENTICATION_FAILED,0,RETRY_LATER,1
0.6,1.0,9727.94,NETBANKING,ICICI,NETWORK_ERROR,6,SEND_REMINDER,0
0.5882352941176471,0.5714285714285714,195.31,UPI,ICICI,NETWORK_ERROR,19,NO_ACTION,0
0.8359375,0.5714285714285714,4582.68,UPI,YESBANK,AUTHENTICATION_FAILED,21,RETRY_LATER,0
0.62,0.6842105263157895,5905.93,CARD,KOTAK,CARD_EXPIRED,1,RETRY_NOW,1
0.65625,0.5454545454545454,3647.61,CARD,YESBANK,BANK_TIMEOUT,17,RETRY_NOW,1
0.6231884057971014,0.6538461538461539,6621.37,WALLET,AXIS,BANK_TIMEOUT,4,RETRY_NOW,0
0.8524590163934426,0.5555555555555556,1215.3,CARD,HDFC,LIMIT_EXCEEDED,11,NO_ACTION,0
0.631578947368421,0.42857142857142855,7233.26,CARD,SBI,AUTHENTICATION_FAILED,13,NO_ACTION,0
0.8372093023255814,0.42857142857142855,4288.96,NETBANKING,AXIS,NETWORK_ERROR,16,RETRY_LATER,0
0.7297297297297297,0.5,3795.45,NETBANKING,ICICI,INSUFFICIENT_FUNDS,20,SEND_REMINDER,1
0.7236842105263158,0.38095238095238093,7756.51,WALLET,KOTAK,BANK_TIMEOUT,4,SEND_REMINDER,0
0.7741935483870968,0.7142857142857143,9771.03,NETBANKING,YESBANK,BANK_TIMEOUT,21,RETRY_LATER,1
0.5641025641025641,0.5294117647058824,1763.13,UPI,SBI,INSUFFICIENT_FUNDS,11,RETRY_LATER,0
0.71875,0.3333333333333333,7466.15,UPI,SBI,BANK_TIMEOUT,17,RETRY_NOW,0
0.696969696969697,0.35,2440.26,UPI,YESBANK,AUTHENTICATION_FAILED,16,RETRY_LATER,1
0.9027777777777778,0.7142857142857143,1137.48,WALLET,YESBANK,INSUFFICIENT_FUNDS,18,RETRY_LATER,0
0.7441860465116279,0.5757575757575758,6717.31,CARD,HDFC,LIMIT_EXCEEDED,9,RETRY_NOW,0
0.8133333333333334,0.7857142857142857,4344.68,NETBANKING,HDFC,AUTHENTICATION_FAILED,9,RETRY_LATER,0
0.9574468085106383,1.0,2917.39,CARD,AXIS,NETWORK_ERROR,22,SEND_REMINDER,0
0.0,0.0,5570.62,WALLET,AXIS,BANK_TIMEOUT,22,SEND_REMINDER,0
0.7222222222222222,0.8,3497.79,NETBANKING,YESBANK,AUTHENTICATION_FAILED,7,RETRY_NOW,1
0.7317073170731707,0.36363636363636365,8487.51,WALLET,KOTAK,NETWORK_ERROR,21,SEND_REMINDER,0
0.5,0.0,8214.99,WALLET,KOTAK,LIMIT_EXCEEDED,16,RETRY_NOW,0
0.7894736842105263,0.5,2773.77,NETBANKING,AXIS,INSUFFICIENT_FUNDS,13,RETRY_NOW,0
0.8095238095238095,0.6875,5586.08,NETBANKING,KOTAK,AUTHENTICATION_FAILED,4,NO_ACTION,0
0.8,1.0,8627.5,CARD,ICICI,LIMIT_EXCEEDED,13,SEND_REMINDER,0
0.8904109589041096,0.375,9464.31,CARD,ICICI,AUTHENTICATION_FAILED,16,SEND_REMINDER,1
0.84,0.25,6935.25,UPI,KOTAK,NETWORK_ERROR,7,SEND_REMINDER,0
0.3333333333333333,0.75,608.64,CARD,ICICI,INSUFFICIENT_FUNDS,22,RETRY_LATER,1
0.5,0.8,5621.53,WALLET,ICICI,AUTHENTICATION_FAILED,10,RETRY_NOW,0
0.5,0.25,5829.94,UPI,SBI,BANK_TIMEOUT,12,RETRY_LATER,1
0.7843137254901961,0.6363636363636364,9525.22,CARD,HDFC,BANK_TIMEOUT,17,RETRY_LATER,1
0.9577464788732394,0.3333333333333333,7444.59,NETBANKING,ICICI,INSUFFICIENT_FUNDS,1,RETRY_LATER,1
0.6716417910447762,0.4090909090909091,9078.01,NETBANKING,YESBANK,NETWORK_ERROR,17,RETRY_NOW,1
0.68,0.5,9011.8,CARD,HDFC,NETWORK_ERROR,3,RETRY_NOW,1
0.6666666666666666,0.3333333333333333,389.55,CARD,KOTAK,LIMIT_EXCEEDED,7,RETRY_LATER,0
0.8421052631578947,0.5,269.98,CARD,YESBANK,AUTHENTICATION_FAILED,3,NO_ACTION,0
0.7058823529411765,0.6,7104.71,WALLET,HDFC,CARD_EXPIRED,12,NO_ACTION,0
0.6029411764705882,0.5925925925925926,6444.59,UPI,AXIS,NETWORK_ERROR,8,RETRY_NOW,0
0.75,0.5,1294.7,UPI,ICICI,LIMIT_EXCEEDED,6,NO_ACTION,0
0.0,0.0,5759.94,CARD,SBI,AUTHENTICATION_FAILED,10,NO_ACTION,0
0.6891891891891891,0.391304347826087,5850.62,NETBANKING,AXIS,CARD_EXPIRED,13,SEND_REMINDER,1
0.0,1.0,9009.3,NETBANKING,YESBANK,LIMIT_EXCEEDED,9,RETRY_LATER,1
0.46153846153846156,0.5714285714285714,1911.58,CARD,HDFC,LIMIT_EXCEEDED,12,RETRY_LATER,0
0.5714285714285714,0.0,9439.52,WALLET,KOTAK,INSUFFICIENT_FUNDS,2,NO_ACTION,0
0.7710843373493976,0.42105263157894735,8464.09,WALLET,KOTAK,CARD_EXPIRED,2,NO_ACTION,0
0.6890756302521008,0.4864864864864865,7300.92,WALLET,KOTAK,LIMIT_EXCEEDED,4,NO_ACTION,0
0.6835443037974683,0.4,3568.25,WALLET,KOTAK,CARD_EXPIRED,6,NO_ACTION,0
0.7619047619047619,0.4,6614.15,CARD,ICICI,CARD_EXPIRED,10,RETRY_LATER,1
0.9078947368421053,0.5714285714285714,9588.92,CARD,YESBANK,NETWORK_ERROR,19,SEND_REMINDER,0
0.8604651162790697,0.5,330.17,CARD,ICICI,AUTHENTICATION_FAILED,6,NO_ACTION,0
0.9134615384615384,0.5555555555555556,3146.25,NETBANKING,ICICI,BANK_TIMEOUT,0,RETRY_NOW,0
0.8,0.5,9026.36,WALLET,YESBANK,LIMIT_EXCEEDED,4,RETRY_NOW,1
0.5757575757575758,0.5,4715.71,CARD,HDFC,INSUFFICIENT_FUNDS,7,RETRY_LATER,0
0.7555555555555555,0.45454545454545453,215.21,WALLET,ICICI,CARD_EXPIRED,0,SEND_REMINDER,0
0.8888888888888888,0.0,5976.47,CARD,HDFC,LIMIT_EXCEEDED,6,NO_ACTION,0
0.62,0.6842105263157895,5905.93,CARD,KOTAK,CARD_EXPIRED,1,RETRY_LATER,0
0.7416666666666667,0.4838709677419355,8395.72,CARD,YESBANK,AUTHENTICATION_FAILED,13,NO_ACTION,0
0.9473684210526315,0.0,8562.25,CARD,YESBANK,CARD_EXPIRED,13,RETRY_NOW,1
0.68,0.625,692.54,UPI,ICICI,BANK_TIMEOUT,10,RETRY_NOW,1
0.7916666666666666,0.4,6245.77,NETBANKING,KOTAK,INSUFFICIENT_FUNDS,18,RETRY_LATER,0
0.7931034482758621,0.6666666666666666,3467.6,CARD,SBI,LIMIT_EXCEEDED,20,RETRY_NOW,0
0.75,0.75,3388.23,WALLET,ICICI,BANK_TIMEOUT,4,RETRY_LATER,1
0.6944444444444444,0.5454545454545454,6355.54,WALLET,HDFC,INSUFFICIENT_FUNDS,19,RETRY_LATER,0
0.7692307692307693,0.5555555555555556,4763.67,CARD,SBI,NETWORK_ERROR,8,RETRY_LATER,0
0.5714285714285714,0.3333333333333333,2226.93,WALLET,AXIS,NETWORK_ERROR,20,SEND_REMINDER,1
0.8933333333333333,0.25,4299.19,UPI,YESBANK,CARD_EXPIRED,3,RETRY_NOW,0
0.7441860465116279,0.5454545454545454,8466.5,UPI,SBI,INSUFFICIENT_FUNDS,15,RETRY_LATER,1
0.99,0.0,7230.85,WALLET,SBI,CARD_EXPIRED,21,NO_ACTION,0
0.5555555555555556,0.4166666666666667,9011.33,UPI,AXIS,LIMIT_EXCEEDED,11,RETRY_NOW,0
0.631578947368421,0.14285714285714285,5565.53,NETBANKING,HDFC,BANK_TIMEOUT,19,SEND_REMINDER,0
0.7547169811320755,0.46153846153846156,2823.5,NETBANKING,ICICI,NETWORK_ERROR,23,NO_ACTION,0
0.8,0.3333333333333333,7936.45,NETBANKING,KOTAK,LIMIT_EXCEEDED,10,NO_ACTION,0
0.8095238095238095,0.5,6073.32,WALLET,SBI,INSUFFICIENT_FUNDS,4,RETRY_NOW,0
0.6551724137931034,0.4,3596.1,CARD,HDFC,LIMIT_EXCEEDED,15,NO_ACTION,0
0.7948717948717948,0.5625,2353.34,CARD,AXIS,BANK_TIMEOUT,12,RETRY_LATER,1
0.7666666666666667,0.7142857142857143,4001.48,CARD,KOTAK,NETWORK_ERROR,6,RETRY_LATER,1
0.7555555555555555,0.45454545454545453,7945.44,CARD,AXIS,CARD_EXPIRED,13,RETRY_NOW,0
0.6818181818181818,0.42857142857142855,1052.35,CARD,KOTAK,LIMIT_EXCEEDED,20,NO_ACTION,0
0.8181818181818182,0.5,5986.24,NETBANKING,ICICI,CARD_EXPIRED,17,NO_ACTION,0
0.6,0.4,1577.71,WALLET,KOTAK,AUTHENTICATION_FAILED,15,NO_ACTION,0
0.794392523364486,0.3181818181818182,9874.87,NETBANKING,KOTAK,LIMIT_EXCEEDED,16,RETRY_NOW,0
0.7286821705426356,0.42857142857142855,9717.71,UPI,KOTAK,AUTHENTICATION_FAILED,7,RETRY_LATER,0
0.6153846153846154,0.2,8733.0,CARD,HDFC,LIMIT_EXCEEDED,18,RETRY_NOW,0
0.8714285714285714,0.1111111111111111,4151.11,CARD,ICICI,NETWORK_ERROR,0,RETRY_NOW,0
0.6964285714285714,0.5294117647058824,9416.85,UPI,HDFC,CARD_EXPIRED,20,NO_ACTION,0
0.7241379310344828,0.375,2644.63,UPI,HDFC,LIMIT_EXCEEDED,4,SEND_REMINDER,1
0.7671232876712328,0.47058823529411764,8172.87,NETBANKING,ICICI,NETWORK_ERROR,21,RETRY_LATER,1
0.8715596330275229,0.42857142857142855,2825.02,CARD,AXIS,NETWORK_ERROR,19,RETRY_LATER,1
0.7009345794392523,0.5,6632.24,CARD,SBI,CARD_EXPIRED,11,RETRY_LATER,0
0.7027027027027027,0.45454545454545453,1164.95,CARD,KOTAK,LIMIT_EXCEEDED,8,NO_ACTION,0
0.6578947368421053,0.5384615384615384,1100.19,UPI,KOTAK,BANK_TIMEOUT,3,RETRY_NOW,1
0.6,0.6666666666666666,4293.51,UPI,KOTAK,INSUFFICIENT_FUNDS,11,RETRY_NOW,0
0.75,0.4,4474.11,UPI,SBI,AUTHENTICATION_FAILED,22,SEND_REMINDER,1
0.5,0.5,197.71,WALLET,HDFC,CARD_EXPIRED,2,SEND_REMINDER,0
0.7875,0.8235294117647058,4308.47,UPI,AXIS,CARD_EXPIRED,2,NO_ACTION,0
0.7777777777777778,0.3333333333333333,1081.77,NETBANKING,KOTAK,INSUFFICIENT_FUNDS,21,SEND_REMINDER,0
0.6904761904761905,0.717948717948718,9573.08,UPI,YESBANK,NETWORK_ERROR,17,NO_ACTION,0
0.75,0.8333333333333334,7033.81,NETBANKING,AXIS,CARD_EXPIRED,0,NO_ACTION,0
0.7727272727272727,0.6,8798.92,CARD,YESBANK,AUTHENTICATION_FAILED,16,SEND_REMINDER,1
0.8279569892473119,0.3125,5291.68,UPI,YESBANK,CARD_EXPIRED,15,SEND_REMINDER,1
0.75,0.0,7281.59,NETBANKING,YESBANK,LIMIT_EXCEEDED,0,RETRY_NOW,0
0.8918918918918919,0.25,1580.93,CARD,YESBANK,CARD_EXPIRED,22,NO_ACTION,0
0.8571428571428571,0.5,4549.51,UPI,SBI,BANK_TIMEOUT,9,NO_ACTION,0
0.5,0.0,3584.87,UPI,KOTAK,NETWORK_ERROR,15,RETRY_LATER,1
0.7857142857142857,0.3333333333333333,5945.69,NETBANKING,SBI,BANK_TIMEOUT,18,RETRY_LATER,1
0.6470588235294118,0.5,1532.98,WALLET,SBI,AUTHENTICATION_FAILED,15,RETRY_LATER,0
0.75,0.0,1181.38,UPI,SBI,LIMIT_EXCEEDED,2,NO_ACTION,0
0.6029411764705882,0.4074074074074074,2163.08,UPI,ICICI,INSUFFICIENT_FUNDS,0,RETRY_NOW,1
0.8,0.0,931.0,WALLET,YESBANK,BANK_TIMEOUT,13,RETRY_LATER,0
0.8958333333333334,0.4,1497.72,WALLET,HDFC,INSUFFICIENT_FUNDS,1,SEND_REMINDER,1
0.6521739130434783,0.6875,781.6,NETBANKING,ICICI,LIMIT_EXCEEDED,14,NO_ACTION,0
0.632,0.5217391304347826,2387.53,WALLET,ICICI,LIMIT_EXCEEDED,15,NO_ACTION,0
0.8235294117647058,0.6666666666666666,6513.76,UPI,SBI,BANK_TIMEOUT,0,SEND_REMINDER,0
0.9215686274509803,0.625,6541.58,NETBANKING,SBI,INSUFFICIENT_FUNDS,11,SEND_REMINDER,0
0.7857142857142857,0.5833333333333334,355.31,UPI,YESBANK,AUTHENTICATION_FAILED,12,NO_ACTION,0
0.8181818181818182,0.625,5862.12,WALLET,HDFC,INSUFFICIENT_FUNDS,6,RETRY_LATER,1
0.7142857142857143,0.5,2768.68,NETBANKING,YESBANK,NETWORK_ERROR,6,RETRY_NOW,1
0.7065217391304348,0.4074074074074074,4437.56,NETBANKING,YESBANK,BANK_TIMEOUT,21,SEND_REMINDER,1
0.6,0.75,1916.15,WALLET,KOTAK,CARD_EXPIRED,15,RETRY_LATER,0
0.6470588235294118,0.16666666666666666,8140.89,UPI,HDFC,AUTHENTICATION_FAILED,4,RETRY_NOW,0
0.6818181818181818,0.6666666666666666,4458.15,WALLET,SBI,LIMIT_EXCEEDED,18,RETRY_NOW,1
0.6285714285714286,0.46153846153846156,1782.23,CARD,SBI,BANK_TIMEOUT,17,SEND_REMINDER,0
0.5555555555555556,0.625,4228.71,WALLET,YESBANK,BANK_TIMEOUT,19,SEND_REMINDER,0
0.7623762376237624,0.375,7652.93,UPI,ICICI,CARD_EXPIRED,3,RETRY_NOW,0
0.7741935483870968,0.7142857142857143,9771.03,NETBANKING,YESBANK,BANK_TIMEOUT,21,RETRY_NOW,1
0.7052631578947368,0.4642857142857143,2189.0,UPI,SBI,CARD_EXPIRED,11,SEND_REMINDER,0
0.8875,0.1111111111111111,8192.47,NETBANKING,SBI,NETWORK_ERROR,2,NO_ACTION,0
0.9384615384615385,0.75,7753.19,CARD,KOTAK,CARD_EXPIRED,0,RETRY_LATER,1
0.6,0.42857142857142855,1224.95,WALLET,SBI,CARD_EXPIRED,0,RETRY_LATER,1
0.6363636363636364,0.55,3290.66,CARD,SBI,LIMIT_EXCEEDED,23,SEND_REMINDER,0
0.4666666666666667,0.25,6673.04,NETBANKING,AXIS,AUTHENTICATION_FAILED,9,SEND_REMINDER,0
0.8666666666666667,0.5,3321.32,NETBANKING,SBI,INSUFFICIENT_FUNDS,17,RETRY_LATER,0
0.6666666666666666,0.0,7602.1,UPI,ICICI,AUTHENTICATION_FAILED,9,RETRY_LATER,1
0.8636363636363636,0.7777777777777778,7329.76,NETBANKING,ICICI,CARD_EXPIRED,2,NO_ACTION,0
0.6666666666666666,0.5,4578.44,NETBANKING,ICICI,CARD_EXPIRED,16,RETRY_LATER,1
0.5882352941176471,0.42857142857142855,7894.59,NETBANKING,ICICI,CARD_EXPIRED,13,RETRY_LATER,0
0.7978723404255319,0.631578947368421,1885.62,WALLET,KOTAK,BANK_TIMEOUT,23,SEND_REMINDER,0
0.6,0.0,1680.57,CARD,AXIS,BANK_TIMEOUT,0,RETRY_LATER,1
0.8363636363636363,0.7777777777777778,4654.62,WALLET,SBI,CARD_EXPIRED,9,RETRY_NOW,0
0.7037037037037037,0.625,1541.46,UPI,KOTAK,LIMIT_EXCEEDED,22,NO_ACTION,0
0.7662337662337663,0.3888888888888889,394.73,UPI,SBI,CARD_EXPIRED,1,RETRY_NOW,1
0.6,0.0,1680.57,CARD,AXIS,BANK_TIMEOUT,0,SEND_REMINDER,0
0.7796610169491526,0.46153846153846156,526.92,UPI,KOTAK,BANK_TIMEOUT,22,RETRY_NOW,0
0.8333333333333334,0.0,634.37,WALLET,SBI,INSUFFICIENT_FUNDS,16,SEND_REMINDER,1
0.7391304347826086,0.3333333333333333,9721.83,NETBANKING,KOTAK,INSUFFICIENT_FUNDS,12,NO_ACTION,0
0.7647058823529411,0.25,4702.18,NETBANKING,HDFC,BANK_TIMEOUT,22,RETRY_LATER,0
0.7333333333333333,0.375,1609.06,CARD,YESBANK,NETWORK_ERROR,16,SEND_REMINDER,0
0.7216494845360825,0.5185185185185185,2189.05,CARD,HDFC,BANK_TIMEOUT,1,NO_ACTION,0
0.6944444444444444,0.45454545454545453,6410.05,NETBANKING,AXIS,AUTHENTICATION_FAILED,9,NO_ACTION,0
0.75,1.0,3744.81,WALLET,KOTAK,CARD_EXPIRED,11,SEND_REMINDER,0
0.7878787878787878,0.42857142857142855,6032.19,CARD,AXIS,AUTHENTICATION_FAILED,3,SEND_REMINDER,1
0.782608695652174,0.85,859.24,WALLET,AXIS,NETWORK_ERROR,11,NO_ACTION,0
0.7045454545454546,0.6923076923076923,3426.98,UPI,AXIS,NETWORK_ERROR,11,SEND_REMINDER,0
0.9,0.5,5494.46,UPI,AXIS,INSUFFICIENT_FUNDS,10,RETRY_NOW,0
0.9142857142857143,1.0,6800.34,UPI,SBI,INSUFFICIENT_FUNDS,1,RETRY_LATER,0
0.8181818181818182,0.0,7963.62,CARD,AXIS,BANK_TIMEOUT,7,NO_ACTION,0
0.7142857142857143,0.8333333333333334,1308.87,CARD,YESBANK,BANK_TIMEOUT,22,RETRY_LATER,0
0.6363636363636364,0.5,8344.16,WALLET,HDFC,CARD_EXPIRED,17,NO_ACTION,0
0.7894736842105263,0.5,1384.94,UPI,HDFC,CARD_EXPIRED,7,SEND_REMINDER,1
0.7307692307692307,0.5714285714285714,7590.35,CARD,ICICI,LIMIT_EXCEEDED,20,RETRY_LATER,0
0.8292682926829268,0.42857142857142855,7289.06,WALLET,HDFC,AUTHENTICATION_FAILED,1,NO_ACTION,0
0.75,0.0,6729.16,NETBANKING,KOTAK,AUTHENTICATION_FAILED,20,NO_ACTION,0
0.6666666666666666,0.0,5965.74,CARD,SBI,INSUFFICIENT_FUNDS,23,RETRY_NOW,0
0.7333333333333333,0.5,4444.04,NETBANKING,SBI,AUTHENTICATION_FAILED,9,SEND_REMINDER,1
0.7796610169491526,0.46153846153846156,526.92,UPI,KOTAK,BANK_TIMEOUT,22,NO_ACTION,0
0.8125,0.5,9070.78,NETBANKING,YESBANK,NETWORK_ERROR,14,SEND_REMINDER,0
0.8181818181818182,0.5,6806.86,WALLET,YESBANK,BANK_TIMEOUT,14,RETRY_LATER,1
0.6666666666666666,0.5,8660.93,UPI,HDFC,NETWORK_ERROR,18,RETRY_LATER,0
0.7037037037037037,0.4583333333333333,5789.32,CARD,YESBANK,CARD_EXPIRED,12,RETRY_LATER,0
0.7142857142857143,1.0,8721.2,UPI,ICICI,LIMIT_EXCEEDED,4,RETRY_NOW,0
0.6666666666666666,0.0,4772.04,NETBANKING,KOTAK,BANK_TIMEOUT,23,NO_ACTION,0
0.7692307692307693,0.6666666666666666,5674.65,UPI,YESBANK,BANK_TIMEOUT,22,NO_ACTION,0
0.8108108108108109,0.42857142857142855,5972.84,WALLET,AXIS,CARD_EXPIRED,2,RETRY_NOW,0
0.7241379310344828,0.25,3014.2,UPI,KOTAK,CARD_EXPIRED,2,RETRY_LATER,0
0.8909090909090909,0.6666666666666666,4984.66,UPI,AXIS,INSUFFICIENT_FUNDS,22,RETRY_LATER,0
0.6229508196721312,0.34782608695652173,1396.73,UPI,AXIS,BANK_TIMEOUT,2,SEND_REMINDER,1
0.631578947368421,0.6428571428571429,4046.48,CARD,SBI,NETWORK_ERROR,10,RETRY_NOW,1
0.9560439560439561,0.75,641.27,WALLET,ICICI,BANK_TIMEOUT,19,SEND_REMINDER,1
0.75,0.5,2946.18,NETBANKING,YESBANK,NETWORK_ERROR,23,NO_ACTION,0
0.6785714285714286,0.5555555555555556,2911.27,NETBANKING,KOTAK,CARD_EXPIRED,21,RETRY_NOW,0
0.7719298245614035,0.8461538461538461,4884.42,WALLET,SBI,BANK_TIMEOUT,12,RETRY_LATER,1
0.7857142857142857,0.5,2311.59,CARD,AXIS,INSUFFICIENT_FUNDS,10,RETRY_NOW,0
0.6153846153846154,0.5,5005.09,CARD,YESBANK,INSUFFICIENT_FUNDS,20,RETRY_LATER,0
0.75,0.75,3688.66,WALLET,HDFC,BANK_TIMEOUT,22,RETRY_LATER,1
0.7166666666666667,0.47058823529411764,2024.96,NETBANKING,ICICI,BANK_TIMEOUT,13,RETRY_LATER,1
0.75,0.2,792.67,NETBANKING,KOTAK,BANK_TIMEOUT,15,RETRY_NOW,0
0.75,0.7,3020.67,CARD,ICICI,INSUFFICIENT_FUNDS,20,RETRY_NOW,1
0.7906976744186046,0.5555555555555556,6641.03,NETBANKING,AXIS,CARD_EXPIRED,6,RETRY_LATER,0
0.8285714285714286,0.6666666666666666,8833.68,CARD,ICICI,AUTHENTICATION_FAILED,16,SEND_REMINDER,1
0.8070175438596491,0.6363636363636364,8269.24,CARD,KOTAK,INSUFFICIENT_FUNDS,10,NO_ACTION,0
0.9038461538461539,0.2,2863.04,UPI,AXIS,INSUFFICIENT_FUNDS,7,RETRY_LATER,0
0.7380952380952381,0.5454545454545454,3957.03,CARD,ICICI,LIMIT_EXCEEDED,23,SEND_REMINDER,1
0.5454545454545454,0.8,6866.63,UPI,YESBANK,INSUFFICIENT_FUNDS,10,RETRY_LATER,1
0.6428571428571429,0.4,1803.35,WALLET,ICICI,CARD_EXPIRED,21,SEND_REMINDER,1
0.7391304347826086,0.5,7691.91,CARD,KOTAK,LIMIT_EXCEEDED,13,NO_ACTION,0
0.5,0.6666666666666666,8185.66,CARD,ICICI,CARD_EXPIRED,1,RETRY_NOW,0
0.8085106382978723,0.5555555555555556,110.86,NETBANKING,KOTAK,AUTHENTICATION_FAILED,5,NO_ACTION,0
0.625,0.5238095238095238,2178.31,NETBANKING,YESBANK,NETWORK_ERROR,5,RETRY_NOW,0
0.6388888888888888,0.3076923076923077,2681.21,NETBANKING,ICICI,INSUFFICIENT_FUNDS,2,RETRY_NOW,0
0.6666666666666666,0.5714285714285714,7163.73,UPI,ICICI,CARD_EXPIRED,2,SEND_REMINDER,0
0.7464788732394366,0.5,9693.8,NETBANKING,AXIS,NETWORK_ERROR,17,RETRY_NOW,1
0.7209302325581395,0.5,1158.65,WALLET,AXIS,INSUFFICIENT_FUNDS,0,NO_ACTION,0
0.45454545454545453,0.4166666666666667,3432.4,WALLET,YESBANK,INSUFFICIENT_FUNDS,2,SEND_REMINDER,1
0.8,1.0,8137.96,CARD,AXIS,INSUFFICIENT_FUNDS,16,SEND_REMINDER,1
0.48,0.46153846153846156,9950.27,WALLET,AXIS,CARD_EXPIRED,11,NO_ACTION,0
0.8589743589743589,0.2727272727272727,302.41,UPI,ICICI,INSUFFICIENT_FUNDS,2,SEND_REMINDER,1
0.6,0.5,7994.91,UPI,ICICI,LIMIT_EXCEEDED,20,RETRY_NOW,0
0.8472222222222222,0.7272727272727273,2097.42,NETBANKING,SBI,CARD_EXPIRED,6,NO_ACTION,0
0.6170212765957447,0.2777777777777778,1023.77,WALLET,SBI,INSUFFICIENT_FUNDS,15,SEND_REMINDER,0
0.8375,0.6153846153846154,1788.47,CARD,ICICI,BANK_TIMEOUT,19,SEND_REMINDER,0
0.8125,0.6666666666666666,3075.06,WALLET,AXIS,CARD_EXPIRED,6,RETRY_LATER,0
0.8024691358024691,0.4375,2649.11,CARD,AXIS,AUTHENTICATION_FAILED,20,RETRY_LATER,0
0.7,1.0,4846.69,NETBANKING,KOTAK,AUTHENTICATION_FAILED,8,RETRY_LATER,1
0.7375,0.47619047619047616,1928.88,NETBANKING,ICICI,AUTHENTICATION_FAILED,13,NO_ACTION,0
0.8333333333333334,0.75,6512.61,UPI,AXIS,CARD_EXPIRED,21,RETRY_LATER,0
0.7692307692307693,0.0,7204.27,NETBANKING,AXIS,AUTHENTICATION_FAILED,23,SEND_REMINDER,0
0.746031746031746,0.4375,8957.59,CARD,HDFC,AUTHENTICATION_FAILED,18,SEND_REMINDER,1
0.6415094339622641,0.47368421052631576,7294.19,WALLET,KOTAK,BANK_TIMEOUT,0,RETRY_LATER,0
0.7608695652173914,0.6363636363636364,6742.58,CARD,YESBANK,INSUFFICIENT_FUNDS,5,RETRY_LATER,0
0.65,0.7142857142857143,6195.75,WALLET,KOTAK,LIMIT_EXCEEDED,0,RETRY_LATER,1
0.0,0.0,5759.94,CARD,SBI,AUTHENTICATION_FAILED,10,SEND_REMINDER,0
0.875,0.3333333333333333,9970.07,CARD,YESBANK,NETWORK_ERROR,8,NO_ACTION,0
0.75,0.42857142857142855,5166.57,WALLET,SBI,NETWORK_ERROR,16,RETRY_LATER,0
0.5,1.0,3181.58,UPI,YESBANK,NETWORK_ERROR,21,RETRY_LATER,0
0.7407407407407407,0.35714285714285715,4652.3,CARD,SBI,AUTHENTICATION_FAILED,16,RETRY_NOW,1
0.7247706422018348,0.6333333333333333,1391.57,WALLET,KOTAK,CARD_EXPIRED,22,RETRY_NOW,0
0.6744186046511628,0.5714285714285714,5165.59,CARD,YESBANK,NETWORK_ERROR,0,SEND_REMINDER,1
0.94,0.0,4771.67,NETBANKING,SBI,NETWORK_ERROR,3,SEND_REMINDER,1
0.75,0.0,1228.74,WALLET,HDFC,CARD_EXPIRED,11,RETRY_NOW,0
0.7419354838709677,0.625,2763.73,NETBANKING,SBI,CARD_EXPIRED,23,SEND_REMINDER,1
0.5,0.0,693.96,WALLET,KOTAK,INSUFFICIENT_FUNDS,21,RETRY_LATER,0
0.7333333333333333,0.625,2980.66,NETBANKING,YESBANK,INSUFFICIENT_FUNDS,19,RETRY_NOW,0
0.71875,0.5555555555555556,3498.49,CARD,YESBANK,BANK_TIMEOUT,7,RETRY_NOW,0
0.0,0.0,5891.61,WALLET,KOTAK,NETWORK_ERROR,14,NO_ACTION,0
0.7692307692307693,0.3333333333333333,3766.36,WALLET,ICICI,BANK_TIMEOUT,2,RETRY_NOW,0
0.7941176470588235,0.5714285714285714,6219.62,UPI,HDFC,CARD_EXPIRED,15,RETRY_LATER,0
0.7477477477477478,0.4642857142857143,9225.29,NETBANKING,ICICI,INSUFFICIENT_FUNDS,4,NO_ACTION,0
0.4444444444444444,0.2,3405.27,UPI,KOTAK,INSUFFICIENT_FUNDS,22,RETRY_NOW,0
0.8461538461538461,0.25,8906.64,UPI,YESBANK,AUTHENTICATION_FAILED,3,SEND_REMINDER,1
0.0,1.0,2033.72,CARD,AXIS,BANK_TIMEOUT,7,RETRY_NOW,0
0.6846846846846847,0.5714285714285714,9785.41,CARD,YESBANK,NETWORK_ERROR,2,NO_ACTION,0
0.8421052631578947,0.6666666666666666,9885.51,UPI,YESBANK,BANK_TIMEOUT,9,SEND_REMINDER,1
0.6818181818181818,0.5714285714285714,520.55,UPI,AXIS,AUTHENTICATION_FAILED,14,RETRY_NOW,0
0.8333333333333334,0.0,8663.48,NETBANKING,HDFC,AUTHENTICATION_FAILED,0,RETRY_NOW,1
0.6363636363636364,0.25,5163.31,CARD,AXIS,BANK_TIMEOUT,19,RETRY_NOW,0
0.7241379310344828,0.375,2644.63,UPI,HDFC,LIMIT_EXCEEDED,4,RETRY_NOW,0
0.6666666666666666,1.0,5419.59,WALLET,SBI,CARD_EXPIRED,6,RETRY_NOW,0
0.9183673469387755,0.25,5207.16,WALLET,HDFC,NETWORK_ERROR,6,RETRY_NOW,1
0.7065217391304348,0.4074074074074074,3093.02,UPI,KOTAK,LIMIT_EXCEEDED,2,NO_ACTION,0
0.8210526315789474,0.5294117647058824,9665.56,UPI,AXIS,LIMIT_EXCEEDED,9,RETRY_NOW,0
0.625,0.3333333333333333,4116.97,NETBANKING,ICICI,CARD_EXPIRED,17,SEND_REMINDER,0
0.7,0.6666666666666666,8955.8,UPI,HDFC,AUTHENTICATION_FAILED,12,SEND_REMINDER,0
0.8416666666666667,0.47368421052631576,7101.12,WALLET,SBI,NETWORK_ERROR,7,RETRY_NOW,1
0.6666666666666666,0.3684210526315789,8373.46,WALLET,YESBANK,AUTHENTICATION_FAILED,2,RETRY_NOW,0
0.7333333333333333,0.5,5634.82,WALLET,KOTAK,BANK_TIMEOUT,19,RETRY_LATER,1
0.6634615384615384,0.4857142857142857,7129.95,UPI,SBI,LIMIT_EXCEEDED,2,RETRY_NOW,0
0.7530864197530864,0.7,2724.42,WALLET,KOTAK,NETWORK_ERROR,11,RETRY_NOW,0
0.7857142857142857,0.3333333333333333,5945.69,NETBANKING,SBI,BANK_TIMEOUT,18,SEND_REMINDER,0
0.759493670886076,0.5789473684210527,6422.75,WALLET,YESBANK,INSUFFICIENT_FUNDS,7,SEND_REMINDER,1
0.8823529411764706,0.5,9656.64,NETBANKING,ICICI,INSUFFICIENT_FUNDS,1,SEND_REMINDER,1
0.8333333333333334,0.6,2835.81,UPI,AXIS,AUTHENTICATION_FAILED,22,NO_ACTION,0
0.8571428571428571,0.5,4549.51,UPI,SBI,BANK_TIMEOUT,9,SEND_REMINDER,0
0.64,0.6666666666666666,7573.56,WALLET,HDFC,BANK_TIMEOUT,5,SEND_REMINDER,1
0.0,0.0,9362.57,WALLET,AXIS,NETWORK_ERROR,8,SEND_REMINDER,1
0.803030303030303,0.46153846153846156,247.47,CARD,HDFC,LIMIT_EXCEEDED,6,RETRY_LATER,1
0.7878787878787878,0.42857142857142855,3050.94,WALLET,HDFC,NETWORK_ERROR,7,SEND_REMINDER,0
0.7777777777777778,0.5,4804.94,WALLET,SBI,BANK_TIMEOUT,1,RETRY_NOW,0
0.8775510204081632,0.6666666666666666,9155.92,NETBANKING,HDFC,CARD_EXPIRED,23,NO_ACTION,0
0.0,1.0,1334.59,UPI,HDFC,BANK_TIMEOUT,2,NO_ACTION,0
0.7222222222222222,0.8,4802.72,CARD,YESBANK,BANK_TIMEOUT,3,SEND_REMINDER,1
0.6153846153846154,0.4,5975.54,WALLET,AXIS,INSUFFICIENT_FUNDS,4,SEND_REMINDER,1
0.6666666666666666,0.3684210526315789,9981.36,CARD,YESBANK,CARD_EXPIRED,13,SEND_REMINDER,0
0.7428571428571429,0.3333333333333333,4995.98,UPI,SBI,NETWORK_ERROR,14,SEND_REMINDER,0
0.5428571428571428,0.5,4686.75,CARD,HDFC,AUTHENTICATION_FAILED,11,RETRY_NOW,0
0.7666666666666667,0.7142857142857143,4609.38,UPI,KOTAK,AUTHENTICATION_FAILED,11,NO_ACTION,0
0.7346938775510204,0.3076923076923077,8928.45,NETBANKING,ICICI,CARD_EXPIRED,22,RETRY_LATER,0
0.8846153846153846,0.0,4432.47,UPI,KOTAK,CARD_EXPIRED,22,NO_ACTION,0
0.7272727272727273,0.4583333333333333,4405.33,NETBANKING,YESBANK,CARD_EXPIRED,23,RETRY_LATER,0
0.7692307692307693,0.0,7204.27,NETBANKING,AXIS,AUTHENTICATION_FAILED,23,NO_ACTION,0
0.8524590163934426,0.4444444444444444,1374.31,WALLET,YESBANK,NETWORK_ERROR,8,RETRY_NOW,0
0.7,0.3333333333333333,1919.25,WALLET,HDFC,INSUFFICIENT_FUNDS,0,SEND_REMINDER,1
0.6571428571428571,0.75,2677.64,CARD,SBI,BANK_TIMEOUT,5,RETRY_NOW,1
0.7647058823529411,0.5,647.3,CARD,SBI,LIMIT_EXCEEDED,7,SEND_REMINDER,1
0.48,0.46153846153846156,9950.27,WALLET,AXIS,CARD_EXPIRED,11,SEND_REMINDER,0
0.8235294117647058,0.6666666666666666,6341.18,WALLET,KOTAK,NETWORK_ERROR,23,SEND_REMINDER,1
0.8181818181818182,0.25,3288.35,WALLET,AXIS,INSUFFICIENT_FUNDS,0,RETRY_LATER,1
0.7931034482758621,0.3333333333333333,5872.08,UPI,ICICI,AUTHENTICATION_FAILED,10,NO_ACTION,0
0.6944444444444444,0.5454545454545454,6355.54,WALLET,HDFC,INSUFFICIENT_FUNDS,19,SEND_REMINDER,1
0.7317073170731707,0.45454545454545453,9515.22,NETBANKING,KOTAK,NETWORK_ERROR,16,RETRY_NOW,1
0.7888888888888889,0.5789473684210527,1463.43,WALLET,YESBANK,INSUFFICIENT_FUNDS,21,RETRY_NOW,1
0.708029197080292,0.475,1722.2,WALLET,HDFC,BANK_TIMEOUT,6,SEND_REMINDER,1
0.6567164179104478,0.5652173913043478,1217.97,WALLET,AXIS,INSUFFICIENT_FUNDS,3,SEND_REMINDER,0
0.6666666666666666,1.0,3607.28,NETBANKING,YESBANK,LIMIT_EXCEEDED,6,RETRY_LATER,0
0.8,0.5454545454545454,9672.65,CARD,ICICI,CARD_EXPIRED,15,NO_ACTION,0
0.7654320987654321,0.47368421052631576,438.07,NETBANKING,SBI,BANK_TIMEOUT,15,NO_ACTION,0
0.7708333333333334,0.5454545454545454,759.8,WALLET,ICICI,CARD_EXPIRED,8,RETRY_NOW,1
0.7818181818181819,0.4166666666666667,7215.9,WALLET,ICICI,BANK_TIMEOUT,5,SEND_REMINDER,1
0.8625,0.7272727272727273,1919.13,CARD,YESBANK,AUTHENTICATION_FAILED,21,RETRY_LATER,1
0.0,0.0,137.95,UPI,KOTAK,INSUFFICIENT_FUNDS,8,NO_ACTION,0
0.9302325581395349,1.0,5711.67,WALLET,YESBANK,BANK_TIMEOUT,13,NO_ACTION,0
0.8775510204081632,0.5,5603.69,UPI,YESBANK,NETWORK_ERROR,21,RETRY_NOW,1
0.7727272727272727,0.4,5087.28,CARD,YESBANK,INSUFFICIENT_FUNDS,6,RETRY_LATER,1
0.6818181818181818,0.4642857142857143,9758.16,CARD,ICICI,NETWORK_ERROR,3,RETRY_NOW,0
0.803921568627451,0.3,6728.13,WALLET,ICICI,NETWORK_ERROR,5,RETRY_NOW,1
0.9076923076923077,0.5,9391.1,WALLET,ICICI,NETWORK_ERROR,8,SEND_REMINDER,1
0.9369369369369369,0.8571428571428571,2394.22,WALLET,SBI,INSUFFICIENT_FUNDS,3,NO_ACTION,0
0.7692307692307693,0.6666666666666666,7180.77,CARD,HDFC,INSUFFICIENT_FUNDS,7,SEND_REMINDER,1
0.6592592592592592,0.6086956521739131,5138.72,UPI,ICICI,LIMIT_EXCEEDED,5,NO_ACTION,0
0.7391304347826086,0.5,8414.7,NETBANKING,SBI,LIMIT_EXCEEDED,20,RETRY_NOW,1
0.8,0.5,9151.11,UPI,AXIS,CARD_EXPIRED,8,RETRY_LATER,0
0.8,0.3333333333333333,3347.71,UPI,YESBANK,NETWORK_ERROR,3,NO_ACTION,0
0.6515151515151515,0.43478260869565216,9043.49,UPI,HDFC,INSUFFICIENT_FUNDS,5,NO_ACTION,0
0.875,1.0,8657.61,UPI,KOTAK,LIMIT_EXCEEDED,16,RETRY_NOW,1
0.0,0.0,6118.23,CARD,HDFC,BANK_TIMEOUT,5,RETRY_LATER,1
0.65625,0.18181818181818182,1652.39,UPI,SBI,CARD_EXPIRED,4,RETRY_NOW,0
0.717391304347826,0.7307692307692307,8618.14,WALLET,YESBANK,AUTHENTICATION_FAILED,15,RETRY_NOW,1
0.6666666666666666,0.4,4764.14,WALLET,SBI,CARD_EXPIRED,7,NO_ACTION,0
0.6835443037974683,0.4,3568.25,WALLET,KOTAK,CARD_EXPIRED,6,RETRY_LATER,0
0.8421052631578947,0.6666666666666666,2080.16,UPI,HDFC,NETWORK_ERROR,4,RETRY_NOW,1
0.7037037037037037,0.625,9083.96,WALLET,AXIS,LIMIT_EXCEEDED,23,RETRY_LATER,1
0.6744186046511628,0.5714285714285714,5165.59,CARD,YESBANK,NETWORK_ERROR,0,RETRY_LATER,1
0.5714285714285714,0.6666666666666666,9926.32,CARD,SBI,AUTHENTICATION_FAILED,12,RETRY_NOW,1
0.9714285714285714,0.75,324.12,UPI,HDFC,LIMIT_EXCEEDED,4,SEND_REMINDER,1
0.6666666666666666,0.4,7360.2,WALLET,AXIS,INSUFFICIENT_FUNDS,17,SEND_REMINDER,0
0.782608695652174,0.5,2538.77,NETBANKING,AXIS,INSUFFICIENT_FUNDS,16,RETRY_LATER,0
0.7704918032786885,0.35714285714285715,8336.0,NETBANKING,KOTAK,BANK_TIMEOUT,22,RETRY_NOW,0
0.6971830985915493,0.4418604651162791,8390.01,UPI,KOTAK,NETWORK_ERROR,18,SEND_REMINDER,0
0.7088607594936709,0.5652173913043478,7003.57,NETBANKING,SBI,BANK_TIMEOUT,13,RETRY_LATER,1
0.9152542372881356,0.8,2107.75,WALLET,KOTAK,LIMIT_EXCEEDED,2,RETRY_LATER,1
0.726027397260274,0.35,4081.06,NETBANKING,ICICI,LIMIT_EXCEEDED,15,SEND_REMINDER,0
0.5454545454545454,0.75,6235.25,WALLET,YESBANK,BANK_TIMEOUT,18,RETRY_NOW,0
0.7142857142857143,0.5,4698.15,NETBANKING,YESBANK,BANK_TIMEOUT,14,SEND_REMINDER,1
0.47058823529411764,0.3333333333333333,7559.06,UPI,AXIS,CARD_EXPIRED,5,RETRY_NOW,0
0.7555555555555555,0.45454545454545453,6602.32,UPI,YESBANK,NETWORK_ERROR,22,SEND_REMINDER,1
0.5,0.42857142857142855,5856.75,WALLET,HDFC,NETWORK_ERROR,2,RETRY_LATER,0
0.875,0.0,6648.65,NETBANKING,KOTAK,AUTHENTICATION_FAILED,0,SEND_REMINDER,1
0.625,0.6666666666666666,8566.84,NETBANKING,AXIS,INSUFFICIENT_FUNDS,17,RETRY_LATER,0
0.8095238095238095,0.25,1953.99,NETBANKING,YESBANK,BANK_TIMEOUT,10,RETRY_NOW,1
0.8,0.6363636363636364,6904.46,CARD,YESBANK,NETWORK_ERROR,12,RETRY_NOW,1
0.75,0.3333333333333333,8378.16,CARD,AXIS,NETWORK_ERROR,2,SEND_REMINDER,0
0.5,1.0,2547.37,UPI,KOTAK,LIMIT_EXCEEDED,14,RETRY_NOW,0
0.8817204301075269,0.6363636363636364,6456.83,NETBANKING,SBI,AUTHENTICATION_FAILED,4,RETRY_NOW,1
0.8688524590163934,0.25,9519.31,WALLET,HDFC,LIMIT_EXCEEDED,15,RETRY_LATER,0
0.6724137931034483,0.2631578947368421,8169.04,WALLET,SBI,CARD_EXPIRED,22,NO_ACTION,0
0.65,0.42857142857142855,8104.72,UPI,KOTAK,CARD_EXPIRED,2,RETRY_NOW,0
0.9047619047619048,0.5,8020.71,CARD,AXIS,CARD_EXPIRED,15,SEND_REMINDER,1
0.78125,0.2857142857142857,1034.28,WALLET,AXIS,LIMIT_EXCEEDED,20,RETRY_NOW,1
0.9629629629629629,1.0,8976.41,UPI,YESBANK,INSUFFICIENT_FUNDS,11,NO_ACTION,0
0.8181818181818182,0.6,5898.18,WALLET,HDFC,LIMIT_EXCEEDED,19,SEND_REMINDER,0
0.5,0.5,7847.62,UPI,SBI,AUTHENTICATION_FAILED,23,NO_ACTION,0
0.6666666666666666,0.625,9997.86,CARD,SBI,CARD_EXPIRED,14,RETRY_LATER,1
0.5,0.0,1960.55,CARD,KOTAK,AUTHENTICATION_FAILED,19,NO_ACTION,0
0.8059701492537313,0.46153846153846156,2044.61,WALLET,YESBANK,LIMIT_EXCEEDED,1,NO_ACTION,0
0.5769230769230769,0.36363636363636365,5009.92,UPI,AXIS,BANK_TIMEOUT,7,SEND_REMINDER,1
0.5,0.5,2956.69,UPI,ICICI,AUTHENTICATION_FAILED,22,RETRY_LATER,1
0.8759124087591241,0.5294117647058824,7426.67,NETBANKING,SBI,BANK_TIMEOUT,22,NO_ACTION,0
0.8484848484848485,0.7,2924.14,UPI,AXIS,AUTHENTICATION_FAILED,0,RETRY_LATER,1
0.75,0.0,8640.8,CARD,HDFC,LIMIT_EXCEEDED,0,SEND_REMINDER,0
0.7844827586206896,0.4,8855.54,NETBANKING,ICICI,NETWORK_ERROR,22,NO_ACTION,0
0.7777777777777778,1.0,8470.48,CARD,HDFC,NETWORK_ERROR,2,NO_ACTION,0
0.9456521739130435,0.6,9410.32,UPI,SBI,INSUFFICIENT_FUNDS,5,RETRY_LATER,1
0.42857142857142855,0.5,6506.34,NETBANKING,SBI,AUTHENTICATION_FAILED,11,SEND_REMINDER,1
0.8571428571428571,0.75,1332.36,NETBANKING,SBI,INSUFFICIENT_FUNDS,21,SEND_REMINDER,1
0.7931034482758621,0.5,6007.88,CARD,KOTAK,NETWORK_ERROR,8,NO_ACTION,0
0.6875,0.8,6668.94,CARD,YESBANK,LIMIT_EXCEEDED,14,SEND_REMINDER,0
0.7340425531914894,0.48,2118.33,CARD,HDFC,LIMIT_EXCEEDED,17,NO_ACTION,0
0.8045977011494253,0.6470588235294118,9419.7,UPI,HDFC,AUTHENTICATION_FAILED,12,RETRY_NOW,0
0.6666666666666666,1.0,7523.76,NETBANKING,AXIS,AUTHENTICATION_FAILED,23,RETRY_NOW,0
0.6818181818181818,0.2857142857142857,2565.29,CARD,ICICI,CARD_EXPIRED,12,RETRY_NOW,0
0.717948717948718,0.5454545454545454,7230.5,UPI,YESBANK,LIMIT_EXCEEDED,4,SEND_REMINDER,1
0.7560975609756098,0.6,4557.84,NETBANKING,HDFC,BANK_TIMEOUT,2,SEND_REMINDER,1
0.5714285714285714,0.3333333333333333,2918.33,NETBANKING,KOTAK,AUTHENTICATION_FAILED,22,RETRY_NOW,0
0.8636363636363636,0.3333333333333333,4673.17,WALLET,ICICI,INSUFFICIENT_FUNDS,11,SEND_REMINDER,1
0.7125,0.5217391304347826,8887.66,NETBANKING,YESBANK,INSUFFICIENT_FUNDS,18,SEND_REMINDER,1
0.660377358490566,0.5277777777777778,3031.86,CARD,HDFC,BANK_TIMEOUT,13,SEND_REMINDER,0
0.7936507936507936,0.6923076923076923,8536.19,NETBANKING,ICICI,NETWORK_ERROR,21,RETRY_LATER,0
0.6376811594202898,0.48,6565.17,CARD,SBI,BANK_TIMEOUT,15,NO_ACTION,0
0.717948717948718,0.5757575757575758,486.12,WALLET,AXIS,NETWORK_ERROR,15,SEND_REMINDER,1
0.782608695652174,0.5,8322.49,WALLET,ICICI,BANK_TIMEOUT,8,RETRY_NOW,0
0.5777777777777777,0.5263157894736842,8868.58,UPI,ICICI,AUTHENTICATION_FAILED,23,RETRY_NOW,0
0.75,0.0,5783.13,UPI,SBI,NETWORK_ERROR,0,RETRY_NOW,0
0.9074074074074074,0.0,4015.72,CARD,AXIS,AUTHENTICATION_FAILED,20,RETRY_NOW,0
0.9333333333333333,1.0,5451.08,NETBANKING,ICICI,CARD_EXPIRED,0,SEND_REMINDER,0
0.7868852459016393,0.46153846153846156,5042.16,CARD,YESBANK,BANK_TIMEOUT,9,NO_ACTION,0
0.75,0.14285714285714285,9084.55,CARD,SBI,CARD_EXPIRED,9,RETRY_NOW,0
0.8,0.5,9388.83,NETBANKING,SBI,INSUFFICIENT_FUNDS,19,RETRY_NOW,0
0.625,0.0,6476.38,NETBANKING,AXIS,CARD_EXPIRED,5,SEND_REMINDER,1
0.5,0.0,582.31,UPI,AXIS,NETWORK_ERROR,6,RETRY_LATER,1
0.8,0.0,507.45,WALLET,YESBANK,LIMIT_EXCEEDED,5,SEND_REMINDER,0
0.7407407407407407,0.7142857142857143,7062.09,UPI,HDFC,LIMIT_EXCEEDED,6,RETRY_NOW,0
0.8,1.0,9468.45,CARD,YESBANK,INSUFFICIENT_FUNDS,18,RETRY_NOW,1
0.8292682926829268,0.42857142857142855,7289.06,WALLET,HDFC,AUTHENTICATION_FAILED,1,SEND_REMINDER,1
0.9242424242424242,0.6,1729.68,UPI,HDFC,LIMIT_EXCEEDED,13,NO_ACTION,0
0.8617021276595744,0.7692307692307693,847.23,WALLET,YESBANK,INSUFFICIENT_FUNDS,6,RETRY_NOW,0
0.47619047619047616,0.6363636363636364,4689.81,WALLET,SBI,AUTHENTICATION_FAILED,20,RETRY_LATER,0
0.7906976744186046,0.5555555555555556,6641.03,NETBANKING,AXIS,CARD_EXPIRED,6,NO_ACTION,0
0.8181818181818182,0.5,6256.2,WALLET,KOTAK,BANK_TIMEOUT,18,SEND_REMINDER,0
0.813953488372093,0.375,7865.38,WALLET,SBI,LIMIT_EXCEEDED,11,SEND_REMINDER,0
0.8421052631578947,0.6666666666666666,3739.09,CARD,YESBANK,CARD_EXPIRED,12,NO_ACTION,0
0.8484848484848485,0.2,3354.48,WALLET,YESBANK,BANK_TIMEOUT,16,NO_ACTION,0
0.78125,0.5,1335.76,CARD,AXIS,LIMIT_EXCEEDED,16,SEND_REMINDER,0
0.6638655462184874,0.55,8977.46,CARD,HDFC,INSUFFICIENT_FUNDS,19,SEND_REMINDER,1
0.8688524590163934,0.625,1703.8,UPI,ICICI,NETWORK_ERROR,8,RETRY_LATER,0
0.7555555555555555,0.45454545454545453,6602.32,UPI,YESBANK,NETWORK_ERROR,22,RETRY_NOW,1
0.8888888888888888,1.0,7105.59,WALLET,YESBANK,AUTHENTICATION_FAILED,8,RETRY_NOW,1
0.6111111111111112,0.2857142857142857,7821.65,CARD,YESBANK,LIMIT_EXCEEDED,3,SEND_REMINDER,1
0.6818181818181818,0.42857142857142855,6610.43,UPI,AXIS,INSUFFICIENT_FUNDS,13,NO_ACTION,0
0.7288135593220338,0.5,6859.08,UPI,ICICI,CARD_EXPIRED,14,SEND_REMINDER,1
0.7195121951219512,0.782608695652174,9271.14,UPI,KOTAK,NETWORK_ERROR,17,NO_ACTION,0
0.5714285714285714,0.3333333333333333,2226.93,WALLET,AXIS,NETWORK_ERROR,20,RETRY_NOW,1
0.7333333333333333,0.75,1503.04,UPI,HDFC,NETWORK_ERROR,9,RETRY_NOW,1
0.8333333333333334,1.0,3599.16,CARD,KOTAK,INSUFFICIENT_FUNDS,6,NO_ACTION,0
0.8125,0.47619047619047616,4192.52,WALLET,KOTAK,BANK_TIMEOUT,22,RETRY_LATER,1
0.8958333333333334,0.6,5755.0,CARD,YESBANK,BANK_TIMEOUT,13,RETRY_LATER,1
0.8,0.3333333333333333,1401.63,NETBANKING,AXIS,AUTHENTICATION_FAILED,2,RETRY_LATER,0
0.5714285714285714,0.16666666666666666,7879.72,NETBANKING,KOTAK,NETWORK_ERROR,13,RETRY_NOW,1
0.5925925925925926,0.45454545454545453,7785.83,UPI,HDFC,NETWORK_ERROR,4,SEND_REMINDER,0
0.6944444444444444,0.45454545454545453,101.87,NETBANKING,YESBANK,CARD_EXPIRED,19,RETRY_NOW,1
0.8,0.375,4916.36,CARD,AXIS,CARD_EXPIRED,23,SEND_REMINDER,1
0.7974683544303798,0.6875,2819.39,UPI,KOTAK,LIMIT_EXCEEDED,5,SEND_REMINDER,0
0.75,0.6666666666666666,8404.79,UPI,YESBANK,LIMIT_EXCEEDED,20,RETRY_NOW,0
0.8076923076923077,0.5333333333333333,2255.04,CARD,AXIS,NETWORK_ERROR,15,RETRY_LATER,1
0.6,0.5,1576.83,UPI,ICICI,CARD_EXPIRED,9,RETRY_NOW,0
0.78125,0.5,1335.76,CARD,AXIS,LIMIT_EXCEEDED,16,RETRY_LATER,1
0.759493670886076,0.3684210526315789,8391.33,UPI,SBI,LIMIT_EXCEEDED,12,NO_ACTION,0
0.68,0.75,3045.12,NETBANKING,ICICI,AUTHENTICATION_FAILED,9,RETRY_NOW,1
0.6666666666666666,0.2,5250.41,UPI,SBI,INSUFFICIENT_FUNDS,10,RETRY_NOW,0
0.5857142857142857,0.5862068965517241,5676.4,WALLET,SBI,AUTHENTICATION_FAILED,10,NO_ACTION,0
0.55,0.3333333333333333,5337.28,CARD,KOTAK,INSUFFICIENT_FUNDS,21,SEND_REMINDER,0
0.7843137254901961,0.6363636363636364,6657.07,WALLET,ICICI,LIMIT_EXCEEDED,16,RETRY_LATER,1
0.8214285714285714,0.6,3417.18,CARD,ICICI,LIMIT_EXCEEDED,12,SEND_REMINDER,0
0.6,0.5,6446.08,UPI,SBI,BANK_TIMEOUT,1,SEND_REMINDER,0
0.7560975609756098,0.6,8794.01,NETBANKING,SBI,LIMIT_EXCEEDED,18,RETRY_LATER,1
0.7727272727272727,0.2,1539.48,UPI,ICICI,CARD_EXPIRED,10,RETRY_NOW,0
0.6823529411764706,0.48148148148148145,8280.15,WALLET,AXIS,CARD_EXPIRED,15,RETRY_NOW,0
0.7857142857142857,0.5833333333333334,9746.57,UPI,ICICI,BANK_TIMEOUT,9,RETRY_NOW,0
0.8666666666666667,0.3333333333333333,2211.32,WALLET,KOTAK,NETWORK_ERROR,13,RETRY_LATER,1
0.0,0.0,5937.6,CARD,KOTAK,BANK_TIMEOUT,7,RETRY_LATER,1
0.7857142857142857,0.5,4432.9,CARD,SBI,NETWORK_ERROR,11,NO_ACTION,0
0.75,0.5,8216.11,WALLET,SBI,AUTHENTICATION_FAILED,6,NO_ACTION,0
0.75,0.5,2786.7,WALLET,YESBANK,NETWORK_ERROR,0,SEND_REMINDER,0
0.625,0.3333333333333333,590.31,WALLET,YESBANK,AUTHENTICATION_FAILED,17,NO_ACTION,0
0.7391304347826086,0.4583333333333333,8750.48,UPI,SBI,INSUFFICIENT_FUNDS,21,NO_ACTION,0
0.631578947368421,0.42857142857142855,9855.22,CARD,HDFC,BANK_TIMEOUT,11,RETRY_LATER,0
0.7941176470588235,0.42857142857142855,8540.18,WALLET,AXIS,CARD_EXPIRED,10,RETRY_NOW,1
0.6875,0.8,9088.91,NETBANKING,AXIS,LIMIT_EXCEEDED,9,SEND_REMINDER,0
0.7272727272727273,0.3333333333333333,7360.63,WALLET,YESBANK,LIMIT_EXCEEDED,8,RETRY_LATER,0
0.78,0.45454545454545453,5339.78,CARD,ICICI,NETWORK_ERROR,22,NO_ACTION,0
0.6181818181818182,0.7142857142857143,4053.11,NETBANKING,KOTAK,CARD_EXPIRED,0,NO_ACTION,0
0.7272727272727273,0.37037037037037035,9164.15,NETBANKING,SBI,INSUFFICIENT_FUNDS,11,SEND_REMINDER,1
0.9166666666666666,0.6666666666666666,9698.84,WALLET,AXIS,CARD_EXPIRED,21,NO_ACTION,0
0.6666666666666666,0.5,9583.67,CARD,YESBANK,NETWORK_ERROR,19,RETRY_NOW,1
0.7653061224489796,0.6521739130434783,2700.97,UPI,AXIS,BANK_TIMEOUT,19,RETRY_NOW,1
0.5555555555555556,0.5,6346.32,CARD,AXIS,INSUFFICIENT_FUNDS,13,SEND_REMINDER,0
0.9152542372881356,0.8,2107.75,WALLET,KOTAK,LIMIT_EXCEEDED,2,RETRY_NOW,0
0.4482758620689655,0.375,6269.59,WALLET,HDFC,NETWORK_ERROR,6,NO_ACTION,0
0.6486486486486487,0.46153846153846156,1685.88,UPI,KOTAK,BANK_TIMEOUT,18,RETRY_NOW,1
0.6285714285714286,0.5384615384615384,3753.74,CARD,YESBANK,LIMIT_EXCEEDED,3,SEND_REMINDER,0
0.7241379310344828,0.375,943.92,CARD,HDFC,NETWORK_ERROR,9,NO_ACTION,0
0.6274509803921569,0.631578947368421,1095.71,UPI,HDFC,CARD_EXPIRED,22,SEND_REMINDER,1
0.9473684210526315,0.4,2662.85,WALLET,SBI,NETWORK_ERROR,5,SEND_REMINDER,1
0.25,1.0,7049.25,WALLET,ICICI,AUTHENTICATION_FAILED,16,RETRY_NOW,0
0.7692307692307693,0.6666666666666666,3190.99,WALLET,ICICI,NETWORK_ERROR,15,NO_ACTION,0
0.71875,0.3333333333333333,7466.15,UPI,SBI,BANK_TIMEOUT,17,NO_ACTION,0
0.6875,0.5,7010.26,NETBANKING,YESBANK,LIMIT_EXCEEDED,12,RETRY_LATER,0
0.8,0.5,2855.74,NETBANKING,AXIS,LIMIT_EXCEEDED,7,RETRY_NOW,0
0.9166666666666666,0.0,2527.66,CARD,YESBANK,LIMIT_EXCEEDED,0,RETRY_NOW,0
0.6796875,0.4634146341463415,6470.84,CARD,HDFC,AUTHENTICATION_FAILED,14,RETRY_LATER,0
0.6666666666666666,0.4444444444444444,5334.16,NETBANKING,ICICI,AUTHENTICATION_FAILED,9,NO_ACTION,0
0.7857142857142857,0.5,7105.54,UPI,SBI,CARD_EXPIRED,6,RETRY_NOW,0
0.9230769230769231,0.0,4403.04,WALLET,KOTAK,INSUFFICIENT_FUNDS,3,RETRY_LATER,0
0.75,0.5,5551.99,CARD,HDFC,LIMIT_EXCEEDED,22,NO_ACTION,0
0.8,0.0,931.0,WALLET,YESBANK,BANK_TIMEOUT,13,NO_ACTION,0
0.6779661016949152,0.6842105263157895,1898.88,WALLET,SBI,NETWORK_ERROR,16,RETRY_LATER,1
0.375,0.6,4752.82,CARD,ICICI,AUTHENTICATION_FAILED,21,RETRY_NOW,0
0.8070175438596491,0.6363636363636364,8269.24,CARD,KOTAK,INSUFFICIENT_FUNDS,10,RETRY_NOW,1
0.7692307692307693,1.0,1888.86,WALLET,ICICI,INSUFFICIENT_FUNDS,13,RETRY_LATER,0
0.5909090909090909,0.6296296296296297,5145.1,WALLET,YESBANK,BANK_TIMEOUT,21,SEND_REMINDER,0
0.9619047619047619,0.0,5466.39,WALLET,AXIS,NETWORK_ERROR,4,NO_ACTION,0
0.6944444444444444,0.45454545454545453,6711.22,CARD,HDFC,AUTHENTICATION_FAILED,3,RETRY_NOW,0
0.88,0.6666666666666666,9650.46,NETBANKING,YESBANK,INSUFFICIENT_FUNDS,14,RETRY_NOW,0
0.6707317073170732,0.4074074074074074,3556.8,CARD,HDFC,CARD_EXPIRED,8,RETRY_LATER,0
0.9074074074074074,0.6,4632.63,NETBANKING,KOTAK,CARD_EXPIRED,9,NO_ACTION,0
0.5409836065573771,0.6071428571428571,1264.23,CARD,KOTAK,CARD_EXPIRED,18,RETRY_NOW,1
0.5806451612903226,0.46153846153846156,8985.62,UPI,HDFC,AUTHENTICATION_FAILED,22,RETRY_LATER,0
0.6274509803921569,0.631578947368421,1095.71,UPI,HDFC,CARD_EXPIRED,22,NO_ACTION,0
0.6,0.0,8456.65,UPI,ICICI,LIMIT_EXCEEDED,15,NO_ACTION,0
0.8214285714285714,1.0,9770.59,CARD,HDFC,INSUFFICIENT_FUNDS,2,NO_ACTION,0
0.6818181818181818,0.8571428571428571,191.84,WALLET,YESBANK,NETWORK_ERROR,7,RETRY_LATER,0
0.8,0.5,1308.88,WALLET,HDFC,BANK_TIMEOUT,7,RETRY_LATER,1
0.8421052631578947,0.6666666666666666,2080.16,UPI,HDFC,NETWORK_ERROR,4,SEND_REMINDER,1
0.7962962962962963,0.5454545454545454,4191.11,NETBANKING,ICICI,BANK_TIMEOUT,3,RETRY_NOW,1
0.6153846153846154,0.6,4625.63,CARD,KOTAK,NETWORK_ERROR,5,RETRY_NOW,1
0.6415094339622641,0.47368421052631576,7294.19,WALLET,KOTAK,BANK_TIMEOUT,0,NO_ACTION,0
0.7523809523809524,0.5769230769230769,3912.09,CARD,HDFC,AUTHENTICATION_FAILED,8,SEND_REMINDER,0
0.6363636363636364,0.25,9718.27,NETBANKING,ICICI,NETWORK_ERROR,14,SEND_REMINDER,0
0.7115384615384616,0.4666666666666667,211.16,WALLET,AXIS,BANK_TIMEOUT,12,NO_ACTION,0
0.82,0.5555555555555556,6465.46,CARD,KOTAK,INSUFFICIENT_FUNDS,3,NO_ACTION,0
0.696969696969697,0.3,3858.84,CARD,ICICI,CARD_EXPIRED,14,RETRY_NOW,0
0.8823529411764706,1.0,6527.34,UPI,KOTAK,CARD_EXPIRED,2,RETRY_NOW,0
0.8181818181818182,0.5,5986.24,NETBANKING,ICICI,CARD_EXPIRED,17,RETRY_NOW,0
0.5882352941176471,0.42857142857142855,3767.55,CARD,HDFC,INSUFFICIENT_FUNDS,7,NO_ACTION,0
0.65,0.5714285714285714,5378.84,CARD,AXIS,AUTHENTICATION_FAILED,2,RETRY_LATER,1
0.5,1.0,9013.38,NETBANKING,HDFC,LIMIT_EXCEEDED,11,RETRY_LATER,1
0.9032258064516129,0.3333333333333333,722.22,NETBANKING,HDFC,AUTHENTICATION_FAILED,0,NO_ACTION,0
0.7555555555555555,0.45454545454545453,6602.32,UPI,YESBANK,NETWORK_ERROR,22,RETRY_LATER,1
0.6944444444444444,0.5454545454545454,6355.54,WALLET,HDFC,INSUFFICIENT_FUNDS,19,RETRY_NOW,1
0.8208955223880597,0.3333333333333333,8807.93,NETBANKING,YESBANK,INSUFFICIENT_FUNDS,0,RETRY_LATER,0
0.7857142857142857,0.5,726.06,UPI,KOTAK,BANK_TIMEOUT,8,RETRY_NOW,0
0.7666666666666667,0.8571428571428571,7347.65,NETBANKING,HDFC,AUTHENTICATION_FAILED,19,RETRY_NOW,1
0.7391304347826086,0.5,3118.81,NETBANKING,ICICI,LIMIT_EXCEEDED,10,SEND_REMINDER,0
0.75,0.875,4346.67,WALLET,HDFC,CARD_EXPIRED,3,RETRY_NOW,1
0.7741935483870968,0.42857142857142855,6717.29,NETBANKING,KOTAK,NETWORK_ERROR,17,RETRY_LATER,1
0.84,0.25,6935.25,UPI,KOTAK,NETWORK_ERROR,7,RETRY_LATER,0
0.7662337662337663,0.3888888888888889,6635.16,CARD,HDFC,CARD_EXPIRED,11,NO_ACTION,0
0.8484848484848485,0.2,3354.48,WALLET,YESBANK,BANK_TIMEOUT,16,SEND_REMINDER,0
0.6764705882352942,0.4090909090909091,6509.63,UPI,AXIS,LIMIT_EXCEEDED,13,NO_ACTION,0
0.46153846153846156,0.5714285714285714,6971.71,CARD,YESBANK,CARD_EXPIRED,16,SEND_REMINDER,1
0.8545454545454545,0.6875,1333.94,NETBANKING,ICICI,LIMIT_EXCEEDED,1,RETRY_LATER,0
0.7333333333333333,0.7,1608.8,NETBANKING,SBI,BANK_TIMEOUT,18,SEND_REMINDER,1
0.6617647058823529,0.34782608695652173,8360.42,CARD,AXIS,CARD_EXPIRED,12,RETRY_NOW,0
0.9411764705882353,0.0,8789.45,NETBANKING,AXIS,BANK_TIMEOUT,1,RETRY_LATER,1
0.8625,0.7272727272727273,208.57,WALLET,SBI,INSUFFICIENT_FUNDS,20,NO_ACTION,0
0.6896551724137931,0.5555555555555556,9436.24,WALLET,SBI,AUTHENTICATION_FAILED,1,NO_ACTION,0
0.6666666666666666,1.0,9023.87,CARD,SBI,AUTHENTICATION_FAILED,6,SEND_REMINDER,1
0.8297872340425532,0.5,3994.71,UPI,SBI,AUTHENTICATION_FAILED,4,SEND_REMINDER,0
0.9310344827586207,0.5,5299.21,UPI,KOTAK,LIMIT_EXCEEDED,18,RETRY_NOW,0
0.6938775510204082,0.6,8993.23,WALLET,ICICI,CARD_EXPIRED,23,NO_ACTION,0
0.6666666666666666,1.0,7523.76,NETBANKING,AXIS,AUTHENTICATION_FAILED,23,NO_ACTION,0
0.7073170731707317,0.3333333333333333,858.67,WALLET,KOTAK,CARD_EXPIRED,19,SEND_REMINDER,0
0.8947368421052632,0.0,7018.72,NETBANKING,YESBANK,INSUFFICIENT_FUNDS,10,NO_ACTION,0
0.6470588235294118,0.5833333333333334,261.25,CARD,ICICI,BANK_TIMEOUT,23,RETRY_LATER,1
0.76,0.3333333333333333,8638.83,WALLET,ICICI,CARD_EXPIRED,8,RETRY_LATER,0
0.5638297872340425,0.5121951219512195,240.66,UPI,YESBANK,NETWORK_ERROR,6,NO_ACTION,0
0.75,0.0,1181.38,UPI,SBI,LIMIT_EXCEEDED,2,SEND_REMINDER,0
0.71875,0.6666666666666666,1151.59,CARD,HDFC,AUTHENTICATION_FAILED,10,NO_ACTION,0
0.7857142857142857,0.5833333333333334,9979.31,CARD,AXIS,INSUFFICIENT_FUNDS,16,SEND_REMINDER,1
0.851063829787234,0.7142857142857143,9360.11,WALLET,ICICI,NETWORK_ERROR,12,RETRY_NOW,1
0.7307692307692307,0.39285714285714285,9461.72,CARD,YESBANK,NETWORK_ERROR,20,NO_ACTION,0
0.680327868852459,0.6666666666666666,2724.42,WALLET,ICICI,AUTHENTICATION_FAILED,16,NO_ACTION,0
0.7368421052631579,0.6,101.85,NETBANKING,KOTAK,LIMIT_EXCEEDED,14,NO_ACTION,0
0.6170212765957447,0.2777777777777778,1023.77,WALLET,SBI,INSUFFICIENT_FUNDS,15,NO_ACTION,0
0.5428571428571428,0.5,6387.58,NETBANKING,KOTAK,NETWORK_ERROR,20,NO_ACTION,0
0.9259259259259259,0.5,1089.59,UPI,ICICI,BANK_TIMEOUT,10,RETRY_LATER,0
0.7894736842105263,0.5,963.03,CARD,ICICI,INSUFFICIENT_FUNDS,14,RETRY_NOW,0
0.7430555555555556,0.40540540540540543,8027.67,WALLET,KOTAK,NETWORK_ERROR,7,SEND_REMINDER,0
0.7108433734939759,0.5,5057.39,WALLET,HDFC,CARD_EXPIRED,17,RETRY_LATER,0
0.7592592592592593,0.46153846153846156,9484.18,NETBANKING,AXIS,NETWORK_ERROR,11,SEND_REMINDER,0
0.8095238095238095,0.375,4677.04,NETBANKING,YESBANK,CARD_EXPIRED,7,SEND_REMINDER,1
0.5294117647058824,0.5,7938.87,UPI,HDFC,CARD_EXPIRED,12,NO_ACTION,0
0.9310344827586207,0.5,5299.21,UPI,KOTAK,LIMIT_EXCEEDED,18,RETRY_LATER,0
0.7692307692307693,0.3333333333333333,7616.42,UPI,KOTAK,AUTHENTICATION_FAILED,14,NO_ACTION,0
0.7037037037037037,0.25,3617.28,CARD,KOTAK,INSUFFICIENT_FUNDS,9,RETRY_NOW,0
0.0,0.6666666666666666,1863.61,UPI,ICICI,LIMIT_EXCEEDED,8,SEND_REMINDER,1
0.6666666666666666,0.0,8972.32,WALLET,HDFC,CARD_EXPIRED,0,RETRY_NOW,0
0.8809523809523809,0.5,4186.59,UPI,YESBANK,NETWORK_ERROR,2,RETRY_LATER,1
0.9,0.0,4555.68,WALLET,SBI,CARD_EXPIRED,17,SEND_REMINDER,1
0.6551724137931034,0.55,773.83,WALLET,YESBANK,INSUFFICIENT_FUNDS,1,RETRY_NOW,0
0.6567164179104478,0.5217391304347826,9021.92,CARD,YESBANK,INSUFFICIENT_FUNDS,22,NO_ACTION,0
0.759493670886076,0.3684210526315789,8391.33,UPI,SBI,LIMIT_EXCEEDED,12,SEND_REMINDER,1
0.6666666666666666,0.5,5220.72,UPI,HDFC,LIMIT_EXCEEDED,13,NO_ACTION,0
0.7692307692307693,0.6666666666666666,4257.22,UPI,YESBANK,NETWORK_ERROR,4,SEND_REMINDER,0
0.7692307692307693,0.38095238095238093,3013.2,CARD,YESBANK,INSUFFICIENT_FUNDS,21,NO_ACTION,0
0.7,0.3333333333333333,4107.15,NETBANKING,YESBANK,LIMIT_EXCEEDED,19,SEND_REMINDER,0
0.7543859649122807,0.4642857142857143,4004.23,UPI,YESBANK,BANK_TIMEOUT,0,NO_ACTION,0
0.7333333333333333,0.75,1503.04,UPI,HDFC,NETWORK_ERROR,9,RETRY_LATER,1
0.8275862068965517,0.0,5645.23,NETBANKING,KOTAK,BANK_TIMEOUT,18,SEND_REMINDER,0
0.7380952380952381,0.5454545454545454,9420.67,CARD,SBI,LIMIT_EXCEEDED,8,SEND_REMINDER,0
0.9213483146067416,0.5714285714285714,9184.76,CARD,YESBANK,NETWORK_ERROR,3,RETRY_LATER,0
0.7888888888888889,0.5789473684210527,4005.22,CARD,HDFC,LIMIT_EXCEEDED,8,RETRY_NOW,0
0.7931034482758621,0.5,577.99,CARD,ICICI,CARD_EXPIRED,2,RETRY_LATER,0
0.75,0.0,2323.78,UPI,HDFC,LIMIT_EXCEEDED,5,SEND_REMINDER,0
0.7428571428571429,0.4444444444444444,9819.99,NETBANKING,KOTAK,CARD_EXPIRED,16,RETRY_LATER,0
0.7,0.5714285714285714,7137.97,UPI,AXIS,AUTHENTICATION_FAILED,12,NO_ACTION,0
0.7323943661971831,0.47368421052631576,4694.02,UPI,KOTAK,NETWORK_ERROR,8,RETRY_LATER,1
0.625,0.5,5336.17,NETBANKING,HDFC,AUTHENTICATION_FAILED,8,NO_ACTION,0
0.5333333333333333,0.42857142857142855,891.93,UPI,YESBANK,CARD_EXPIRED,12,RETRY_NOW,0
0.8,0.3333333333333333,9937.9,CARD,YESBANK,INSUFFICIENT_FUNDS,11,SEND_REMINDER,1
0.75,0.5,9184.96,CARD,KOTAK,INSUFFICIENT_FUNDS,13,SEND_REMINDER,1
0.6666666666666666,0.2,8921.35,WALLET,HDFC,NETWORK_ERROR,15,RETRY_NOW,0
0.6923076923076923,0.75,8208.99,UPI,KOTAK,AUTHENTICATION_FAILED,14,NO_ACTION,0
0.7586206896551724,0.5238095238095238,4827.12,UPI,ICICI,INSUFFICIENT_FUNDS,12,RETRY_NOW,0
0.6233766233766234,0.5517241379310345,8519.39,NETBANKING,HDFC,CARD_EXPIRED,17,RETRY_LATER,0
0.8333333333333334,0.6666666666666666,3387.09,WALLET,SBI,AUTHENTICATION_FAILED,6,RETRY_NOW,0
0.8,0.375,2248.37,CARD,AXIS,CARD_EXPIRED,2,RETRY_NOW,0
0.8714285714285714,0.5555555555555556,3237.42,WALLET,HDFC,LIMIT_EXCEEDED,8,RETRY_NOW,0
0.6818181818181818,0.42857142857142855,6591.01,UPI,YESBANK,CARD_EXPIRED,15,NO_ACTION,0
0.9243697478991597,0.5555555555555556,7348.29,NETBANKING,SBI,LIMIT_EXCEEDED,4,SEND_REMINDER,1
0.8461538461538461,0.5,7711.23,NETBANKING,ICICI,LIMIT_EXCEEDED,12,SEND_REMINDER,1
0.6944444444444444,0.45454545454545453,8253.34,NETBANKING,AXIS,NETWORK_ERROR,7,SEND_REMINDER,1
0.5,0.5,4450.81,NETBANKING,KOTAK,INSUFFICIENT_FUNDS,10,NO_ACTION,0
0.6666666666666666,0.2631578947368421,7538.39,CARD,AXIS,AUTHENTICATION_FAILED,18,RETRY_NOW,0
0.6111111111111112,0.5714285714285714,7113.55,CARD,KOTAK,INSUFFICIENT_FUNDS,5,RETRY_NOW,0
0.7017543859649122,0.23529411764705882,9647.19,NETBANKING,YESBANK,INSUFFICIENT_FUNDS,22,RETRY_NOW,0
0.8974358974358975,0.5,4321.6,CARD,KOTAK,NETWORK_ERROR,23,SEND_REMINDER,0
0.9523809523809523,0.0,485.13,UPI,YESBANK,LIMIT_EXCEEDED,23,RETRY_LATER,1
0.8260869565217391,0.25,256.01,CARD,ICICI,CARD_EXPIRED,2,RETRY_NOW,0
0.46808510638297873,0.52,7513.0,WALLET,AXIS,INSUFFICIENT_FUNDS,22,SEND_REMINDER,1
0.6727272727272727,0.3888888888888889,397.39,CARD,HDFC,CARD_EXPIRED,11,RETRY_LATER,0
0.7777777777777778,0.5,1669.09,CARD,HDFC,BANK_TIMEOUT,6,NO_ACTION,0
0.8865979381443299,0.45454545454545453,1810.68,CARD,YESBANK,LIMIT_EXCEEDED,19,SEND_REMINDER,1
0.82,0.6666666666666666,4630.87,CARD,YESBANK,BANK_TIMEOUT,6,RETRY_LATER,0
0.6666666666666666,0.0,339.06,UPI,YESBANK,INSUFFICIENT_FUNDS,1,RETRY_LATER,0
0.6582278481012658,0.5185185185185185,1697.14,WALLET,SBI,INSUFFICIENT_FUNDS,0,NO_ACTION,0
0.6216216216216216,0.5,1154.05,UPI,KOTAK,INSUFFICIENT_FUNDS,12,RETRY_NOW,0
0.8333333333333334,0.42857142857142855,223.53,NETBANKING,ICICI,LIMIT_EXCEEDED,15,RETRY_LATER,1
0.875,0.5,2058.74,UPI,HDFC,BANK_TIMEOUT,4,NO_ACTION,0
0.47368421052631576,0.8,5695.57,NETBANKING,AXIS,CARD_EXPIRED,19,NO_ACTION,0
0.6363636363636364,0.5,882.16,WALLET,HDFC,BANK_TIMEOUT,21,RETRY_NOW,0
0.7,0.6666666666666666,6357.68,UPI,YESBANK,NETWORK_ERROR,6,RETRY_NOW,1
0.7272727272727273,0.6666666666666666,9549.78,NETBANKING,HDFC,INSUFFICIENT_FUNDS,14,RETRY_NOW,0
0.71875,0.3333333333333333,770.41,UPI,AXIS,INSUFFICIENT_FUNDS,15,NO_ACTION,0
0.0,0.0,5502.03,UPI,AXIS,INSUFFICIENT_FUNDS,7,RETRY_LATER,0
0.6470588235294118,0.5,7596.62,WALLET,ICICI,BANK_TIMEOUT,1,NO_ACTION,0
0.5714285714285714,1.0,1910.58,CARD,AXIS,BANK_TIMEOUT,23,NO_ACTION,0
0.7692307692307693,0.0,6698.04,WALLET,AXIS,AUTHENTICATION_FAILED,1,SEND_REMINDER,0
0.7547169811320755,0.46153846153846156,2823.5,NETBANKING,ICICI,NETWORK_ERROR,23,RETRY_LATER,0
0.918918918918919,0.6666666666666666,7118.95,UPI,AXIS,CARD_EXPIRED,10,RETRY_NOW,0
0.7959183673469388,0.8,5806.41,UPI,HDFC,CARD_EXPIRED,13,RETRY_NOW,1
0.7391304347826086,0.3333333333333333,6016.88,UPI,YESBANK,BANK_TIMEOUT,11,SEND_REMINDER,0
0.6818181818181818,0.7142857142857143,7872.08,WALLET,HDFC,BANK_TIMEOUT,8,RETRY_NOW,0
0.7560975609756098,0.6,8794.01,NETBANKING,SBI,LIMIT_EXCEEDED,18,SEND_REMINDER,0
0.6440677966101694,0.6666666666666666,6119.13,NETBANKING,KOTAK,CARD_EXPIRED,3,RETRY_LATER,1
0.6666666666666666,0.4,5629.85,CARD,AXIS,AUTHENTICATION_FAILED,19,RETRY_NOW,0
0.6,0.625,5329.5,WALLET,AXIS,AUTHENTICATION_FAILED,4,RETRY_LATER,1
0.7333333333333333,0.5,3029.11,CARD,KOTAK,NETWORK_ERROR,21,SEND_REMINDER,0
0.7115384615384616,0.4,632.58,CARD,KOTAK,INSUFFICIENT_FUNDS,11,SEND_REMINDER,0
0.7692307692307693,1.0,1888.86,WALLET,ICICI,INSUFFICIENT_FUNDS,13,SEND_REMINDER,1
0.7560975609756098,0.6,4557.84,NETBANKING,HDFC,BANK_TIMEOUT,2,NO_ACTION,0
0.7575757575757576,0.5,360.75,NETBANKING,KOTAK,BANK_TIMEOUT,11,NO_ACTION,0
0.8717948717948718,0.4,489.74,WALLET,AXIS,LIMIT_EXCEEDED,4,NO_ACTION,0
0.5384615384615384,0.8333333333333334,5864.99,CARD,ICICI,AUTHENTICATION_FAILED,14,RETRY_NOW,1
0.9333333333333333,0.0,6422.63,NETBANKING,SBI,AUTHENTICATION_FAILED,4,NO_ACTION,0
0.25,0.6666666666666666,4242.38,UPI,ICICI,AUTHENTICATION_FAILED,3,RETRY_LATER,0
0.5263157894736842,0.5555555555555556,868.89,CARD,YESBANK,NETWORK_ERROR,0,NO_ACTION,0
0.6190476190476191,0.25,2657.5,WALLET,KOTAK,AUTHENTICATION_FAILED,7,NO_ACTION,0
0.88,0.6666666666666666,8841.86,UPI,YESBANK,INSUFFICIENT_FUNDS,5,NO_ACTION,0
0.7941176470588235,0.42857142857142855,1250.64,CARD,YESBANK,INSUFFICIENT_FUNDS,7,RETRY_LATER,0
0.8,0.5833333333333334,6419.67,WALLET,HDFC,LIMIT_EXCEEDED,21,NO_ACTION,0
0.7948717948717948,0.625,9047.97,UPI,HDFC,INSUFFICIENT_FUNDS,2,RETRY_NOW,1
0.0,1.0,265.16,CARD,AXIS,CARD_EXPIRED,3,NO_ACTION,0
0.8536585365853658,0.5,5386.96,NETBANKING,KOTAK,AUTHENTICATION_FAILED,7,NO_ACTION,0
0.6779661016949152,0.6842105263157895,1898.88,WALLET,SBI,NETWORK_ERROR,16,RETRY_NOW,0
0.7804878048780488,0.5555555555555556,9281.07,NETBANKING,HDFC,AUTHENTICATION_FAILED,23,NO_ACTION,0
0.9032258064516129,0.0,7503.98,CARD,KOTAK,INSUFFICIENT_FUNDS,3,RETRY_NOW,0
0.8461538461538461,0.5,5840.54,NETBANKING,ICICI,INSUFFICIENT_FUNDS,16,SEND_REMINDER,1
0.8,0.6,7313.45,UPI,YESBANK,CARD_EXPIRED,5,RETRY_LATER,0
0.89,0.36363636363636365,4412.82,NETBANKING,KOTAK,LIMIT_EXCEEDED,7,NO_ACTION,0
0.8333333333333334,1.0,8433.27,NETBANKING,HDFC,CARD_EXPIRED,14,NO_ACTION,0
0.8636363636363636,0.7777777777777778,7329.76,NETBANKING,ICICI,CARD_EXPIRED,2,SEND_REMINDER,1
0.5769230769230769,0.5454545454545454,6825.53,NETBANKING,KOTAK,CARD_EXPIRED,13,SEND_REMINDER,1
0.6739130434782609,0.4666666666666667,3170.57,WALLET,HDFC,INSUFFICIENT_FUNDS,12,NO_ACTION,0
0.7272727272727273,1.0,486.81,NETBANKING,ICICI,BANK_TIMEOUT,5,SEND_REMINDER,1
0.6590909090909091,0.4,8375.85,CARD,AXIS,LIMIT_EXCEEDED,3,RETRY_NOW,1
0.7692307692307693,0.0,7204.27,NETBANKING,AXIS,AUTHENTICATION_FAILED,23,RETRY_NOW,0
0.631578947368421,0.42857142857142855,5668.57,CARD,AXIS,NETWORK_ERROR,1,RETRY_NOW,1
0.8817204301075269,0.6363636363636364,9685.07,UPI,YESBANK,BANK_TIMEOUT,17,RETRY_NOW,1
0.65625,0.5454545454545454,9326.3,CARD,YESBANK,LIMIT_EXCEEDED,14,RETRY_LATER,0
0.7916666666666666,0.0,1615.16,UPI,KOTAK,CARD_EXPIRED,20,RETRY_NOW,0
0.6,0.6,4759.13,NETBANKING,AXIS,BANK_TIMEOUT,13,SEND_REMINDER,1
0.7142857142857143,0.5,3613.41,NETBANKING,AXIS,CARD_EXPIRED,12,RETRY_NOW,0
0.7777777777777778,0.5,5738.56,CARD,ICICI,AUTHENTICATION_FAILED,11,RETRY_LATER,0
0.5909090909090909,0.5555555555555556,6997.35,NETBANKING,HDFC,CARD_EXPIRED,14,RETRY_NOW,0
0.6666666666666666,0.3333333333333333,5983.13,WALLET,ICICI,NETWORK_ERROR,9,SEND_REMINDER,0
0.8846153846153846,0.0,4432.47,UPI,KOTAK,CARD_EXPIRED,22,RETRY_LATER,0
0.6346153846153846,0.3684210526315789,1593.82,WALLET,ICICI,INSUFFICIENT_FUNDS,0,RETRY_LATER,0
0.7745098039215687,0.5652173913043478,5663.47,NETBANKING,ICICI,NETWORK_ERROR,17,RETRY_NOW,0
0.725,0.6363636363636364,2138.69,CARD,AXIS,BANK_TIMEOUT,23,NO_ACTION,0
0.6206896551724138,0.5454545454545454,6702.42,WALLET,YESBANK,NETWORK_ERROR,16,RETRY_LATER,0
0.7978723404255319,0.631578947368421,1885.62,WALLET,KOTAK,BANK_TIMEOUT,23,RETRY_NOW,0
0.5714285714285714,0.6666666666666666,4604.73,WALLET,KOTAK,NETWORK_ERROR,10,NO_ACTION,0
0.7338709677419355,0.5757575757575758,8478.62,NETBANKING,ICICI,CARD_EXPIRED,17,RETRY_LATER,0
0.6140350877192983,0.4090909090909091,3831.89,CARD,HDFC,LIMIT_EXCEEDED,7,NO_ACTION,0
0.631578947368421,0.14285714285714285,8500.25,CARD,YESBANK,CARD_EXPIRED,20,SEND_REMINDER,1
0.9027777777777778,0.7142857142857143,1137.48,WALLET,YESBANK,INSUFFICIENT_FUNDS,18,SEND_REMINDER,1
0.75,0.3333333333333333,8378.16,CARD,AXIS,NETWORK_ERROR,2,RETRY_NOW,0
0.725,0.18181818181818182,2019.28,WALLET,YESBANK,CARD_EXPIRED,4,RETRY_NOW,0
0.78,0.45454545454545453,3150.67,UPI,KOTAK,LIMIT_EXCEEDED,13,NO_ACTION,0
0.0,1.0,248.97,WALLET,HDFC,AUTHENTICATION_FAILED,1,SEND_REMINDER,0
0.5555555555555556,0.5,8191.42,UPI,YESBANK,INSUFFICIENT_FUNDS,14,RETRY_LATER,1
0.6,0.25,2281.57,UPI,YESBANK,AUTHENTICATION_FAILED,8,RETRY_NOW,1
0.5769230769230769,0.2727272727272727,132.55,UPI,HDFC,INSUFFICIENT_FUNDS,20,RETRY_LATER,1
0.7916666666666666,0.7,9733.9,WALLET,SBI,BANK_TIMEOUT,5,RETRY_NOW,1
0.7916666666666666,0.7,1125.42,NETBANKING,YESBANK,INSUFFICIENT_FUNDS,15,SEND_REMINDER,1
0.6696428571428571,0.6756756756756757,9203.56,NETBANKING,AXIS,INSUFFICIENT_FUNDS,21,RETRY_NOW,1
0.8414634146341463,0.46153846153846156,6457.43,CARD,AXIS,CARD_EXPIRED,8,RETRY_NOW,0
0.7641509433962265,0.4,6973.92,NETBANKING,KOTAK,INSUFFICIENT_FUNDS,17,SEND_REMINDER,1
0.8194444444444444,0.5384615384615384,2857.83,CARD,HDFC,AUTHENTICATION_FAILED,14,SEND_REMINDER,0
0.6627906976744186,0.5862068965517241,2374.6,UPI,SBI,BANK_TIMEOUT,22,SEND_REMINDER,0
0.84375,0.6,8774.03,WALLET,SBI,LIMIT_EXCEEDED,10,NO_ACTION,0
0.6463414634146342,0.4482758620689655,8367.3,UPI,YESBANK,NETWORK_ERROR,3,SEND_REMINDER,0
0.6511627906976745,0.26666666666666666,8470.97,CARD,ICICI,AUTHENTICATION_FAILED,0,RETRY_LATER,0
0.8571428571428571,0.0,173.4,WALLET,AXIS,LIMIT_EXCEEDED,18,SEND_REMINDER,0
0.76,0.6666666666666666,4570.38,NETBANKING,ICICI,CARD_EXPIRED,6,NO_ACTION,0
0.8472222222222222,0.7272727272727273,2097.42,NETBANKING,SBI,CARD_EXPIRED,6,RETRY_LATER,0
0.6363636363636364,0.5,4270.72,UPI,KOTAK,NETWORK_ERROR,20,RETRY_LATER,0
0.8269230769230769,0.5555555555555556,395.04,UPI,AXIS,BANK_TIMEOUT,17,SEND_REMINDER,0
0.625,0.6666666666666666,2132.35,UPI,HDFC,INSUFFICIENT_FUNDS,8,RETRY_NOW,1
0.9523809523809523,0.0,6631.38,CARD,ICICI,BANK_TIMEOUT,13,RETRY_LATER,1
0.6949152542372882,0.5,4317.86,CARD,HDFC,INSUFFICIENT_FUNDS,6,RETRY_LATER,0
0.8974358974358975,0.5,4321.6,CARD,KOTAK,NETWORK_ERROR,23,RETRY_NOW,1
0.5789473684210527,0.75,797.23,WALLET,AXIS,CARD_EXPIRED,7,RETRY_NOW,0
0.6,0.25,3019.46,UPI,SBI,BANK_TIMEOUT,0,SEND_REMINDER,1
0.6341463414634146,0.6,8712.09,CARD,HDFC,LIMIT_EXCEEDED,8,NO_ACTION,0
0.8157894736842105,0.42857142857142855,3392.19,NETBANKING,ICICI,INSUFFICIENT_FUNDS,5,NO_ACTION,0
0.8947368421052632,0.5,3207.59,NETBANKING,YESBANK,LIMIT_EXCEEDED,2,RETRY_LATER,1
0.6875,0.8,6668.94,CARD,YESBANK,LIMIT_EXCEEDED,14,RETRY_NOW,1
0.631578947368421,0.5,7719.14,WALLET,SBI,CARD_EXPIRED,0,SEND_REMINDER,0
0.7391304347826086,0.5,8414.7,NETBANKING,SBI,LIMIT_EXCEEDED,20,SEND_REMINDER,0
0.7441860465116279,0.5757575757575758,6717.31,CARD,HDFC,LIMIT_EXCEEDED,9,NO_ACTION,0
0.9175257731958762,0.5,7811.73,UPI,AXIS,AUTHENTICATION_FAILED,5,RETRY_LATER,0
0.7142857142857143,0.5,2768.68,NETBANKING,YESBANK,NETWORK_ERROR,6,RETRY_LATER,0
0.6,0.75,2587.35,UPI,HDFC,LIMIT_EXCEEDED,7,RETRY_LATER,1
0.0,1.0,7692.72,WALLET,HDFC,NETWORK_ERROR,10,RETRY_LATER,1
0.71875,0.3333333333333333,7466.15,UPI,SBI,BANK_TIMEOUT,17,RETRY_LATER,1
0.7241379310344828,0.5625,6003.25,WALLET,YESBANK,AUTHENTICATION_FAILED,17,RETRY_NOW,1
0.6271186440677966,0.5454545454545454,2843.23,CARD,AXIS,BANK_TIMEOUT,7,RETRY_NOW,1
0.7011494252873564,0.46153846153846156,5300.51,WALLET,KOTAK,AUTHENTICATION_FAILED,11,RETRY_LATER,0
0.6415094339622641,0.3684210526315789,1675.99,CARD,SBI,AUTHENTICATION_FAILED,8,SEND_REMINDER,1
0.8,0.3333333333333333,1388.81,NETBANKING,AXIS,AUTHENTICATION_FAILED,18,RETRY_NOW,0
0.6962025316455697,0.4583333333333333,174.7,UPI,KOTAK,BANK_TIMEOUT,4,NO_ACTION,0
0.7272727272727273,0.3333333333333333,7360.63,WALLET,YESBANK,LIMIT_EXCEEDED,8,RETRY_NOW,0
0.7777777777777778,0.5,1701.54,UPI,SBI,AUTHENTICATION_FAILED,20,RETRY_LATER,0
0.8181818181818182,0.75,3048.86,CARD,HDFC,INSUFFICIENT_FUNDS,8,RETRY_LATER,0
0.7386363636363636,0.6086956521739131,1810.52,CARD,KOTAK,BANK_TIMEOUT,13,SEND_REMINDER,1
0.43333333333333335,0.4117647058823529,3082.09,UPI,SBI,BANK_TIMEOUT,5,RETRY_NOW,1
0.75,0.7419354838709677,950.43,WALLET,YESBANK,INSUFFICIENT_FUNDS,22,SEND_REMINDER,1
0.5,1.0,2342.65,UPI,AXIS,CARD_EXPIRED,23,RETRY_LATER,0
0.7530864197530864,0.5,189.54,WALLET,SBI,BANK_TIMEOUT,14,RETRY_NOW,0
0.0,1.0,7593.28,CARD,AXIS,INSUFFICIENT_FUNDS,4,RETRY_LATER,0
0.6951219512195121,0.36,9016.92,UPI,AXIS,AUTHENTICATION_FAILED,4,SEND_REMINDER,0
0.581081081081081,0.5161290322580645,2909.05,WALLET,KOTAK,INSUFFICIENT_FUNDS,1,NO_ACTION,0
0.6666666666666666,0.4,4991.27,NETBANKING,YESBANK,BANK_TIMEOUT,14,RETRY_NOW,0
0.6271186440677966,0.5454545454545454,2843.23,CARD,AXIS,BANK_TIMEOUT,7,NO_ACTION,0
0.875,0.5,3673.83,CARD,ICICI,INSUFFICIENT_FUNDS,7,RETRY_NOW,0
0.7380952380952381,0.5454545454545454,3957.03,CARD,ICICI,LIMIT_EXCEEDED,23,RETRY_LATER,0
0.7613636363636364,0.2857142857142857,1929.21,WALLET,ICICI,BANK_TIMEOUT,9,RETRY_NOW,1
0.9120879120879121,0.25,6282.51,UPI,HDFC,LIMIT_EXCEEDED,5,RETRY_LATER,0
0.5555555555555556,0.25,1640.5,WALLET,AXIS,AUTHENTICATION_FAILED,9,RETRY_LATER,0
0.8518518518518519,0.75,4854.56,WALLET,SBI,NETWORK_ERROR,12,NO_ACTION,0
0.782608695652174,0.4,8321.98,UPI,HDFC,AUTHENTICATION_FAILED,22,RETRY_LATER,0
0.7317073170731707,0.36363636363636365,8487.51,WALLET,KOTAK,NETWORK_ERROR,21,NO_ACTION,0
0.75,0.6875,7377.67,CARD,KOTAK,INSUFFICIENT_FUNDS,1,RETRY_LATER,0
0.7857142857142857,0.3333333333333333,8513.7,NETBANKING,KOTAK,NETWORK_ERROR,3,NO_ACTION,0
0.8536585365853658,0.16666666666666666,1538.74,UPI,SBI,NETWORK_ERROR,23,NO_ACTION,0
0.927710843373494,0.3333333333333333,9407.37,UPI,YESBANK,BANK_TIMEOUT,1,RETRY_NOW,0
0.6511627906976745,0.7333333333333333,4212.75,CARD,ICICI,INSUFFICIENT_FUNDS,23,SEND_REMINDER,0
0.8024691358024691,0.6875,5188.95,WALLET,AXIS,AUTHENTICATION_FAILED,12,RETRY_LATER,0
0.9833333333333333,0.0,3652.68,NETBANKING,KOTAK,NETWORK_ERROR,12,NO_ACTION,0
0.7704918032786885,0.35714285714285715,8336.0,NETBANKING,KOTAK,BANK_TIMEOUT,22,RETRY_LATER,0
0.6666666666666666,1.0,3607.28,NETBANKING,YESBANK,LIMIT_EXCEEDED,6,NO_ACTION,0
0.6,0.25,2281.57,UPI,YESBANK,AUTHENTICATION_FAILED,8,RETRY_LATER,0
0.7105263157894737,0.8181818181818182,3186.31,CARD,HDFC,AUTHENTICATION_FAILED,7,RETRY_LATER,1
0.65,0.2857142857142857,3386.15,UPI,AXIS,BANK_TIMEOUT,17,RETRY_LATER,0
0.8285714285714286,0.6666666666666666,1222.21,UPI,AXIS,INSUFFICIENT_FUNDS,18,NO_ACTION,0
0.7692307692307693,0.6666666666666666,4257.22,UPI,YESBANK,NETWORK_ERROR,4,RETRY_LATER,1
0.8,0.4,677.81,WALLET,KOTAK,AUTHENTICATION_FAILED,11,RETRY_LATER,1
0.9230769230769231,0.0,3959.47,UPI,HDFC,AUTHENTICATION_FAILED,9,NO_ACTION,0
0.7386363636363636,0.6086956521739131,1810.52,CARD,KOTAK,BANK_TIMEOUT,13,RETRY_NOW,0
0.7407407407407407,0.7142857142857143,3942.2,CARD,KOTAK,LIMIT_EXCEEDED,20,RETRY_NOW,0
0.6666666666666666,0.2631578947368421,7538.39,CARD,AXIS,AUTHENTICATION_FAILED,18,NO_ACTION,0
0.7368421052631579,0.4,4970.11,CARD,AXIS,INSUFFICIENT_FUNDS,13,RETRY_LATER,1
0.7045454545454546,0.3076923076923077,9300.23,WALLET,ICICI,CARD_EXPIRED,3,NO_ACTION,0
0.7272727272727273,0.6666666666666666,556.84,NETBANKING,HDFC,BANK_TIMEOUT,13,RETRY_LATER,1
0.6666666666666666,0.3333333333333333,6832.98,CARD,AXIS,CARD_EXPIRED,22,NO_ACTION,0
0.875,0.5,3673.83,CARD,ICICI,INSUFFICIENT_FUNDS,7,RETRY_LATER,0
0.7272727272727273,0.3333333333333333,817.78,NETBANKING,AXIS,INSUFFICIENT_FUNDS,11,RETRY_NOW,0
0.8541666666666666,0.5714285714285714,1201.07,NETBANKING,AXIS,AUTHENTICATION_FAILED,2,NO_ACTION,0
0.8269230769230769,0.5555555555555556,395.04,UPI,AXIS,BANK_TIMEOUT,17,RETRY_LATER,1
0.7142857142857143,1.0,9381.13,NETBANKING,AXIS,INSUFFICIENT_FUNDS,7,NO_ACTION,0
0.7938144329896907,0.5,6987.29,UPI,HDFC,NETWORK_ERROR,0,SEND_REMINDER,0
0.75,0.5,5252.84,CARD,AXIS,BANK_TIMEOUT,22,NO_ACTION,0
0.8181818181818182,0.5,4625.03,UPI,ICICI,INSUFFICIENT_FUNDS,0,RETRY_LATER,0
0.7671232876712328,0.47058823529411764,8172.87,NETBANKING,ICICI,NETWORK_ERROR,21,SEND_REMINDER,1
0.6875,0.5666666666666667,7919.33,UPI,ICICI,LIMIT_EXCEEDED,16,SEND_REMINDER,0
0.7741935483870968,0.7142857142857143,9771.03,NETBANKING,YESBANK,BANK_TIMEOUT,21,SEND_REMINDER,1
0.6785714285714286,0.1111111111111111,3077.26,CARD,AXIS,INSUFFICIENT_FUNDS,23,RETRY_LATER,0
0.5517241379310345,0.46153846153846156,6859.38,UPI,SBI,LIMIT_EXCEEDED,17,RETRY_NOW,1
0.6774193548387096,0.6,406.36,NETBANKING,ICICI,NETWORK_ERROR,16,RETRY_LATER,0
0.75,0.4117647058823529,906.23,NETBANKING,ICICI,INSUFFICIENT_FUNDS,15,RETRY_NOW,0
0.8021978021978022,0.7777777777777778,7162.7,UPI,HDFC,AUTHENTICATION_FAILED,0,SEND_REMINDER,1
0.8888888888888888,0.5,543.6,CARD,SBI,LIMIT_EXCEEDED,3,SEND_REMINDER,0
0.8354430379746836,0.6923076923076923,5922.42,NETBANKING,SBI,CARD_EXPIRED,15,RETRY_LATER,0
0.625,0.3333333333333333,2204.97,UPI,ICICI,CARD_EXPIRED,12,NO_ACTION,0
0.9130434782608695,1.0,9467.59,NETBANKING,HDFC,NETWORK_ERROR,14,SEND_REMINDER,1
0.9285714285714286,1.0,9828.15,CARD,ICICI,CARD_EXPIRED,15,RETRY_LATER,0
0.8297872340425532,0.75,7324.36,UPI,YESBANK,LIMIT_EXCEEDED,18,RETRY_NOW,0
0.625,0.6666666666666666,8667.91,UPI,HDFC,LIMIT_EXCEEDED,20,NO_ACTION,0
0.8089887640449438,0.35294117647058826,1654.12,UPI,HDFC,NETWORK_ERROR,11,RETRY_LATER,0
0.7931034482758621,0.5,577.99,CARD,ICICI,CARD_EXPIRED,2,RETRY_NOW,0
0.9047619047619048,0.5,859.66,NETBANKING,SBI,INSUFFICIENT_FUNDS,18,RETRY_NOW,1
0.8928571428571429,0.16666666666666666,8294.88,WALLET,SBI,CARD_EXPIRED,10,RETRY_NOW,0
0.6166666666666667,0.6521739130434783,6286.17,CARD,AXIS,CARD_EXPIRED,0,RETRY_LATER,0
0.8333333333333334,0.6428571428571429,6907.93,NETBANKING,AXIS,NETWORK_ERROR,15,NO_ACTION,0
0.875,1.0,7715.71,UPI,KOTAK,CARD_EXPIRED,23,RETRY_LATER,1
0.9166666666666666,1.0,6896.32,WALLET,SBI,LIMIT_EXCEEDED,13,SEND_REMINDER,1
0.875,0.42857142857142855,3218.49,NETBANKING,AXIS,BANK_TIMEOUT,0,SEND_REMINDER,0
0.6666666666666666,0.42857142857142855,7356.37,NETBANKING,ICICI,AUTHENTICATION_FAILED,17,RETRY_NOW,1
0.9619047619047619,0.0,5466.39,WALLET,AXIS,NETWORK_ERROR,4,SEND_REMINDER,0
0.7802197802197802,0.35,839.51,UPI,ICICI,NETWORK_ERROR,0,SEND_REMINDER,1
0.8020833333333334,0.5263157894736842,5377.76,NETBANKING,YESBANK,CARD_EXPIRED,1,NO_ACTION,0
0.6,0.4,1577.71,WALLET,KOTAK,AUTHENTICATION_FAILED,15,SEND_REMINDER,1
0.5384615384615384,0.5,1432.08,CARD,ICICI,BANK_TIMEOUT,12,RETRY_NOW,0
0.6666666666666666,0.3684210526315789,9981.36,CARD,YESBANK,CARD_EXPIRED,13,NO_ACTION,0
0.7526881720430108,0.30434782608695654,9585.72,NETBANKING,KOTAK,NETWORK_ERROR,4,RETRY_NOW,1
0.8064516129032258,0.5,3500.28,CARD,ICICI,CARD_EXPIRED,6,RETRY_LATER,0
0.5972222222222222,0.4482758620689655,9914.16,NETBANKING,ICICI,AUTHENTICATION_FAILED,0,RETRY_LATER,1
0.65,0.5,1523.07,UPI,ICICI,CARD_EXPIRED,2,NO_ACTION,0
0.5,0.0,693.96,WALLET,KOTAK,INSUFFICIENT_FUNDS,21,RETRY_NOW,0
0.8,0.5,7309.55,CARD,SBI,LIMIT_EXCEEDED,11,RETRY_NOW,0
0.55,0.3333333333333333,2635.23,UPI,AXIS,NETWORK_ERROR,17,NO_ACTION,0
0.7777777777777778,0.375,7547.14,WALLET,AXIS,LIMIT_EXCEEDED,22,SEND_REMINDER,0
0.72,0.42857142857142855,3939.85,UPI,KOTAK,BANK_TIMEOUT,1,NO_ACTION,0
0.8382352941176471,0.5454545454545454,6644.79,UPI,HDFC,CARD_EXPIRED,23,NO_ACTION,0
0.75,0.0,2419.23,WALLET,HDFC,NETWORK_ERROR,1,NO_ACTION,0
0.5757575757575758,0.5,6071.65,WALLET,SBI,BANK_TIMEOUT,4,SEND_REMINDER,0
0.8333333333333334,0.6666666666666666,3387.09,WALLET,SBI,AUTHENTICATION_FAILED,6,NO_ACTION,0
0.7142857142857143,1.0,8721.2,UPI,ICICI,LIMIT_EXCEEDED,4,RETRY_LATER,1
0.7216494845360825,0.5185185185185185,2189.05,CARD,HDFC,BANK_TIMEOUT,1,RETRY_NOW,1
0.8,0.5,3310.6,UPI,KOTAK,NETWORK_ERROR,5,RETRY_LATER,0
0.8604651162790697,0.5833333333333334,1065.42,NETBANKING,KOTAK,CARD_EXPIRED,19,RETRY_LATER,1
0.8947368421052632,0.125,8721.36,WALLET,AXIS,CARD_EXPIRED,11,RETRY_LATER,0
0.6896551724137931,0.5555555555555556,5501.89,CARD,KOTAK,INSUFFICIENT_FUNDS,15,RETRY_LATER,0
0.6846846846846847,0.5714285714285714,9785.41,CARD,YESBANK,NETWORK_ERROR,2,SEND_REMINDER,0
0.6565656565656566,0.5,8326.43,NETBANKING,AXIS,LIMIT_EXCEEDED,20,SEND_REMINDER,0
0.7391304347826086,0.3333333333333333,9721.83,NETBANKING,KOTAK,INSUFFICIENT_FUNDS,12,RETRY_LATER,0
0.77,0.34782608695652173,5507.68,CARD,YESBANK,CARD_EXPIRED,3,RETRY_NOW,0
0.8,1.0,7762.02,WALLET,AXIS,NETWORK_ERROR,10,RETRY_LATER,1
0.6363636363636364,0.25,9377.11,WALLET,KOTAK,BANK_TIMEOUT,21,NO_ACTION,0
0.4444444444444444,0.2,3846.11,CARD,SBI,NETWORK_ERROR,12,SEND_REMINDER,0
0.6,0.5,9351.03,CARD,HDFC,CARD_EXPIRED,21,SEND_REMINDER,0
0.7105263157894737,0.2727272727272727,2821.84,CARD,YESBANK,INSUFFICIENT_FUNDS,10,RETRY_NOW,1
0.82,0.6666666666666666,4630.87,CARD,YESBANK,BANK_TIMEOUT,6,SEND_REMINDER,0
0.6823529411764706,0.6666666666666666,6530.41,CARD,ICICI,NETWORK_ERROR,21,NO_ACTION,0
0.9090909090909091,1.0,7518.71,NETBANKING,KOTAK,CARD_EXPIRED,8,SEND_REMINDER,1
0.7428571428571429,0.7777777777777778,9271.4,WALLET,SBI,CARD_EXPIRED,20,RETRY_LATER,1
0.65625,0.18181818181818182,1652.39,UPI,SBI,CARD_EXPIRED,4,NO_ACTION,0
0.7160493827160493,0.5217391304347826,5148.94,CARD,SBI,CARD_EXPIRED,8,NO_ACTION,0
0.5,1.0,5531.79,NETBANKING,YESBANK,LIMIT_EXCEEDED,10,RETRY_NOW,0
0.8653846153846154,0.7142857142857143,267.9,CARD,HDFC,AUTHENTICATION_FAILED,10,RETRY_LATER,0
0.7547169811320755,0.46153846153846156,4191.56,UPI,ICICI,CARD_EXPIRED,21,RETRY_NOW,1
0.7368421052631579,0.6,4950.03,WALLET,HDFC,INSUFFICIENT_FUNDS,5,RETRY_LATER,0
0.4117647058823529,0.5,965.31,WALLET,KOTAK,CARD_EXPIRED,13,SEND_REMINDER,1
0.6825396825396826,0.6,8989.53,CARD,HDFC,LIMIT_EXCEEDED,8,RETRY_NOW,0
0.84,0.0,5727.98,NETBANKING,ICICI,NETWORK_ERROR,14,SEND_REMINDER,0
0.746031746031746,0.4375,8957.59,CARD,HDFC,AUTHENTICATION_FAILED,18,RETRY_LATER,0
0.9130434782608695,0.5,8462.42,WALLET,SBI,BANK_TIMEOUT,2,SEND_REMINDER,0
0.8378378378378378,0.5,2826.3,CARD,ICICI,NETWORK_ERROR,4,RETRY_LATER,1
0.7560975609756098,0.6,4557.84,NETBANKING,HDFC,BANK_TIMEOUT,2,RETRY_NOW,1
0.7272727272727273,0.3333333333333333,9527.85,UPI,YESBANK,CARD_EXPIRED,0,NO_ACTION,0
0.6373626373626373,0.45454545454545453,702.4,WALLET,ICICI,INSUFFICIENT_FUNDS,8,SEND_REMINDER,1
0.9333333333333333,0.875,5933.89,CARD,YESBANK,CARD_EXPIRED,5,RETRY_NOW,0
0.78,0.5454545454545454,4246.05,WALLET,ICICI,AUTHENTICATION_FAILED,5,RETRY_LATER,0
0.7865168539325843,0.631578947368421,9261.32,WALLET,ICICI,BANK_TIMEOUT,19,RETRY_LATER,1
0.8,0.5454545454545454,2853.22,NETBANKING,AXIS,NETWORK_ERROR,22,RETRY_LATER,0
0.8208955223880597,0.4166666666666667,4518.56,NETBANKING,HDFC,NETWORK_ERROR,4,RETRY_NOW,1
0.6923076923076923,0.25,9492.6,UPI,AXIS,CARD_EXPIRED,9,SEND_REMINDER,1
0.5,0.16666666666666666,3600.28,CARD,KOTAK,INSUFFICIENT_FUNDS,0,RETRY_LATER,0
0.8,0.3,2546.01,UPI,ICICI,AUTHENTICATION_FAILED,21,RETRY_LATER,0
0.8,0.5,7309.55,CARD,SBI,LIMIT_EXCEEDED,11,RETRY_LATER,0
0.94,0.0,4771.67,NETBANKING,SBI,NETWORK_ERROR,3,RETRY_NOW,0
0.660377358490566,0.3888888888888889,3741.43,WALLET,KOTAK,INSUFFICIENT_FUNDS,15,SEND_REMINDER,1
0.5833333333333334,0.6,2714.24,NETBANKING,ICICI,NETWORK_ERROR,20,SEND_REMINDER,0
0.5,0.0,2262.35,CARD,HDFC,NETWORK_ERROR,5,NO_ACTION,0
0.8823529411764706,1.0,6527.34,UPI,KOTAK,CARD_EXPIRED,2,RETRY_LATER,1
0.8828125,0.5333333333333333,8727.55,CARD,YESBANK,BANK_TIMEOUT,6,NO_ACTION,0
0.6875,0.44,8421.82,WALLET,KOTAK,NETWORK_ERROR,6,RETRY_LATER,1
0.6956521739130435,0.42857142857142855,4834.77,UPI,KOTAK,AUTHENTICATION_FAILED,3,SEND_REMINDER,1
0.76,0.8333333333333334,6740.4,NETBANKING,KOTAK,NETWORK_ERROR,2,SEND_REMINDER,0
0.7241379310344828,0.25,3014.2,UPI,KOTAK,CARD_EXPIRED,2,SEND_REMINDER,1
0.7301587301587301,0.6470588235294118,7425.44,UPI,ICICI,LIMIT_EXCEEDED,23,NO_ACTION,0
0.7115384615384616,0.5333333333333333,7288.04,CARD,YESBANK,LIMIT_EXCEEDED,15,NO_ACTION,0
0.9032258064516129,0.3333333333333333,3030.55,WALLET,KOTAK,LIMIT_EXCEEDED,6,RETRY_NOW,0
0.6388888888888888,0.38461538461538464,4946.55,CARD,YESBANK,LIMIT_EXCEEDED,5,RETRY_LATER,0
0.75,0.5,2786.7,WALLET,YESBANK,NETWORK_ERROR,0,RETRY_LATER,1
0.6808510638297872,0.3333333333333333,2139.04,NETBANKING,ICICI,LIMIT_EXCEEDED,16,RETRY_LATER,1
0.7457627118644068,0.5333333333333333,6080.65,CARD,KOTAK,BANK_TIMEOUT,21,RETRY_NOW,0
0.6842105263157895,0.6666666666666666,6340.42,UPI,KOTAK,BANK_TIMEOUT,20,RETRY_LATER,1
0.8108108108108109,0.5,865.77,WALLET,ICICI,AUTHENTICATION_FAILED,8,SEND_REMINDER,0
0.7096774193548387,0.6666666666666666,1758.16,CARD,HDFC,CARD_EXPIRED,17,SEND_REMINDER,0
0.5909090909090909,0.4444444444444444,4552.41,WALLET,AXIS,CARD_EXPIRED,14,RETRY_LATER,0
0.0,0.0,7804.78,NETBANKING,SBI,NETWORK_ERROR,22,RETRY_NOW,0
0.7142857142857143,0.5,1695.74,UPI,SBI,BANK_TIMEOUT,22,RETRY_LATER,1
0.6363636363636364,0.5,3225.32,WALLET,YESBANK,INSUFFICIENT_FUNDS,5,SEND_REMINDER,1
0.65625,0.6363636363636364,3364.68,CARD,ICICI,AUTHENTICATION_FAILED,3,NO_ACTION,0
0.6,0.5,7915.31,UPI,KOTAK,AUTHENTICATION_FAILED,8,RETRY_LATER,0
0.6,0.4,5607.61,WALLET,SBI,BANK_TIMEOUT,5,RETRY_LATER,1
0.7777777777777778,0.5,9022.12,UPI,YESBANK,AUTHENTICATION_FAILED,0,SEND_REMINDER,0
0.5737704918032787,0.5769230769230769,7899.3,NETBANKING,SBI,LIMIT_EXCEEDED,9,RETRY_NOW,0
0.8695652173913043,0.3333333333333333,5943.25,NETBANKING,KOTAK,NETWORK_ERROR,2,RETRY_NOW,1
0.7857142857142857,0.3333333333333333,9032.15,NETBANKING,ICICI,AUTHENTICATION_FAILED,4,NO_ACTION,0
0.6976744186046512,0.6153846153846154,9482.43,CARD,HDFC,BANK_TIMEOUT,0,SEND_REMINDER,0
0.6296296296296297,0.7,8482.75,WALLET,SBI,BANK_TIMEOUT,17,SEND_REMINDER,0
0.7777777777777778,0.6,1603.25,CARD,SBI,INSUFFICIENT_FUNDS,19,RETRY_LATER,1
0.75,0.6666666666666666,8404.79,UPI,YESBANK,LIMIT_EXCEEDED,20,NO_ACTION,0
0.7844827586206896,0.64,5441.3,NETBANKING,KOTAK,AUTHENTICATION_FAILED,15,RETRY_LATER,0
0.5714285714285714,1.0,1910.58,CARD,AXIS,BANK_TIMEOUT,23,RETRY_LATER,1
0.7407407407407407,0.7142857142857143,7062.09,UPI,HDFC,LIMIT_EXCEEDED,6,NO_ACTION,0
0.6666666666666666,0.6666666666666666,416.33,NETBANKING,ICICI,CARD_EXPIRED,23,RETRY_NOW,0
0.7692307692307693,0.5,2318.34,UPI,HDFC,INSUFFICIENT_FUNDS,8,SEND_REMINDER,1
0.7469879518072289,0.5238095238095238,3934.89,WALLET,KOTAK,AUTHENTICATION_FAILED,15,RETRY_LATER,0
0.7627118644067796,0.42857142857142855,6769.0,NETBANKING,ICICI,CARD_EXPIRED,21,RETRY_NOW,0
0.7142857142857143,0.5,1710.56,CARD,AXIS,CARD_EXPIRED,3,RETRY_LATER,1
0.7017543859649122,0.47058823529411764,5243.15,NETBANKING,KOTAK,BANK_TIMEOUT,23,SEND_REMINDER,0
0.47368421052631576,0.3,5775.21,WALLET,HDFC,NETWORK_ERROR,16,RETRY_NOW,0
0.6363636363636364,0.5,8938.76,CARD,SBI,NETWORK_ERROR,5,NO_ACTION,0
0.7419354838709677,0.625,2763.73,NETBANKING,SBI,CARD_EXPIRED,23,RETRY_LATER,1
0.7428571428571429,0.7777777777777778,6931.34,WALLET,AXIS,CARD_EXPIRED,4,RETRY_NOW,0
0.7477477477477478,0.4642857142857143,9225.29,NETBANKING,ICICI,INSUFFICIENT_FUNDS,4,RETRY_LATER,1
0.5714285714285714,0.5238095238095238,902.01,WALLET,KOTAK,INSUFFICIENT_FUNDS,22,NO_ACTION,0
0.7948717948717948,0.75,6152.29,WALLET,KOTAK,AUTHENTICATION_FAILED,0,RETRY_NOW,0
0.5714285714285714,0.47619047619047616,7124.35,NETBANKING,KOTAK,NETWORK_ERROR,7,RETRY_NOW,1
0.8888888888888888,0.5714285714285714,161.65,UPI,SBI,AUTHENTICATION_FAILED,15,RETRY_NOW,0
0.7627118644067796,0.5714285714285714,2311.72,WALLET,YESBANK,LIMIT_EXCEEDED,14,RETRY_NOW,0
0.7441860465116279,0.5454545454545454,8466.5,UPI,SBI,INSUFFICIENT_FUNDS,15,RETRY_NOW,1
0.875,0.0,6756.32,CARD,KOTAK,NETWORK_ERROR,15,RETRY_LATER,0
0.8666666666666667,0.75,1210.8,UPI,ICICI,BANK_TIMEOUT,16,RETRY_NOW,1
0.8,0.5652173913043478,4859.81,NETBANKING,YESBANK,CARD_EXPIRED,16,RETRY_LATER,1
0.6666666666666666,0.0,339.06,UPI,YESBANK,INSUFFICIENT_FUNDS,1,RETRY_NOW,0
0.8125,0.6666666666666666,9798.35,WALLET,AXIS,NETWORK_ERROR,3,SEND_REMINDER,1
0.8888888888888888,0.6666666666666666,7097.34,CARD,AXIS,CARD_EXPIRED,19,RETRY_NOW,1
0.8157894736842105,0.2857142857142857,8313.58,NETBANKING,SBI,NETWORK_ERROR,19,NO_ACTION,0
0.6,0.0,1649.48,NETBANKING,SBI,BANK_TIMEOUT,14,NO_ACTION,0
0.631578947368421,0.42857142857142855,5668.57,CARD,AXIS,NETWORK_ERROR,1,NO_ACTION,0
0.65,0.5714285714285714,5378.84,CARD,AXIS,AUTHENTICATION_FAILED,2,NO_ACTION,0
0.8064516129032258,0.3333333333333333,6251.17,UPI,ICICI,INSUFFICIENT_FUNDS,13,RETRY_LATER,0
0.9090909090909091,0.0,9637.88,CARD,SBI,CARD_EXPIRED,4,RETRY_NOW,0
0.75,0.4666666666666667,4352.22,UPI,YESBANK,CARD_EXPIRED,21,RETRY_NOW,1
0.8611111111111112,0.4,2513.72,NETBANKING,HDFC,AUTHENTICATION_FAILED,22,NO_ACTION,0
0.7727272727272727,0.6,8798.92,CARD,YESBANK,AUTHENTICATION_FAILED,16,NO_ACTION,0
0.7758620689655172,0.5,6465.14,NETBANKING,YESBANK,INSUFFICIENT_FUNDS,20,RETRY_NOW,0
0.9166666666666666,0.0,8928.62,NETBANKING,ICICI,LIMIT_EXCEEDED,20,SEND_REMINDER,0
0.6632653061224489,0.3939393939393939,2643.65,CARD,HDFC,INSUFFICIENT_FUNDS,6,NO_ACTION,0
0.9295774647887324,0.8,6144.61,NETBANKING,YESBANK,AUTHENTICATION_FAILED,13,RETRY_LATER,0
0.8412698412698413,0.1,2198.63,UPI,YESBANK,BANK_TIMEOUT,18,SEND_REMINDER,0
0.7105263157894737,0.8181818181818182,3186.31,CARD,HDFC,AUTHENTICATION_FAILED,7,RETRY_NOW,1
0.6111111111111112,0.2857142857142857,668.73,WALLET,AXIS,CARD_EXPIRED,13,SEND_REMINDER,0
0.6666666666666666,0.3125,2334.78,NETBANKING,AXIS,AUTHENTICATION_FAILED,7,SEND_REMINDER,1
0.5555555555555556,0.375,3079.34,WALLET,SBI,LIMIT_EXCEEDED,0,NO_ACTION,0
0.6885245901639344,0.42105263157894735,1869.46,CARD,YESBANK,INSUFFICIENT_FUNDS,20,NO_ACTION,0
0.7916666666666666,0.7,1125.42,NETBANKING,YESBANK,INSUFFICIENT_FUNDS,15,NO_ACTION,0
0.8,0.5,6414.73,UPI,SBI,AUTHENTICATION_FAILED,11,NO_ACTION,0
0.8412698412698413,0.1,2198.63,UPI,YESBANK,BANK_TIMEOUT,18,RETRY_LATER,1
0.6458333333333334,0.5294117647058824,7818.32,WALLET,YESBANK,CARD_EXPIRED,17,RETRY_NOW,0
0.7894736842105263,0.5,1384.94,UPI,HDFC,CARD_EXPIRED,7,RETRY_NOW,0
0.6065573770491803,0.2916666666666667,1266.93,UPI,AXIS,AUTHENTICATION_FAILED,15,RETRY_NOW,0
0.75,0.6875,7377.67,CARD,KOTAK,INSUFFICIENT_FUNDS,1,NO_ACTION,0
0.7301587301587301,0.6470588235294118,7425.44,UPI,ICICI,LIMIT_EXCEEDED,23,RETRY_NOW,1
0.8194444444444444,0.6153846153846154,3970.13,NETBANKING,ICICI,INSUFFICIENT_FUNDS,1,SEND_REMINDER,1
0.7733333333333333,0.5294117647058824,7919.12,NETBANKING,SBI,LIMIT_EXCEEDED,2,SEND_REMINDER,1
0.8333333333333334,0.3333333333333333,1934.7,WALLET,KOTAK,AUTHENTICATION_FAILED,0,RETRY_NOW,1
0.6916666666666667,0.32432432432432434,1559.47,WALLET,AXIS,INSUFFICIENT_FUNDS,12,SEND_REMINDER,0
0.8888888888888888,1.0,7105.59,WALLET,YESBANK,AUTHENTICATION_FAILED,8,SEND_REMINDER,0
0.875,1.0,6196.72,UPI,YESBANK,CARD_EXPIRED,5,RETRY_LATER,0
0.6632653061224489,0.3939393939393939,2643.65,CARD,HDFC,INSUFFICIENT_FUNDS,6,RETRY_NOW,1
0.9402985074626866,0.75,3215.65,CARD,AXIS,CARD_EXPIRED,19,RETRY_LATER,1
0.6,0.75,2587.35,UPI,HDFC,LIMIT_EXCEEDED,7,NO_ACTION,0
0.7045454545454546,0.5384615384615384,9762.79,CARD,ICICI,INSUFFICIENT_FUNDS,15,RETRY_LATER,1
0.62,0.5263157894736842,5009.64,CARD,KOTAK,INSUFFICIENT_FUNDS,17,NO_ACTION,0
0.6470588235294118,0.5833333333333334,7062.86,NETBANKING,AXIS,BANK_TIMEOUT,14,SEND_REMINDER,0
0.8260869565217391,0.5,5640.54,WALLET,AXIS,CARD_EXPIRED,4,RETRY_NOW,0
0.0,1.0,7692.72,WALLET,HDFC,NETWORK_ERROR,10,RETRY_NOW,0
0.25,0.6666666666666666,4242.38,UPI,ICICI,AUTHENTICATION_FAILED,3,SEND_REMINDER,1
0.8125,0.16666666666666666,3156.69,UPI,SBI,LIMIT_EXCEEDED,22,RETRY_LATER,0
0.6,0.0,8208.03,NETBANKING,YESBANK,CARD_EXPIRED,10,RETRY_NOW,0
0.6666666666666666,0.5,2904.74,UPI,KOTAK,CARD_EXPIRED,10,NO_ACTION,0
0.7222222222222222,0.5333333333333333,7277.22,NETBANKING,SBI,AUTHENTICATION_FAILED,13,NO_ACTION,0
0.7333333333333333,0.08333333333333333,3013.85,UPI,HDFC,INSUFFICIENT_FUNDS,18,RETRY_NOW,0
0.7333333333333333,0.25,3257.04,UPI,AXIS,BANK_TIMEOUT,14,SEND_REMINDER,1
0.48,0.46153846153846156,9950.27,WALLET,AXIS,CARD_EXPIRED,11,RETRY_LATER,0
0.6363636363636364,0.625,2164.71,CARD,ICICI,LIMIT_EXCEEDED,1,SEND_REMINDER,0
0.9310344827586207,0.5,6722.27,UPI,AXIS,CARD_EXPIRED,13,NO_ACTION,0
0.7377049180327869,0.4375,8288.26,NETBANKING,ICICI,BANK_TIMEOUT,13,NO_ACTION,0
0.7777777777777778,0.5,7309.95,WALLET,KOTAK,CARD_EXPIRED,1,NO_ACTION,0
0.5657894736842105,0.5454545454545454,8824.43,WALLET,ICICI,INSUFFICIENT_FUNDS,13,NO_ACTION,0
0.6229508196721312,0.34782608695652173,1396.73,UPI,AXIS,BANK_TIMEOUT,2,NO_ACTION,0
0.8021978021978022,0.7777777777777778,7162.7,UPI,HDFC,AUTHENTICATION_FAILED,0,RETRY_NOW,0
0.7857142857142857,0.5,4432.9,CARD,SBI,NETWORK_ERROR,11,RETRY_LATER,0
0.76,0.5555555555555556,595.66,WALLET,YESBANK,NETWORK_ERROR,6,RETRY_LATER,1
0.6097560975609756,0.3125,4129.22,NETBANKING,HDFC,CARD_EXPIRED,0,RETRY_NOW,0
0.8970588235294118,0.14285714285714285,9173.57,NETBANKING,SBI,AUTHENTICATION_FAILED,10,SEND_REMINDER,0
0.6111111111111112,0.35714285714285715,109.88,CARD,YESBANK,LIMIT_EXCEEDED,18,NO_ACTION,0
0.7338129496402878,0.5405405405405406,1680.5,NETBANKING,KOTAK,NETWORK_ERROR,12,NO_ACTION,0
0.8181818181818182,0.25,698.0,WALLET,SBI,AUTHENTICATION_FAILED,10,NO_ACTION,0
0.7209302325581395,0.5833333333333334,1677.17,UPI,AXIS,BANK_TIMEOUT,16,RETRY_LATER,1
0.9642857142857143,0.0,5077.73,NETBANKING,ICICI,BANK_TIMEOUT,16,RETRY_LATER,1
0.7948717948717948,0.5,3435.16,CARD,HDFC,BANK_TIMEOUT,11,NO_ACTION,0
0.625,0.4166666666666667,4192.77,UPI,YESBANK,CARD_EXPIRED,12,RETRY_LATER,0
0.8260869565217391,0.5,1912.17,NETBANKING,KOTAK,BANK_TIMEOUT,20,RETRY_LATER,1
0.7368421052631579,0.4,7003.87,CARD,AXIS,LIMIT_EXCEEDED,2,RETRY_LATER,0
0.6666666666666666,0.45454545454545453,2825.62,CARD,KOTAK,LIMIT_EXCEEDED,20,NO_ACTION,0
0.6,0.4,5607.61,WALLET,SBI,BANK_TIMEOUT,5,SEND_REMINDER,0
0.9230769230769231,1.0,9803.33,CARD,KOTAK,BANK_TIMEOUT,9,RETRY_NOW,1
0.7086614173228346,0.43243243243243246,1241.34,NETBANKING,KOTAK,NETWORK_ERROR,3,SEND_REMINDER,0
0.6363636363636364,0.25,5163.31,CARD,AXIS,BANK_TIMEOUT,19,NO_ACTION,0
0.6666666666666666,0.0,5965.74,CARD,SBI,INSUFFICIENT_FUNDS,23,NO_ACTION,0
0.875,1.0,6196.72,UPI,YESBANK,CARD_EXPIRED,5,RETRY_NOW,1
0.7428571428571429,0.4444444444444444,2032.92,NETBANKING,AXIS,CARD_EXPIRED,12,NO_ACTION,0
0.7833333333333333,0.6153846153846154,1468.72,NETBANKING,KOTAK,BANK_TIMEOUT,17,NO_ACTION,0
0.6621621621621622,0.32,6949.98,UPI,ICICI,BANK_TIMEOUT,12,NO_ACTION,0
0.8333333333333334,0.0,2274.47,NETBANKING,KOTAK,NETWORK_ERROR,7,NO_ACTION,0
0.6666666666666666,0.42857142857142855,7230.53,NETBANKING,ICICI,INSUFFICIENT_FUNDS,17,NO_ACTION,0
0.7317073170731707,0.36363636363636365,8487.51,WALLET,KOTAK,NETWORK_ERROR,21,RETRY_NOW,0
0.8285714285714286,0.2777777777777778,9653.63,WALLET,YESBANK,LIMIT_EXCEEDED,17,RETRY_LATER,1
0.8484848484848485,0.4,364.12,WALLET,HDFC,INSUFFICIENT_FUNDS,23,RETRY_NOW,0
0.7272727272727273,0.6111111111111112,1829.16,CARD,SBI,BANK_TIMEOUT,19,NO_ACTION,0
0.7426470588235294,0.5142857142857142,8510.07,CARD,HDFC,NETWORK_ERROR,13,RETRY_LATER,1
0.49056603773584906,0.48148148148148145,6591.54,CARD,ICICI,NETWORK_ERROR,6,RETRY_LATER,1
0.6875,0.2,2936.42,WALLET,AXIS,CARD_EXPIRED,10,RETRY_NOW,0
0.6229508196721312,0.5652173913043478,5886.49,CARD,SBI,INSUFFICIENT_FUNDS,1,NO_ACTION,0
0.7647058823529411,0.5,3535.7,NETBANKING,KOTAK,INSUFFICIENT_FUNDS,17,NO_ACTION,0
0.6666666666666666,0.6071428571428571,4814.13,CARD,HDFC,LIMIT_EXCEEDED,2,NO_ACTION,0
0.7666666666666667,0.7142857142857143,6032.06,WALLET,SBI,BANK_TIMEOUT,0,RETRY_NOW,1
0.4,0.6666666666666666,8432.53,UPI,HDFC,CARD_EXPIRED,3,NO_ACTION,0
0.74,0.46153846153846156,9993.71,CARD,ICICI,BANK_TIMEOUT,23,RETRY_LATER,1
0.75,0.3333333333333333,6874.81,UPI,SBI,INSUFFICIENT_FUNDS,12,SEND_REMINDER,1
0.88,0.6666666666666666,966.98,UPI,SBI,CARD_EXPIRED,6,NO_ACTION,0
0.64,0.5555555555555556,8523.68,WALLET,HDFC,INSUFFICIENT_FUNDS,3,SEND_REMINDER,1
0.8666666666666667,0.5,3321.32,NETBANKING,SBI,INSUFFICIENT_FUNDS,17,RETRY_NOW,0
0.65625,0.5454545454545454,5784.59,CARD,HDFC,INSUFFICIENT_FUNDS,5,RETRY_LATER,1
0.7844827586206896,0.4,8855.54,NETBANKING,ICICI,NETWORK_ERROR,22,RETRY_LATER,0
0.7875,0.8235294117647058,8557.26,NETBANKING,AXIS,AUTHENTICATION_FAILED,7,SEND_REMINDER,0
0.7647058823529411,0.375,2778.78,CARD,SBI,BANK_TIMEOUT,12,RETRY_NOW,1
0.3333333333333333,0.3333333333333333,2482.32,UPI,SBI,NETWORK_ERROR,3,RETRY_NOW,0
0.47368421052631576,0.5,5271.85,NETBANKING,YESBANK,BANK_TIMEOUT,23,SEND_REMINDER,1
0.6172839506172839,0.45161290322580644,3023.44,WALLET,HDFC,INSUFFICIENT_FUNDS,11,NO_ACTION,0
0.7857142857142857,0.3333333333333333,3830.81,NETBANKING,YESBANK,NETWORK_ERROR,5,SEND_REMINDER,1
0.6774193548387096,0.6,406.36,NETBANKING,ICICI,NETWORK_ERROR,16,RETRY_NOW,1
0.65625,0.6363636363636364,5056.32,WALLET,KOTAK,AUTHENTICATION_FAILED,10,RETRY_LATER,1
0.6470588235294118,0.5833333333333334,7062.86,NETBANKING,AXIS,BANK_TIMEOUT,14,NO_ACTION,0
0.6956521739130435,0.42857142857142855,9617.26,CARD,HDFC,AUTHENTICATION_FAILED,9,SEND_REMINDER,0
0.8181818181818182,1.0,5517.58,NETBANKING,HDFC,AUTHENTICATION_FAILED,12,SEND_REMINDER,1
0.8125,0.4166666666666667,9146.48,NETBANKING,KOTAK,INSUFFICIENT_FUNDS,6,RETRY_LATER,0
0.9523809523809523,0.0,485.13,UPI,YESBANK,LIMIT_EXCEEDED,23,SEND_REMINDER,0
0.6551724137931034,0.7,473.06,UPI,HDFC,BANK_TIMEOUT,10,RETRY_NOW,0
0.7941176470588235,0.2857142857142857,8756.82,UPI,AXIS,AUTHENTICATION_FAILED,9,RETRY_LATER,1
0.7407407407407407,0.7142857142857143,2195.59,WALLET,ICICI,NETWORK_ERROR,2,RETRY_LATER,0
0.8320610687022901,0.4090909090909091,5742.31,CARD,HDFC,LIMIT_EXCEEDED,3,RETRY_LATER,0
0.7323943661971831,0.47368421052631576,4694.02,UPI,KOTAK,NETWORK_ERROR,8,SEND_REMINDER,1
0.8640776699029126,0.6428571428571429,8688.79,NETBANKING,SBI,LIMIT_EXCEEDED,12,RETRY_LATER,0
0.5,0.0,2262.35,CARD,HDFC,NETWORK_ERROR,5,RETRY_NOW,0
0.9,1.0,5684.38,WALLET,KOTAK,CARD_EXPIRED,16,NO_ACTION,0
0.7868852459016393,0.46153846153846156,3479.7,NETBANKING,SBI,NETWORK_ERROR,5,RETRY_LATER,1
0.6,1.0,679.03,NETBANKING,YESBANK,LIMIT_EXCEEDED,23,SEND_REMINDER,0
0.5,1.0,4623.61,UPI,YESBANK,LIMIT_EXCEEDED,19,NO_ACTION,0
0.5972222222222222,0.4482758620689655,9914.16,NETBANKING,ICICI,AUTHENTICATION_FAILED,0,RETRY_NOW,0
0.7204301075268817,0.5769230769230769,3604.16,NETBANKING,AXIS,BANK_TIMEOUT,17,RETRY_LATER,1
0.7894736842105263,0.5,963.03,CARD,ICICI,INSUFFICIENT_FUNDS,14,SEND_REMINDER,1
0.6944444444444444,0.45454545454545453,6410.05,NETBANKING,AXIS,AUTHENTICATION_FAILED,9,RETRY_NOW,1
0.5714285714285714,0.0,4237.78,NETBANKING,AXIS,BANK_TIMEOUT,15,NO_ACTION,0
0.75,0.4666666666666667,2542.06,CARD,YESBANK,INSUFFICIENT_FUNDS,2,SEND_REMINDER,1
0.6470588235294118,0.5833333333333334,6262.89,NETBANKING,ICICI,CARD_EXPIRED,14,RETRY_NOW,0
0.8,0.5,5610.19,UPI,YESBANK,LIMIT_EXCEEDED,11,NO_ACTION,0
0.6666666666666666,0.5,9396.55,NETBANKING,ICICI,NETWORK_ERROR,13,RETRY_NOW,0
0.9354838709677419,0.5,8258.94,CARD,AXIS,INSUFFICIENT_FUNDS,9,RETRY_LATER,0
0.6029411764705882,0.5925925925925926,6444.59,UPI,AXIS,NETWORK_ERROR,8,NO_ACTION,0
0.65625,0.5454545454545454,5415.77,WALLET,KOTAK,AUTHENTICATION_FAILED,20,SEND_REMINDER,0
0.45714285714285713,0.42105263157894735,7274.3,WALLET,HDFC,NETWORK_ERROR,12,SEND_REMINDER,0
0.75,0.4666666666666667,4352.22,UPI,YESBANK,CARD_EXPIRED,21,NO_ACTION,0
0.6,0.5588235294117647,7896.24,NETBANKING,YESBANK,LIMIT_EXCEEDED,5,NO_ACTION,0
0.5,0.0,4637.57,NETBANKING,SBI,BANK_TIMEOUT,23,RETRY_NOW,0
0.8461538461538461,0.16666666666666666,2921.29,CARD,KOTAK,LIMIT_EXCEEDED,12,SEND_REMINDER,1
0.8,0.5833333333333334,6419.67,WALLET,HDFC,LIMIT_EXCEEDED,21,RETRY_LATER,1
0.5,0.5,7239.56,UPI,SBI,NETWORK_ERROR,3,SEND_REMINDER,0
0.7804878048780488,0.5555555555555556,9281.07,NETBANKING,HDFC,AUTHENTICATION_FAILED,23,SEND_REMINDER,0
0.95,1.0,5173.1,NETBANKING,HDFC,LIMIT_EXCEEDED,19,NO_ACTION,0
0.6666666666666666,0.0,5657.31,CARD,KOTAK,NETWORK_ERROR,0,RETRY_LATER,0
0.7155963302752294,0.41935483870967744,1076.62,NETBANKING,ICICI,AUTHENTICATION_FAILED,2,SEND_REMINDER,1
0.7222222222222222,0.5,7199.22,WALLET,ICICI,INSUFFICIENT_FUNDS,8,NO_ACTION,0
0.8536585365853658,0.16666666666666666,1538.74,UPI,SBI,NETWORK_ERROR,23,RETRY_LATER,1
0.8142857142857143,0.4230769230769231,5542.51,CARD,ICICI,AUTHENTICATION_FAILED,19,RETRY_LATER,1
0.8307692307692308,0.18181818181818182,6672.43,UPI,AXIS,AUTHENTICATION_FAILED,1,SEND_REMINDER,0
0.6761904761904762,0.35294117647058826,4211.69,CARD,SBI,BANK_TIMEOUT,17,RETRY_NOW,0
0.7551020408163265,0.75,6568.57,NETBANKING,YESBANK,CARD_EXPIRED,9,RETRY_LATER,0
0.7169811320754716,0.6,6657.57,WALLET,HDFC,LIMIT_EXCEEDED,20,SEND_REMINDER,0
0.6551724137931034,0.7,473.06,UPI,HDFC,BANK_TIMEOUT,10,NO_ACTION,0
0.8924731182795699,0.3,3620.06,WALLET,ICICI,AUTHENTICATION_FAILED,17,NO_ACTION,0
0.6363636363636364,0.4166666666666667,9117.22,CARD,SBI,CARD_EXPIRED,17,NO_ACTION,0
0.684931506849315,0.4782608695652174,7333.37,NETBANKING,HDFC,AUTHENTICATION_FAILED,0,NO_ACTION,0
0.7286821705426356,0.42857142857142855,1930.81,CARD,SBI,INSUFFICIENT_FUNDS,0,SEND_REMINDER,1
0.7195121951219512,0.782608695652174,9271.14,UPI,KOTAK,NETWORK_ERROR,17,RETRY_LATER,1
0.6521739130434783,0.625,8955.09,CARD,HDFC,LIMIT_EXCEEDED,21,RETRY_LATER,0
0.8604651162790697,0.6666666666666666,7171.41,CARD,KOTAK,AUTHENTICATION_FAILED,21,NO_ACTION,0
0.7391304347826086,0.3333333333333333,3768.27,UPI,YESBANK,LIMIT_EXCEEDED,17,RETRY_NOW,0
0.0,1.0,265.16,CARD,AXIS,CARD_EXPIRED,3,SEND_REMINDER,0
0.6666666666666666,0.6428571428571429,7489.06,NETBANKING,YESBANK,AUTHENTICATION_FAILED,20,RETRY_LATER,0
0.6530612244897959,0.47058823529411764,744.17,UPI,YESBANK,LIMIT_EXCEEDED,10,RETRY_NOW,0
0.8255813953488372,0.3333333333333333,8408.78,WALLET,HDFC,AUTHENTICATION_FAILED,15,NO_ACTION,0
0.75,0.5,2846.86,NETBANKING,SBI,INSUFFICIENT_FUNDS,23,RETRY_LATER,0
0.6956521739130435,0.42857142857142855,4834.77,UPI,KOTAK,AUTHENTICATION_FAILED,3,NO_ACTION,0
0.6910569105691057,0.5,2693.28,CARD,KOTAK,BANK_TIMEOUT,11,RETRY_LATER,1
0.0,0.0,6836.04,NETBANKING,KOTAK,INSUFFICIENT_FUNDS,5,NO_ACTION,0
0.8041237113402062,0.5789473684210527,2401.04,NETBANKING,AXIS,INSUFFICIENT_FUNDS,6,RETRY_NOW,0
0.6944444444444444,0.45454545454545453,6711.22,CARD,HDFC,AUTHENTICATION_FAILED,3,RETRY_LATER,1
0.6335877862595419,0.5,1576.34,UPI,HDFC,INSUFFICIENT_FUNDS,14,NO_ACTION,0
0.6785714285714286,0.5555555555555556,2911.27,NETBANKING,KOTAK,CARD_EXPIRED,21,NO_ACTION,0
0.6938775510204082,0.5333333333333333,7856.54,WALLET,AXIS,BANK_TIMEOUT,18,NO_ACTION,0
0.8157894736842105,0.8571428571428571,1531.26,WALLET,ICICI,NETWORK_ERROR,4,RETRY_LATER,1
0.8529411764705882,0.6,5098.58,UPI,HDFC,LIMIT_EXCEEDED,9,NO_ACTION,0
0.7294117647058823,0.5217391304347826,4892.73,WALLET,AXIS,CARD_EXPIRED,20,SEND_REMINDER,1
0.7195121951219512,0.782608695652174,9271.14,UPI,KOTAK,NETWORK_ERROR,17,SEND_REMINDER,0
0.8317757009345794,0.6666666666666666,2984.76,WALLET,KOTAK,CARD_EXPIRED,21,SEND_REMINDER,0
0.7125,0.5217391304347826,8887.66,NETBANKING,YESBANK,INSUFFICIENT_FUNDS,18,RETRY_LATER,0
0.5,0.42857142857142855,6992.08,CARD,ICICI,BANK_TIMEOUT,2,SEND_REMINDER,0
0.7333333333333333,0.375,2876.16,NETBANKING,KOTAK,LIMIT_EXCEEDED,0,RETRY_LATER,1
0.684931506849315,0.4782608695652174,7333.37,NETBANKING,HDFC,AUTHENTICATION_FAILED,0,RETRY_NOW,0
0.7090909090909091,0.625,6848.48,NETBANKING,SBI,LIMIT_EXCEEDED,6,SEND_REMINDER,1
0.8,0.5,2421.81,NETBANKING,SBI,INSUFFICIENT_FUNDS,9,SEND_REMINDER,0
0.0,0.75,2915.09,WALLET,KOTAK,LIMIT_EXCEEDED,12,NO_ACTION,0
0.75,0.7666666666666667,8007.29,UPI,KOTAK,LIMIT_EXCEEDED,11,RETRY_LATER,1
0.8863636363636364,0.6,788.3,WALLET,YESBANK,AUTHENTICATION_FAILED,16,RETRY_LATER,0
0.8144329896907216,0.6666666666666666,8552.04,CARD,KOTAK,NETWORK_ERROR,5,RETRY_LATER,1
0.725,0.36363636363636365,7387.69,WALLET,HDFC,BANK_TIMEOUT,0,NO_ACTION,0
0.5714285714285714,0.0,4237.78,NETBANKING,AXIS,BANK_TIMEOUT,15,RETRY_LATER,1
0.7641509433962265,0.48,9927.43,CARD,YESBANK,INSUFFICIENT_FUNDS,2,RETRY_LATER,0
0.8666666666666667,0.4166666666666667,2906.12,WALLET,AXIS,AUTHENTICATION_FAILED,16,RETRY_NOW,1
0.6634615384615384,0.4857142857142857,7129.95,UPI,SBI,LIMIT_EXCEEDED,2,RETRY_LATER,1
0.7083333333333334,0.8571428571428571,2815.77,CARD,YESBANK,AUTHENTICATION_FAILED,22,RETRY_NOW,1
0.5454545454545454,0.75,6235.25,WALLET,YESBANK,BANK_TIMEOUT,18,RETRY_LATER,1
0.8809523809523809,0.5,4186.59,UPI,YESBANK,NETWORK_ERROR,2,NO_ACTION,0
0.7837837837837838,0.75,9682.11,UPI,SBI,CARD_EXPIRED,2,SEND_REMINDER,1
0.8260869565217391,0.5,8003.71,WALLET,KOTAK,BANK_TIMEOUT,7,NO_ACTION,0
0.6842105263157895,0.5,2011.32,NETBANKING,YESBANK,INSUFFICIENT_FUNDS,15,SEND_REMINDER,1
0.4444444444444444,0.2,3846.11,CARD,SBI,NETWORK_ERROR,12,NO_ACTION,0
0.8888888888888888,0.5,543.6,CARD,SBI,LIMIT_EXCEEDED,3,NO_ACTION,0
0.8142857142857143,0.4230769230769231,5542.51,CARD,ICICI,AUTHENTICATION_FAILED,19,RETRY_NOW,0
0.8260869565217391,0.25,6808.59,CARD,ICICI,AUTHENTICATION_FAILED,20,RETRY_LATER,1
0.6379310344827587,0.47619047619047616,7552.01,UPI,AXIS,INSUFFICIENT_FUNDS,4,NO_ACTION,0
0.7714285714285715,0.375,5130.65,NETBANKING,YESBANK,NETWORK_ERROR,13,SEND_REMINDER,0
0.0,0.0,7804.78,NETBANKING,SBI,NETWORK_ERROR,22,NO_ACTION,0
0.5,0.5,8355.01,WALLET,HDFC,INSUFFICIENT_FUNDS,9,RETRY_LATER,0
0.5714285714285714,0.47619047619047616,7124.35,NETBANKING,KOTAK,NETWORK_ERROR,7,SEND_REMINDER,0
0.5625,0.42857142857142855,5451.8,WALLET,YESBANK,INSUFFICIENT_FUNDS,17,SEND_REMINDER,0
0.7464788732394366,0.5,9363.97,UPI,YESBANK,INSUFFICIENT_FUNDS,18,RETRY_NOW,1
0.7419354838709677,0.625,2384.43,UPI,KOTAK,AUTHENTICATION_FAILED,11,RETRY_NOW,1
0.75,0.14285714285714285,9084.55,CARD,SBI,CARD_EXPIRED,9,RETRY_LATER,0
0.9210526315789473,0.3333333333333333,3148.23,UPI,KOTAK,INSUFFICIENT_FUNDS,7,SEND_REMINDER,1
0.7155963302752294,0.41935483870967744,1076.62,NETBANKING,ICICI,AUTHENTICATION_FAILED,2,NO_ACTION,0
0.7741935483870968,0.7142857142857143,6367.48,WALLET,ICICI,AUTHENTICATION_FAILED,10,RETRY_LATER,1
0.6666666666666666,0.3333333333333333,2147.61,UPI,KOTAK,BANK_TIMEOUT,0,SEND_REMINDER,0
0.9076923076923077,0.5,5729.4,NETBANKING,SBI,LIMIT_EXCEEDED,4,NO_ACTION,0
0.7592592592592593,0.5384615384615384,9241.2,CARD,YESBANK,BANK_TIMEOUT,9,RETRY_LATER,1
0.7407407407407407,0.7142857142857143,3942.2,CARD,KOTAK,LIMIT_EXCEEDED,20,RETRY_LATER,1
0.6956521739130435,0.42857142857142855,2931.19,WALLET,HDFC,LIMIT_EXCEEDED,10,RETRY_NOW,0
0.5714285714285714,0.0,8878.69,NETBANKING,SBI,NETWORK_ERROR,18,SEND_REMINDER,0
0.6666666666666666,0.2,7038.94,NETBANKING,HDFC,LIMIT_EXCEEDED,15,SEND_REMINDER,0
0.6015625,0.4117647058823529,4323.3,WALLET,HDFC,INSUFFICIENT_FUNDS,17,NO_ACTION,0
0.5,1.0,1764.84,NETBANKING,SBI,LIMIT_EXCEEDED,10,NO_ACTION,0
0.5833333333333334,0.4,365.5,NETBANKING,KOTAK,BANK_TIMEOUT,8,RETRY_LATER,1
0.5113636363636364,0.4883720930232558,9384.36,CARD,SBI,CARD_EXPIRED,12,RETRY_LATER,1
0.7777777777777778,0.0,1005.87,NETBANKING,SBI,NETWORK_ERROR,11,NO_ACTION,0
0.6,0.3333333333333333,8104.09,CARD,AXIS,INSUFFICIENT_FUNDS,0,SEND_REMINDER,1
0.62,0.5263157894736842,2701.74,WALLET,KOTAK,BANK_TIMEOUT,18,RETRY_NOW,0
0.6521739130434783,0.625,8955.09,CARD,HDFC,LIMIT_EXCEEDED,21,NO_ACTION,0
0.78,0.45454545454545453,649.57,CARD,AXIS,INSUFFICIENT_FUNDS,14,NO_ACTION,0
0.8125,0.3333333333333333,3955.46,WALLET,HDFC,BANK_TIMEOUT,16,SEND_REMINDER,0
0.5,0.0,733.84,UPI,AXIS,AUTHENTICATION_FAILED,13,NO_ACTION,0
0.7,0.47619047619047616,1304.13,NETBANKING,KOTAK,INSUFFICIENT_FUNDS,9,RETRY_NOW,0
0.6790123456790124,0.5384615384615384,4557.32,UPI,AXIS,AUTHENTICATION_FAILED,23,NO_ACTION,0
0.6363636363636364,0.4166666666666667,9117.22,CARD,SBI,CARD_EXPIRED,17,RETRY_NOW,1
0.6857142857142857,0.45454545454545453,3171.69,NETBANKING,KOTAK,INSUFFICIENT_FUNDS,4,SEND_REMINDER,0
0.72,0.5714285714285714,5836.22,UPI,HDFC,BANK_TIMEOUT,19,SEND_REMINDER,0
0.75,1.0,1712.44,UPI,YESBANK,CARD_EXPIRED,17,SEND_REMINDER,1
0.8172043010752689,0.47058823529411764,4518.77,CARD,AXIS,AUTHENTICATION_FAILED,7,RETRY_LATER,0
0.42857142857142855,0.5,2729.41,CARD,KOTAK,BANK_TIMEOUT,7,RETRY_NOW,1
0.6875,0.5333333333333333,3804.45,CARD,HDFC,LIMIT_EXCEEDED,23,SEND_REMINDER,1
0.7380952380952381,0.6363636363636364,5191.25,WALLET,HDFC,LIMIT_EXCEEDED,15,SEND_REMINDER,0
0.7391304347826086,0.3333333333333333,3321.01,WALLET,SBI,BANK_TIMEOUT,22,RETRY_LATER,1
0.7948717948717948,0.75,6152.29,WALLET,KOTAK,AUTHENTICATION_FAILED,0,SEND_REMINDER,0
0.8,0.6363636363636364,8310.44,NETBANKING,SBI,INSUFFICIENT_FUNDS,6,NO_ACTION,0
0.6666666666666666,0.6,359.78,NETBANKING,YESBANK,CARD_EXPIRED,16,RETRY_LATER,1
0.5,1.0,1764.84,NETBANKING,SBI,LIMIT_EXCEEDED,10,RETRY_LATER,0
0.75,0.8333333333333334,3144.98,UPI,ICICI,BANK_TIMEOUT,8,SEND_REMINDER,0
0.7291666666666666,0.3076923076923077,5804.94,WALLET,AXIS,LIMIT_EXCEEDED,4,NO_ACTION,0
0.8360655737704918,0.8,3130.52,NETBANKING,SBI,LIMIT_EXCEEDED,13,SEND_REMINDER,1
0.803030303030303,0.46153846153846156,247.47,CARD,HDFC,LIMIT_EXCEEDED,6,NO_ACTION,0
0.5833333333333334,0.3,171.22,WALLET,YESBANK,LIMIT_EXCEEDED,3,RETRY_NOW,0
0.5909090909090909,0.5277777777777778,790.73,WALLET,YESBANK,INSUFFICIENT_FUNDS,21,RETRY_LATER,1
0.8333333333333334,0.5,9163.18,WALLET,HDFC,LIMIT_EXCEEDED,21,RETRY_NOW,0
0.7475728155339806,0.6153846153846154,7413.87,CARD,ICICI,INSUFFICIENT_FUNDS,19,SEND_REMINDER,1
0.8076923076923077,0.5333333333333333,2255.04,CARD,AXIS,NETWORK_ERROR,15,NO_ACTION,0
0.972027972027972,0.5,7003.52,WALLET,KOTAK,AUTHENTICATION_FAILED,15,RETRY_LATER,1
0.55,0.5555555555555556,6428.91,CARD,ICICI,LIMIT_EXCEEDED,21,SEND_REMINDER,0
0.9428571428571428,0.5,3638.84,NETBANKING,KOTAK,NETWORK_ERROR,17,SEND_REMINDER,0
0.8333333333333334,0.6,4913.49,NETBANKING,SBI,INSUFFICIENT_FUNDS,0,SEND_REMINDER,0
0.7684210526315789,0.2727272727272727,6595.0,NETBANKING,ICICI,AUTHENTICATION_FAILED,7,RETRY_NOW,0
0.7619047619047619,0.3,5601.85,NETBANKING,YESBANK,NETWORK_ERROR,23,SEND_REMINDER,1
0.6944444444444444,0.45454545454545453,6410.05,NETBANKING,AXIS,AUTHENTICATION_FAILED,9,RETRY_LATER,0
0.5714285714285714,0.0,160.79,WALLET,SBI,CARD_EXPIRED,9,SEND_REMINDER,0
0.375,0.4,2926.26,CARD,KOTAK,LIMIT_EXCEEDED,20,RETRY_NOW,0
0.7007299270072993,0.5365853658536586,1963.09,CARD,SBI,INSUFFICIENT_FUNDS,23,RETRY_NOW,0
0.8714285714285714,0.1111111111111111,4151.11,CARD,ICICI,NETWORK_ERROR,0,RETRY_LATER,0
0.9560439560439561,0.5,7164.83,NETBANKING,KOTAK,NETWORK_ERROR,0,SEND_REMINDER,0
0.8333333333333334,0.0,8663.48,NETBANKING,HDFC,AUTHENTICATION_FAILED,0,RETRY_LATER,0
0.7804878048780488,0.5555555555555556,8323.64,UPI,SBI,NETWORK_ERROR,2,RETRY_NOW,0
0.6588235294117647,0.41379310344827586,590.03,NETBANKING,ICICI,AUTHENTICATION_FAILED,10,RETRY_LATER,0
0.9230769230769231,0.5,3368.48,NETBANKING,ICICI,BANK_TIMEOUT,0,NO_ACTION,0
0.8888888888888888,0.5714285714285714,161.65,UPI,SBI,AUTHENTICATION_FAILED,15,NO_ACTION,0
0.7916666666666666,0.0,1615.16,UPI,KOTAK,CARD_EXPIRED,20,NO_ACTION,0
0.7647058823529411,0.375,3690.69,UPI,KOTAK,LIMIT_EXCEEDED,6,RETRY_LATER,1
0.7105263157894737,0.5454545454545454,2361.48,WALLET,HDFC,INSUFFICIENT_FUNDS,23,RETRY_LATER,0
0.7941176470588235,0.7142857142857143,8420.95,WALLET,HDFC,BANK_TIMEOUT,11,RETRY_NOW,0
0.7560975609756098,0.6,3998.69,WALLET,KOTAK,BANK_TIMEOUT,19,SEND_REMINDER,0
0.6842105263157895,0.5,2011.32,NETBANKING,YESBANK,INSUFFICIENT_FUNDS,15,RETRY_LATER,0
0.890625,0.7142857142857143,3852.44,NETBANKING,SBI,AUTHENTICATION_FAILED,11,RETRY_LATER,1
0.6818181818181818,0.5714285714285714,8409.15,NETBANKING,HDFC,BANK_TIMEOUT,16,SEND_REMINDER,1
0.6617647058823529,0.6956521739130435,4974.87,NETBANKING,HDFC,CARD_EXPIRED,11,RETRY_NOW,1
0.875,1.0,7781.29,CARD,KOTAK,CARD_EXPIRED,19,SEND_REMINDER,1
0.673469387755102,0.5625,9715.13,WALLET,HDFC,LIMIT_EXCEEDED,9,RETRY_NOW,0
0.8888888888888888,0.6666666666666666,7097.34,CARD,AXIS,CARD_EXPIRED,19,SEND_REMINDER,1
0.48,0.5384615384615384,6746.58,CARD,HDFC,CARD_EXPIRED,10,SEND_REMINDER,1
0.6590909090909091,0.4,9302.37,WALLET,AXIS,CARD_EXPIRED,16,RETRY_NOW,0
0.6875,0.5333333333333333,3804.45,CARD,HDFC,LIMIT_EXCEEDED,23,RETRY_LATER,1
0.7142857142857143,0.75,8230.09,WALLET,KOTAK,CARD_EXPIRED,22,RETRY_NOW,1
0.8817204301075269,0.6363636363636364,9685.07,UPI,YESBANK,BANK_TIMEOUT,17,RETRY_LATER,0
0.6825396825396826,0.55,4956.09,UPI,HDFC,LIMIT_EXCEEDED,0,RETRY_LATER,0
0.7857142857142857,0.5,726.06,UPI,KOTAK,BANK_TIMEOUT,8,RETRY_LATER,0
0.7755102040816326,0.3181818181818182,2435.36,WALLET,HDFC,LIMIT_EXCEEDED,12,NO_ACTION,0
0.625,0.6666666666666666,1568.22,UPI,HDFC,LIMIT_EXCEEDED,18,NO_ACTION,0
0.7692307692307693,0.3333333333333333,6121.51,UPI,ICICI,BANK_TIMEOUT,5,NO_ACTION,0
0.782608695652174,0.56,2018.16,NETBANKING,HDFC,AUTHENTICATION_FAILED,16,SEND_REMINDER,1
0.7777777777777778,0.4,7593.0,CARD,ICICI,AUTHENTICATION_FAILED,1,SEND_REMINDER,1
0.631578947368421,0.5714285714285714,5911.8,UPI,SBI,BANK_TIMEOUT,13,RETRY_LATER,1
0.7,0.3333333333333333,1746.96,WALLET,KOTAK,BANK_TIMEOUT,4,SEND_REMINDER,0
0.8809523809523809,0.5,4186.59,UPI,YESBANK,NETWORK_ERROR,2,RETRY_NOW,0
0.8333333333333334,0.5,5872.33,NETBANKING,AXIS,LIMIT_EXCEEDED,19,RETRY_NOW,0
0.75,0.6521739130434783,8902.8,CARD,YESBANK,LIMIT_EXCEEDED,2,RETRY_LATER,1
0.7105263157894737,0.8181818181818182,3279.18,WALLET,AXIS,AUTHENTICATION_FAILED,23,RETRY_NOW,1
0.6923076923076923,0.375,1601.66,WALLET,HDFC,AUTHENTICATION_FAILED,5,RETRY_LATER,1
0.7931034482758621,0.6666666666666666,3467.6,CARD,SBI,LIMIT_EXCEEDED,20,SEND_REMINDER,1
0.7246376811594203,0.3684210526315789,2679.24,CARD,ICICI,NETWORK_ERROR,12,RETRY_LATER,1
0.7933884297520661,0.68,142.17,UPI,KOTAK,AUTHENTICATION_FAILED,13,RETRY_LATER,0
0.7272727272727273,0.4444444444444444,1011.27,UPI,SBI,BANK_TIMEOUT,5,NO_ACTION,0
0.8888888888888888,1.0,2334.54,CARD,SBI,INSUFFICIENT_FUNDS,10,RETRY_LATER,0
0.8461538461538461,0.5714285714285714,6569.04,WALLET,ICICI,AUTHENTICATION_FAILED,7,SEND_REMINDER,0
0.8796296296296297,0.6153846153846154,9669.06,NETBANKING,HDFC,INSUFFICIENT_FUNDS,18,RETRY_NOW,0
0.625,0.3333333333333333,2204.97,UPI,ICICI,CARD_EXPIRED,12,RETRY_LATER,1
0.75,0.5,8216.11,WALLET,SBI,AUTHENTICATION_FAILED,6,RETRY_LATER,0
0.7865168539325843,0.631578947368421,9261.32,WALLET,ICICI,BANK_TIMEOUT,19,SEND_REMINDER,1
0.6634615384615384,0.4857142857142857,7129.95,UPI,SBI,LIMIT_EXCEEDED,2,SEND_REMINDER,0
0.8053097345132744,0.45454545454545453,4844.76,WALLET,KOTAK,BANK_TIMEOUT,11,RETRY_LATER,0
0.7796610169491526,0.46153846153846156,7073.46,UPI,YESBANK,NETWORK_ERROR,23,SEND_REMINDER,0
0.7384615384615385,0.4117647058823529,3357.6,UPI,HDFC,LIMIT_EXCEEDED,19,RETRY_NOW,1
0.7169811320754716,0.6,1451.38,CARD,SBI,INSUFFICIENT_FUNDS,2,RETRY_LATER,0
0.0,0.5,6015.8,NETBANKING,AXIS,NETWORK_ERROR,21,RETRY_LATER,0
0.6567164179104478,0.5652173913043478,2334.95,CARD,YESBANK,LIMIT_EXCEEDED,22,NO_ACTION,0
0.5648148148148148,0.425531914893617,7051.35,CARD,YESBANK,INSUFFICIENT_FUNDS,4,SEND_REMINDER,1
0.8382352941176471,0.6363636363636364,9661.65,CARD,YESBANK,INSUFFICIENT_FUNDS,18,RETRY_NOW,0
0.8108108108108109,0.5,865.77,WALLET,ICICI,AUTHENTICATION_FAILED,8,RETRY_NOW,1
0.5,0.0,5109.23,CARD,KOTAK,LIMIT_EXCEEDED,16,RETRY_NOW,1
0.71875,0.3333333333333333,6252.4,WALLET,AXIS,LIMIT_EXCEEDED,8,SEND_REMINDER,1
0.7608695652173914,0.6363636363636364,6742.58,CARD,YESBANK,INSUFFICIENT_FUNDS,5,RETRY_NOW,0
0.7272727272727273,0.0,9396.03,WALLET,YESBANK,NETWORK_ERROR,7,SEND_REMINDER,0
0.6792452830188679,0.35294117647058826,1294.3,UPI,ICICI,LIMIT_EXCEEDED,7,RETRY_NOW,0
0.7017543859649122,0.47058823529411764,5243.15,NETBANKING,KOTAK,BANK_TIMEOUT,23,RETRY_LATER,1
0.7857142857142857,0.6666666666666666,2101.98,WALLET,KOTAK,BANK_TIMEOUT,7,RETRY_NOW,1
0.7053571428571429,0.45454545454545453,6711.68,UPI,YESBANK,LIMIT_EXCEEDED,8,RETRY_NOW,0
0.0,1.0,4877.47,NETBANKING,SBI,CARD_EXPIRED,20,NO_ACTION,0
0.625,0.6666666666666666,8566.84,NETBANKING,AXIS,INSUFFICIENT_FUNDS,17,RETRY_NOW,0
0.8,0.5,4423.98,NETBANKING,YESBANK,INSUFFICIENT_FUNDS,11,RETRY_NOW,0
0.839622641509434,0.5882352941176471,5827.36,WALLET,YESBANK,INSUFFICIENT_FUNDS,5,RETRY_LATER,0
0.8888888888888888,0.6666666666666666,7097.34,CARD,AXIS,CARD_EXPIRED,19,RETRY_LATER,1
0.7307692307692307,0.42857142857142855,8874.18,NETBANKING,AXIS,AUTHENTICATION_FAILED,14,NO_ACTION,0
0.8111111111111111,0.7058823529411765,3667.0,UPI,KOTAK,AUTHENTICATION_FAILED,16,SEND_REMINDER,1
0.9047619047619048,0.25,2719.0,WALLET,KOTAK,AUTHENTICATION_FAILED,9,RETRY_LATER,0
0.8333333333333334,0.5555555555555556,4606.95,CARD,ICICI,AUTHENTICATION_FAILED,22,RETRY_LATER,0
0.8181818181818182,0.25,3288.35,WALLET,AXIS,INSUFFICIENT_FUNDS,0,SEND_REMINDER,1
0.8846153846153846,0.0,6564.24,NETBANKING,KOTAK,LIMIT_EXCEEDED,12,RETRY_NOW,0
0.0,1.0,248.97,WALLET,HDFC,AUTHENTICATION_FAILED,1,NO_ACTION,0
0.7162162162162162,0.38095238095238093,2917.13,WALLET,HDFC,BANK_TIMEOUT,18,RETRY_NOW,0
0.6862745098039216,0.5625,6518.29,UPI,KOTAK,NETWORK_ERROR,18,RETRY_LATER,0
0.75,0.0,2323.78,UPI,HDFC,LIMIT_EXCEEDED,5,NO_ACTION,0
0.7604166666666666,0.5217391304347826,8140.88,UPI,HDFC,NETWORK_ERROR,5,SEND_REMINDER,0
0.6875,0.6,6379.05,WALLET,HDFC,AUTHENTICATION_FAILED,15,SEND_REMINDER,1
0.7333333333333333,0.75,5284.19,NETBANKING,ICICI,BANK_TIMEOUT,11,SEND_REMINDER,1
0.75,0.0,7910.74,UPI,ICICI,AUTHENTICATION_FAILED,15,RETRY_NOW,0
0.6511627906976745,0.6666666666666666,6578.38,UPI,KOTAK,LIMIT_EXCEEDED,23,RETRY_NOW,0
0.5,1.0,3714.86,UPI,ICICI,AUTHENTICATION_FAILED,18,RETRY_NOW,1
0.6666666666666666,0.5,8660.93,UPI,HDFC,NETWORK_ERROR,18,NO_ACTION,0
0.8717948717948718,0.4,489.74,WALLET,AXIS,LIMIT_EXCEEDED,4,RETRY_NOW,0
0.7307692307692307,0.6428571428571429,832.94,WALLET,KOTAK,CARD_EXPIRED,8,RETRY_NOW,0
0.696969696969697,0.45,4061.19,WALLET,AXIS,INSUFFICIENT_FUNDS,17,RETRY_LATER,0
0.7317073170731707,0.36363636363636365,4758.92,CARD,YESBANK,NETWORK_ERROR,11,SEND_REMINDER,1
0.5555555555555556,0.75,3740.74,UPI,KOTAK,NETWORK_ERROR,5,SEND_REMINDER,0
0.6842105263157895,0.6666666666666666,949.22,NETBANKING,ICICI,NETWORK_ERROR,19,RETRY_LATER,1
0.7019230769230769,0.5161290322580645,866.16,WALLET,YESBANK,AUTHENTICATION_FAILED,3,SEND_REMINDER,0
0.7738095238095238,0.3157894736842105,9205.5,WALLET,KOTAK,AUTHENTICATION_FAILED,22,RETRY_NOW,1
0.7704918032786885,0.35714285714285715,8336.0,NETBANKING,KOTAK,BANK_TIMEOUT,22,NO_ACTION,0
0.0,0.0,1174.83,UPI,SBI,BANK_TIMEOUT,6,SEND_REMINDER,0
0.6818181818181818,0.42857142857142855,6521.67,CARD,KOTAK,CARD_EXPIRED,21,NO_ACTION,0
0.8,0.5,3310.6,UPI,KOTAK,NETWORK_ERROR,5,RETRY_NOW,0
0.75,0.3333333333333333,4392.45,NETBANKING,SBI,AUTHENTICATION_FAILED,0,SEND_REMINDER,1
0.6875,0.5666666666666667,7919.33,UPI,ICICI,LIMIT_EXCEEDED,16,NO_ACTION,0
0.6551724137931034,0.55,773.83,WALLET,YESBANK,INSUFFICIENT_FUNDS,1,SEND_REMINDER,0
0.7333333333333333,0.25,7881.03,WALLET,ICICI,NETWORK_ERROR,10,NO_ACTION,0
0.8428571428571429,0.5454545454545454,1130.5,UPI,ICICI,NETWORK_ERROR,6,SEND_REMINDER,0
0.75,0.6666666666666666,7494.39,WALLET,KOTAK,BANK_TIMEOUT,1,RETRY_LATER,1
0.819672131147541,0.6363636363636364,1411.11,CARD,SBI,INSUFFICIENT_FUNDS,7,RETRY_LATER,0
0.8352941176470589,0.5714285714285714,5191.16,NETBANKING,AXIS,LIMIT_EXCEEDED,1,RETRY_NOW,1
0.7833333333333333,0.5384615384615384,1611.95,CARD,YESBANK,CARD_EXPIRED,17,NO_ACTION,0
0.7407407407407407,0.42857142857142855,6634.97,CARD,HDFC,BANK_TIMEOUT,15,NO_ACTION,0
0.6521739130434783,0.5,1376.95,UPI,KOTAK,AUTHENTICATION_FAILED,23,RETRY_LATER,1
0.8461538461538461,0.5,5840.54,NETBANKING,ICICI,INSUFFICIENT_FUNDS,16,RETRY_NOW,0
0.6962025316455697,0.4583333333333333,174.7,UPI,KOTAK,BANK_TIMEOUT,4,SEND_REMINDER,0
0.25,0.0,4123.37,WALLET,ICICI,NETWORK_ERROR,13,RETRY_NOW,0
0.7959183673469388,0.8,5806.41,UPI,HDFC,CARD_EXPIRED,13,NO_ACTION,0
0.6666666666666666,0.2631578947368421,7538.39,CARD,AXIS,AUTHENTICATION_FAILED,18,RETRY_LATER,0
0.6176470588235294,0.6153846153846154,2438.19,CARD,ICICI,AUTHENTICATION_FAILED,18,RETRY_NOW,1
0.6747967479674797,0.375,7748.09,UPI,HDFC,CARD_EXPIRED,23,NO_ACTION,0
0.9130434782608695,0.0,3294.66,WALLET,SBI,INSUFFICIENT_FUNDS,23,SEND_REMINDER,1
0.825,0.42857142857142855,1403.41,WALLET,HDFC,AUTHENTICATION_FAILED,6,RETRY_NOW,0
0.9215686274509803,0.625,6541.58,NETBANKING,SBI,INSUFFICIENT_FUNDS,11,RETRY_LATER,0
0.8,0.3333333333333333,7936.45,NETBANKING,KOTAK,LIMIT_EXCEEDED,10,RETRY_LATER,0
0.6666666666666666,1.0,2440.62,CARD,SBI,INSUFFICIENT_FUNDS,18,NO_ACTION,0
0.7924528301886793,0.5454545454545454,1206.92,WALLET,YESBANK,LIMIT_EXCEEDED,22,RETRY_LATER,0
0.8333333333333334,0.42857142857142855,9121.08,CARD,AXIS,BANK_TIMEOUT,23,RETRY_LATER,1
0.9054054054054054,0.7142857142857143,267.84,NETBANKING,ICICI,AUTHENTICATION_FAILED,17,SEND_REMINDER,0
0.6568627450980392,0.45714285714285713,464.42,CARD,ICICI,LIMIT_EXCEEDED,18,RETRY_LATER,1
0.9166666666666666,0.6666666666666666,9698.84,WALLET,AXIS,CARD_EXPIRED,21,RETRY_LATER,1
0.631578947368421,0.42857142857142855,7233.26,CARD,SBI,AUTHENTICATION_FAILED,13,RETRY_LATER,0
0.5714285714285714,0.5238095238095238,9617.34,NETBANKING,ICICI,BANK_TIMEOUT,20,SEND_REMINDER,0
0.7058823529411765,0.6,7104.71,WALLET,HDFC,CARD_EXPIRED,12,SEND_REMINDER,0
0.813953488372093,0.375,7865.38,WALLET,SBI,LIMIT_EXCEEDED,11,NO_ACTION,0
0.8181818181818182,0.2,8813.16,UPI,ICICI,CARD_EXPIRED,3,RETRY_LATER,0
0.6538461538461539,0.4444444444444444,6196.36,UPI,ICICI,NETWORK_ERROR,10,SEND_REMINDER,0
0.6568627450980392,0.45714285714285713,464.42,CARD,ICICI,LIMIT_EXCEEDED,18,SEND_REMINDER,0
0.7142857142857143,0.6666666666666666,7513.43,UPI,ICICI,NETWORK_ERROR,3,SEND_REMINDER,0
0.6617647058823529,0.34782608695652173,8360.42,CARD,AXIS,CARD_EXPIRED,12,NO_ACTION,0
0.5714285714285714,0.6,890.41,NETBANKING,KOTAK,NETWORK_ERROR,10,NO_ACTION,0
0.8813559322033898,0.42857142857142855,4100.13,NETBANKING,ICICI,NETWORK_ERROR,6,NO_ACTION,0
0.4,0.3333333333333333,8833.25,NETBANKING,AXIS,BANK_TIMEOUT,4,RETRY_LATER,0
0.7457627118644068,0.6666666666666666,4792.17,CARD,KOTAK,AUTHENTICATION_FAILED,19,RETRY_LATER,1
0.9565217391304348,0.3333333333333333,9945.01,CARD,KOTAK,INSUFFICIENT_FUNDS,2,RETRY_LATER,0
0.7948717948717948,0.5625,2353.34,CARD,AXIS,BANK_TIMEOUT,12,SEND_REMINDER,0
0.75,0.4375,5412.1,NETBANKING,SBI,LIMIT_EXCEEDED,14,NO_ACTION,0
0.9456521739130435,0.6,9410.32,UPI,SBI,INSUFFICIENT_FUNDS,5,SEND_REMINDER,0
0.8924731182795699,0.3,3620.06,WALLET,ICICI,AUTHENTICATION_FAILED,17,RETRY_LATER,1
0.7476635514018691,0.4444444444444444,1725.4,WALLET,ICICI,CARD_EXPIRED,19,RETRY_NOW,0
0.5555555555555556,0.25,1640.5,WALLET,AXIS,AUTHENTICATION_FAILED,9,NO_ACTION,0
0.8333333333333334,0.5,5872.33,NETBANKING,AXIS,LIMIT_EXCEEDED,19,NO_ACTION,0
0.75,0.3333333333333333,9226.23,CARD,KOTAK,INSUFFICIENT_FUNDS,0,SEND_REMINDER,0
0.7678571428571429,0.3076923076923077,2475.82,CARD,KOTAK,BANK_TIMEOUT,2,NO_ACTION,0
0.7377049180327869,0.5625,1446.39,WALLET,SBI,NETWORK_ERROR,22,NO_ACTION,0
0.6470588235294118,0.5,3975.5,CARD,AXIS,NETWORK_ERROR,15,NO_ACTION,0
0.75,0.0,404.45,CARD,AXIS,CARD_EXPIRED,1,RETRY_NOW,0
0.9,0.0,4555.68,WALLET,SBI,CARD_EXPIRED,17,NO_ACTION,0
0.42857142857142855,0.5,2056.1,UPI,ICICI,NETWORK_ERROR,0,SEND_REMINDER,0
0.3,0.7142857142857143,8198.27,UPI,ICICI,LIMIT_EXCEEDED,13,NO_ACTION,0
0.9642857142857143,0.0,4232.78,NETBANKING,KOTAK,AUTHENTICATION_FAILED,13,RETRY_NOW,1
0.9473684210526315,0.0,8368.17,UPI,HDFC,BANK_TIMEOUT,19,RETRY_LATER,1
0.7916666666666666,0.7,1125.42,NETBANKING,YESBANK,INSUFFICIENT_FUNDS,15,RETRY_NOW,1
0.9620253164556962,0.6666666666666666,3291.42,UPI,ICICI,BANK_TIMEOUT,16,SEND_REMINDER,0
0.7375,0.5714285714285714,4269.51,UPI,KOTAK,INSUFFICIENT_FUNDS,7,RETRY_NOW,0
0.5909090909090909,0.6296296296296297,9999.03,NETBANKING,HDFC,NETWORK_ERROR,8,SEND_REMINDER,1
0.7307692307692307,0.7142857142857143,4519.6,UPI,KOTAK,NETWORK_ERROR,5,NO_ACTION,0
0.6666666666666666,0.4166666666666667,4053.46,CARD,KOTAK,AUTHENTICATION_FAILED,0,RETRY_NOW,0
0.8571428571428571,0.5,1958.81,CARD,SBI,LIMIT_EXCEEDED,9,RETRY_NOW,1
0.6428571428571429,0.4,4949.98,WALLET,SBI,LIMIT_EXCEEDED,1,SEND_REMINDER,0
0.5384615384615384,0.5,4815.65,NETBANKING,KOTAK,NETWORK_ERROR,10,RETRY_LATER,1
0.6351351351351351,0.3333333333333333,9333.27,WALLET,SBI,INSUFFICIENT_FUNDS,18,RETRY_LATER,0
0.9230769230769231,0.5,3368.48,NETBANKING,ICICI,BANK_TIMEOUT,0,RETRY_LATER,1
0.0,1.0,1828.63,NETBANKING,ICICI,NETWORK_ERROR,4,RETRY_LATER,1
0.8426966292134831,0.6428571428571429,3709.16,CARD,SBI,INSUFFICIENT_FUNDS,19,NO_ACTION,0
0.837037037037037,0.5,7807.87,NETBANKING,AXIS,INSUFFICIENT_FUNDS,1,RETRY_NOW,0
0.5,0.0,582.31,UPI,AXIS,NETWORK_ERROR,6,SEND_REMINDER,0
0.6266666666666667,0.39285714285714285,1786.38,WALLET,ICICI,NETWORK_ERROR,0,RETRY_LATER,0
0.6867469879518072,0.6153846153846154,5663.61,CARD,AXIS,LIMIT_EXCEEDED,4,RETRY_LATER,0
0.631578947368421,0.5714285714285714,5286.8,NETBANKING,AXIS,NETWORK_ERROR,17,RETRY_NOW,1
0.75,0.5555555555555556,8675.53,CARD,HDFC,INSUFFICIENT_FUNDS,15,NO_ACTION,0
0.6666666666666666,0.45454545454545453,968.93,WALLET,KOTAK,AUTHENTICATION_FAILED,16,NO_ACTION,0
0.6612903225806451,0.42857142857142855,7688.96,UPI,AXIS,NETWORK_ERROR,13,SEND_REMINDER,1
0.7102803738317757,0.5161290322580645,9274.55,UPI,SBI,INSUFFICIENT_FUNDS,20,NO_ACTION,0
0.6818181818181818,0.2857142857142857,5611.43,CARD,HDFC,CARD_EXPIRED,8,SEND_REMINDER,0
0.78125,0.2857142857142857,1034.28,WALLET,AXIS,LIMIT_EXCEEDED,20,RETRY_LATER,0
0.8382352941176471,0.5454545454545454,6644.79,UPI,HDFC,CARD_EXPIRED,23,RETRY_LATER,1
0.7203389830508474,0.45454545454545453,8891.47,CARD,SBI,CARD_EXPIRED,13,NO_ACTION,0
0.7,0.6666666666666666,2441.81,CARD,HDFC,NETWORK_ERROR,7,SEND_REMINDER,0
0.7419354838709677,0.625,2384.43,UPI,KOTAK,AUTHENTICATION_FAILED,11,NO_ACTION,0
0.8214285714285714,0.8,9569.91,CARD,ICICI,LIMIT_EXCEEDED,0,RETRY_NOW,0
0.9565217391304348,0.3333333333333333,9945.01,CARD,KOTAK,INSUFFICIENT_FUNDS,2,SEND_REMINDER,0
0.5263157894736842,0.5555555555555556,868.89,CARD,YESBANK,NETWORK_ERROR,0,RETRY_LATER,1
0.6727272727272727,0.5,8848.37,NETBANKING,ICICI,NETWORK_ERROR,18,SEND_REMINDER,1
0.5945945945945946,0.3333333333333333,7063.46,CARD,SBI,LIMIT_EXCEEDED,0,SEND_REMINDER,0
0.5737704918032787,0.38461538461538464,4444.27,CARD,AXIS,LIMIT_EXCEEDED,14,RETRY_NOW,0
0.7843137254901961,0.6363636363636364,6657.07,WALLET,ICICI,LIMIT_EXCEEDED,16,SEND_REMINDER,1
0.8359375,0.5714285714285714,4582.68,UPI,YESBANK,AUTHENTICATION_FAILED,21,RETRY_NOW,0
0.6875,0.5333333333333333,7780.63,CARD,ICICI,LIMIT_EXCEEDED,7,NO_ACTION,0
0.8461538461538461,0.6666666666666666,6384.21,CARD,YESBANK,BANK_TIMEOUT,17,RETRY_NOW,1
0.4,0.6666666666666666,8432.53,UPI,HDFC,CARD_EXPIRED,3,RETRY_NOW,0
0.8888888888888888,1.0,7341.22,NETBANKING,ICICI,CARD_EXPIRED,11,RETRY_NOW,1
0.66,0.5882352941176471,4165.87,CARD,YESBANK,INSUFFICIENT_FUNDS,15,SEND_REMINDER,1
0.5,0.25,5829.94,UPI,SBI,BANK_TIMEOUT,12,RETRY_NOW,1
0.8181818181818182,0.5,6232.88,NETBANKING,HDFC,BANK_TIMEOUT,23,SEND_REMINDER,0
0.8,0.5,2855.74,NETBANKING,AXIS,LIMIT_EXCEEDED,7,SEND_REMINDER,0
0.5714285714285714,0.5238095238095238,902.01,WALLET,KOTAK,INSUFFICIENT_FUNDS,22,RETRY_NOW,0
0.7037037037037037,0.5,3722.44,NETBANKING,SBI,AUTHENTICATION_FAILED,11,RETRY_NOW,0
0.759493670886076,0.3684210526315789,8391.33,UPI,SBI,LIMIT_EXCEEDED,12,RETRY_NOW,0
0.8412698412698413,0.4,6374.22,WALLET,AXIS,NETWORK_ERROR,0,RETRY_LATER,1
0.5217391304347826,0.45454545454545453,1201.81,NETBANKING,KOTAK,CARD_EXPIRED,4,RETRY_NOW,1
0.6821705426356589,0.3902439024390244,8149.83,UPI,ICICI,NETWORK_ERROR,11,RETRY_LATER,1
0.7083333333333334,0.42857142857142855,650.6,UPI,KOTAK,NETWORK_ERROR,20,NO_ACTION,0
0.7352941176470589,0.4444444444444444,1661.36,UPI,AXIS,CARD_EXPIRED,21,SEND_REMINDER,0
0.631578947368421,0.5714285714285714,5911.8,UPI,SBI,BANK_TIMEOUT,13,NO_ACTION,0
0.6632653061224489,0.6363636363636364,6496.48,NETBANKING,SBI,NETWORK_ERROR,6,RETRY_NOW,0
0.0,0.0,8306.32,NETBANKING,SBI,CARD_EXPIRED,13,NO_ACTION,0
0.8064516129032258,0.6666666666666666,8635.55,CARD,YESBANK,CARD_EXPIRED,19,SEND_REMINDER,0
0.8085106382978723,0.4444444444444444,1847.84,NETBANKING,KOTAK,NETWORK_ERROR,12,RETRY_LATER,0
0.6176470588235294,0.6153846153846154,8149.03,WALLET,ICICI,AUTHENTICATION_FAILED,6,RETRY_NOW,1
0.7916666666666666,0.6,3309.97,CARD,AXIS,NETWORK_ERROR,2,NO_ACTION,0
0.6285714285714286,0.6153846153846154,997.11,UPI,SBI,BANK_TIMEOUT,19,RETRY_LATER,1
0.8082191780821918,0.6428571428571429,4357.34,UPI,YESBANK,CARD_EXPIRED,10,RETRY_LATER,0
0.7209302325581395,0.5833333333333334,1677.17,UPI,AXIS,BANK_TIMEOUT,16,NO_ACTION,0
0.5357142857142857,0.6153846153846154,5007.52,UPI,KOTAK,CARD_EXPIRED,20,SEND_REMINDER,0
0.6615384615384615,0.5,5777.55,CARD,AXIS,LIMIT_EXCEEDED,2,SEND_REMINDER,0
0.5,0.5,2956.69,UPI,ICICI,AUTHENTICATION_FAILED,22,SEND_REMINDER,0
0.9,0.5,4069.58,NETBANKING,KOTAK,BANK_TIMEOUT,1,NO_ACTION,0
0.7,0.47619047619047616,1304.13,NETBANKING,KOTAK,INSUFFICIENT_FUNDS,9,RETRY_LATER,0
0.7272727272727273,0.3333333333333333,8126.0,NETBANKING,SBI,INSUFFICIENT_FUNDS,5,SEND_REMINDER,0
0.625,0.3333333333333333,697.04,CARD,HDFC,INSUFFICIENT_FUNDS,4,RETRY_NOW,1
0.7931034482758621,0.3333333333333333,5872.08,UPI,ICICI,AUTHENTICATION_FAILED,10,RETRY_LATER,1
0.835820895522388,0.45454545454545453,3349.48,NETBANKING,HDFC,LIMIT_EXCEEDED,12,RETRY_NOW,1
0.696969696969697,0.35,2440.26,UPI,YESBANK,AUTHENTICATION_FAILED,16,NO_ACTION,0
0.5972222222222222,0.5862068965517241,1053.15,WALLET,HDFC,AUTHENTICATION_FAILED,22,RETRY_LATER,1
0.7777777777777778,0.5,4508.84,CARD,YESBANK,BANK_TIMEOUT,6,RETRY_NOW,1
0.7954545454545454,0.5,8408.0,CARD,SBI,AUTHENTICATION_FAILED,22,RETRY_NOW,0
0.7608695652173914,0.36363636363636365,4469.14,WALLET,AXIS,LIMIT_EXCEEDED,13,NO_ACTION,0
0.4,0.3333333333333333,8833.25,NETBANKING,AXIS,BANK_TIMEOUT,4,SEND_REMINDER,0
0.7,0.4666666666666667,7921.57,NETBANKING,YESBANK,BANK_TIMEOUT,22,SEND_REMINDER,0
0.6,0.5,2489.87,UPI,HDFC,BANK_TIMEOUT,20,RETRY_LATER,0
0.7291666666666666,0.6153846153846154,8475.0,WALLET,SBI,INSUFFICIENT_FUNDS,16,RETRY_LATER,0
0.0,1.0,5439.6,WALLET,YESBANK,LIMIT_EXCEEDED,0,RETRY_NOW,0
0.7699115044247787,0.5769230769230769,2689.92,UPI,AXIS,INSUFFICIENT_FUNDS,21,NO_ACTION,0
0.6875,0.7,5068.77,WALLET,ICICI,NETWORK_ERROR,7,RETRY_LATER,1
0.7254901960784313,0.42857142857142855,4196.11,UPI,YESBANK,NETWORK_ERROR,12,RETRY_NOW,0
0.6956521739130435,0.5714285714285714,9643.37,WALLET,YESBANK,INSUFFICIENT_FUNDS,19,SEND_REMINDER,1
0.8,1.0,8359.37,UPI,AXIS,CARD_EXPIRED,18,RETRY_LATER,0
0.8,0.5,8187.35,CARD,ICICI,BANK_TIMEOUT,13,NO_ACTION,0
0.6111111111111112,0.5714285714285714,7113.55,CARD,KOTAK,INSUFFICIENT_FUNDS,5,SEND_REMINDER,1
0.775,0.4444444444444444,3328.7,CARD,SBI,INSUFFICIENT_FUNDS,19,SEND_REMINDER,1
0.8695652173913043,1.0,7209.69,CARD,HDFC,NETWORK_ERROR,4,RETRY_LATER,1
0.6557377049180327,0.38095238095238093,5125.78,WALLET,AXIS,BANK_TIMEOUT,5,NO_ACTION,0
0.8048780487804879,0.125,6440.34,UPI,YESBANK,AUTHENTICATION_FAILED,0,RETRY_NOW,0
0.5,0.0,3584.87,UPI,KOTAK,NETWORK_ERROR,15,NO_ACTION,0
0.7254901960784313,0.42857142857142855,632.69,NETBANKING,AXIS,BANK_TIMEOUT,6,RETRY_LATER,1
0.8028169014084507,0.5,7734.36,UPI,HDFC,CARD_EXPIRED,11,NO_ACTION,0
0.6923076923076923,0.5,556.63,NETBANKING,AXIS,LIMIT_EXCEEDED,11,RETRY_NOW,0
0.65,0.5,1523.07,UPI,ICICI,CARD_EXPIRED,2,RETRY_LATER,0
0.8214285714285714,0.4,8493.98,WALLET,AXIS,CARD_EXPIRED,17,RETRY_LATER,0
0.8888888888888888,0.0,6482.48,NETBANKING,ICICI,AUTHENTICATION_FAILED,22,RETRY_NOW,0
0.8823529411764706,0.5,330.37,NETBANKING,KOTAK,CARD_EXPIRED,12,NO_ACTION,0
0.6842105263157895,0.5833333333333334,6505.92,WALLET,SBI,AUTHENTICATION_FAILED,9,RETRY_NOW,0
0.7551020408163265,0.75,6568.57,NETBANKING,YESBANK,CARD_EXPIRED,9,SEND_REMINDER,1
0.65,0.2857142857142857,4984.54,CARD,SBI,NETWORK_ERROR,5,NO_ACTION,0
0.8,0.6363636363636364,8310.44,NETBANKING,SBI,INSUFFICIENT_FUNDS,6,SEND_REMINDER,1
0.7407407407407407,0.42857142857142855,6634.97,CARD,HDFC,BANK_TIMEOUT,15,SEND_REMINDER,1
0.6938775510204082,0.4666666666666667,717.81,WALLET,SBI,INSUFFICIENT_FUNDS,6,SEND_REMINDER,0
0.6818181818181818,0.2857142857142857,5864.48,UPI,HDFC,NETWORK_ERROR,12,SEND_REMINDER,0
0.0,1.0,2613.81,UPI,ICICI,LIMIT_EXCEEDED,18,RETRY_LATER,1
0.8214285714285714,0.35,6959.24,WALLET,AXIS,AUTHENTICATION_FAILED,21,RETRY_LATER,0
0.6296296296296297,0.6666666666666666,2348.96,CARD,SBI,AUTHENTICATION_FAILED,4,SEND_REMINDER,1
0.8181818181818182,0.5,6806.86,WALLET,YESBANK,BANK_TIMEOUT,14,NO_ACTION,0
0.7647058823529411,0.75,9925.27,UPI,SBI,CARD_EXPIRED,5,SEND_REMINDER,1
0.6486486486486487,0.46153846153846156,1685.88,UPI,KOTAK,BANK_TIMEOUT,18,RETRY_LATER,1
0.0,0.0,6049.49,CARD,ICICI,CARD_EXPIRED,7,RETRY_NOW,0
0.7241379310344828,0.75,772.89,CARD,KOTAK,CARD_EXPIRED,10,NO_ACTION,0
0.5,0.5,9438.18,WALLET,HDFC,BANK_TIMEOUT,13,RETRY_LATER,0
0.88,0.6666666666666666,966.98,UPI,SBI,CARD_EXPIRED,6,RETRY_LATER,0
0.5517241379310345,0.46153846153846156,6859.38,UPI,SBI,LIMIT_EXCEEDED,17,NO_ACTION,0
0.7391304347826086,0.5,3118.81,NETBANKING,ICICI,LIMIT_EXCEEDED,10,RETRY_NOW,1
0.8275862068965517,0.4,7009.83,UPI,HDFC,NETWORK_ERROR,21,SEND_REMINDER,1
0.8333333333333334,0.42857142857142855,223.53,NETBANKING,ICICI,LIMIT_EXCEEDED,15,NO_ACTION,0
0.6590909090909091,0.5333333333333333,9109.3,NETBANKING,KOTAK,AUTHENTICATION_FAILED,18,SEND_REMINDER,0
0.5972222222222222,0.5862068965517241,1053.15,WALLET,HDFC,AUTHENTICATION_FAILED,22,NO_ACTION,0
0.9298245614035088,0.5,6039.39,UPI,KOTAK,LIMIT_EXCEEDED,6,SEND_REMINDER,0
0.7327586206896551,0.6129032258064516,7246.64,CARD,AXIS,INSUFFICIENT_FUNDS,20,SEND_REMINDER,1
0.7959183673469388,0.8,6393.39,WALLET,KOTAK,AUTHENTICATION_FAILED,13,RETRY_LATER,1
0.6111111111111112,0.5,518.55,NETBANKING,KOTAK,NETWORK_ERROR,20,NO_ACTION,0
0.7301587301587301,0.5882352941176471,2337.42,CARD,YESBANK,INSUFFICIENT_FUNDS,7,NO_ACTION,0
0.7894736842105263,0.75,6867.36,WALLET,KOTAK,NETWORK_ERROR,2,NO_ACTION,0
0.4,0.6666666666666666,4330.56,NETBANKING,SBI,LIMIT_EXCEEDED,12,SEND_REMINDER,0
0.7746478873239436,0.625,4851.39,NETBANKING,KOTAK,AUTHENTICATION_FAILED,19,RETRY_NOW,0
0.8125,0.3333333333333333,3955.46,WALLET,HDFC,BANK_TIMEOUT,16,NO_ACTION,0
0.6875,0.44,8421.82,WALLET,KOTAK,NETWORK_ERROR,6,RETRY_NOW,1
0.8260869565217391,0.75,7418.13,WALLET,HDFC,BANK_TIMEOUT,8,SEND_REMINDER,1
0.8723404255319149,0.5,8371.65,WALLET,ICICI,LIMIT_EXCEEDED,0,SEND_REMINDER,0
0.7560975609756098,0.6,4557.84,NETBANKING,HDFC,BANK_TIMEOUT,2,RETRY_LATER,1
0.7868852459016393,0.38461538461538464,3245.68,WALLET,KOTAK,AUTHENTICATION_FAILED,8,RETRY_NOW,0
0.5609756097560976,0.5,3717.54,NETBANKING,AXIS,INSUFFICIENT_FUNDS,1,RETRY_NOW,1
0.803921568627451,0.5,6798.17,UPI,HDFC,INSUFFICIENT_FUNDS,14,SEND_REMINDER,0
0.7777777777777778,0.5,7309.95,WALLET,KOTAK,CARD_EXPIRED,1,RETRY_LATER,0
0.8585858585858586,0.5,2773.09,UPI,AXIS,LIMIT_EXCEEDED,14,RETRY_NOW,0
0.6666666666666666,0.0,897.74,WALLET,HDFC,CARD_EXPIRED,15,RETRY_NOW,0
0.0,0.0,5570.62,WALLET,AXIS,BANK_TIMEOUT,22,RETRY_LATER,1
0.6938775510204082,0.4,9971.28,UPI,KOTAK,INSUFFICIENT_FUNDS,9,RETRY_NOW,0
0.875,0.38461538461538464,4932.17,NETBANKING,ICICI,INSUFFICIENT_FUNDS,18,RETRY_NOW,0
0.8524590163934426,0.4444444444444444,1374.31,WALLET,YESBANK,NETWORK_ERROR,8,NO_ACTION,0
0.9333333333333333,0.0,5959.18,CARD,HDFC,INSUFFICIENT_FUNDS,23,SEND_REMINDER,0
0.7619047619047619,0.4,6614.15,CARD,ICICI,CARD_EXPIRED,10,SEND_REMINDER,1
0.9230769230769231,1.0,6516.34,CARD,YESBANK,INSUFFICIENT_FUNDS,16,NO_ACTION,0
0.6666666666666666,0.2631578947368421,9794.27,WALLET,AXIS,BANK_TIMEOUT,8,RETRY_NOW,0
0.744,0.46875,3213.7,NETBANKING,YESBANK,BANK_TIMEOUT,11,RETRY_NOW,1
0.8260869565217391,0.5,1912.17,NETBANKING,KOTAK,BANK_TIMEOUT,20,RETRY_NOW,1
0.4444444444444444,0.6,2874.58,UPI,KOTAK,LIMIT_EXCEEDED,8,NO_ACTION,0
0.6666666666666666,0.29411764705882354,4541.49,WALLET,HDFC,CARD_EXPIRED,23,SEND_REMINDER,1
0.8536585365853658,0.5,5386.96,NETBANKING,KOTAK,AUTHENTICATION_FAILED,7,SEND_REMINDER,0
0.6941176470588235,0.5384615384615384,337.55,NETBANKING,ICICI,NETWORK_ERROR,18,SEND_REMINDER,1
0.927710843373494,0.3333333333333333,9407.37,UPI,YESBANK,BANK_TIMEOUT,1,NO_ACTION,0
0.9230769230769231,1.0,9803.33,CARD,KOTAK,BANK_TIMEOUT,9,SEND_REMINDER,0
0.8,0.6363636363636364,8310.44,NETBANKING,SBI,INSUFFICIENT_FUNDS,6,RETRY_NOW,0
0.8181818181818182,0.625,3368.74,WALLET,HDFC,BANK_TIMEOUT,20,NO_ACTION,0
0.94,0.3333333333333333,3686.16,NETBANKING,AXIS,NETWORK_ERROR,7,RETRY_NOW,0
0.8181818181818182,0.5,6256.2,WALLET,KOTAK,BANK_TIMEOUT,18,RETRY_LATER,1
0.7619047619047619,0.0,4166.12,UPI,YESBANK,BANK_TIMEOUT,16,RETRY_NOW,1
0.9166666666666666,0.0,2527.66,CARD,YESBANK,LIMIT_EXCEEDED,0,RETRY_LATER,0
0.7631578947368421,0.4444444444444444,3425.15,CARD,YESBANK,CARD_EXPIRED,12,SEND_REMINDER,0
0.375,0.4,2926.26,CARD,KOTAK,LIMIT_EXCEEDED,20,RETRY_LATER,0
0.82,0.6666666666666666,4630.87,CARD,YESBANK,BANK_TIMEOUT,6,NO_ACTION,0
0.5909090909090909,0.5277777777777778,790.73,WALLET,YESBANK,INSUFFICIENT_FUNDS,21,RETRY_NOW,1
0.7894736842105263,0.5,4859.68,UPI,AXIS,BANK_TIMEOUT,12,RETRY_LATER,1
0.5454545454545454,0.0,4338.51,UPI,YESBANK,LIMIT_EXCEEDED,13,NO_ACTION,0
0.6956521739130435,0.42857142857142855,9617.26,CARD,HDFC,AUTHENTICATION_FAILED,9,NO_ACTION,0
0.6285714285714286,0.15384615384615385,2698.63,WALLET,SBI,CARD_EXPIRED,13,NO_ACTION,0
0.6363636363636364,0.25,9718.27,NETBANKING,ICICI,NETWORK_ERROR,14,NO_ACTION,0
0.7857142857142857,0.5833333333333334,9746.57,UPI,ICICI,BANK_TIMEOUT,9,NO_ACTION,0
0.0,0.0,137.95,UPI,KOTAK,INSUFFICIENT_FUNDS,8,SEND_REMINDER,0
0.625,0.5833333333333334,3574.33,WALLET,AXIS,INSUFFICIENT_FUNDS,12,SEND_REMINDER,0
0.9347826086956522,0.6666666666666666,7489.31,CARD,SBI,NETWORK_ERROR,1,SEND_REMINDER,1
0.8933333333333333,0.25,5189.41,CARD,AXIS,AUTHENTICATION_FAILED,9,SEND_REMINDER,1
0.7058823529411765,0.4,807.28,WALLET,HDFC,NETWORK_ERROR,2,SEND_REMINDER,1
0.7083333333333334,0.42857142857142855,650.6,UPI,KOTAK,NETWORK_ERROR,20,RETRY_NOW,1
0.75,0.3333333333333333,9226.23,CARD,KOTAK,INSUFFICIENT_FUNDS,0,NO_ACTION,0
0.7280701754385965,0.6451612903225806,5297.02,WALLET,KOTAK,BANK_TIMEOUT,1,RETRY_NOW,1
0.6818181818181818,0.7142857142857143,1234.65,NETBANKING,SBI,LIMIT_EXCEEDED,14,RETRY_NOW,0
0.5333333333333333,0.2857142857142857,4596.01,UPI,ICICI,INSUFFICIENT_FUNDS,21,RETRY_NOW,0
0.6956521739130435,0.5714285714285714,5435.89,UPI,KOTAK,INSUFFICIENT_FUNDS,9,NO_ACTION,0
0.7301587301587301,0.5882352941176471,2337.42,CARD,YESBANK,INSUFFICIENT_FUNDS,7,RETRY_NOW,1
0.6904761904761905,0.5384615384615384,9895.32,CARD,HDFC,BANK_TIMEOUT,0,RETRY_LATER,1
0.881578947368421,0.5555555555555556,6852.11,WALLET,AXIS,BANK_TIMEOUT,9,SEND_REMINDER,0
0.6,0.625,7137.92,WALLET,ICICI,INSUFFICIENT_FUNDS,3,RETRY_NOW,0
0.7391304347826086,0.4583333333333333,8750.48,UPI,SBI,INSUFFICIENT_FUNDS,21,SEND_REMINDER,1
0.6666666666666666,0.75,1699.0,UPI,ICICI,NETWORK_ERROR,9,SEND_REMINDER,1
0.55,0.4444444444444444,4698.25,UPI,SBI,CARD_EXPIRED,21,NO_ACTION,0
0.4,0.6666666666666666,4594.55,UPI,YESBANK,BANK_TIMEOUT,16,RETRY_LATER,0
0.8518518518518519,0.5,2009.95,WALLET,ICICI,LIMIT_EXCEEDED,7,RETRY_LATER,1
0.6216216216216216,0.42857142857142855,4793.12,UPI,YESBANK,CARD_EXPIRED,23,SEND_REMINDER,1
0.7391304347826086,0.5,7691.91,CARD,KOTAK,LIMIT_EXCEEDED,13,RETRY_NOW,1
0.6923076923076923,0.0,4066.49,CARD,HDFC,INSUFFICIENT_FUNDS,5,RETRY_LATER,0
0.8235294117647058,0.6666666666666666,6513.76,UPI,SBI,BANK_TIMEOUT,0,RETRY_NOW,1
0.5,0.0,1960.55,CARD,KOTAK,AUTHENTICATION_FAILED,19,SEND_REMINDER,1
0.6153846153846154,0.2,8733.0,CARD,HDFC,LIMIT_EXCEEDED,18,RETRY_LATER,1
0.9166666666666666,0.0,7006.86,NETBANKING,ICICI,LIMIT_EXCEEDED,22,SEND_REMINDER,0
0.8301886792452831,0.5555555555555556,7604.62,NETBANKING,HDFC,LIMIT_EXCEEDED,22,SEND_REMINDER,0
0.8484848484848485,0.5,7475.87,UPI,YESBANK,LIMIT_EXCEEDED,6,RETRY_NOW,0
0.475,0.42857142857142855,8252.47,NETBANKING,SBI,NETWORK_ERROR,8,SEND_REMINDER,0
0.7551020408163265,0.75,8461.75,CARD,AXIS,BANK_TIMEOUT,7,SEND_REMINDER,0
0.6764705882352942,0.45454545454545453,5363.85,CARD,YESBANK,AUTHENTICATION_FAILED,0,NO_ACTION,0
0.625,0.6666666666666666,2132.35,UPI,HDFC,INSUFFICIENT_FUNDS,8,RETRY_LATER,0
0.8571428571428571,1.0,7829.38,WALLET,AXIS,AUTHENTICATION_FAILED,14,NO_ACTION,0
0.75,0.5,8239.6,UPI,AXIS,AUTHENTICATION_FAILED,17,SEND_REMINDER,1
0.65,0.2857142857142857,2938.5,NETBANKING,SBI,NETWORK_ERROR,9,RETRY_NOW,1
0.7926829268292683,0.5294117647058824,8130.89,CARD,KOTAK,CARD_EXPIRED,21,NO_ACTION,0
0.75,0.8333333333333334,3144.98,UPI,ICICI,BANK_TIMEOUT,8,NO_ACTION,0
0.7777777777777778,0.5,8102.82,UPI,AXIS,AUTHENTICATION_FAILED,14,SEND_REMINDER,0
0.6956521739130435,0.2857142857142857,7943.37,CARD,SBI,NETWORK_ERROR,10,SEND_REMINDER,0
0.65625,0.18181818181818182,8876.03,UPI,SBI,AUTHENTICATION_FAILED,0,SEND_REMINDER,1
0.7808219178082192,0.5625,7347.96,UPI,HDFC,INSUFFICIENT_FUNDS,1,RETRY_NOW,0
0.8125,0.3333333333333333,694.57,CARD,SBI,CARD_EXPIRED,23,NO_ACTION,0
0.890625,0.5714285714285714,3856.9,UPI,YESBANK,LIMIT_EXCEEDED,18,SEND_REMINDER,0
0.6875,0.8,9420.22,NETBANKING,AXIS,BANK_TIMEOUT,22,RETRY_NOW,0
0.8736842105263158,0.4166666666666667,8966.29,CARD,AXIS,BANK_TIMEOUT,22,SEND_REMINDER,1
0.8064516129032258,0.8333333333333334,7255.79,WALLET,ICICI,CARD_EXPIRED,1,SEND_REMINDER,0
0.8,0.5294117647058824,1954.76,NETBANKING,ICICI,AUTHENTICATION_FAILED,13,RETRY_LATER,1
0.7666666666666667,0.5238095238095238,5785.26,CARD,KOTAK,LIMIT_EXCEEDED,22,RETRY_LATER,1
0.8305084745762712,0.3,3380.07,NETBANKING,SBI,LIMIT_EXCEEDED,16,RETRY_LATER,0
0.5555555555555556,0.75,3740.74,UPI,KOTAK,NETWORK_ERROR,5,NO_ACTION,0
0.6865671641791045,0.42857142857142855,175.28,CARD,AXIS,INSUFFICIENT_FUNDS,14,RETRY_NOW,0
0.6785714285714286,0.1111111111111111,3077.26,CARD,AXIS,INSUFFICIENT_FUNDS,23,SEND_REMINDER,1
0.7142857142857143,0.5,7179.9,NETBANKING,SBI,LIMIT_EXCEEDED,0,RETRY_NOW,0
0.65625,0.18181818181818182,1652.39,UPI,SBI,CARD_EXPIRED,4,SEND_REMINDER,1
0.45454545454545453,0.3333333333333333,4701.0,WALLET,YESBANK,LIMIT_EXCEEDED,7,RETRY_NOW,0
0.6721311475409836,0.45,9537.84,CARD,HDFC,LIMIT_EXCEEDED,20,SEND_REMINDER,1
0.8024691358024691,0.5625,1633.59,NETBANKING,KOTAK,BANK_TIMEOUT,20,RETRY_LATER,0
0.7551020408163265,0.75,5017.39,UPI,AXIS,INSUFFICIENT_FUNDS,7,SEND_REMINDER,1
0.8,0.5,1549.57,WALLET,HDFC,CARD_EXPIRED,11,NO_ACTION,0
0.9166666666666666,0.3333333333333333,6267.55,NETBANKING,ICICI,AUTHENTICATION_FAILED,16,RETRY_LATER,0
0.6666666666666666,0.391304347826087,8238.08,WALLET,KOTAK,INSUFFICIENT_FUNDS,16,NO_ACTION,0
0.8444444444444444,0.5714285714285714,4839.18,WALLET,ICICI,AUTHENTICATION_FAILED,9,NO_ACTION,0
0.6923076923076923,0.3888888888888889,7873.52,NETBANKING,YESBANK,NETWORK_ERROR,15,RETRY_LATER,1
0.6376811594202898,0.48,6565.17,CARD,SBI,BANK_TIMEOUT,15,SEND_REMINDER,0
0.5833333333333334,0.4,7686.2,NETBANKING,ICICI,NETWORK_ERROR,12,RETRY_LATER,0
0.8,1.0,9468.45,CARD,YESBANK,INSUFFICIENT_FUNDS,18,SEND_REMINDER,1
0.6666666666666666,0.5,3152.07,UPI,SBI,INSUFFICIENT_FUNDS,0,NO_ACTION,0
0.7,0.3333333333333333,1847.71,WALLET,SBI,CARD_EXPIRED,13,NO_ACTION,0
0.7931034482758621,0.6666666666666666,7813.23,NETBANKING,YESBANK,LIMIT_EXCEEDED,18,RETRY_NOW,1
0.6,0.625,7137.92,WALLET,ICICI,INSUFFICIENT_FUNDS,3,RETRY_LATER,1
0.7804878048780488,0.5555555555555556,8842.17,UPI,ICICI,INSUFFICIENT_FUNDS,17,NO_ACTION,0
0.7777777777777778,0.5,1701.54,UPI,SBI,AUTHENTICATION_FAILED,20,RETRY_NOW,0
0.6716417910447762,0.4090909090909091,9078.01,NETBANKING,YESBANK,NETWORK_ERROR,17,SEND_REMINDER,0
0.7906976744186046,0.6666666666666666,8829.22,WALLET,ICICI,CARD_EXPIRED,17,RETRY_LATER,0
0.7407407407407407,0.2857142857142857,5659.69,CARD,KOTAK,AUTHENTICATION_FAILED,18,RETRY_LATER,0
0.6634615384615384,0.5428571428571428,635.72,UPI,HDFC,CARD_EXPIRED,11,RETRY_LATER,0
0.7837837837837838,0.3125,8049.49,WALLET,YESBANK,LIMIT_EXCEEDED,21,RETRY_NOW,0
0.5833333333333334,0.6,2714.24,NETBANKING,ICICI,NETWORK_ERROR,20,RETRY_LATER,0
0.7727272727272727,0.2,1539.48,UPI,ICICI,CARD_EXPIRED,10,SEND_REMINDER,1
0.7835051546391752,0.5714285714285714,9486.18,NETBANKING,HDFC,LIMIT_EXCEEDED,11,SEND_REMINDER,0
0.6705882352941176,0.5,1991.29,WALLET,HDFC,INSUFFICIENT_FUNDS,14,NO_ACTION,0
0.7777777777777778,0.5,567.18,WALLET,HDFC,NETWORK_ERROR,6,NO_ACTION,0
0.35714285714285715,0.6111111111111112,1742.5,WALLET,ICICI,LIMIT_EXCEEDED,7,RETRY_LATER,0
0.7804878048780488,0.5555555555555556,8323.64,UPI,SBI,NETWORK_ERROR,2,SEND_REMINDER,0
0.8604651162790697,0.3333333333333333,8505.06,WALLET,ICICI,LIMIT_EXCEEDED,23,RETRY_NOW,1
0.625,0.6666666666666666,1568.22,UPI,HDFC,LIMIT_EXCEEDED,18,RETRY_NOW,1
0.5,0.5,7847.62,UPI,SBI,AUTHENTICATION_FAILED,23,RETRY_NOW,0
0.7,0.6666666666666666,2441.81,CARD,HDFC,NETWORK_ERROR,7,RETRY_NOW,0
0.8333333333333334,0.5,2899.66,NETBANKING,AXIS,CARD_EXPIRED,23,SEND_REMINDER,1
0.926829268292683,1.0,7400.75,NETBANKING,ICICI,AUTHENTICATION_FAILED,21,NO_ACTION,0
0.8571428571428571,0.0,173.4,WALLET,AXIS,LIMIT_EXCEEDED,18,RETRY_NOW,0
0.7857142857142857,0.3333333333333333,5945.69,NETBANKING,SBI,BANK_TIMEOUT,18,NO_ACTION,0
0.45454545454545453,0.5,2170.31,CARD,KOTAK,BANK_TIMEOUT,0,SEND_REMINDER,1
0.6373626373626373,0.45454545454545453,702.4,WALLET,ICICI,INSUFFICIENT_FUNDS,8,RETRY_NOW,1
0.7927927927927928,0.6956521739130435,8526.75,CARD,ICICI,NETWORK_ERROR,16,RETRY_LATER,1
0.5,0.3333333333333333,1062.93,NETBANKING,ICICI,CARD_EXPIRED,15,NO_ACTION,0
0.7333333333333333,0.3333333333333333,1860.99,NETBANKING,SBI,BANK_TIMEOUT,1,NO_ACTION,0
0.5217391304347826,0.5454545454545454,9244.98,UPI,YESBANK,LIMIT_EXCEEDED,10,SEND_REMINDER,0
0.8421052631578947,0.5,269.98,CARD,YESBANK,AUTHENTICATION_FAILED,3,RETRY_LATER,1
0.9230769230769231,0.75,2813.01,CARD,ICICI,BANK_TIMEOUT,7,NO_ACTION,0
0.82,0.5555555555555556,6465.46,CARD,KOTAK,INSUFFICIENT_FUNDS,3,RETRY_LATER,1
0.875,0.3333333333333333,9269.89,WALLET,SBI,AUTHENTICATION_FAILED,11,SEND_REMINDER,1
0.5441176470588235,0.5483870967741935,369.17,WALLET,ICICI,LIMIT_EXCEEDED,3,SEND_REMINDER,0
0.7796610169491526,0.3076923076923077,3049.8,CARD,SBI,AUTHENTICATION_FAILED,18,RETRY_LATER,0
0.8055555555555556,0.14285714285714285,3709.35,WALLET,YESBANK,LIMIT_EXCEEDED,1,RETRY_LATER,1
0.5161290322580645,0.6,594.63,WALLET,HDFC,AUTHENTICATION_FAILED,21,SEND_REMINDER,0
0.75,0.5238095238095238,4652.49,UPI,ICICI,INSUFFICIENT_FUNDS,1,RETRY_NOW,0
0.8412698412698413,0.65,7851.95,WALLET,SBI,NETWORK_ERROR,2,NO_ACTION,0
0.8514851485148515,0.26666666666666666,5202.55,NETBANKING,AXIS,INSUFFICIENT_FUNDS,19,RETRY_LATER,1
0.9523809523809523,0.0,485.13,UPI,YESBANK,LIMIT_EXCEEDED,23,RETRY_NOW,0
0.6666666666666666,0.3333333333333333,6832.98,CARD,AXIS,CARD_EXPIRED,22,RETRY_NOW,0
0.8888888888888888,0.6666666666666666,6205.33,NETBANKING,ICICI,BANK_TIMEOUT,16,SEND_REMINDER,0
0.8571428571428571,0.5,3253.96,NETBANKING,KOTAK,CARD_EXPIRED,11,RETRY_LATER,1
0.7216494845360825,0.5185185185185185,2189.05,CARD,HDFC,BANK_TIMEOUT,1,RETRY_LATER,1
0.5555555555555556,0.4166666666666667,519.33,NETBANKING,ICICI,LIMIT_EXCEEDED,13,NO_ACTION,0
0.625,0.42857142857142855,4443.96,WALLET,SBI,AUTHENTICATION_FAILED,23,RETRY_LATER,0
0.7291666666666666,0.6153846153846154,8475.0,WALLET,SBI,INSUFFICIENT_FUNDS,16,RETRY_NOW,0
0.35714285714285715,0.6111111111111112,1742.5,WALLET,ICICI,LIMIT_EXCEEDED,7,NO_ACTION,0
0.6075949367088608,0.5483870967741935,6704.09,CARD,SBI,NETWORK_ERROR,3,RETRY_LATER,1
0.43333333333333335,0.4117647058823529,3026.03,WALLET,YESBANK,AUTHENTICATION_FAILED,23,SEND_REMINDER,0
0.6,0.5588235294117647,7896.24,NETBANKING,YESBANK,LIMIT_EXCEEDED,5,RETRY_NOW,0
0.625,0.3333333333333333,590.31,WALLET,YESBANK,AUTHENTICATION_FAILED,17,SEND_REMINDER,0
0.6938775510204082,0.4666666666666667,717.81,WALLET,SBI,INSUFFICIENT_FUNDS,6,RETRY_NOW,0
0.7954545454545454,0.5,8408.0,CARD,SBI,AUTHENTICATION_FAILED,22,SEND_REMINDER,0
0.66,0.5882352941176471,4077.64,WALLET,KOTAK,AUTHENTICATION_FAILED,3,RETRY_LATER,1
0.7647058823529411,0.5,7459.18,UPI,YESBANK,INSUFFICIENT_FUNDS,1,RETRY_NOW,1
0.8053097345132744,0.45454545454545453,4844.76,WALLET,KOTAK,BANK_TIMEOUT,11,RETRY_NOW,0
0.8,0.16666666666666666,3110.53,UPI,HDFC,BANK_TIMEOUT,15,NO_ACTION,0
0.8452380952380952,0.46153846153846156,7983.74,NETBANKING,AXIS,NETWORK_ERROR,3,SEND_REMINDER,1
0.9333333333333333,0.0,5959.18,CARD,HDFC,INSUFFICIENT_FUNDS,23,NO_ACTION,0
0.7931034482758621,0.6666666666666666,3467.6,CARD,SBI,LIMIT_EXCEEDED,20,NO_ACTION,0
0.8571428571428571,0.4,2061.0,CARD,HDFC,BANK_TIMEOUT,5,RETRY_LATER,1
0.855072463768116,0.6,9839.93,WALLET,YESBANK,INSUFFICIENT_FUNDS,11,NO_ACTION,0
0.6,0.0,8456.65,UPI,ICICI,LIMIT_EXCEEDED,15,RETRY_NOW,0
0.47368421052631576,0.3,5775.21,WALLET,HDFC,NETWORK_ERROR,16,SEND_REMINDER,0
0.8421052631578947,0.6666666666666666,8602.94,CARD,ICICI,LIMIT_EXCEEDED,17,SEND_REMINDER,1
0.9152542372881356,0.8,2107.75,WALLET,KOTAK,LIMIT_EXCEEDED,2,SEND_REMINDER,1
0.7457627118644068,0.5333333333333333,6080.65,CARD,KOTAK,BANK_TIMEOUT,21,RETRY_LATER,1
0.6666666666666666,1.0,6607.78,WALLET,KOTAK,LIMIT_EXCEEDED,2,RETRY_LATER,0
0.7301587301587301,0.5882352941176471,891.16,UPI,AXIS,CARD_EXPIRED,17,RETRY_LATER,0
0.7894736842105263,0.5,4859.68,UPI,AXIS,BANK_TIMEOUT,12,SEND_REMINDER,0
0.8068181818181818,0.47058823529411764,798.9,CARD,HDFC,LIMIT_EXCEEDED,6,NO_ACTION,0
0.6,0.4,1577.71,WALLET,KOTAK,AUTHENTICATION_FAILED,15,RETRY_NOW,1
0.75,0.4666666666666667,7599.54,CARD,YESBANK,BANK_TIMEOUT,6,NO_ACTION,0
0.863013698630137,0.7,8470.29,NETBANKING,SBI,AUTHENTICATION_FAILED,23,NO_ACTION,0
0.6666666666666666,0.0,897.74,WALLET,HDFC,CARD_EXPIRED,15,SEND_REMINDER,0
0.75,0.6818181818181818,1101.96,CARD,KOTAK,NETWORK_ERROR,13,RETRY_NOW,1
0.8387096774193549,0.0,3685.12,UPI,SBI,AUTHENTICATION_FAILED,5,RETRY_LATER,0
0.625,0.5238095238095238,2178.31,NETBANKING,YESBANK,NETWORK_ERROR,5,RETRY_LATER,1
0.631578947368421,0.21428571428571427,4295.8,UPI,KOTAK,INSUFFICIENT_FUNDS,22,RETRY_NOW,0
0.6363636363636364,0.5,2017.78,NETBANKING,KOTAK,BANK_TIMEOUT,16,NO_ACTION,0
0.6206896551724138,0.5,8013.98,WALLET,ICICI,BANK_TIMEOUT,0,SEND_REMINDER,0
0.875,1.0,7781.29,CARD,KOTAK,CARD_EXPIRED,19,NO_ACTION,0
0.75,0.8333333333333334,6518.06,NETBANKING,SBI,BANK_TIMEOUT,19,RETRY_LATER,1
0.8823529411764706,0.5,691.22,NETBANKING,ICICI,CARD_EXPIRED,6,RETRY_NOW,0
0.9,0.5,3183.32,UPI,KOTAK,AUTHENTICATION_FAILED,1,RETRY_LATER,1
0.65625,0.18181818181818182,1652.39,UPI,SBI,CARD_EXPIRED,4,RETRY_LATER,0
0.7681159420289855,0.5,6095.82,WALLET,HDFC,LIMIT_EXCEEDED,14,RETRY_LATER,0
0.7560975609756098,0.6,5192.99,CARD,KOTAK,BANK_TIMEOUT,1,SEND_REMINDER,0
0.5,0.3333333333333333,1485.9,WALLET,YESBANK,LIMIT_EXCEEDED,5,RETRY_LATER,0
0.6,0.6,8505.9,WALLET,YESBANK,BANK_TIMEOUT,15,NO_ACTION,0
0.7857142857142857,0.5,4432.9,CARD,SBI,NETWORK_ERROR,11,RETRY_NOW,1
0.8181818181818182,0.5,5986.24,NETBANKING,ICICI,CARD_EXPIRED,17,SEND_REMINDER,0
0.6304347826086957,0.35294117647058826,3945.85,UPI,AXIS,INSUFFICIENT_FUNDS,4,RETRY_NOW,0
0.6964285714285714,0.4117647058823529,7549.28,NETBANKING,KOTAK,INSUFFICIENT_FUNDS,12,NO_ACTION,0
0.6666666666666666,1.0,8518.38,CARD,HDFC,LIMIT_EXCEEDED,22,NO_ACTION,0
0.99,0.0,7230.85,WALLET,SBI,CARD_EXPIRED,21,RETRY_NOW,0
0.7307692307692307,0.6428571428571429,3066.98,UPI,HDFC,CARD_EXPIRED,10,NO_ACTION,0
0.7526881720430108,0.30434782608695654,9585.72,NETBANKING,KOTAK,NETWORK_ERROR,4,SEND_REMINDER,0
0.6666666666666666,0.4,5629.85,CARD,AXIS,AUTHENTICATION_FAILED,19,NO_ACTION,0
0.6875,0.5,7010.26,NETBANKING,YESBANK,LIMIT_EXCEEDED,12,NO_ACTION,0
0.5,0.6666666666666666,4327.49,UPI,ICICI,BANK_TIMEOUT,13,RETRY_NOW,0
0.88,0.6666666666666666,9650.46,NETBANKING,YESBANK,INSUFFICIENT_FUNDS,14,NO_ACTION,0
0.8333333333333334,0.42857142857142855,1873.33,CARD,SBI,CARD_EXPIRED,23,RETRY_NOW,0
0.5,0.0,6234.87,NETBANKING,AXIS,AUTHENTICATION_FAILED,9,RETRY_NOW,0
0.7413793103448276,0.5333333333333333,4664.0,CARD,AXIS,BANK_TIMEOUT,2,RETRY_LATER,1
0.8,0.375,1222.82,CARD,HDFC,AUTHENTICATION_FAILED,0,RETRY_NOW,0
0.75,0.5714285714285714,3524.04,CARD,KOTAK,NETWORK_ERROR,10,RETRY_LATER,0
0.6867469879518072,0.46153846153846156,5929.5,UPI,AXIS,LIMIT_EXCEEDED,9,SEND_REMINDER,0
0.7938144329896907,0.5,6987.29,UPI,HDFC,NETWORK_ERROR,0,RETRY_LATER,1
0.7833333333333333,0.5384615384615384,1611.95,CARD,YESBANK,CARD_EXPIRED,17,RETRY_LATER,1
0.7125,0.5217391304347826,8887.66,NETBANKING,YESBANK,INSUFFICIENT_FUNDS,18,NO_ACTION,0
0.7777777777777778,0.5,1669.09,CARD,HDFC,BANK_TIMEOUT,6,SEND_REMINDER,0
0.5384615384615384,0.8333333333333334,4685.97,UPI,HDFC,LIMIT_EXCEEDED,1,SEND_REMINDER,1
0.75,0.48148148148148145,1225.67,CARD,KOTAK,LIMIT_EXCEEDED,18,RETRY_NOW,1
0.7428571428571429,0.7777777777777778,9271.4,WALLET,SBI,CARD_EXPIRED,20,SEND_REMINDER,1
0.6575342465753424,0.56,4342.07,CARD,SBI,LIMIT_EXCEEDED,21,RETRY_NOW,0
0.5714285714285714,0.6,890.41,NETBANKING,KOTAK,NETWORK_ERROR,10,RETRY_LATER,1
0.759493670886076,0.5789473684210527,5338.36,WALLET,HDFC,BANK_TIMEOUT,0,RETRY_LATER,0
0.5,0.0,4348.9,NETBANKING,ICICI,BANK_TIMEOUT,8,RETRY_NOW,1
0.7931034482758621,0.5,834.61,UPI,ICICI,AUTHENTICATION_FAILED,12,RETRY_NOW,0
0.8529411764705882,0.6,5098.58,UPI,HDFC,LIMIT_EXCEEDED,9,SEND_REMINDER,1
0.813953488372093,0.375,4444.02,CARD,SBI,INSUFFICIENT_FUNDS,3,RETRY_LATER,1
0.7924528301886793,0.5454545454545454,1206.92,WALLET,YESBANK,LIMIT_EXCEEDED,22,RETRY_NOW,0
0.7692307692307693,0.6666666666666666,7180.77,CARD,HDFC,INSUFFICIENT_FUNDS,7,NO_ACTION,0
0.7962962962962963,0.36363636363636365,8062.61,CARD,HDFC,NETWORK_ERROR,15,RETRY_LATER,1
0.9210526315789473,0.3333333333333333,3148.23,UPI,KOTAK,INSUFFICIENT_FUNDS,7,NO_ACTION,0
0.6,0.7,6543.5,WALLET,SBI,CARD_EXPIRED,9,RETRY_NOW,1
0.9,0.5,4668.24,UPI,AXIS,NETWORK_ERROR,21,RETRY_LATER,1
0.8524590163934426,0.4444444444444444,1374.31,WALLET,YESBANK,NETWORK_ERROR,8,RETRY_LATER,0
0.8545454545454545,0.625,2328.65,CARD,KOTAK,NETWORK_ERROR,2,RETRY_NOW,1
0.75,0.7419354838709677,950.43,WALLET,YESBANK,INSUFFICIENT_FUNDS,22,RETRY_LATER,0
0.7692307692307693,0.0,6698.04,WALLET,AXIS,AUTHENTICATION_FAILED,1,RETRY_NOW,0
0.8333333333333334,0.5,2899.66,NETBANKING,AXIS,CARD_EXPIRED,23,RETRY_NOW,0
0.8387096774193549,0.6,9428.69,NETBANKING,YESBANK,INSUFFICIENT_FUNDS,21,NO_ACTION,0
0.664,0.5476190476190477,5076.04,UPI,AXIS,LIMIT_EXCEEDED,9,RETRY_NOW,0
0.9375,0.3333333333333333,8723.62,CARD,ICICI,BANK_TIMEOUT,11,SEND_REMINDER,0
0.7692307692307693,0.5,2318.34,UPI,HDFC,INSUFFICIENT_FUNDS,8,RETRY_LATER,0
0.84,0.75,2390.75,NETBANKING,HDFC,NETWORK_ERROR,16,RETRY_LATER,1
0.746031746031746,0.5625,6969.73,WALLET,ICICI,INSUFFICIENT_FUNDS,21,RETRY_NOW,0
0.6904761904761905,0.23076923076923078,9783.66,CARD,ICICI,AUTHENTICATION_FAILED,22,RETRY_LATER,0
0.7391304347826086,0.3333333333333333,9721.83,NETBANKING,KOTAK,INSUFFICIENT_FUNDS,12,RETRY_NOW,0
0.8125,0.6666666666666666,3075.06,WALLET,AXIS,CARD_EXPIRED,6,RETRY_NOW,0
0.5,0.75,4785.21,CARD,HDFC,BANK_TIMEOUT,11,RETRY_NOW,0
0.5806451612903226,0.46153846153846156,8985.62,UPI,HDFC,AUTHENTICATION_FAILED,22,NO_ACTION,0
0.6351351351351351,0.3333333333333333,9333.27,WALLET,SBI,INSUFFICIENT_FUNDS,18,NO_ACTION,0
0.8,0.375,2248.37,CARD,AXIS,CARD_EXPIRED,2,RETRY_LATER,0
0.0,0.0,1750.4,NETBANKING,KOTAK,NETWORK_ERROR,9,NO_ACTION,0
0.8,0.42857142857142855,1438.27,UPI,YESBANK,INSUFFICIENT_FUNDS,10,RETRY_NOW,0
0.6029411764705882,0.4074074074074074,2163.08,UPI,ICICI,INSUFFICIENT_FUNDS,0,RETRY_LATER,0
0.6867469879518072,0.46153846153846156,7420.54,WALLET,SBI,NETWORK_ERROR,16,SEND_REMINDER,0
0.7333333333333333,0.5,4444.04,NETBANKING,SBI,AUTHENTICATION_FAILED,9,NO_ACTION,0
0.7777777777777778,1.0,8470.48,CARD,HDFC,NETWORK_ERROR,2,RETRY_LATER,1
0.6615384615384615,0.45454545454545453,7165.05,WALLET,KOTAK,AUTHENTICATION_FAILED,5,RETRY_LATER,0
0.8,0.5,1549.57,WALLET,HDFC,CARD_EXPIRED,11,RETRY_LATER,1
0.6511627906976745,0.26666666666666666,8470.97,CARD,ICICI,AUTHENTICATION_FAILED,0,NO_ACTION,0
0.6666666666666666,0.5,2904.74,UPI,KOTAK,CARD_EXPIRED,10,SEND_REMINDER,0
0.5,0.0,2947.16,NETBANKING,SBI,AUTHENTICATION_FAILED,10,RETRY_LATER,1
0.6981132075471698,0.375,7144.46,NETBANKING,YESBANK,CARD_EXPIRED,15,RETRY_LATER,1
0.796875,0.46153846153846156,818.11,UPI,KOTAK,AUTHENTICATION_FAILED,23,RETRY_LATER,1
0.7777777777777778,0.625,2654.68,NETBANKING,HDFC,BANK_TIMEOUT,11,RETRY_LATER,1
0.9428571428571428,0.5,3638.84,NETBANKING,KOTAK,NETWORK_ERROR,17,NO_ACTION,0
0.7722772277227723,0.5652173913043478,1627.32,WALLET,YESBANK,CARD_EXPIRED,13,RETRY_LATER,0
0.5,0.0,2243.5,UPI,AXIS,NETWORK_ERROR,19,NO_ACTION,0
0.7476635514018691,0.4444444444444444,1725.4,WALLET,ICICI,CARD_EXPIRED,19,RETRY_LATER,0
0.7407407407407407,0.7142857142857143,2195.59,WALLET,ICICI,NETWORK_ERROR,2,RETRY_NOW,1
0.7407407407407407,0.35714285714285715,4652.3,CARD,SBI,AUTHENTICATION_FAILED,16,RETRY_LATER,0
0.725,0.45454545454545453,1377.45,UPI,KOTAK,CARD_EXPIRED,14,RETRY_NOW,1
0.631578947368421,0.5714285714285714,5911.8,UPI,SBI,BANK_TIMEOUT,13,SEND_REMINDER,1
0.680327868852459,0.38461538461538464,8295.33,WALLET,ICICI,INSUFFICIENT_FUNDS,3,RETRY_NOW,0
0.797979797979798,0.4,5366.24,UPI,HDFC,NETWORK_ERROR,5,RETRY_LATER,0
0.7692307692307693,0.6666666666666666,8023.01,CARD,YESBANK,AUTHENTICATION_FAILED,3,NO_ACTION,0
0.9779411764705882,0.6666666666666666,7679.17,UPI,HDFC,AUTHENTICATION_FAILED,17,SEND_REMINDER,1
0.5217391304347826,0.5454545454545454,9244.98,UPI,YESBANK,LIMIT_EXCEEDED,10,RETRY_LATER,1
0.8524590163934426,0.4444444444444444,2420.1,CARD,SBI,INSUFFICIENT_FUNDS,2,RETRY_NOW,0
0.7333333333333333,0.75,6117.43,UPI,HDFC,INSUFFICIENT_FUNDS,14,RETRY_LATER,0
0.5,0.5,7188.35,UPI,HDFC,BANK_TIMEOUT,1,SEND_REMINDER,0
0.8888888888888888,0.0,6482.48,NETBANKING,ICICI,AUTHENTICATION_FAILED,22,RETRY_LATER,0
0.7777777777777778,0.5,5914.7,NETBANKING,HDFC,AUTHENTICATION_FAILED,15,RETRY_NOW,0
0.7397260273972602,0.42105263157894735,7261.26,CARD,YESBANK,AUTHENTICATION_FAILED,15,NO_ACTION,0
0.6756756756756757,0.3333333333333333,4214.95,NETBANKING,YESBANK,BANK_TIMEOUT,14,RETRY_LATER,1
0.8260869565217391,0.5,6949.01,WALLET,KOTAK,LIMIT_EXCEEDED,1,NO_ACTION,0
0.9230769230769231,1.0,3997.61,UPI,YESBANK,CARD_EXPIRED,10,SEND_REMINDER,1
0.7560975609756098,0.6,3998.69,WALLET,KOTAK,BANK_TIMEOUT,19,RETRY_LATER,0
0.9428571428571428,0.5,8166.18,NETBANKING,AXIS,INSUFFICIENT_FUNDS,21,SEND_REMINDER,1
0.9,0.5,2044.13,UPI,HDFC,CARD_EXPIRED,4,RETRY_NOW,1
0.6666666666666666,0.29411764705882354,4541.49,WALLET,HDFC,CARD_EXPIRED,23,NO_ACTION,0
0.75,1.0,7134.11,NETBANKING,ICICI,NETWORK_ERROR,6,RETRY_LATER,1
0.7894736842105263,0.4166666666666667,6266.29,UPI,AXIS,BANK_TIMEOUT,11,SEND_REMINDER,1
0.9473684210526315,1.0,917.73,CARD,SBI,INSUFFICIENT_FUNDS,12,NO_ACTION,0
0.56,0.45454545454545453,8642.58,UPI,AXIS,NETWORK_ERROR,15,RETRY_LATER,0
0.8421052631578947,1.0,7874.65,UPI,HDFC,AUTHENTICATION_FAILED,23,SEND_REMINDER,1
0.7441860465116279,0.5454545454545454,3279.27,NETBANKING,AXIS,CARD_EXPIRED,18,SEND_REMINDER,1
0.6666666666666666,0.3333333333333333,6832.98,CARD,AXIS,CARD_EXPIRED,22,SEND_REMINDER,1
0.6666666666666666,0.5,8660.93,UPI,HDFC,NETWORK_ERROR,18,RETRY_NOW,1
0.7058823529411765,0.4,1802.02,NETBANKING,SBI,AUTHENTICATION_FAILED,15,RETRY_LATER,1
0.782608695652174,0.4,8380.62,WALLET,YESBANK,AUTHENTICATION_FAILED,6,RETRY_LATER,0
0.9243697478991597,0.5555555555555556,7348.29,NETBANKING,SBI,LIMIT_EXCEEDED,4,RETRY_LATER,0
0.9032258064516129,0.3333333333333333,722.22,NETBANKING,HDFC,AUTHENTICATION_FAILED,0,RETRY_NOW,1
0.9615384615384616,0.6666666666666666,7021.45,UPI,YESBANK,AUTHENTICATION_FAILED,13,SEND_REMINDER,1
0.6938775510204082,0.4,9971.28,UPI,KOTAK,INSUFFICIENT_FUNDS,9,SEND_REMINDER,1
0.6875,0.5333333333333333,3804.45,CARD,HDFC,LIMIT_EXCEEDED,23,NO_ACTION,0
0.6515151515151515,0.6086956521739131,9298.28,NETBANKING,SBI,INSUFFICIENT_FUNDS,5,SEND_REMINDER,1
0.0,0.0,8306.32,NETBANKING,SBI,CARD_EXPIRED,13,RETRY_LATER,0
0.7819548872180451,0.4482758620689655,5001.02,WALLET,SBI,CARD_EXPIRED,12,RETRY_LATER,0
0.8173913043478261,0.47619047619047616,5583.15,CARD,YESBANK,CARD_EXPIRED,3,NO_ACTION,0
0.7313432835820896,0.6111111111111112,6504.07,WALLET,AXIS,INSUFFICIENT_FUNDS,9,SEND_REMINDER,0
0.6578947368421053,0.7692307692307693,9581.8,CARD,SBI,NETWORK_ERROR,17,NO_ACTION,0
0.8636363636363636,0.3333333333333333,8325.4,WALLET,KOTAK,AUTHENTICATION_FAILED,16,SEND_REMINDER,0
0.8297872340425532,0.5,3994.71,UPI,SBI,AUTHENTICATION_FAILED,4,RETRY_NOW,0
0.7941176470588235,0.5714285714285714,1737.52,NETBANKING,YESBANK,AUTHENTICATION_FAILED,16,RETRY_NOW,1
0.7142857142857143,0.25,3086.69,CARD,HDFC,AUTHENTICATION_FAILED,7,RETRY_LATER,0
0.8653846153846154,0.7142857142857143,267.9,CARD,HDFC,AUTHENTICATION_FAILED,10,RETRY_NOW,0
0.6875,0.4666666666666667,8700.68,WALLET,SBI,AUTHENTICATION_FAILED,8,RETRY_LATER,0
0.7236842105263158,0.38095238095238093,7756.51,WALLET,KOTAK,BANK_TIMEOUT,4,NO_ACTION,0
0.7526881720430108,0.43478260869565216,3312.43,WALLET,YESBANK,INSUFFICIENT_FUNDS,4,RETRY_NOW,1
0.5,0.5,7847.62,UPI,SBI,AUTHENTICATION_FAILED,23,RETRY_LATER,0
0.7,0.6666666666666666,9114.87,CARD,SBI,CARD_EXPIRED,8,RETRY_NOW,0
0.8064516129032258,0.3333333333333333,537.09,CARD,ICICI,LIMIT_EXCEEDED,20,SEND_REMINDER,0
0.6153846153846154,0.6,4625.63,CARD,KOTAK,NETWORK_ERROR,5,NO_ACTION,0
0.8695652173913043,0.6666666666666666,1770.21,CARD,ICICI,CARD_EXPIRED,13,RETRY_NOW,0
0.703125,0.5789473684210527,6891.06,WALLET,YESBANK,NETWORK_ERROR,18,RETRY_NOW,0
0.8695652173913043,0.6666666666666666,7477.72,UPI,HDFC,LIMIT_EXCEEDED,20,NO_ACTION,0
0.75,0.4666666666666667,7599.54,CARD,YESBANK,BANK_TIMEOUT,6,RETRY_LATER,1
0.84,0.75,1314.04,NETBANKING,AXIS,BANK_TIMEOUT,10,RETRY_NOW,1
0.6046511627906976,0.47058823529411764,6400.06,CARD,KOTAK,NETWORK_ERROR,19,RETRY_LATER,1
0.7558139534883721,0.5714285714285714,1667.57,NETBANKING,AXIS,AUTHENTICATION_FAILED,14,NO_ACTION,0
0.8181818181818182,0.5,4625.03,UPI,ICICI,INSUFFICIENT_FUNDS,0,RETRY_NOW,0
0.7,0.5,7997.31,NETBANKING,HDFC,BANK_TIMEOUT,9,RETRY_LATER,1
0.8461538461538461,1.0,3184.54,NETBANKING,YESBANK,AUTHENTICATION_FAILED,6,RETRY_NOW,1
0.6,0.6,6060.99,UPI,ICICI,BANK_TIMEOUT,17,SEND_REMINDER,0
0.7380952380952381,0.5151515151515151,8728.05,CARD,KOTAK,NETWORK_ERROR,3,SEND_REMINDER,1
0.6938775510204082,0.6,1163.58,WALLET,YESBANK,AUTHENTICATION_FAILED,9,SEND_REMINDER,0
0.7333333333333333,0.3333333333333333,1860.99,NETBANKING,SBI,BANK_TIMEOUT,1,SEND_REMINDER,1
0.7346938775510204,0.46153846153846156,3661.62,CARD,HDFC,AUTHENTICATION_FAILED,17,NO_ACTION,0
0.75,0.6666666666666666,8404.79,UPI,YESBANK,LIMIT_EXCEEDED,20,SEND_REMINDER,1
0.8461538461538461,0.5,8796.8,CARD,ICICI,CARD_EXPIRED,11,RETRY_NOW,1
0.7654320987654321,0.47368421052631576,4476.9,UPI,HDFC,NETWORK_ERROR,3,NO_ACTION,0
0.8508771929824561,0.5294117647058824,5423.41,UPI,KOTAK,INSUFFICIENT_FUNDS,3,RETRY_NOW,0
0.6829268292682927,0.6153846153846154,7111.8,NETBANKING,AXIS,LIMIT_EXCEEDED,19,RETRY_NOW,0
0.8840579710144928,0.375,4790.25,CARD,SBI,LIMIT_EXCEEDED,4,RETRY_NOW,0
0.25,0.3333333333333333,6951.6,NETBANKING,AXIS,NETWORK_ERROR,11,RETRY_NOW,1
0.6415094339622641,0.3684210526315789,1675.99,CARD,SBI,AUTHENTICATION_FAILED,8,RETRY_NOW,0
0.7666666666666667,0.42857142857142855,7766.77,CARD,YESBANK,NETWORK_ERROR,15,NO_ACTION,0
0.7407407407407407,0.7142857142857143,3942.2,CARD,KOTAK,LIMIT_EXCEEDED,20,SEND_REMINDER,0
0.7352941176470589,0.8888888888888888,9138.03,CARD,YESBANK,CARD_EXPIRED,5,RETRY_LATER,0
0.680327868852459,0.4358974358974359,9745.43,UPI,HDFC,LIMIT_EXCEEDED,11,NO_ACTION,0
0.5384615384615384,0.8333333333333334,4685.97,UPI,HDFC,LIMIT_EXCEEDED,1,RETRY_NOW,1
0.6842105263157895,0.5666666666666667,8797.47,UPI,SBI,AUTHENTICATION_FAILED,20,RETRY_LATER,1
0.8524590163934426,0.3333333333333333,2831.91,WALLET,AXIS,BANK_TIMEOUT,21,SEND_REMINDER,1
0.9032258064516129,0.5,151.45,WALLET,AXIS,INSUFFICIENT_FUNDS,18,RETRY_LATER,0
0.6363636363636364,1.0,9022.1,CARD,KOTAK,INSUFFICIENT_FUNDS,15,SEND_REMINDER,1
0.75,0.42857142857142855,5166.57,WALLET,SBI,NETWORK_ERROR,16,SEND_REMINDER,0
0.76,0.5833333333333334,1300.81,CARD,SBI,CARD_EXPIRED,17,RETRY_LATER,0
0.7368421052631579,0.6,9385.46,CARD,YESBANK,LIMIT_EXCEEDED,10,RETRY_NOW,0
0.8,0.5,6090.17,UPI,SBI,NETWORK_ERROR,4,SEND_REMINDER,0
0.6111111111111112,0.8571428571428571,7813.37,WALLET,HDFC,NETWORK_ERROR,18,NO_ACTION,0
0.6,0.5,4987.99,CARD,SBI,INSUFFICIENT_FUNDS,16,NO_ACTION,0
0.8181818181818182,0.5,6806.86,WALLET,YESBANK,BANK_TIMEOUT,14,RETRY_NOW,1
0.782608695652174,0.4,8380.62,WALLET,YESBANK,AUTHENTICATION_FAILED,6,RETRY_NOW,1
0.735632183908046,0.30434782608695654,1667.62,NETBANKING,HDFC,AUTHENTICATION_FAILED,19,RETRY_LATER,0
0.7692307692307693,0.6666666666666666,5674.65,UPI,YESBANK,BANK_TIMEOUT,22,RETRY_LATER,1
0.8842105263157894,0.7272727272727273,2665.58,NETBANKING,ICICI,CARD_EXPIRED,21,NO_ACTION,0
0.7777777777777778,0.4583333333333333,563.51,UPI,AXIS,BANK_TIMEOUT,0,RETRY_NOW,0
0.7628865979381443,0.6521739130434783,1484.67,UPI,KOTAK,LIMIT_EXCEEDED,20,RETRY_LATER,1
0.7777777777777778,0.5,4508.84,CARD,YESBANK,BANK_TIMEOUT,6,RETRY_LATER,1
0.6910569105691057,0.5,2693.28,CARD,KOTAK,BANK_TIMEOUT,11,RETRY_NOW,1
0.8,0.3333333333333333,314.38,WALLET,SBI,NETWORK_ERROR,11,SEND_REMINDER,1
0.6363636363636364,0.5,8938.76,CARD,SBI,NETWORK_ERROR,5,RETRY_LATER,1
0.7916666666666666,0.7,8205.26,NETBANKING,YESBANK,BANK_TIMEOUT,15,RETRY_LATER,1
0.75,0.875,4346.67,WALLET,HDFC,CARD_EXPIRED,3,SEND_REMINDER,1
0.7962962962962963,0.5454545454545454,3799.79,CARD,AXIS,BANK_TIMEOUT,7,SEND_REMINDER,0
0.7391304347826086,0.4583333333333333,8750.48,UPI,SBI,INSUFFICIENT_FUNDS,21,RETRY_LATER,0
0.7692307692307693,0.48148148148148145,2905.29,UPI,SBI,AUTHENTICATION_FAILED,9,RETRY_LATER,0
0.6470588235294118,0.3888888888888889,7507.85,UPI,AXIS,INSUFFICIENT_FUNDS,8,RETRY_NOW,1
0.92,0.5,6213.47,NETBANKING,AXIS,BANK_TIMEOUT,7,RETRY_NOW,0
0.7083333333333334,0.42857142857142855,5218.75,NETBANKING,AXIS,AUTHENTICATION_FAILED,13,RETRY_NOW,0
0.8085106382978723,0.5,4078.61,UPI,HDFC,CARD_EXPIRED,3,SEND_REMINDER,1
0.8048780487804879,0.125,6440.34,UPI,YESBANK,AUTHENTICATION_FAILED,0,NO_ACTION,0
0.8461538461538461,0.16666666666666666,1802.27,CARD,KOTAK,BANK_TIMEOUT,7,RETRY_NOW,0
0.9615384615384616,0.6,3247.42,CARD,ICICI,INSUFFICIENT_FUNDS,20,SEND_REMINDER,1
0.759493670886076,0.5789473684210527,6422.75,WALLET,YESBANK,INSUFFICIENT_FUNDS,7,NO_ACTION,0
0.7112676056338029,0.4146341463414634,6974.87,WALLET,HDFC,NETWORK_ERROR,11,RETRY_NOW,0
0.9166666666666666,0.0,4191.08,WALLET,KOTAK,CARD_EXPIRED,17,RETRY_LATER,0
0.680327868852459,0.4358974358974359,9745.43,UPI,HDFC,LIMIT_EXCEEDED,11,RETRY_LATER,1
0.9113924050632911,0.5714285714285714,9801.31,NETBANKING,YESBANK,NETWORK_ERROR,1,SEND_REMINDER,0
0.6923076923076923,0.375,1601.66,WALLET,HDFC,AUTHENTICATION_FAILED,5,RETRY_NOW,0
0.8214285714285714,0.3,7176.39,WALLET,SBI,INSUFFICIENT_FUNDS,21,RETRY_NOW,0
0.6463414634146342,0.4482758620689655,8367.3,UPI,YESBANK,NETWORK_ERROR,3,RETRY_LATER,1
0.7763157894736842,0.4117647058823529,9036.2,CARD,SBI,LIMIT_EXCEEDED,16,RETRY_NOW,0
0.8055555555555556,0.7142857142857143,6774.77,WALLET,KOTAK,CARD_EXPIRED,21,SEND_REMINDER,0
0.7391304347826086,0.8,9174.79,NETBANKING,KOTAK,INSUFFICIENT_FUNDS,18,NO_ACTION,0
0.8333333333333334,0.5,6560.24,CARD,SBI,INSUFFICIENT_FUNDS,8,SEND_REMINDER,0
0.6,0.0,2198.66,WALLET,ICICI,CARD_EXPIRED,14,RETRY_LATER,0
0.6956521739130435,0.5714285714285714,5435.89,UPI,KOTAK,INSUFFICIENT_FUNDS,9,RETRY_NOW,0
0.8571428571428571,0.6666666666666666,4231.44,UPI,ICICI,LIMIT_EXCEEDED,8,NO_ACTION,0
0.7222222222222222,0.6,4374.76,NETBANKING,ICICI,CARD_EXPIRED,1,NO_ACTION,0
0.8181818181818182,0.5,3083.35,NETBANKING,KOTAK,INSUFFICIENT_FUNDS,20,SEND_REMINDER,1
0.6170212765957447,0.5,2722.59,WALLET,KOTAK,BANK_TIMEOUT,5,RETRY_LATER,1
0.673469387755102,0.5625,1141.92,CARD,YESBANK,LIMIT_EXCEEDED,22,RETRY_LATER,1
0.6226415094339622,0.45,3516.16,NETBANKING,AXIS,AUTHENTICATION_FAILED,23,SEND_REMINDER,0
0.6619718309859155,0.6666666666666666,3861.23,WALLET,SBI,AUTHENTICATION_FAILED,10,NO_ACTION,0
0.7107438016528925,0.7428571428571429,4297.16,CARD,ICICI,LIMIT_EXCEEDED,3,NO_ACTION,0
0.8666666666666667,0.5,5321.31,WALLET,HDFC,NETWORK_ERROR,0,RETRY_NOW,0
0.8,0.25,4207.75,WALLET,ICICI,AUTHENTICATION_FAILED,16,RETRY_NOW,0
0.8333333333333334,0.6428571428571429,6907.93,NETBANKING,AXIS,NETWORK_ERROR,15,SEND_REMINDER,1
0.3333333333333333,0.5,7947.45,UPI,YESBANK,INSUFFICIENT_FUNDS,5,SEND_REMINDER,0
0.7142857142857143,0.75,8230.09,WALLET,KOTAK,CARD_EXPIRED,22,SEND_REMINDER,0
0.5,1.0,8835.68,NETBANKING,HDFC,LIMIT_EXCEEDED,3,NO_ACTION,0
0.8024691358024691,0.5,1990.43,UPI,ICICI,BANK_TIMEOUT,5,SEND_REMINDER,1
0.8141592920353983,0.38095238095238093,3486.63,UPI,ICICI,INSUFFICIENT_FUNDS,8,RETRY_LATER,0
0.8928571428571429,0.5,4919.96,NETBANKING,AXIS,INSUFFICIENT_FUNDS,21,RETRY_LATER,0
0.75,1.0,2728.53,UPI,ICICI,BANK_TIMEOUT,12,RETRY_NOW,1
0.7857142857142857,0.5833333333333334,2266.52,CARD,HDFC,AUTHENTICATION_FAILED,3,NO_ACTION,0
0.7391304347826086,0.4444444444444444,1024.72,WALLET,KOTAK,NETWORK_ERROR,17,RETRY_NOW,1
0.88,0.6666666666666666,8841.86,UPI,YESBANK,INSUFFICIENT_FUNDS,5,RETRY_NOW,0
0.5909090909090909,0.5277777777777778,790.73,WALLET,YESBANK,INSUFFICIENT_FUNDS,21,NO_ACTION,0
0.8524590163934426,0.4444444444444444,2420.1,CARD,SBI,INSUFFICIENT_FUNDS,2,RETRY_LATER,0
0.5,0.5,9237.43,CARD,KOTAK,LIMIT_EXCEEDED,15,RETRY_LATER,0
0.8260869565217391,0.5,6949.01,WALLET,KOTAK,LIMIT_EXCEEDED,1,RETRY_LATER,0
0.7844827586206896,0.44,1858.5,NETBANKING,KOTAK,INSUFFICIENT_FUNDS,22,RETRY_NOW,0
0.7631578947368421,0.7222222222222222,1781.42,WALLET,SBI,AUTHENTICATION_FAILED,15,RETRY_NOW,1
0.9473684210526315,0.4,2662.85,WALLET,SBI,NETWORK_ERROR,5,RETRY_NOW,1
0.6904761904761905,0.717948717948718,9573.08,UPI,YESBANK,NETWORK_ERROR,17,RETRY_LATER,1
0.56,0.2727272727272727,2424.16,CARD,ICICI,BANK_TIMEOUT,13,RETRY_NOW,1
0.7407407407407407,0.7142857142857143,2195.59,WALLET,ICICI,NETWORK_ERROR,2,SEND_REMINDER,0
0.7037037037037037,0.625,1541.46,UPI,KOTAK,LIMIT_EXCEEDED,22,RETRY_LATER,1
0.8064516129032258,0.8333333333333334,7255.79,WALLET,ICICI,CARD_EXPIRED,1,RETRY_NOW,0
0.7894736842105263,0.5,963.03,CARD,ICICI,INSUFFICIENT_FUNDS,14,RETRY_LATER,1
0.8823529411764706,0.5,9656.64,NETBANKING,ICICI,INSUFFICIENT_FUNDS,1,NO_ACTION,0
0.7241379310344828,0.5,8877.32,WALLET,KOTAK,INSUFFICIENT_FUNDS,12,SEND_REMINDER,1
0.9473684210526315,1.0,917.73,CARD,SBI,INSUFFICIENT_FUNDS,12,RETRY_NOW,1
0.631578947368421,0.42857142857142855,8525.91,NETBANKING,YESBANK,NETWORK_ERROR,4,RETRY_LATER,1
0.6,0.0,5676.32,WALLET,ICICI,AUTHENTICATION_FAILED,14,RETRY_LATER,0
0.7076923076923077,0.47368421052631576,6221.3,CARD,SBI,AUTHENTICATION_FAILED,14,SEND_REMINDER,0
0.6944444444444444,0.45454545454545453,8253.34,NETBANKING,AXIS,NETWORK_ERROR,7,RETRY_LATER,1
0.8620689655172413,0.375,7430.25,CARD,KOTAK,CARD_EXPIRED,12,SEND_REMINDER,0
0.5957446808510638,0.5263157894736842,4135.7,CARD,ICICI,NETWORK_ERROR,20,SEND_REMINDER,0
0.6379310344827587,0.47619047619047616,7552.01,UPI,AXIS,INSUFFICIENT_FUNDS,4,SEND_REMINDER,0
0.6363636363636364,0.25,5302.01,UPI,AXIS,INSUFFICIENT_FUNDS,21,NO_ACTION,0
0.65625,0.5454545454545454,3647.61,CARD,YESBANK,BANK_TIMEOUT,17,RETRY_LATER,0
0.9473684210526315,0.3333333333333333,383.62,CARD,ICICI,LIMIT_EXCEEDED,19,RETRY_NOW,1
0.7906976744186046,0.5555555555555556,3772.08,UPI,SBI,INSUFFICIENT_FUNDS,15,NO_ACTION,0
0.6944444444444444,0.3333333333333333,5690.6,UPI,ICICI,CARD_EXPIRED,16,RETRY_NOW,0
0.6666666666666666,0.5,6334.72,WALLET,SBI,LIMIT_EXCEEDED,11,NO_ACTION,0
0.78,0.45454545454545453,5339.78,CARD,ICICI,NETWORK_ERROR,22,RETRY_NOW,1
0.6,0.42857142857142855,1224.95,WALLET,SBI,CARD_EXPIRED,0,NO_ACTION,0
0.7299270072992701,0.43243243243243246,4024.34,WALLET,AXIS,AUTHENTICATION_FAILED,0,RETRY_LATER,1
0.7419354838709677,0.625,2384.43,UPI,KOTAK,AUTHENTICATION_FAILED,11,SEND_REMINDER,0
0.75,0.2,792.67,NETBANKING,KOTAK,BANK_TIMEOUT,15,NO_ACTION,0
0.7352941176470589,0.8888888888888888,9138.03,CARD,YESBANK,CARD_EXPIRED,5,SEND_REMINDER,0
0.8235294117647058,0.6666666666666666,6513.76,UPI,SBI,BANK_TIMEOUT,0,NO_ACTION,0
0.6190476190476191,0.5833333333333334,9357.24,WALLET,HDFC,AUTHENTICATION_FAILED,15,RETRY_LATER,0
0.625,0.5,5336.17,NETBANKING,HDFC,AUTHENTICATION_FAILED,8,RETRY_LATER,0
0.6909090909090909,0.5882352941176471,2272.86,CARD,AXIS,NETWORK_ERROR,7,RETRY_NOW,1
0.6153846153846154,0.4,544.44,NETBANKING,HDFC,NETWORK_ERROR,20,RETRY_LATER,0
0.7207207207207207,0.41935483870967744,7957.7,CARD,KOTAK,CARD_EXPIRED,12,RETRY_LATER,0
0.5555555555555556,0.4166666666666667,519.33,NETBANKING,ICICI,LIMIT_EXCEEDED,13,RETRY_LATER,0
0.88,1.0,4616.34,CARD,KOTAK,BANK_TIMEOUT,20,RETRY_LATER,1
0.6956521739130435,0.42857142857142855,9617.26,CARD,HDFC,AUTHENTICATION_FAILED,9,RETRY_LATER,0
0.0,1.0,7482.6,WALLET,YESBANK,INSUFFICIENT_FUNDS,22,RETRY_NOW,1
0.6785714285714286,0.2777777777777778,5434.62,NETBANKING,ICICI,BANK_TIMEOUT,9,RETRY_LATER,1
0.7076923076923077,0.39473684210526316,335.78,CARD,ICICI,CARD_EXPIRED,8,NO_ACTION,0
0.8153846153846154,0.75,1550.99,CARD,YESBANK,BANK_TIMEOUT,8,RETRY_NOW,0
0.7169811320754716,0.6,6657.57,WALLET,HDFC,LIMIT_EXCEEDED,20,NO_ACTION,0
0.9042553191489362,0.4444444444444444,7085.97,UPI,KOTAK,AUTHENTICATION_FAILED,23,NO_ACTION,0
0.75,0.2857142857142857,9299.06,CARD,HDFC,LIMIT_EXCEEDED,2,RETRY_NOW,0
0.8333333333333334,0.8333333333333334,7000.96,UPI,AXIS,NETWORK_ERROR,8,RETRY_LATER,0
0.7659574468085106,0.5454545454545454,1621.93,UPI,YESBANK,BANK_TIMEOUT,18,NO_ACTION,0
0.7222222222222222,0.8,3497.79,NETBANKING,YESBANK,AUTHENTICATION_FAILED,7,RETRY_LATER,0
0.8604651162790697,0.6666666666666666,7171.41,CARD,KOTAK,AUTHENTICATION_FAILED,21,RETRY_LATER,1
0.6691729323308271,0.6363636363636364,3360.89,NETBANKING,ICICI,INSUFFICIENT_FUNDS,5,SEND_REMINDER,1
0.9,0.0,4555.68,WALLET,SBI,CARD_EXPIRED,17,RETRY_NOW,0
0.5,1.0,1363.43,CARD,AXIS,BANK_TIMEOUT,4,SEND_REMINDER,1
0.7397260273972602,0.42105263157894735,7059.95,NETBANKING,HDFC,NETWORK_ERROR,5,SEND_REMINDER,0
0.7192982456140351,0.5,5651.89,NETBANKING,SBI,LIMIT_EXCEEDED,18,SEND_REMINDER,1
0.5,0.5,2605.45,UPI,AXIS,AUTHENTICATION_FAILED,9,NO_ACTION,0
0.6363636363636364,0.5,8031.76,CARD,KOTAK,NETWORK_ERROR,12,NO_ACTION,0
0.7375,0.5714285714285714,4269.51,UPI,KOTAK,INSUFFICIENT_FUNDS,7,SEND_REMINDER,1
0.8314606741573034,0.5333333333333333,4480.55,UPI,ICICI,AUTHENTICATION_FAILED,11,RETRY_NOW,1
0.75,0.0,8351.82,UPI,YESBANK,AUTHENTICATION_FAILED,23,RETRY_NOW,0
0.875,0.5,3673.83,CARD,ICICI,INSUFFICIENT_FUNDS,7,NO_ACTION,0
0.7209302325581395,0.4583333333333333,1856.57,CARD,SBI,AUTHENTICATION_FAILED,5,NO_ACTION,0
0.6666666666666666,0.0,1442.13,WALLET,YESBANK,AUTHENTICATION_FAILED,1,NO_ACTION,0
0.7037037037037037,0.375,2350.16,CARD,AXIS,CARD_EXPIRED,8,RETRY_LATER,0
0.8817204301075269,0.6363636363636364,6456.83,NETBANKING,SBI,AUTHENTICATION_FAILED,4,SEND_REMINDER,0
0.8,1.0,8359.37,UPI,AXIS,CARD_EXPIRED,18,NO_ACTION,0
0.7777777777777778,0.5,9543.11,WALLET,ICICI,NETWORK_ERROR,2,NO_ACTION,0
0.7666666666666667,0.7142857142857143,2210.01,CARD,SBI,NETWORK_ERROR,20,SEND_REMINDER,0
0.8181818181818182,0.0,7963.62,CARD,AXIS,BANK_TIMEOUT,7,RETRY_LATER,1
0.8307692307692308,0.18181818181818182,2665.84,WALLET,HDFC,BANK_TIMEOUT,11,RETRY_NOW,1
0.5454545454545454,0.6,3591.33,UPI,YESBANK,BANK_TIMEOUT,20,SEND_REMINDER,0
0.8947368421052632,0.5,3207.59,NETBANKING,YESBANK,LIMIT_EXCEEDED,2,SEND_REMINDER,0
0.6363636363636364,0.25,9377.11,WALLET,KOTAK,BANK_TIMEOUT,21,SEND_REMINDER,0
0.7184466019417476,0.4482758620689655,5538.92,WALLET,ICICI,CARD_EXPIRED,2,RETRY_NOW,0
0.797979797979798,0.4,5316.72,CARD,ICICI,LIMIT_EXCEEDED,12,NO_ACTION,0
0.625,0.6666666666666666,6516.54,UPI,HDFC,AUTHENTICATION_FAILED,12,RETRY_NOW,0
0.9,0.0,9312.01,NETBANKING,SBI,AUTHENTICATION_FAILED,1,NO_ACTION,0
0.7258064516129032,0.5882352941176471,9412.95,UPI,HDFC,BANK_TIMEOUT,23,RETRY_NOW,0
0.8541666666666666,0.5714285714285714,1201.07,NETBANKING,AXIS,AUTHENTICATION_FAILED,2,SEND_REMINDER,0
0.5789473684210527,0.625,4100.41,CARD,SBI,LIMIT_EXCEEDED,4,NO_ACTION,0
0.7777777777777778,0.375,6978.8,NETBANKING,YESBANK,AUTHENTICATION_FAILED,19,RETRY_NOW,0
0.5833333333333334,0.3,2531.84,NETBANKING,AXIS,AUTHENTICATION_FAILED,21,RETRY_NOW,0
0.6875,0.6,788.63,UPI,ICICI,BANK_TIMEOUT,14,RETRY_NOW,0
0.7142857142857143,0.5833333333333334,8787.3,NETBANKING,SBI,AUTHENTICATION_FAILED,10,NO_ACTION,0
0.7307692307692307,0.7142857142857143,352.97,WALLET,SBI,NETWORK_ERROR,3,SEND_REMINDER,1
0.75,0.0,8640.8,CARD,HDFC,LIMIT_EXCEEDED,0,RETRY_NOW,1
0.6951219512195121,0.36,9016.92,UPI,AXIS,AUTHENTICATION_FAILED,4,RETRY_NOW,1
0.9,0.5,3183.32,UPI,KOTAK,AUTHENTICATION_FAILED,1,SEND_REMINDER,0
0.5,0.42857142857142855,5856.75,WALLET,HDFC,NETWORK_ERROR,2,SEND_REMINDER,0
0.7317073170731707,0.45454545454545453,9515.22,NETBANKING,KOTAK,NETWORK_ERROR,16,RETRY_LATER,1
0.8333333333333334,0.0,2274.47,NETBANKING,KOTAK,NETWORK_ERROR,7,RETRY_NOW,1
0.65,0.2857142857142857,2938.5,NETBANKING,SBI,NETWORK_ERROR,9,RETRY_LATER,1
0.6944444444444444,0.5454545454545454,9531.75,NETBANKING,HDFC,INSUFFICIENT_FUNDS,23,RETRY_LATER,1
0.7166666666666667,0.4411764705882353,8561.33,UPI,SBI,CARD_EXPIRED,17,RETRY_LATER,0
0.72,0.42857142857142855,3939.85,UPI,KOTAK,BANK_TIMEOUT,1,RETRY_NOW,1
0.7222222222222222,0.5333333333333333,7277.22,NETBANKING,SBI,AUTHENTICATION_FAILED,13,RETRY_LATER,1
0.6153846153846154,0.5333333333333333,8212.11,NETBANKING,KOTAK,BANK_TIMEOUT,19,RETRY_LATER,1
0.5714285714285714,0.6666666666666666,2568.11,WALLET,SBI,AUTHENTICATION_FAILED,22,NO_ACTION,0
0.8227848101265823,0.2857142857142857,9924.37,NETBANKING,YESBANK,BANK_TIMEOUT,15,RETRY_NOW,1
0.7307692307692307,0.8571428571428571,7415.5,UPI,ICICI,NETWORK_ERROR,8,NO_ACTION,0
0.7166666666666667,0.47058823529411764,2024.96,NETBANKING,ICICI,BANK_TIMEOUT,13,SEND_REMINDER,1
0.9444444444444444,0.6666666666666666,7993.15,NETBANKING,YESBANK,BANK_TIMEOUT,7,RETRY_NOW,1
0.5862068965517241,0.5,2889.35,CARD,SBI,LIMIT_EXCEEDED,18,RETRY_NOW,0
0.6206896551724138,0.5,8013.98,WALLET,ICICI,BANK_TIMEOUT,0,RETRY_LATER,1
0.6153846153846154,0.3,5537.4,CARD,HDFC,NETWORK_ERROR,20,NO_ACTION,0
0.7011494252873564,0.6538461538461539,736.67,UPI,HDFC,INSUFFICIENT_FUNDS,19,SEND_REMINDER,0
0.8461538461538461,0.5,8796.8,CARD,ICICI,CARD_EXPIRED,11,RETRY_LATER,0
0.9420289855072463,0.5,3497.56,NETBANKING,YESBANK,CARD_EXPIRED,16,RETRY_LATER,0
0.7894736842105263,0.75,7428.26,WALLET,YESBANK,CARD_EXPIRED,22,RETRY_NOW,0
0.6153846153846154,0.4,544.44,NETBANKING,HDFC,NETWORK_ERROR,20,RETRY_NOW,1
0.7464788732394366,0.3333333333333333,3820.3,WALLET,KOTAK,BANK_TIMEOUT,2,RETRY_LATER,1
0.7258064516129032,0.6470588235294118,5836.32,WALLET,KOTAK,BANK_TIMEOUT,11,NO_ACTION,0
0.9230769230769231,1.0,6516.34,CARD,YESBANK,INSUFFICIENT_FUNDS,16,SEND_REMINDER,1
0.8064516129032258,0.8333333333333334,7255.79,WALLET,ICICI,CARD_EXPIRED,1,NO_ACTION,0
0.625,0.6666666666666666,8566.84,NETBANKING,AXIS,INSUFFICIENT_FUNDS,17,SEND_REMINDER,0
0.3,0.7142857142857143,8198.27,UPI,ICICI,LIMIT_EXCEEDED,13,RETRY_LATER,1
0.7299270072992701,0.43243243243243246,4024.34,WALLET,AXIS,AUTHENTICATION_FAILED,0,RETRY_NOW,0
0.5,1.0,9013.38,NETBANKING,HDFC,LIMIT_EXCEEDED,11,NO_ACTION,0
0.92,1.0,3591.82,NETBANKING,KOTAK,NETWORK_ERROR,18,SEND_REMINDER,0
0.6818181818181818,0.42857142857142855,1052.35,CARD,KOTAK,LIMIT_EXCEEDED,20,RETRY_LATER,0
0.6666666666666666,1.0,2440.62,CARD,SBI,INSUFFICIENT_FUNDS,18,RETRY_NOW,0
0.782608695652174,0.4,8321.98,UPI,HDFC,AUTHENTICATION_FAILED,22,RETRY_NOW,1
0.6964285714285714,0.4117647058823529,7549.28,NETBANKING,KOTAK,INSUFFICIENT_FUNDS,12,RETRY_LATER,0
0.79,0.7619047619047619,459.89,NETBANKING,KOTAK,NETWORK_ERROR,12,NO_ACTION,0
0.6666666666666666,0.625,9130.71,NETBANKING,SBI,CARD_EXPIRED,8,RETRY_LATER,0
0.7291666666666666,0.6153846153846154,8475.0,WALLET,SBI,INSUFFICIENT_FUNDS,16,SEND_REMINDER,1
0.8518518518518519,0.5,3078.79,CARD,YESBANK,CARD_EXPIRED,19,RETRY_NOW,0
0.6,1.0,4674.49,NETBANKING,SBI,LIMIT_EXCEEDED,6,RETRY_LATER,0
0.49056603773584906,0.48148148148148145,6591.54,CARD,ICICI,NETWORK_ERROR,6,NO_ACTION,0
0.7627118644067796,0.42857142857142855,6769.0,NETBANKING,ICICI,CARD_EXPIRED,21,RETRY_LATER,0
0.8688524590163934,0.625,1703.8,UPI,ICICI,NETWORK_ERROR,8,NO_ACTION,0
0.75,0.0,8224.62,UPI,ICICI,CARD_EXPIRED,23,RETRY_NOW,0
0.7631578947368421,0.7222222222222222,1781.42,WALLET,SBI,AUTHENTICATION_FAILED,15,RETRY_LATER,0
0.6,0.3333333333333333,8104.09,CARD,AXIS,INSUFFICIENT_FUNDS,0,RETRY_LATER,0
0.8333333333333334,0.5,486.73,WALLET,SBI,NETWORK_ERROR,3,RETRY_LATER,1
0.6379310344827587,0.47619047619047616,7662.63,WALLET,YESBANK,CARD_EXPIRED,19,SEND_REMINDER,0
0.75,0.09090909090909091,5522.13,WALLET,AXIS,LIMIT_EXCEEDED,23,NO_ACTION,0
0.7317073170731707,0.2727272727272727,5683.6,UPI,KOTAK,NETWORK_ERROR,22,NO_ACTION,0
0.0,0.0,6118.23,CARD,HDFC,BANK_TIMEOUT,5,RETRY_NOW,0
0.7444444444444445,0.6086956521739131,2798.58,UPI,YESBANK,NETWORK_ERROR,17,NO_ACTION,0
0.708029197080292,0.475,1722.2,WALLET,HDFC,BANK_TIMEOUT,6,RETRY_NOW,1
0.8048780487804879,1.0,7291.5,UPI,ICICI,INSUFFICIENT_FUNDS,8,RETRY_LATER,1
0.7662337662337663,0.3888888888888889,394.73,UPI,SBI,CARD_EXPIRED,1,NO_ACTION,0
0.7692307692307693,0.6666666666666666,966.07,UPI,HDFC,LIMIT_EXCEEDED,13,RETRY_NOW,0
0.6263736263736264,0.5588235294117647,2977.05,NETBANKING,SBI,LIMIT_EXCEEDED,21,NO_ACTION,0
0.6590909090909091,0.5,7764.82,WALLET,KOTAK,BANK_TIMEOUT,22,RETRY_NOW,1
0.8648648648648649,0.6,2066.62,NETBANKING,AXIS,BANK_TIMEOUT,1,RETRY_LATER,0
0.8181818181818182,0.5,962.0,WALLET,YESBANK,LIMIT_EXCEEDED,16,NO_ACTION,0
0.2,0.75,2846.94,NETBANKING,YESBANK,CARD_EXPIRED,4,NO_ACTION,0
0.9459459459459459,0.5,9706.04,UPI,HDFC,CARD_EXPIRED,10,RETRY_LATER,0
0.6470588235294118,0.4444444444444444,3659.3,CARD,SBI,AUTHENTICATION_FAILED,1,RETRY_NOW,0
0.803921568627451,0.5,7529.54,CARD,YESBANK,BANK_TIMEOUT,4,RETRY_LATER,1
0.6,0.53125,432.78,UPI,YESBANK,NETWORK_ERROR,3,NO_ACTION,0
0.8181818181818182,0.75,3048.86,CARD,HDFC,INSUFFICIENT_FUNDS,8,SEND_REMINDER,1
0.6590909090909091,0.5,7764.82,WALLET,KOTAK,BANK_TIMEOUT,22,SEND_REMINDER,1
0.9779411764705882,0.6666666666666666,7679.17,UPI,HDFC,AUTHENTICATION_FAILED,17,NO_ACTION,0
0.5384615384615384,0.4166666666666667,3316.39,NETBANKING,AXIS,INSUFFICIENT_FUNDS,15,SEND_REMINDER,0
0.8823529411764706,0.5,6621.48,NETBANKING,SBI,NETWORK_ERROR,21,SEND_REMINDER,1
0.8333333333333334,0.625,4658.23,NETBANKING,AXIS,AUTHENTICATION_FAILED,14,RETRY_NOW,1
0.625,0.42857142857142855,4443.96,WALLET,SBI,AUTHENTICATION_FAILED,23,SEND_REMINDER,0
0.9242424242424242,0.6,1729.68,UPI,HDFC,LIMIT_EXCEEDED,13,SEND_REMINDER,0
0.7872340425531915,0.4,6569.26,NETBANKING,KOTAK,BANK_TIMEOUT,20,SEND_REMINDER,0
0.7,0.5,8131.01,CARD,AXIS,LIMIT_EXCEEDED,0,RETRY_NOW,0
0.6923076923076923,0.0,4066.49,CARD,HDFC,INSUFFICIENT_FUNDS,5,NO_ACTION,0
0.8229166666666666,0.35294117647058826,6972.49,CARD,SBI,BANK_TIMEOUT,1,RETRY_NOW,1
0.6701030927835051,0.53125,5767.51,UPI,KOTAK,CARD_EXPIRED,3,SEND_REMINDER,1
0.5555555555555556,0.5,6346.32,CARD,AXIS,INSUFFICIENT_FUNDS,13,RETRY_LATER,0
0.5454545454545454,0.5333333333333333,1032.81,UPI,ICICI,INSUFFICIENT_FUNDS,22,SEND_REMINDER,0
0.88,1.0,4616.34,CARD,KOTAK,BANK_TIMEOUT,20,RETRY_NOW,1
0.7796610169491526,0.46153846153846156,7073.46,UPI,YESBANK,NETWORK_ERROR,23,NO_ACTION,0
0.8840579710144928,0.375,4790.25,CARD,SBI,LIMIT_EXCEEDED,4,RETRY_LATER,1
0.6119402985074627,0.4230769230769231,106.14,NETBANKING,HDFC,BANK_TIMEOUT,15,SEND_REMINDER,0
0.7894736842105263,0.75,6867.36,WALLET,KOTAK,NETWORK_ERROR,2,RETRY_NOW,1
0.7653061224489796,0.6521739130434783,2700.97,UPI,AXIS,BANK_TIMEOUT,19,NO_ACTION,0
0.5945945945945946,0.3333333333333333,7063.46,CARD,SBI,LIMIT_EXCEEDED,0,NO_ACTION,0
0.8378378378378378,0.3333333333333333,6264.1,WALLET,HDFC,BANK_TIMEOUT,12,SEND_REMINDER,0
0.8181818181818182,1.0,149.58,UPI,YESBANK,NETWORK_ERROR,7,RETRY_NOW,1
0.6335877862595419,0.5,1576.34,UPI,HDFC,INSUFFICIENT_FUNDS,14,RETRY_LATER,0
0.5,0.5,8078.15,NETBANKING,ICICI,CARD_EXPIRED,3,RETRY_NOW,0
0.68,0.5625,9345.6,NETBANKING,SBI,BANK_TIMEOUT,1,RETRY_NOW,0
0.9117647058823529,0.5,3509.79,NETBANKING,ICICI,AUTHENTICATION_FAILED,19,NO_ACTION,0
0.7613636363636364,0.2857142857142857,1929.21,WALLET,ICICI,BANK_TIMEOUT,9,NO_ACTION,0
0.5555555555555556,0.5,6346.32,CARD,AXIS,INSUFFICIENT_FUNDS,13,NO_ACTION,0
0.7,0.47619047619047616,9282.85,WALLET,YESBANK,BANK_TIMEOUT,5,RETRY_NOW,0
0.7875,0.8235294117647058,4308.47,UPI,AXIS,CARD_EXPIRED,2,RETRY_LATER,1
0.8297872340425532,0.75,7324.36,UPI,YESBANK,LIMIT_EXCEEDED,18,RETRY_LATER,1
0.7777777777777778,0.5,8338.69,CARD,YESBANK,INSUFFICIENT_FUNDS,0,SEND_REMINDER,1
0.6111111111111112,0.5714285714285714,7834.53,CARD,YESBANK,INSUFFICIENT_FUNDS,9,RETRY_LATER,0
0.6627906976744186,0.5862068965517241,2374.6,UPI,SBI,BANK_TIMEOUT,22,RETRY_NOW,1
0.7592592592592593,0.46153846153846156,9484.18,NETBANKING,AXIS,NETWORK_ERROR,11,RETRY_NOW,1
0.6904761904761905,0.717948717948718,9573.08,UPI,YESBANK,NETWORK_ERROR,17,SEND_REMINDER,1
0.8316831683168316,0.7058823529411765,9422.9,NETBANKING,KOTAK,CARD_EXPIRED,11,SEND_REMINDER,0
0.5857142857142857,0.5862068965517241,5676.4,WALLET,SBI,AUTHENTICATION_FAILED,10,RETRY_LATER,1
0.8571428571428571,0.75,3484.42,CARD,SBI,NETWORK_ERROR,3,RETRY_LATER,1
0.8933333333333333,0.25,4299.19,UPI,YESBANK,CARD_EXPIRED,3,RETRY_LATER,0
0.6,0.5,2489.87,UPI,HDFC,BANK_TIMEOUT,20,NO_ACTION,0
0.7037037037037037,0.625,9083.96,WALLET,AXIS,LIMIT_EXCEEDED,23,RETRY_NOW,0
0.9076923076923077,0.5,5729.4,NETBANKING,SBI,LIMIT_EXCEEDED,4,RETRY_NOW,0
0.6896551724137931,0.5555555555555556,9436.24,WALLET,SBI,AUTHENTICATION_FAILED,1,RETRY_LATER,0
0.8,0.375,4916.36,CARD,AXIS,CARD_EXPIRED,23,RETRY_LATER,0
0.9230769230769231,0.5714285714285714,9521.81,WALLET,YESBANK,BANK_TIMEOUT,17,RETRY_NOW,1
0.9722222222222222,1.0,1169.55,UPI,KOTAK,NETWORK_ERROR,22,NO_ACTION,0
0.8387096774193549,0.6,9428.69,NETBANKING,YESBANK,INSUFFICIENT_FUNDS,21,RETRY_NOW,0
0.9310344827586207,0.0,8340.14,UPI,AXIS,AUTHENTICATION_FAILED,16,RETRY_LATER,1
0.8260869565217391,0.5,5640.54,WALLET,AXIS,CARD_EXPIRED,4,NO_ACTION,0
0.47058823529411764,0.3333333333333333,2056.79,WALLET,AXIS,BANK_TIMEOUT,19,RETRY_LATER,1
0.5454545454545454,0.6,3591.33,UPI,YESBANK,BANK_TIMEOUT,20,RETRY_NOW,0
0.8292682926829268,0.14285714285714285,6881.65,CARD,ICICI,AUTHENTICATION_FAILED,7,SEND_REMINDER,0
0.7727272727272727,0.4,421.35,UPI,AXIS,CARD_EXPIRED,12,RETRY_LATER,1
0.8421052631578947,0.3333333333333333,2157.04,UPI,YESBANK,CARD_EXPIRED,23,NO_ACTION,0
0.0,0.0,8486.05,NETBANKING,KOTAK,CARD_EXPIRED,14,RETRY_NOW,0
0.7615384615384615,0.5161290322580645,879.41,NETBANKING,KOTAK,INSUFFICIENT_FUNDS,15,RETRY_LATER,0
0.7777777777777778,0.6,1603.25,CARD,SBI,INSUFFICIENT_FUNDS,19,NO_ACTION,0
0.75,0.5,2461.75,WALLET,KOTAK,LIMIT_EXCEEDED,10,RETRY_LATER,1
0.6621621621621622,0.68,421.14,NETBANKING,HDFC,INSUFFICIENT_FUNDS,17,SEND_REMINDER,1
0.8666666666666667,0.5,5556.61,NETBANKING,KOTAK,INSUFFICIENT_FUNDS,9,NO_ACTION,0
0.7523809523809524,0.5769230769230769,944.45,CARD,KOTAK,AUTHENTICATION_FAILED,18,RETRY_NOW,0
0.9032258064516129,0.3333333333333333,3030.55,WALLET,KOTAK,LIMIT_EXCEEDED,6,SEND_REMINDER,0
0.9166666666666666,0.0,2527.66,CARD,YESBANK,LIMIT_EXCEEDED,0,SEND_REMINDER,0
0.7,0.6666666666666666,6207.26,NETBANKING,ICICI,CARD_EXPIRED,15,RETRY_NOW,1
0.6176470588235294,0.6153846153846154,8149.03,WALLET,ICICI,AUTHENTICATION_FAILED,6,NO_ACTION,0
0.7297297297297297,0.5,5808.96,WALLET,KOTAK,LIMIT_EXCEEDED,21,SEND_REMINDER,0
0.5405405405405406,0.47058823529411764,7302.07,UPI,KOTAK,BANK_TIMEOUT,9,RETRY_NOW,1
0.8314606741573034,0.6,1818.29,NETBANKING,AXIS,NETWORK_ERROR,6,RETRY_NOW,0
0.8918918918918919,0.75,9253.95,WALLET,AXIS,INSUFFICIENT_FUNDS,3,SEND_REMINDER,1
0.6,0.6,4759.13,NETBANKING,AXIS,BANK_TIMEOUT,13,RETRY_NOW,1
0.898989898989899,0.5,6926.41,WALLET,KOTAK,NETWORK_ERROR,12,RETRY_NOW,0
0.7551020408163265,0.75,8461.75,CARD,AXIS,BANK_TIMEOUT,7,NO_ACTION,0
0.7068965517241379,0.5294117647058824,997.58,UPI,KOTAK,BANK_TIMEOUT,20,SEND_REMINDER,1
0.9574468085106383,1.0,2917.39,CARD,AXIS,NETWORK_ERROR,22,NO_ACTION,0
0.625,0.5,9476.89,UPI,KOTAK,INSUFFICIENT_FUNDS,4,RETRY_LATER,0
0.8095238095238095,0.5625,6340.93,CARD,ICICI,AUTHENTICATION_FAILED,22,RETRY_NOW,1
0.6136363636363636,0.5294117647058824,6886.33,WALLET,YESBANK,NETWORK_ERROR,0,RETRY_LATER,1
0.6271186440677966,0.5454545454545454,2843.23,CARD,AXIS,BANK_TIMEOUT,7,SEND_REMINDER,0
0.5769230769230769,0.36363636363636365,5009.92,UPI,AXIS,BANK_TIMEOUT,7,RETRY_LATER,1
0.0,0.0,8247.2,WALLET,SBI,BANK_TIMEOUT,16,SEND_REMINDER,0
0.0,1.0,3644.45,NETBANKING,YESBANK,CARD_EXPIRED,14,SEND_REMINDER,1
0.8297872340425532,0.75,7324.36,UPI,YESBANK,LIMIT_EXCEEDED,18,NO_ACTION,0
0.6590909090909091,0.4,9302.37,WALLET,AXIS,CARD_EXPIRED,16,SEND_REMINDER,1
0.708029197080292,0.425,4393.28,WALLET,ICICI,INSUFFICIENT_FUNDS,10,RETRY_NOW,0
0.6666666666666666,0.3333333333333333,6908.4,WALLET,AXIS,CARD_EXPIRED,18,RETRY_NOW,0
0.631578947368421,0.42857142857142855,8525.91,NETBANKING,YESBANK,NETWORK_ERROR,4,SEND_REMINDER,0
0.68,0.4375,2238.69,CARD,HDFC,LIMIT_EXCEEDED,2,RETRY_LATER,1
0.6153846153846154,0.2,8733.0,CARD,HDFC,LIMIT_EXCEEDED,18,NO_ACTION,0
0.625,0.5,2489.3,UPI,KOTAK,AUTHENTICATION_FAILED,11,RETRY_LATER,0
0.7291666666666666,0.3076923076923077,5804.94,WALLET,AXIS,LIMIT_EXCEEDED,4,RETRY_LATER,0
0.6470588235294118,0.4444444444444444,3659.3,CARD,SBI,AUTHENTICATION_FAILED,1,RETRY_LATER,0
0.5357142857142857,0.7692307692307693,1730.13,WALLET,AXIS,AUTHENTICATION_FAILED,14,RETRY_NOW,0
0.8,0.375,4015.49,WALLET,HDFC,AUTHENTICATION_FAILED,23,SEND_REMINDER,0
0.8947368421052632,0.5,2047.42,WALLET,KOTAK,NETWORK_ERROR,22,RETRY_LATER,1
0.75,0.5,2846.86,NETBANKING,SBI,INSUFFICIENT_FUNDS,23,NO_ACTION,0
0.7,0.5,3100.21,WALLET,AXIS,CARD_EXPIRED,13,RETRY_LATER,0
0.6724137931034483,0.2631578947368421,8169.04,WALLET,SBI,CARD_EXPIRED,22,SEND_REMINDER,1
0.8533333333333334,0.18181818181818182,5690.97,CARD,ICICI,INSUFFICIENT_FUNDS,11,SEND_REMINDER,1
0.5161290322580645,0.6,594.63,WALLET,HDFC,AUTHENTICATION_FAILED,21,RETRY_LATER,0
0.7032967032967034,0.4444444444444444,8045.44,CARD,KOTAK,NETWORK_ERROR,11,RETRY_LATER,1
0.7397260273972602,0.42105263157894735,7261.26,CARD,YESBANK,AUTHENTICATION_FAILED,15,RETRY_LATER,0
0.0,1.0,9162.58,NETBANKING,ICICI,NETWORK_ERROR,3,RETRY_LATER,1
0.6744186046511628,0.5714285714285714,2855.55,WALLET,KOTAK,INSUFFICIENT_FUNDS,11,SEND_REMINDER,0
0.7088607594936709,0.5652173913043478,7003.57,NETBANKING,SBI,BANK_TIMEOUT,13,NO_ACTION,0
0.7333333333333333,0.5,1597.36,UPI,HDFC,AUTHENTICATION_FAILED,5,NO_ACTION,0
0.7272727272727273,0.37037037037037035,9164.15,NETBANKING,SBI,INSUFFICIENT_FUNDS,11,NO_ACTION,0
0.6,0.53125,432.78,UPI,YESBANK,NETWORK_ERROR,3,RETRY_LATER,0
0.75,0.25,7380.85,UPI,AXIS,AUTHENTICATION_FAILED,14,RETRY_NOW,1
0.6206896551724138,0.5,8013.98,WALLET,ICICI,BANK_TIMEOUT,0,RETRY_NOW,0
0.6285714285714286,0.6923076923076923,7658.65,NETBANKING,KOTAK,AUTHENTICATION_FAILED,2,RETRY_NOW,0
0.6944444444444444,0.3333333333333333,5690.6,UPI,ICICI,CARD_EXPIRED,16,NO_ACTION,0
0.6976744186046512,0.5384615384615384,4246.91,UPI,AXIS,AUTHENTICATION_FAILED,2,SEND_REMINDER,0
0.782608695652174,0.56,2018.16,NETBANKING,HDFC,AUTHENTICATION_FAILED,16,NO_ACTION,0
0.71875,0.5555555555555556,3498.49,CARD,YESBANK,BANK_TIMEOUT,7,SEND_REMINDER,1
0.7777777777777778,0.16666666666666666,902.8,UPI,YESBANK,INSUFFICIENT_FUNDS,22,RETRY_NOW,0
0.6470588235294118,0.3888888888888889,7507.85,UPI,AXIS,INSUFFICIENT_FUNDS,8,NO_ACTION,0
0.8421052631578947,0.3333333333333333,2157.04,UPI,YESBANK,CARD_EXPIRED,23,RETRY_NOW,0
0.6363636363636364,0.6666666666666666,2105.36,UPI,AXIS,AUTHENTICATION_FAILED,17,NO_ACTION,0
0.6666666666666666,0.16666666666666666,7537.52,UPI,YESBANK,INSUFFICIENT_FUNDS,1,RETRY_LATER,0
0.625,0.5833333333333334,3574.33,WALLET,AXIS,INSUFFICIENT_FUNDS,12,RETRY_LATER,1
0.5964912280701754,0.6086956521739131,7529.22,NETBANKING,SBI,AUTHENTICATION_FAILED,21,RETRY_NOW,0
0.6666666666666666,0.5,6334.72,WALLET,SBI,LIMIT_EXCEEDED,11,RETRY_NOW,0
0.6923076923076923,0.5,7926.95,WALLET,ICICI,BANK_TIMEOUT,4,SEND_REMINDER,0
0.6956521739130435,0.5714285714285714,3574.72,CARD,SBI,BANK_TIMEOUT,19,RETRY_LATER,1
0.6216216216216216,0.5714285714285714,8245.89,CARD,SBI,AUTHENTICATION_FAILED,16,RETRY_LATER,0
0.6884057971014492,0.4186046511627907,1798.49,UPI,KOTAK,AUTHENTICATION_FAILED,21,RETRY_LATER,0
0.8103448275862069,0.5454545454545454,8142.84,NETBANKING,HDFC,NETWORK_ERROR,7,NO_ACTION,0
0.7333333333333333,0.75,5284.19,NETBANKING,ICICI,BANK_TIMEOUT,11,RETRY_NOW,0
0.9428571428571428,0.5,8166.18,NETBANKING,AXIS,INSUFFICIENT_FUNDS,21,RETRY_NOW,0
0.7397260273972602,0.42105263157894735,7059.95,NETBANKING,HDFC,NETWORK_ERROR,5,NO_ACTION,0
0.6666666666666666,0.4444444444444444,5334.16,NETBANKING,ICICI,AUTHENTICATION_FAILED,9,RETRY_NOW,1
0.7037037037037037,0.75,1680.24,UPI,AXIS,BANK_TIMEOUT,1,RETRY_NOW,1
0.8125,0.6666666666666666,9798.35,WALLET,AXIS,NETWORK_ERROR,3,RETRY_LATER,1
0.7195121951219512,0.782608695652174,9999.19,NETBANKING,KOTAK,INSUFFICIENT_FUNDS,2,SEND_REMINDER,0
0.7916666666666666,0.4,6245.77,NETBANKING,KOTAK,INSUFFICIENT_FUNDS,18,RETRY_NOW,1
0.35714285714285715,0.6111111111111112,1742.5,WALLET,ICICI,LIMIT_EXCEEDED,7,RETRY_NOW,0
0.7662337662337663,0.3888888888888889,6635.16,CARD,HDFC,CARD_EXPIRED,11,RETRY_LATER,0
0.8064516129032258,0.6111111111111112,8632.12,UPI,SBI,NETWORK_ERROR,18,RETRY_LATER,1
0.8,0.5,2855.74,NETBANKING,AXIS,LIMIT_EXCEEDED,7,RETRY_LATER,0
0.9230769230769231,1.0,9803.33,CARD,KOTAK,BANK_TIMEOUT,9,RETRY_LATER,1
0.7216494845360825,0.3333333333333333,8552.01,NETBANKING,YESBANK,AUTHENTICATION_FAILED,16,NO_ACTION,0
0.7540983606557377,0.4666666666666667,5493.88,UPI,KOTAK,NETWORK_ERROR,20,NO_ACTION,0
0.7865168539325843,0.631578947368421,9261.32,WALLET,ICICI,BANK_TIMEOUT,19,RETRY_NOW,1
0.9428571428571428,0.5,8166.18,NETBANKING,AXIS,INSUFFICIENT_FUNDS,21,NO_ACTION,0
0.6716417910447762,0.4090909090909091,9078.01,NETBANKING,YESBANK,NETWORK_ERROR,17,RETRY_LATER,0
0.8210526315789474,0.29411764705882354,7717.7,UPI,KOTAK,BANK_TIMEOUT,12,RETRY_LATER,0
0.8,0.5,8187.35,CARD,ICICI,BANK_TIMEOUT,13,RETRY_NOW,1
0.7019230769230769,0.5161290322580645,866.16,WALLET,YESBANK,AUTHENTICATION_FAILED,3,RETRY_LATER,0
0.8076923076923077,0.4,5982.78,WALLET,HDFC,NETWORK_ERROR,14,SEND_REMINDER,1
0.8571428571428571,1.0,535.99,NETBANKING,AXIS,CARD_EXPIRED,13,SEND_REMINDER,1
0.8333333333333334,0.0,9980.36,CARD,KOTAK,AUTHENTICATION_FAILED,10,RETRY_NOW,0
0.6481481481481481,0.47368421052631576,8993.36,NETBANKING,YESBANK,CARD_EXPIRED,14,RETRY_LATER,0
0.7333333333333333,0.375,2876.16,NETBANKING,KOTAK,LIMIT_EXCEEDED,0,RETRY_NOW,1
0.5625,0.42857142857142855,8009.86,UPI,HDFC,NETWORK_ERROR,13,SEND_REMINDER,0
0.8688524590163934,0.625,1077.21,CARD,SBI,CARD_EXPIRED,18,RETRY_NOW,0
0.0,0.6666666666666666,1863.61,UPI,ICICI,LIMIT_EXCEEDED,8,RETRY_NOW,1
0.9642857142857143,0.0,5077.73,NETBANKING,ICICI,BANK_TIMEOUT,16,RETRY_NOW,0
0.825,0.5714285714285714,6362.4,WALLET,ICICI,INSUFFICIENT_FUNDS,15,NO_ACTION,0
0.62,0.5263157894736842,2701.74,WALLET,KOTAK,BANK_TIMEOUT,18,NO_ACTION,0
0.8260869565217391,0.25,8538.46,CARD,SBI,CARD_EXPIRED,23,RETRY_LATER,1
0.7763157894736842,0.4117647058823529,9036.2,CARD,SBI,LIMIT_EXCEEDED,16,RETRY_LATER,0
0.8645833333333334,0.3076923076923077,2677.87,UPI,ICICI,BANK_TIMEOUT,13,SEND_REMINDER,1
0.6333333333333333,0.8181818181818182,3475.79,UPI,AXIS,AUTHENTICATION_FAILED,15,NO_ACTION,0
0.6222222222222222,0.6470588235294118,3143.7,WALLET,AXIS,CARD_EXPIRED,17,NO_ACTION,0
0.8255813953488372,0.3333333333333333,8408.78,WALLET,HDFC,AUTHENTICATION_FAILED,15,RETRY_LATER,1
0.7037037037037037,0.375,2350.16,CARD,AXIS,CARD_EXPIRED,8,RETRY_NOW,0
0.75,0.0,9145.21,UPI,HDFC,AUTHENTICATION_FAILED,23,NO_ACTION,0
0.6527777777777778,0.32,5904.86,NETBANKING,HDFC,LIMIT_EXCEEDED,4,RETRY_LATER,0
0.6296296296296297,0.6666666666666666,2348.96,CARD,SBI,AUTHENTICATION_FAILED,4,NO_ACTION,0
0.42857142857142855,0.5,6506.34,NETBANKING,SBI,AUTHENTICATION_FAILED,11,NO_ACTION,0
0.7115384615384616,0.4,632.58,CARD,KOTAK,INSUFFICIENT_FUNDS,11,RETRY_NOW,0
0.6666666666666666,0.3333333333333333,2147.61,UPI,KOTAK,BANK_TIMEOUT,0,RETRY_NOW,0
0.6601941747572816,0.5142857142857142,4047.97,WALLET,AXIS,CARD_EXPIRED,0,SEND_REMINDER,1
0.7096774193548387,0.5555555555555556,4281.86,NETBANKING,ICICI,CARD_EXPIRED,13,RETRY_NOW,1
0.6551724137931034,0.55,773.83,WALLET,YESBANK,INSUFFICIENT_FUNDS,1,RETRY_LATER,0
0.68,0.5625,9345.6,NETBANKING,SBI,BANK_TIMEOUT,1,RETRY_LATER,1
0.6976744186046512,0.38461538461538464,9654.69,UPI,YESBANK,LIMIT_EXCEEDED,19,RETRY_NOW,0
0.7,0.3333333333333333,1684.75,WALLET,YESBANK,BANK_TIMEOUT,2,SEND_REMINDER,0
0.6590909090909091,0.4,7765.88,CARD,HDFC,NETWORK_ERROR,11,RETRY_LATER,0
0.8333333333333334,0.6,2835.81,UPI,AXIS,AUTHENTICATION_FAILED,22,RETRY_LATER,1
0.725,0.5909090909090909,5353.28,CARD,ICICI,BANK_TIMEOUT,19,RETRY_NOW,1
0.890625,0.5714285714285714,3856.9,UPI,YESBANK,LIMIT_EXCEEDED,18,RETRY_NOW,0
0.8181818181818182,0.5,3519.98,NETBANKING,ICICI,BANK_TIMEOUT,9,RETRY_NOW,1
0.47058823529411764,0.3333333333333333,2056.79,WALLET,AXIS,BANK_TIMEOUT,19,NO_ACTION,0
0.5806451612903226,0.5384615384615384,8063.27,NETBANKING,SBI,AUTHENTICATION_FAILED,14,SEND_REMINDER,1
0.8378378378378378,0.5833333333333334,4508.41,NETBANKING,AXIS,AUTHENTICATION_FAILED,12,RETRY_LATER,1
0.9473684210526315,0.4,2662.85,WALLET,SBI,NETWORK_ERROR,5,RETRY_LATER,1
0.8,0.42857142857142855,1438.27,UPI,YESBANK,INSUFFICIENT_FUNDS,10,RETRY_LATER,1
0.7272727272727273,0.3333333333333333,1202.21,NETBANKING,ICICI,INSUFFICIENT_FUNDS,13,NO_ACTION,0
0.5113636363636364,0.4883720930232558,9384.36,CARD,SBI,CARD_EXPIRED,12,NO_ACTION,0
0.7142857142857143,0.6,6415.35,CARD,ICICI,AUTHENTICATION_FAILED,5,NO_ACTION,0
0.5454545454545454,0.6,2797.8,WALLET,SBI,BANK_TIMEOUT,4,RETRY_NOW,0
0.6470588235294118,0.5555555555555556,4997.33,CARD,KOTAK,LIMIT_EXCEEDED,19,RETRY_NOW,0
0.7345132743362832,0.43333333333333335,7068.48,WALLET,AXIS,LIMIT_EXCEEDED,22,SEND_REMINDER,1
0.696969696969697,0.6,1205.7,NETBANKING,AXIS,BANK_TIMEOUT,22,RETRY_LATER,0
0.8375,0.6153846153846154,4029.28,CARD,AXIS,INSUFFICIENT_FUNDS,6,RETRY_LATER,0
0.8085106382978723,0.4444444444444444,1847.84,NETBANKING,KOTAK,NETWORK_ERROR,12,SEND_REMINDER,0
0.8,1.0,2686.52,WALLET,HDFC,AUTHENTICATION_FAILED,17,RETRY_LATER,1
0.7647058823529411,0.5,647.3,CARD,SBI,LIMIT_EXCEEDED,7,NO_ACTION,0
0.6170212765957447,0.5,2722.59,WALLET,KOTAK,BANK_TIMEOUT,5,RETRY_NOW,1
0.7714285714285715,0.375,5130.65,NETBANKING,YESBANK,NETWORK_ERROR,13,RETRY_NOW,0
0.5,0.3333333333333333,982.15,UPI,KOTAK,NETWORK_ERROR,22,NO_ACTION,0
0.8936170212765957,0.6,8139.88,UPI,HDFC,NETWORK_ERROR,10,NO_ACTION,0
0.7407407407407407,0.2857142857142857,5659.69,CARD,KOTAK,AUTHENTICATION_FAILED,18,SEND_REMINDER,0
0.6590909090909091,0.5333333333333333,9109.3,NETBANKING,KOTAK,AUTHENTICATION_FAILED,18,NO_ACTION,0
0.8133333333333334,0.6428571428571429,1570.6,WALLET,ICICI,NETWORK_ERROR,9,SEND_REMINDER,0
0.693069306930693,0.6129032258064516,4033.99,WALLET,KOTAK,AUTHENTICATION_FAILED,11,RETRY_NOW,0
0.8108108108108109,0.5,865.77,WALLET,ICICI,AUTHENTICATION_FAILED,8,RETRY_LATER,1
0.7647058823529411,0.5,3493.35,NETBANKING,SBI,INSUFFICIENT_FUNDS,12,NO_ACTION,0
0.7727272727272727,0.4,5087.28,CARD,YESBANK,INSUFFICIENT_FUNDS,6,RETRY_NOW,0
0.5454545454545454,0.8,6866.63,UPI,YESBANK,INSUFFICIENT_FUNDS,10,RETRY_NOW,0
0.7333333333333333,0.5,1597.36,UPI,HDFC,AUTHENTICATION_FAILED,5,SEND_REMINDER,1
0.8,0.4375,7797.8,NETBANKING,HDFC,LIMIT_EXCEEDED,11,NO_ACTION,0
0.375,0.8,5370.15,NETBANKING,ICICI,AUTHENTICATION_FAILED,20,SEND_REMINDER,0
0.6,0.0,1598.37,UPI,HDFC,BANK_TIMEOUT,4,RETRY_NOW,1
0.5,0.0,4637.57,NETBANKING,SBI,BANK_TIMEOUT,23,NO_ACTION,0
0.6,1.0,679.03,NETBANKING,YESBANK,LIMIT_EXCEEDED,23,RETRY_LATER,1
0.6941176470588235,0.5384615384615384,337.55,NETBANKING,ICICI,NETWORK_ERROR,18,RETRY_LATER,1
0.6568627450980392,0.45714285714285713,464.42,CARD,ICICI,LIMIT_EXCEEDED,18,NO_ACTION,0
0.8,0.5,6414.73,UPI,SBI,AUTHENTICATION_FAILED,11,RETRY_NOW,0
0.9097222222222222,0.5384615384615384,7493.7,UPI,AXIS,CARD_EXPIRED,7,RETRY_LATER,0
0.7052631578947368,0.4642857142857143,4660.03,UPI,AXIS,CARD_EXPIRED,14,SEND_REMINDER,0
0.6346153846153846,0.3684210526315789,4385.72,CARD,AXIS,NETWORK_ERROR,1,NO_ACTION,0
0.7407407407407407,0.35714285714285715,4652.3,CARD,SBI,AUTHENTICATION_FAILED,16,SEND_REMINDER,0
0.76,0.3333333333333333,8638.83,WALLET,ICICI,CARD_EXPIRED,8,RETRY_NOW,0
0.6949152542372882,0.5,4317.86,CARD,HDFC,INSUFFICIENT_FUNDS,6,NO_ACTION,0
0.7777777777777778,0.7916666666666666,299.95,WALLET,YESBANK,LIMIT_EXCEEDED,17,RETRY_LATER,1
0.7966101694915254,0.25,5595.81,NETBANKING,YESBANK,NETWORK_ERROR,7,RETRY_LATER,0
0.9393939393939394,0.75,669.19,WALLET,AXIS,LIMIT_EXCEEDED,22,RETRY_NOW,0
0.7142857142857143,0.75,6069.86,WALLET,ICICI,CARD_EXPIRED,1,NO_ACTION,0
0.782608695652174,0.4,8321.98,UPI,HDFC,AUTHENTICATION_FAILED,22,NO_ACTION,0
0.8769230769230769,0.25,6633.81,UPI,AXIS,CARD_EXPIRED,15,NO_ACTION,0
0.4666666666666667,0.5,3517.86,CARD,SBI,INSUFFICIENT_FUNDS,23,NO_ACTION,0
0.6792452830188679,0.35294117647058826,1294.3,UPI,ICICI,LIMIT_EXCEEDED,7,SEND_REMINDER,0
0.6666666666666666,0.0,3485.99,UPI,KOTAK,CARD_EXPIRED,3,RETRY_NOW,0
0.8260869565217391,0.25,256.01,CARD,ICICI,CARD_EXPIRED,2,RETRY_LATER,0
0.782051282051282,0.35294117647058826,5357.75,NETBANKING,AXIS,BANK_TIMEOUT,15,RETRY_NOW,1
0.7906976744186046,0.3333333333333333,1032.35,UPI,SBI,LIMIT_EXCEEDED,9,RETRY_LATER,0
0.7833333333333333,0.5384615384615384,3725.12,CARD,HDFC,CARD_EXPIRED,7,NO_ACTION,0
0.625,0.42857142857142855,4443.96,WALLET,SBI,AUTHENTICATION_FAILED,23,RETRY_NOW,0
0.5,0.5,9237.43,CARD,KOTAK,LIMIT_EXCEEDED,15,RETRY_NOW,1
0.6440677966101694,0.6666666666666666,6119.13,NETBANKING,KOTAK,CARD_EXPIRED,3,RETRY_NOW,0
0.673469387755102,0.5625,9715.13,WALLET,HDFC,LIMIT_EXCEEDED,9,NO_ACTION,0
0.6875,0.8,9420.22,NETBANKING,AXIS,BANK_TIMEOUT,22,SEND_REMINDER,1
0.7727272727272727,0.4,421.35,UPI,AXIS,CARD_EXPIRED,12,NO_ACTION,0
0.5625,0.42857142857142855,3564.16,CARD,AXIS,AUTHENTICATION_FAILED,17,SEND_REMINDER,1
0.7246376811594203,0.3684210526315789,4606.1,CARD,YESBANK,NETWORK_ERROR,11,RETRY_NOW,0
0.8307692307692308,0.18181818181818182,2665.84,WALLET,HDFC,BANK_TIMEOUT,11,RETRY_LATER,1
0.8045977011494253,0.6470588235294118,9419.7,UPI,HDFC,AUTHENTICATION_FAILED,12,SEND_REMINDER,1
0.6623376623376623,0.5,7504.39,NETBANKING,SBI,LIMIT_EXCEEDED,8,NO_ACTION,0
0.3333333333333333,0.25,5246.8,UPI,SBI,AUTHENTICATION_FAILED,3,NO_ACTION,0
0.6842105263157895,0.6666666666666666,949.22,NETBANKING,ICICI,NETWORK_ERROR,19,RETRY_NOW,1
0.8571428571428571,0.5,2647.98,WALLET,AXIS,INSUFFICIENT_FUNDS,11,NO_ACTION,0
0.78125,0.5714285714285714,3503.21,UPI,HDFC,AUTHENTICATION_FAILED,13,RETRY_NOW,0
0.7037037037037037,0.625,9083.96,WALLET,AXIS,LIMIT_EXCEEDED,23,SEND_REMINDER,0
0.7808219178082192,0.5625,7347.96,UPI,HDFC,INSUFFICIENT_FUNDS,1,RETRY_LATER,1
0.8,1.0,7833.35,WALLET,HDFC,CARD_EXPIRED,5,SEND_REMINDER,1
0.711340206185567,0.4642857142857143,8620.47,CARD,ICICI,NETWORK_ERROR,17,RETRY_NOW,0
0.8666666666666667,0.625,2489.38,NETBANKING,AXIS,CARD_EXPIRED,4,NO_ACTION,0
0.912621359223301,0.2222222222222222,3732.16,CARD,HDFC,AUTHENTICATION_FAILED,4,SEND_REMINDER,1
0.8,0.375,2248.37,CARD,AXIS,CARD_EXPIRED,2,SEND_REMINDER,0
0.75,0.0,3115.68,UPI,ICICI,INSUFFICIENT_FUNDS,6,SEND_REMINDER,0
0.7209302325581395,0.5,1158.65,WALLET,AXIS,INSUFFICIENT_FUNDS,0,SEND_REMINDER,0
0.6206896551724138,0.6363636363636364,5765.04,CARD,HDFC,INSUFFICIENT_FUNDS,16,SEND_REMINDER,1
0.9714285714285714,0.75,324.12,UPI,HDFC,LIMIT_EXCEEDED,4,NO_ACTION,0
0.6190476190476191,0.5,6473.24,CARD,YESBANK,LIMIT_EXCEEDED,22,RETRY_NOW,1
0.782051282051282,0.35294117647058826,5357.75,NETBANKING,AXIS,BANK_TIMEOUT,15,RETRY_LATER,0
0.6320754716981132,0.5641025641025641,1194.42,CARD,KOTAK,AUTHENTICATION_FAILED,18,RETRY_NOW,1
0.6444444444444445,0.5,6331.0,NETBANKING,HDFC,AUTHENTICATION_FAILED,3,RETRY_LATER,0
0.7045454545454546,0.6923076923076923,3426.98,UPI,AXIS,NETWORK_ERROR,11,RETRY_NOW,0
0.75,0.0,2323.78,UPI,HDFC,LIMIT_EXCEEDED,5,RETRY_LATER,0
0.7692307692307693,0.3333333333333333,7616.42,UPI,KOTAK,AUTHENTICATION_FAILED,14,SEND_REMINDER,0
0.7906976744186046,0.5,6875.51,WALLET,KOTAK,CARD_EXPIRED,1,RETRY_LATER,0
0.863013698630137,0.7,8470.29,NETBANKING,SBI,AUTHENTICATION_FAILED,23,RETRY_LATER,0
0.6363636363636364,0.5,7926.54,UPI,KOTAK,INSUFFICIENT_FUNDS,11,SEND_REMINDER,0
0.6923076923076923,0.75,8208.99,UPI,KOTAK,AUTHENTICATION_FAILED,14,RETRY_NOW,1
0.7216494845360825,0.3333333333333333,8552.01,NETBANKING,YESBANK,AUTHENTICATION_FAILED,16,SEND_REMINDER,1
0.8414634146341463,0.46153846153846156,6457.43,CARD,AXIS,CARD_EXPIRED,8,RETRY_LATER,0
0.5714285714285714,0.16666666666666666,7879.72,NETBANKING,KOTAK,NETWORK_ERROR,13,SEND_REMINDER,0
0.6842105263157895,0.6666666666666666,949.22,NETBANKING,ICICI,NETWORK_ERROR,19,SEND_REMINDER,1
0.4,0.3333333333333333,7942.05,UPI,KOTAK,AUTHENTICATION_FAILED,9,SEND_REMINDER,1
0.55,0.3333333333333333,2635.23,UPI,AXIS,NETWORK_ERROR,17,RETRY_NOW,1
0.75,0.7,3020.67,CARD,ICICI,INSUFFICIENT_FUNDS,20,RETRY_LATER,0
0.6,0.0,8456.65,UPI,ICICI,LIMIT_EXCEEDED,15,RETRY_LATER,1
0.5,0.75,7441.89,CARD,YESBANK,BANK_TIMEOUT,7,RETRY_NOW,0
0.6071428571428571,0.6363636363636364,1450.65,WALLET,SBI,LIMIT_EXCEEDED,19,NO_ACTION,0
0.7115384615384616,0.4,632.58,CARD,KOTAK,INSUFFICIENT_FUNDS,11,RETRY_LATER,1
0.7619047619047619,0.4666666666666667,8094.06,CARD,ICICI,LIMIT_EXCEEDED,4,RETRY_NOW,0
0.8382352941176471,0.5454545454545454,6644.79,UPI,HDFC,CARD_EXPIRED,23,RETRY_NOW,0
0.68,0.75,3045.12,NETBANKING,ICICI,AUTHENTICATION_FAILED,9,RETRY_LATER,1
0.7142857142857143,0.3125,2068.02,WALLET,ICICI,LIMIT_EXCEEDED,1,RETRY_LATER,1
0.6363636363636364,0.5,3391.71,UPI,ICICI,INSUFFICIENT_FUNDS,20,SEND_REMINDER,1
0.7777777777777778,0.16666666666666666,902.8,UPI,YESBANK,INSUFFICIENT_FUNDS,22,NO_ACTION,0
0.5555555555555556,0.4166666666666667,519.33,NETBANKING,ICICI,LIMIT_EXCEEDED,13,SEND_REMINDER,1
0.782608695652174,0.8,5564.7,NETBANKING,KOTAK,LIMIT_EXCEEDED,22,RETRY_NOW,1
0.8375,0.6153846153846154,4029.28,CARD,AXIS,INSUFFICIENT_FUNDS,6,RETRY_NOW,1
0.75,0.0,3115.68,UPI,ICICI,INSUFFICIENT_FUNDS,6,NO_ACTION,0
0.6578947368421053,0.7692307692307693,9581.8,CARD,SBI,NETWORK_ERROR,17,RETRY_LATER,1
0.6176470588235294,0.6153846153846154,5201.63,UPI,KOTAK,AUTHENTICATION_FAILED,14,NO_ACTION,0
0.7868852459016393,0.38461538461538464,8712.0,UPI,AXIS,CARD_EXPIRED,16,RETRY_LATER,0
0.7666666666666667,0.7142857142857143,4609.38,UPI,KOTAK,AUTHENTICATION_FAILED,11,RETRY_NOW,1
0.0,0.0,5190.31,CARD,SBI,NETWORK_ERROR,22,NO_ACTION,0
0.8709677419354839,0.75,2379.35,CARD,ICICI,NETWORK_ERROR,23,SEND_REMINDER,1
0.6792452830188679,0.35294117647058826,1294.3,UPI,ICICI,LIMIT_EXCEEDED,7,RETRY_LATER,0
0.48484848484848486,0.35294117647058826,5164.11,CARD,YESBANK,BANK_TIMEOUT,11,NO_ACTION,0
0.7,0.5714285714285714,7137.97,UPI,AXIS,AUTHENTICATION_FAILED,12,RETRY_NOW,0
0.7012987012987013,0.43478260869565216,4295.72,WALLET,AXIS,NETWORK_ERROR,21,RETRY_NOW,1
0.6097560975609756,0.3125,4129.22,NETBANKING,HDFC,CARD_EXPIRED,0,RETRY_LATER,0
0.6551724137931034,0.2,1864.53,WALLET,YESBANK,NETWORK_ERROR,20,NO_ACTION,0
0.62,0.5263157894736842,5009.64,CARD,KOTAK,INSUFFICIENT_FUNDS,17,SEND_REMINDER,0
0.917910447761194,0.36363636363636365,7801.42,WALLET,YESBANK,BANK_TIMEOUT,17,RETRY_LATER,1
0.6746987951807228,0.48148148148148145,9926.67,WALLET,ICICI,INSUFFICIENT_FUNDS,8,SEND_REMINDER,0
0.8235294117647058,0.3333333333333333,3043.45,UPI,ICICI,AUTHENTICATION_FAILED,7,RETRY_NOW,0
0.6715328467153284,0.6444444444444445,5276.4,CARD,HDFC,CARD_EXPIRED,8,RETRY_LATER,1
0.8666666666666667,0.5,6932.16,CARD,YESBANK,INSUFFICIENT_FUNDS,10,RETRY_LATER,1
0.7722772277227723,0.4782608695652174,8136.72,CARD,SBI,INSUFFICIENT_FUNDS,3,NO_ACTION,0
0.5625,0.2857142857142857,1447.89,WALLET,KOTAK,BANK_TIMEOUT,11,SEND_REMINDER,0
0.8064516129032258,0.3333333333333333,9677.73,CARD,YESBANK,CARD_EXPIRED,13,RETRY_LATER,0
0.75,0.09090909090909091,5522.13,WALLET,AXIS,LIMIT_EXCEEDED,23,RETRY_LATER,0
0.7105263157894737,0.7727272727272727,2404.34,UPI,YESBANK,INSUFFICIENT_FUNDS,0,NO_ACTION,0
0.75,0.5,2786.7,WALLET,YESBANK,NETWORK_ERROR,0,NO_ACTION,0
0.875,1.0,6196.72,UPI,YESBANK,CARD_EXPIRED,5,NO_ACTION,0
0.797979797979798,0.4,5316.72,CARD,ICICI,LIMIT_EXCEEDED,12,RETRY_LATER,0
0.6666666666666666,0.0,897.74,WALLET,HDFC,CARD_EXPIRED,15,NO_ACTION,0
0.746031746031746,0.4375,8957.59,CARD,HDFC,AUTHENTICATION_FAILED,18,NO_ACTION,0
0.5,0.0,1960.55,CARD,KOTAK,AUTHENTICATION_FAILED,19,RETRY_LATER,0
0.6,0.625,7137.92,WALLET,ICICI,INSUFFICIENT_FUNDS,3,NO_ACTION,0
0.8260869565217391,0.5,1912.17,NETBANKING,KOTAK,BANK_TIMEOUT,20,SEND_REMINDER,1
0.917910447761194,0.36363636363636365,7801.42,WALLET,YESBANK,BANK_TIMEOUT,17,RETRY_NOW,1
0.75,1.0,5998.97,NETBANKING,AXIS,CARD_EXPIRED,17,RETRY_NOW,1
0.7592592592592593,0.5384615384615384,9241.2,CARD,YESBANK,BANK_TIMEOUT,9,RETRY_NOW,1
0.8,0.8,6042.6,CARD,ICICI,NETWORK_ERROR,6,RETRY_LATER,1
0.7647058823529411,0.75,4164.23,NETBANKING,AXIS,LIMIT_EXCEEDED,4,RETRY_NOW,1
0.8297872340425532,0.625,9725.61,WALLET,YESBANK,INSUFFICIENT_FUNDS,23,SEND_REMINDER,1
0.5333333333333333,0.42857142857142855,891.93,UPI,YESBANK,CARD_EXPIRED,12,SEND_REMINDER,0
0.6071428571428571,0.6363636363636364,4092.66,CARD,YESBANK,NETWORK_ERROR,1,RETRY_LATER,1
0.7362637362637363,0.5,1959.39,WALLET,YESBANK,NETWORK_ERROR,4,SEND_REMINDER,0
0.6666666666666666,0.6428571428571429,7489.06,NETBANKING,YESBANK,AUTHENTICATION_FAILED,20,NO_ACTION,0
0.42857142857142855,0.5,2056.1,UPI,ICICI,NETWORK_ERROR,0,RETRY_NOW,1
0.7804878048780488,0.5555555555555556,9281.07,NETBANKING,HDFC,AUTHENTICATION_FAILED,23,RETRY_LATER,0
0.77,0.4782608695652174,6309.92,CARD,HDFC,LIMIT_EXCEEDED,10,RETRY_NOW,0
0.7844827586206896,0.4,8855.54,NETBANKING,ICICI,NETWORK_ERROR,22,SEND_REMINDER,0
0.875,1.0,8657.61,UPI,KOTAK,LIMIT_EXCEEDED,16,NO_ACTION,0
0.6231884057971014,0.6538461538461539,6621.37,WALLET,AXIS,BANK_TIMEOUT,4,NO_ACTION,0
0.8412698412698413,0.65,7851.95,WALLET,SBI,NETWORK_ERROR,2,RETRY_NOW,1
0.7941176470588235,0.5714285714285714,1737.52,NETBANKING,YESBANK,AUTHENTICATION_FAILED,16,RETRY_LATER,1
0.48,0.5384615384615384,6746.58,CARD,HDFC,CARD_EXPIRED,10,NO_ACTION,0
0.7872340425531915,0.6,3634.59,CARD,KOTAK,INSUFFICIENT_FUNDS,22,NO_ACTION,0
0.7662337662337663,0.3888888888888889,394.73,UPI,SBI,CARD_EXPIRED,1,SEND_REMINDER,0
0.6486486486486487,0.3076923076923077,3914.05,CARD,ICICI,AUTHENTICATION_FAILED,8,RETRY_NOW,1
0.6818181818181818,0.42857142857142855,6610.43,UPI,AXIS,INSUFFICIENT_FUNDS,13,RETRY_NOW,0
0.6705882352941176,0.5,1991.29,WALLET,HDFC,INSUFFICIENT_FUNDS,14,RETRY_LATER,0
0.6761904761904762,0.35294117647058826,4211.69,CARD,SBI,BANK_TIMEOUT,17,SEND_REMINDER,0
0.5,0.25,962.43,NETBANKING,KOTAK,CARD_EXPIRED,17,RETRY_NOW,0
0.7019230769230769,0.5161290322580645,866.16,WALLET,YESBANK,AUTHENTICATION_FAILED,3,RETRY_NOW,0
0.6923076923076923,0.5,556.63,NETBANKING,AXIS,LIMIT_EXCEEDED,11,NO_ACTION,0
0.7865168539325843,0.42105263157894735,1519.56,CARD,ICICI,AUTHENTICATION_FAILED,18,NO_ACTION,0
0.7719298245614035,0.46153846153846156,2434.03,CARD,SBI,AUTHENTICATION_FAILED,7,NO_ACTION,0
0.6971830985915493,0.4418604651162791,3202.34,UPI,YESBANK,BANK_TIMEOUT,1,RETRY_LATER,1
0.9166666666666666,0.6666666666666666,6651.39,CARD,HDFC,AUTHENTICATION_FAILED,15,RETRY_LATER,0
0.6823529411764706,0.48148148148148145,8280.15,WALLET,AXIS,CARD_EXPIRED,15,NO_ACTION,0
0.5,0.0,7337.83,CARD,ICICI,LIMIT_EXCEEDED,18,RETRY_NOW,1
0.7875,0.7058823529411765,2016.5,NETBANKING,SBI,CARD_EXPIRED,16,NO_ACTION,0
0.6363636363636364,0.55,3290.66,CARD,SBI,LIMIT_EXCEEDED,23,RETRY_LATER,1
0.7241379310344828,0.5,8877.32,WALLET,KOTAK,INSUFFICIENT_FUNDS,12,NO_ACTION,0
0.78,0.5454545454545454,4246.05,WALLET,ICICI,AUTHENTICATION_FAILED,5,NO_ACTION,0
0.8829787234042553,0.45454545454545453,519.71,WALLET,HDFC,NETWORK_ERROR,18,RETRY_NOW,0
0.7735849056603774,0.25,5667.06,NETBANKING,AXIS,CARD_EXPIRED,20,NO_ACTION,0
0.7722772277227723,0.5652173913043478,1627.32,WALLET,YESBANK,CARD_EXPIRED,13,NO_ACTION,0
0.9354838709677419,0.5,8258.94,CARD,AXIS,INSUFFICIENT_FUNDS,9,NO_ACTION,0
0.7017543859649122,0.5294117647058824,6876.33,CARD,AXIS,LIMIT_EXCEEDED,19,SEND_REMINDER,0
0.5714285714285714,0.3333333333333333,2918.33,NETBANKING,KOTAK,AUTHENTICATION_FAILED,22,RETRY_LATER,0
0.7444444444444445,0.6086956521739131,2798.58,UPI,YESBANK,NETWORK_ERROR,17,RETRY_LATER,1
0.7741935483870968,0.7142857142857143,6367.48,WALLET,ICICI,AUTHENTICATION_FAILED,10,NO_ACTION,0
0.9130434782608695,0.5,730.7,NETBANKING,YESBANK,CARD_EXPIRED,15,NO_ACTION,0
0.7280701754385965,0.6451612903225806,5297.02,WALLET,KOTAK,BANK_TIMEOUT,1,NO_ACTION,0
0.6666666666666666,0.45454545454545453,2825.62,CARD,KOTAK,LIMIT_EXCEEDED,20,RETRY_LATER,1
0.8947368421052632,0.75,8225.57,UPI,HDFC,INSUFFICIENT_FUNDS,9,NO_ACTION,0
0.7777777777777778,1.0,1687.06,CARD,KOTAK,BANK_TIMEOUT,20,RETRY_NOW,1
0.6901408450704225,0.36363636363636365,3151.9,UPI,KOTAK,BANK_TIMEOUT,4,RETRY_LATER,1
0.703125,0.3684210526315789,3449.49,CARD,SBI,BANK_TIMEOUT,2,RETRY_NOW,0
0.5,0.6666666666666666,8185.66,CARD,ICICI,CARD_EXPIRED,1,NO_ACTION,0
0.803921568627451,0.5,6798.17,UPI,HDFC,INSUFFICIENT_FUNDS,14,NO_ACTION,0
0.7948717948717948,0.25,7989.4,UPI,YESBANK,LIMIT_EXCEEDED,5,RETRY_NOW,0
0.6666666666666666,1.0,9023.87,CARD,SBI,AUTHENTICATION_FAILED,6,RETRY_LATER,0
0.75,0.3333333333333333,4392.45,NETBANKING,SBI,AUTHENTICATION_FAILED,0,RETRY_NOW,0
0.7428571428571429,0.7777777777777778,9271.4,WALLET,SBI,CARD_EXPIRED,20,RETRY_NOW,0
0.3333333333333333,0.0,385.65,CARD,KOTAK,NETWORK_ERROR,16,RETRY_LATER,0
0.7407407407407407,0.42857142857142855,2237.45,NETBANKING,KOTAK,AUTHENTICATION_FAILED,19,RETRY_NOW,1
0.25,0.0,4123.37,WALLET,ICICI,NETWORK_ERROR,13,RETRY_LATER,1
0.9130434782608695,0.6666666666666666,5549.27,WALLET,AXIS,INSUFFICIENT_FUNDS,11,NO_ACTION,0
0.7307692307692307,0.7142857142857143,4519.6,UPI,KOTAK,NETWORK_ERROR,5,RETRY_LATER,1
0.42857142857142855,0.75,7903.79,WALLET,KOTAK,LIMIT_EXCEEDED,12,SEND_REMINDER,0
0.7192982456140351,0.5,2022.25,NETBANKING,YESBANK,INSUFFICIENT_FUNDS,13,RETRY_LATER,0
0.8571428571428571,0.75,3484.42,CARD,SBI,NETWORK_ERROR,3,SEND_REMINDER,1
0.6216216216216216,0.5,1154.05,UPI,KOTAK,INSUFFICIENT_FUNDS,12,SEND_REMINDER,1
0.6956521739130435,0.2857142857142857,7943.37,CARD,SBI,NETWORK_ERROR,10,NO_ACTION,0
0.0,1.0,5439.6,WALLET,YESBANK,LIMIT_EXCEEDED,0,SEND_REMINDER,0
0.6666666666666666,0.0,5657.31,CARD,KOTAK,NETWORK_ERROR,0,RETRY_NOW,0
0.7,0.3333333333333333,1919.25,WALLET,HDFC,INSUFFICIENT_FUNDS,0,RETRY_NOW,0
0.8085106382978723,0.4444444444444444,5777.19,NETBANKING,KOTAK,AUTHENTICATION_FAILED,22,SEND_REMINDER,1
0.8625,0.7272727272727273,1919.13,CARD,YESBANK,AUTHENTICATION_FAILED,21,NO_ACTION,0
0.696969696969697,0.3,3858.84,CARD,ICICI,CARD_EXPIRED,14,NO_ACTION,0
0.8181818181818182,1.0,149.58,UPI,YESBANK,NETWORK_ERROR,7,SEND_REMINDER,1
0.7345132743362832,0.43333333333333335,7068.48,WALLET,AXIS,LIMIT_EXCEEDED,22,RETRY_NOW,0
0.8918918918918919,0.25,1580.93,CARD,YESBANK,CARD_EXPIRED,22,RETRY_LATER,0
0.5789473684210527,0.75,797.23,WALLET,AXIS,CARD_EXPIRED,7,NO_ACTION,0
0.6363636363636364,0.5,3225.32,WALLET,YESBANK,INSUFFICIENT_FUNDS,5,NO_ACTION,0
0.6521739130434783,0.375,1451.2,UPI,KOTAK,CARD_EXPIRED,23,NO_ACTION,0
0.6808510638297872,0.3333333333333333,2139.04,NETBANKING,ICICI,LIMIT_EXCEEDED,16,RETRY_NOW,0
0.7096774193548387,0.4444444444444444,4645.93,NETBANKING,HDFC,AUTHENTICATION_FAILED,0,RETRY_NOW,1
0.875,0.42857142857142855,3218.49,NETBANKING,AXIS,BANK_TIMEOUT,0,RETRY_NOW,1
0.703125,0.5263157894736842,6900.71,NETBANKING,ICICI,AUTHENTICATION_FAILED,18,RETRY_NOW,1
0.7692307692307693,0.6666666666666666,1458.74,NETBANKING,AXIS,INSUFFICIENT_FUNDS,7,NO_ACTION,0
0.8024691358024691,0.4375,2649.11,CARD,AXIS,AUTHENTICATION_FAILED,20,NO_ACTION,0
0.5882352941176471,0.42857142857142855,5912.22,UPI,ICICI,INSUFFICIENT_FUNDS,0,NO_ACTION,0
0.5882352941176471,0.6428571428571429,3039.43,NETBANKING,HDFC,INSUFFICIENT_FUNDS,19,RETRY_NOW,0
0.8571428571428571,0.75,3484.42,CARD,SBI,NETWORK_ERROR,3,NO_ACTION,0
0.7761194029850746,0.5333333333333333,6575.53,UPI,HDFC,NETWORK_ERROR,22,RETRY_LATER,0
0.676056338028169,0.6086956521739131,2615.66,WALLET,AXIS,NETWORK_ERROR,7,RETRY_LATER,1
0.8351648351648352,0.4666666666666667,489.96,UPI,KOTAK,AUTHENTICATION_FAILED,2,RETRY_NOW,1
0.7368421052631579,0.6,101.85,NETBANKING,KOTAK,LIMIT_EXCEEDED,14,SEND_REMINDER,1
0.6666666666666666,0.0,5653.85,WALLET,SBI,BANK_TIMEOUT,3,RETRY_NOW,1
0.7948717948717948,0.5,3435.16,CARD,HDFC,BANK_TIMEOUT,11,RETRY_LATER,0
0.7619047619047619,0.4666666666666667,8094.06,CARD,ICICI,LIMIT_EXCEEDED,4,RETRY_LATER,0
0.8082191780821918,0.42857142857142855,8327.03,CARD,YESBANK,AUTHENTICATION_FAILED,20,RETRY_NOW,1
0.75,0.5294117647058824,9067.84,WALLET,ICICI,AUTHENTICATION_FAILED,10,RETRY_NOW,0
0.5113636363636364,0.4883720930232558,9384.36,CARD,SBI,CARD_EXPIRED,12,SEND_REMINDER,0
0.8904109589041096,0.375,9464.31,CARD,ICICI,AUTHENTICATION_FAILED,16,RETRY_LATER,0
0.7049180327868853,0.3333333333333333,8899.84,CARD,YESBANK,CARD_EXPIRED,4,RETRY_LATER,1
0.6,0.5588235294117647,7896.24,NETBANKING,YESBANK,LIMIT_EXCEEDED,5,SEND_REMINDER,0
0.8351648351648352,0.4666666666666667,489.96,UPI,KOTAK,AUTHENTICATION_FAILED,2,NO_ACTION,0
0.7428571428571429,0.3333333333333333,7125.06,WALLET,HDFC,BANK_TIMEOUT,23,SEND_REMINDER,0
0.6950354609929078,0.5348837209302325,3166.34,WALLET,HDFC,INSUFFICIENT_FUNDS,19,SEND_REMINDER,0
0.8210526315789474,0.29411764705882354,7717.7,UPI,KOTAK,BANK_TIMEOUT,12,RETRY_NOW,0
0.6263736263736264,0.5588235294117647,2977.05,NETBANKING,SBI,LIMIT_EXCEEDED,21,SEND_REMINDER,0
0.7819548872180451,0.4482758620689655,5001.02,WALLET,SBI,CARD_EXPIRED,12,RETRY_NOW,0
0.5,0.3333333333333333,4713.96,CARD,KOTAK,LIMIT_EXCEEDED,21,NO_ACTION,0
0.8333333333333334,1.0,3599.16,CARD,KOTAK,INSUFFICIENT_FUNDS,6,RETRY_LATER,0
0.6410256410256411,0.35714285714285715,4435.81,UPI,ICICI,BANK_TIMEOUT,11,SEND_REMINDER,1
0.6666666666666666,0.42857142857142855,7356.37,NETBANKING,ICICI,AUTHENTICATION_FAILED,17,RETRY_LATER,0
0.8108108108108109,0.5,865.77,WALLET,ICICI,AUTHENTICATION_FAILED,8,NO_ACTION,0
0.8241758241758241,0.6875,2111.98,CARD,HDFC,AUTHENTICATION_FAILED,4,RETRY_NOW,1
0.627906976744186,0.46875,3067.86,WALLET,KOTAK,INSUFFICIENT_FUNDS,20,NO_ACTION,0
0.8533333333333334,0.18181818181818182,5690.97,CARD,ICICI,INSUFFICIENT_FUNDS,11,NO_ACTION,0
0.7222222222222222,0.4,5846.44,NETBANKING,YESBANK,INSUFFICIENT_FUNDS,3,RETRY_LATER,0
0.7142857142857143,0.5,1710.56,CARD,AXIS,CARD_EXPIRED,3,SEND_REMINDER,0
0.7777777777777778,0.5,4508.84,CARD,YESBANK,BANK_TIMEOUT,6,SEND_REMINDER,0
0.9069767441860465,1.0,8560.94,UPI,ICICI,CARD_EXPIRED,16,RETRY_NOW,1
0.6363636363636364,0.5,4529.3,WALLET,YESBANK,LIMIT_EXCEEDED,0,SEND_REMINDER,0
0.6263736263736264,0.5588235294117647,2977.05,NETBANKING,SBI,LIMIT_EXCEEDED,21,RETRY_LATER,0
0.7142857142857143,0.5,6775.01,WALLET,KOTAK,BANK_TIMEOUT,10,RETRY_LATER,1
0.8222222222222222,0.125,3418.55,WALLET,KOTAK,LIMIT_EXCEEDED,10,RETRY_NOW,0
0.6785714285714286,0.1111111111111111,3077.26,CARD,AXIS,INSUFFICIENT_FUNDS,23,NO_ACTION,0
0.8125,0.5555555555555556,440.0,NETBANKING,ICICI,INSUFFICIENT_FUNDS,4,RETRY_LATER,0
0.6904761904761905,0.38461538461538464,6385.12,CARD,KOTAK,AUTHENTICATION_FAILED,7,SEND_REMINDER,1
0.4583333333333333,0.3076923076923077,3333.95,CARD,ICICI,AUTHENTICATION_FAILED,7,RETRY_NOW,1
0.8333333333333334,0.5,6560.24,CARD,SBI,INSUFFICIENT_FUNDS,8,RETRY_LATER,0
0.9090909090909091,0.4,6465.53,UPI,AXIS,LIMIT_EXCEEDED,11,SEND_REMINDER,0
0.6944444444444444,0.45454545454545453,6410.05,NETBANKING,AXIS,AUTHENTICATION_FAILED,9,SEND_REMINDER,1
0.8064516129032258,0.5,3500.28,CARD,ICICI,CARD_EXPIRED,6,NO_ACTION,0
0.5909090909090909,0.2222222222222222,2641.7,NETBANKING,ICICI,AUTHENTICATION_FAILED,14,SEND_REMINDER,0
0.75,0.4375,5412.1,NETBANKING,SBI,LIMIT_EXCEEDED,14,RETRY_NOW,1
0.9444444444444444,0.6666666666666666,7993.15,NETBANKING,YESBANK,BANK_TIMEOUT,7,RETRY_LATER,1
0.7027027027027027,0.45454545454545453,1178.98,CARD,KOTAK,CARD_EXPIRED,23,RETRY_LATER,1
0.8,0.42857142857142855,1438.27,UPI,YESBANK,INSUFFICIENT_FUNDS,10,NO_ACTION,0
0.6875,0.4,335.79,WALLET,SBI,CARD_EXPIRED,19,NO_ACTION,0
0.6666666666666666,0.75,1699.0,UPI,ICICI,NETWORK_ERROR,9,RETRY_NOW,0
0.631578947368421,0.5,7625.07,CARD,AXIS,CARD_EXPIRED,10,RETRY_NOW,1
0.7647058823529411,0.375,2778.78,CARD,SBI,BANK_TIMEOUT,12,NO_ACTION,0
0.4444444444444444,0.6,2800.89,NETBANKING,SBI,AUTHENTICATION_FAILED,6,NO_ACTION,0
0.639344262295082,0.5227272727272727,4297.22,WALLET,AXIS,INSUFFICIENT_FUNDS,7,RETRY_NOW,0
0.6,0.25,2281.57,UPI,YESBANK,AUTHENTICATION_FAILED,8,NO_ACTION,0
0.6515151515151515,0.43478260869565216,9043.49,UPI,HDFC,INSUFFICIENT_FUNDS,5,RETRY_NOW,0
0.703125,0.5789473684210527,6891.06,WALLET,YESBANK,NETWORK_ERROR,18,NO_ACTION,0
0.6867469879518072,0.6153846153846154,9451.48,NETBANKING,KOTAK,CARD_EXPIRED,2,SEND_REMINDER,1
0.8928571428571429,0.3333333333333333,2444.56,WALLET,HDFC,BANK_TIMEOUT,3,NO_ACTION,0
0.0,0.0,692.94,NETBANKING,YESBANK,NETWORK_ERROR,17,SEND_REMINDER,1
0.7857142857142857,0.3333333333333333,9032.15,NETBANKING,ICICI,AUTHENTICATION_FAILED,4,RETRY_NOW,0
0.7111111111111111,0.6923076923076923,4966.4,WALLET,YESBANK,INSUFFICIENT_FUNDS,3,RETRY_LATER,1
0.6233766233766234,0.5517241379310345,8519.39,NETBANKING,HDFC,CARD_EXPIRED,17,RETRY_NOW,0
0.0,1.0,2033.72,CARD,AXIS,BANK_TIMEOUT,7,RETRY_LATER,0
0.9619047619047619,0.0,5466.39,WALLET,AXIS,NETWORK_ERROR,4,RETRY_NOW,1
0.3333333333333333,0.5,3300.42,NETBANKING,KOTAK,LIMIT_EXCEEDED,9,RETRY_LATER,1
0.89,0.36363636363636365,4412.82,NETBANKING,KOTAK,LIMIT_EXCEEDED,7,RETRY_NOW,0
0.8666666666666667,0.5,5321.31,WALLET,HDFC,NETWORK_ERROR,0,SEND_REMINDER,1
0.7542372881355932,0.7586206896551724,9285.43,CARD,SBI,LIMIT_EXCEEDED,7,SEND_REMINDER,0
0.7959183673469388,0.8,456.73,NETBANKING,YESBANK,NETWORK_ERROR,6,RETRY_NOW,1
0.7162162162162162,0.38095238095238093,2917.13,WALLET,HDFC,BANK_TIMEOUT,18,NO_ACTION,0
0.5,1.0,5531.79,NETBANKING,YESBANK,LIMIT_EXCEEDED,10,NO_ACTION,0
0.75,1.0,5998.97,NETBANKING,AXIS,CARD_EXPIRED,17,NO_ACTION,0
0.9090909090909091,0.6,6672.34,CARD,SBI,NETWORK_ERROR,7,RETRY_NOW,0
0.8333333333333334,0.4,1105.25,NETBANKING,AXIS,NETWORK_ERROR,14,RETRY_NOW,0
0.8448275862068966,0.5,603.61,CARD,HDFC,BANK_TIMEOUT,4,NO_ACTION,0
0.7464788732394366,0.5,9363.97,UPI,YESBANK,INSUFFICIENT_FUNDS,18,RETRY_LATER,0
0.7692307692307693,0.6666666666666666,9688.05,UPI,SBI,BANK_TIMEOUT,7,SEND_REMINDER,0
0.5555555555555556,0.4166666666666667,9011.33,UPI,AXIS,LIMIT_EXCEEDED,11,RETRY_LATER,0
0.8947368421052632,0.75,8225.57,UPI,HDFC,INSUFFICIENT_FUNDS,9,SEND_REMINDER,1
0.5555555555555556,0.5,8191.42,UPI,YESBANK,INSUFFICIENT_FUNDS,14,RETRY_NOW,0
0.8888888888888888,0.5,9766.44,CARD,HDFC,LIMIT_EXCEEDED,7,SEND_REMINDER,1
0.8412698412698413,0.8,6483.73,UPI,YESBANK,NETWORK_ERROR,21,NO_ACTION,0
0.7346938775510204,0.23076923076923078,2911.5,CARD,AXIS,BANK_TIMEOUT,19,NO_ACTION,0
0.6075949367088608,0.5483870967741935,9567.36,WALLET,HDFC,BANK_TIMEOUT,16,NO_ACTION,0
0.8,1.0,2033.51,WALLET,ICICI,AUTHENTICATION_FAILED,15,RETRY_NOW,0
0.8928571428571429,0.3333333333333333,2444.56,WALLET,HDFC,BANK_TIMEOUT,3,RETRY_NOW,0
0.7727272727272727,0.4,475.03,WALLET,YESBANK,INSUFFICIENT_FUNDS,11,RETRY_LATER,0
0.7528089887640449,0.6363636363636364,358.05,NETBANKING,AXIS,INSUFFICIENT_FUNDS,10,NO_ACTION,0
0.7352941176470589,0.8888888888888888,9138.03,CARD,YESBANK,CARD_EXPIRED,5,NO_ACTION,0
0.6666666666666666,0.0,8972.32,WALLET,HDFC,CARD_EXPIRED,0,NO_ACTION,0
0.8387096774193549,0.4,6713.13,NETBANKING,ICICI,LIMIT_EXCEEDED,17,SEND_REMINDER,0
0.46808510638297873,0.52,7513.0,WALLET,AXIS,INSUFFICIENT_FUNDS,22,NO_ACTION,0
0.7307692307692307,0.5,3128.0,NETBANKING,SBI,LIMIT_EXCEEDED,23,RETRY_NOW,0
0.0,0.0,5856.79,WALLET,AXIS,CARD_EXPIRED,19,RETRY_LATER,0
0.7692307692307693,0.6666666666666666,2318.43,WALLET,AXIS,LIMIT_EXCEEDED,20,RETRY_NOW,0
0.7105263157894737,0.2727272727272727,2821.84,CARD,YESBANK,INSUFFICIENT_FUNDS,10,NO_ACTION,0
0.776595744680851,0.5714285714285714,3306.78,NETBANKING,SBI,BANK_TIMEOUT,13,NO_ACTION,0
0.9620253164556962,0.6666666666666666,3291.42,UPI,ICICI,BANK_TIMEOUT,16,RETRY_LATER,1
0.6666666666666666,0.5,5220.72,UPI,HDFC,LIMIT_EXCEEDED,13,RETRY_NOW,0
0.6818181818181818,0.5714285714285714,520.55,UPI,AXIS,AUTHENTICATION_FAILED,14,NO_ACTION,0
0.7169811320754716,0.6,1451.38,CARD,SBI,INSUFFICIENT_FUNDS,2,RETRY_NOW,1
0.7142857142857143,0.5833333333333334,8787.3,NETBANKING,SBI,AUTHENTICATION_FAILED,10,RETRY_NOW,1
0.0,1.0,265.16,CARD,AXIS,CARD_EXPIRED,3,RETRY_LATER,0
0.9108910891089109,0.5555555555555556,7613.52,WALLET,ICICI,BANK_TIMEOUT,22,NO_ACTION,0
0.8571428571428571,1.0,8867.69,CARD,KOTAK,INSUFFICIENT_FUNDS,7,NO_ACTION,0
0.6710526315789473,0.48,4222.18,CARD,AXIS,INSUFFICIENT_FUNDS,21,SEND_REMINDER,0
0.8,0.0,6682.66,NETBANKING,ICICI,CARD_EXPIRED,2,RETRY_LATER,1
0.75,0.0,2271.99,UPI,KOTAK,NETWORK_ERROR,7,RETRY_LATER,1
0.65625,0.6363636363636364,4723.03,CARD,HDFC,CARD_EXPIRED,13,NO_ACTION,0
0.6,0.3,6649.65,NETBANKING,AXIS,INSUFFICIENT_FUNDS,9,RETRY_NOW,0
0.6341463414634146,0.6,8712.09,CARD,HDFC,LIMIT_EXCEEDED,8,SEND_REMINDER,1
0.7941176470588235,0.35714285714285715,1351.3,WALLET,AXIS,BANK_TIMEOUT,5,RETRY_NOW,0
0.7142857142857143,0.5,1710.56,CARD,AXIS,CARD_EXPIRED,3,NO_ACTION,0
0.9191176470588235,0.5454545454545454,6512.59,WALLET,AXIS,INSUFFICIENT_FUNDS,15,NO_ACTION,0
0.6351351351351351,0.5555555555555556,6219.34,CARD,HDFC,LIMIT_EXCEEDED,11,NO_ACTION,0
0.5454545454545454,0.6,3591.33,UPI,YESBANK,BANK_TIMEOUT,20,NO_ACTION,0
0.875,0.0,4482.94,NETBANKING,KOTAK,AUTHENTICATION_FAILED,1,RETRY_LATER,1
0.7037037037037037,0.375,2350.16,CARD,AXIS,CARD_EXPIRED,8,NO_ACTION,0
0.6632653061224489,0.6363636363636364,6496.48,NETBANKING,SBI,NETWORK_ERROR,6,SEND_REMINDER,0
0.7428571428571429,0.5555555555555556,1078.9,WALLET,KOTAK,AUTHENTICATION_FAILED,14,RETRY_NOW,1
0.7931034482758621,0.6666666666666666,7813.23,NETBANKING,YESBANK,LIMIT_EXCEEDED,18,RETRY_LATER,0
0.7619047619047619,0.3,5601.85,NETBANKING,YESBANK,NETWORK_ERROR,23,NO_ACTION,0
0.6811594202898551,0.4090909090909091,3392.42,UPI,HDFC,LIMIT_EXCEEDED,21,SEND_REMINDER,1
0.7,1.0,4846.69,NETBANKING,KOTAK,AUTHENTICATION_FAILED,8,RETRY_NOW,0
0.6172839506172839,0.45161290322580644,3023.44,WALLET,HDFC,INSUFFICIENT_FUNDS,11,SEND_REMINDER,1
0.7362637362637363,0.625,1270.59,NETBANKING,KOTAK,AUTHENTICATION_FAILED,1,NO_ACTION,0
0.7338709677419355,0.5757575757575758,8478.62,NETBANKING,ICICI,CARD_EXPIRED,17,RETRY_NOW,0
0.7,0.3333333333333333,1746.96,WALLET,KOTAK,BANK_TIMEOUT,4,RETRY_NOW,0
0.7755102040816326,0.36363636363636365,2565.33,CARD,AXIS,BANK_TIMEOUT,5,SEND_REMINDER,0
0.42857142857142855,0.5,2056.1,UPI,ICICI,NETWORK_ERROR,0,NO_ACTION,0
0.7,0.6666666666666666,6207.26,NETBANKING,ICICI,CARD_EXPIRED,15,NO_ACTION,0
0.94,0.0,6164.55,WALLET,AXIS,CARD_EXPIRED,23,NO_ACTION,0
0.49056603773584906,0.48148148148148145,4363.23,WALLET,KOTAK,INSUFFICIENT_FUNDS,4,NO_ACTION,0
0.8173913043478261,0.47619047619047616,5583.15,CARD,YESBANK,CARD_EXPIRED,3,RETRY_LATER,1
0.8,0.0,341.97,UPI,AXIS,CARD_EXPIRED,15,SEND_REMINDER,0
0.8072289156626506,0.5,4620.21,UPI,HDFC,LIMIT_EXCEEDED,9,RETRY_NOW,0
0.7333333333333333,0.35,1411.43,UPI,HDFC,INSUFFICIENT_FUNDS,18,NO_ACTION,0
0.7777777777777778,0.5,1208.31,UPI,HDFC,CARD_EXPIRED,14,RETRY_LATER,0
0.8901098901098901,0.5,1489.31,UPI,SBI,LIMIT_EXCEEDED,15,RETRY_NOW,0
0.49056603773584906,0.48148148148148145,6591.54,CARD,ICICI,NETWORK_ERROR,6,RETRY_NOW,0
0.7974683544303798,0.6875,2819.39,UPI,KOTAK,LIMIT_EXCEEDED,5,RETRY_NOW,0
0.6190476190476191,0.5,6473.24,CARD,YESBANK,LIMIT_EXCEEDED,22,NO_ACTION,0
0.6818181818181818,0.2857142857142857,5611.43,CARD,HDFC,CARD_EXPIRED,8,RETRY_NOW,0
0.6896551724137931,0.5555555555555556,697.58,NETBANKING,AXIS,LIMIT_EXCEEDED,13,NO_ACTION,0
0.6777777777777778,0.4482758620689655,1260.47,CARD,AXIS,LIMIT_EXCEEDED,12,NO_ACTION,0
0.6818181818181818,0.7142857142857143,1234.65,NETBANKING,SBI,LIMIT_EXCEEDED,14,NO_ACTION,0
0.6875,0.3333333333333333,8405.63,WALLET,SBI,LIMIT_EXCEEDED,15,RETRY_LATER,0
0.9016393442622951,0.6666666666666666,8539.07,NETBANKING,KOTAK,NETWORK_ERROR,3,RETRY_NOW,1
0.782608695652174,1.0,2005.57,WALLET,SBI,CARD_EXPIRED,19,SEND_REMINDER,1
0.46153846153846156,0.7142857142857143,7840.77,UPI,SBI,AUTHENTICATION_FAILED,22,RETRY_NOW,0
0.7906976744186046,0.3333333333333333,4051.96,NETBANKING,KOTAK,INSUFFICIENT_FUNDS,18,NO_ACTION,0
0.8,0.3333333333333333,3027.24,WALLET,ICICI,BANK_TIMEOUT,7,RETRY_LATER,1
0.7777777777777778,0.5,4804.94,WALLET,SBI,BANK_TIMEOUT,1,NO_ACTION,0
0.5294117647058824,0.5,2389.63,NETBANKING,YESBANK,CARD_EXPIRED,11,SEND_REMINDER,0
0.6285714285714286,0.46153846153846156,1782.23,CARD,SBI,BANK_TIMEOUT,17,RETRY_NOW,0
0.8227848101265823,0.2857142857142857,9924.37,NETBANKING,YESBANK,BANK_TIMEOUT,15,NO_ACTION,0
0.7162162162162162,0.2857142857142857,5386.49,UPI,KOTAK,LIMIT_EXCEEDED,13,RETRY_NOW,0
0.7307692307692307,0.4642857142857143,4107.05,WALLET,HDFC,BANK_TIMEOUT,0,NO_ACTION,0
0.3333333333333333,0.5,3453.47,WALLET,AXIS,AUTHENTICATION_FAILED,0,SEND_REMINDER,0
0.0,1.0,6003.28,CARD,KOTAK,CARD_EXPIRED,10,RETRY_NOW,0
0.5757575757575758,0.5,6071.65,WALLET,SBI,BANK_TIMEOUT,4,RETRY_NOW,0
0.74,0.46153846153846156,9993.71,CARD,ICICI,BANK_TIMEOUT,23,NO_ACTION,0
0.6635514018691588,0.4722222222222222,882.06,CARD,YESBANK,CARD_EXPIRED,5,RETRY_LATER,1
0.7285714285714285,0.6842105263157895,3207.19,UPI,KOTAK,CARD_EXPIRED,11,RETRY_LATER,1
0.7619047619047619,0.4666666666666667,8094.06,CARD,ICICI,LIMIT_EXCEEDED,4,NO_ACTION,0
0.6896551724137931,0.5555555555555556,5501.89,CARD,KOTAK,INSUFFICIENT_FUNDS,15,SEND_REMINDER,0
0.6363636363636364,0.5,3391.71,UPI,ICICI,INSUFFICIENT_FUNDS,20,RETRY_LATER,1
0.5,1.0,8669.42,CARD,HDFC,CARD_EXPIRED,22,SEND_REMINDER,0
0.6,0.5,1576.83,UPI,ICICI,CARD_EXPIRED,9,SEND_REMINDER,1
0.7037037037037037,0.4583333333333333,5789.32,CARD,YESBANK,CARD_EXPIRED,12,RETRY_NOW,0
0.6153846153846154,0.6,4326.88,WALLET,YESBANK,INSUFFICIENT_FUNDS,5,NO_ACTION,0
0.25,1.0,8876.36,CARD,ICICI,NETWORK_ERROR,17,RETRY_NOW,1
0.8979591836734694,0.4,466.25,WALLET,YESBANK,NETWORK_ERROR,2,SEND_REMINDER,0
0.7906976744186046,0.5555555555555556,5592.68,NETBANKING,YESBANK,NETWORK_ERROR,9,RETRY_NOW,0
0.7476635514018691,0.4444444444444444,7016.16,WALLET,YESBANK,NETWORK_ERROR,1,SEND_REMINDER,0
0.8455284552845529,0.631578947368421,9831.42,UPI,SBI,CARD_EXPIRED,6,RETRY_NOW,0
0.6,0.0,1680.57,CARD,AXIS,BANK_TIMEOUT,0,NO_ACTION,0
0.6617647058823529,0.6521739130434783,6006.97,NETBANKING,YESBANK,CARD_EXPIRED,2,SEND_REMINDER,0
0.8360655737704918,0.8,3130.52,NETBANKING,SBI,LIMIT_EXCEEDED,13,RETRY_NOW,0
0.6666666666666666,0.4,2770.6,WALLET,YESBANK,LIMIT_EXCEEDED,10,RETRY_NOW,0
0.75,1.0,8827.68,UPI,HDFC,NETWORK_ERROR,3,NO_ACTION,0
0.7692307692307693,0.5,2318.34,UPI,HDFC,INSUFFICIENT_FUNDS,8,RETRY_NOW,0
0.75,0.6666666666666666,7920.1,UPI,KOTAK,INSUFFICIENT_FUNDS,4,RETRY_NOW,0
0.3333333333333333,0.0,8254.11,NETBANKING,SBI,AUTHENTICATION_FAILED,19,SEND_REMINDER,0
0.8,0.5,2855.74,NETBANKING,AXIS,LIMIT_EXCEEDED,7,NO_ACTION,0
0.0,0.0,8486.05,NETBANKING,KOTAK,CARD_EXPIRED,14,RETRY_LATER,0
0.0,0.0,1721.89,CARD,ICICI,BANK_TIMEOUT,11,SEND_REMINDER,0
0.7368421052631579,0.6,4950.03,WALLET,HDFC,INSUFFICIENT_FUNDS,5,NO_ACTION,0
0.7857142857142857,0.3333333333333333,8513.7,NETBANKING,KOTAK,NETWORK_ERROR,3,RETRY_NOW,1
0.7073170731707317,0.4583333333333333,1639.33,NETBANKING,AXIS,CARD_EXPIRED,8,NO_ACTION,0
0.5,0.0,2835.46,NETBANKING,KOTAK,LIMIT_EXCEEDED,21,NO_ACTION,0
0.7083333333333334,0.8571428571428571,2815.77,CARD,YESBANK,AUTHENTICATION_FAILED,22,NO_ACTION,0
0.5,0.0,3584.87,UPI,KOTAK,NETWORK_ERROR,15,RETRY_NOW,0
0.8421052631578947,0.3333333333333333,1034.5,CARD,YESBANK,LIMIT_EXCEEDED,23,NO_ACTION,0
0.75,0.6818181818181818,1101.96,CARD,KOTAK,NETWORK_ERROR,13,SEND_REMINDER,1
0.6904761904761905,0.5384615384615384,6012.65,NETBANKING,YESBANK,LIMIT_EXCEEDED,2,RETRY_NOW,0
0.7857142857142857,0.5,9619.9,CARD,AXIS,INSUFFICIENT_FUNDS,10,SEND_REMINDER,1
0.776595744680851,0.5714285714285714,1985.55,CARD,HDFC,LIMIT_EXCEEDED,15,SEND_REMINDER,0
0.8125,0.5,2286.68,CARD,YESBANK,LIMIT_EXCEEDED,20,SEND_REMINDER,1
0.8125,0.3333333333333333,694.57,CARD,SBI,CARD_EXPIRED,23,RETRY_LATER,1
0.7777777777777778,0.0,4878.71,NETBANKING,KOTAK,INSUFFICIENT_FUNDS,6,NO_ACTION,0
0.4,0.6666666666666666,4330.56,NETBANKING,SBI,LIMIT_EXCEEDED,12,RETRY_LATER,1
0.7,0.16666666666666666,7193.11,WALLET,ICICI,BANK_TIMEOUT,16,RETRY_NOW,0
0.6964285714285714,0.5294117647058824,9416.85,UPI,HDFC,CARD_EXPIRED,20,SEND_REMINDER,1
0.7684210526315789,0.2727272727272727,6595.0,NETBANKING,ICICI,AUTHENTICATION_FAILED,7,RETRY_LATER,0
0.696969696969697,0.45,4061.19,WALLET,AXIS,INSUFFICIENT_FUNDS,17,RETRY_NOW,0
0.8947368421052632,0.0,7018.72,NETBANKING,YESBANK,INSUFFICIENT_FUNDS,10,RETRY_NOW,0
0.7338129496402878,0.5405405405405406,1680.5,NETBANKING,KOTAK,NETWORK_ERROR,12,RETRY_NOW,1
0.6896551724137931,0.4444444444444444,3611.41,NETBANKING,ICICI,NETWORK_ERROR,7,RETRY_NOW,0
0.7647058823529411,0.75,4164.23,NETBANKING,AXIS,LIMIT_EXCEEDED,4,SEND_REMINDER,1
0.7377049180327869,0.5,5510.66,NETBANKING,AXIS,INSUFFICIENT_FUNDS,11,RETRY_LATER,1
0.7567567567567568,0.5555555555555556,7327.39,WALLET,ICICI,LIMIT_EXCEEDED,16,SEND_REMINDER,0
0.4,0.3333333333333333,1280.21,UPI,ICICI,INSUFFICIENT_FUNDS,17,RETRY_NOW,0
0.6666666666666666,0.4,4991.27,NETBANKING,YESBANK,BANK_TIMEOUT,14,SEND_REMINDER,0
0.7777777777777778,0.5,5347.25,CARD,YESBANK,BANK_TIMEOUT,10,SEND_REMINDER,1
0.8,0.375,1029.65,CARD,SBI,AUTHENTICATION_FAILED,0,RETRY_NOW,0
0.5,0.75,7441.89,CARD,YESBANK,BANK_TIMEOUT,7,SEND_REMINDER,0
0.9230769230769231,0.5,4637.75,NETBANKING,ICICI,AUTHENTICATION_FAILED,1,NO_ACTION,0
0.9,0.5,4668.24,UPI,AXIS,NETWORK_ERROR,21,RETRY_NOW,0
0.6538461538461539,0.4444444444444444,5581.28,WALLET,ICICI,LIMIT_EXCEEDED,6,NO_ACTION,0
0.875,0.5,2851.94,CARD,SBI,CARD_EXPIRED,5,SEND_REMINDER,1
0.6153846153846154,0.8,3359.54,UPI,ICICI,LIMIT_EXCEEDED,21,RETRY_NOW,0
0.8421052631578947,0.6666666666666666,8602.94,CARD,ICICI,LIMIT_EXCEEDED,17,NO_ACTION,0
0.75,0.5,7962.01,WALLET,SBI,AUTHENTICATION_FAILED,15,NO_ACTION,0
0.7142857142857143,0.5,4698.15,NETBANKING,YESBANK,BANK_TIMEOUT,14,RETRY_LATER,1
0.65625,0.5454545454545454,3869.11,WALLET,KOTAK,BANK_TIMEOUT,22,RETRY_LATER,1
0.6346153846153846,0.3684210526315789,4385.72,CARD,AXIS,NETWORK_ERROR,1,RETRY_NOW,0
0.7,0.5714285714285714,7137.97,UPI,AXIS,AUTHENTICATION_FAILED,12,SEND_REMINDER,1
0.7830188679245284,0.43478260869565216,8162.57,NETBANKING,SBI,BANK_TIMEOUT,12,RETRY_NOW,0
0.7,0.3333333333333333,8760.32,CARD,SBI,BANK_TIMEOUT,20,RETRY_NOW,1
0.7857142857142857,0.3333333333333333,3140.23,NETBANKING,ICICI,AUTHENTICATION_FAILED,9,RETRY_NOW,1
0.75,0.75,3849.42,UPI,AXIS,AUTHENTICATION_FAILED,22,RETRY_LATER,0
0.7704918032786885,0.35714285714285715,8336.0,NETBANKING,KOTAK,BANK_TIMEOUT,22,SEND_REMINDER,1
0.6666666666666666,0.5,9583.67,CARD,YESBANK,NETWORK_ERROR,19,SEND_REMINDER,0
0.9108910891089109,0.5555555555555556,7613.52,WALLET,ICICI,BANK_TIMEOUT,22,RETRY_NOW,1
0.6190476190476191,0.25,2657.5,WALLET,KOTAK,AUTHENTICATION_FAILED,7,RETRY_LATER,1
0.675,0.6923076923076923,6355.07,CARD,ICICI,BANK_TIMEOUT,0,SEND_REMINDER,0
0.9032258064516129,0.5,8512.42,NETBANKING,HDFC,CARD_EXPIRED,18,NO_ACTION,0
0.8421052631578947,0.5,1225.71,UPI,YESBANK,CARD_EXPIRED,0,RETRY_NOW,0
0.8181818181818182,0.5833333333333334,2192.33,NETBANKING,YESBANK,LIMIT_EXCEEDED,21,NO_ACTION,0
0.7105263157894737,0.36363636363636365,4860.76,NETBANKING,YESBANK,NETWORK_ERROR,7,NO_ACTION,0
0.7115384615384616,0.4666666666666667,211.16,WALLET,AXIS,BANK_TIMEOUT,12,SEND_REMINDER,1
0.782608695652174,0.5,8322.49,WALLET,ICICI,BANK_TIMEOUT,8,NO_ACTION,0
0.46808510638297873,0.52,7513.0,WALLET,AXIS,INSUFFICIENT_FUNDS,22,RETRY_LATER,0
0.8157894736842105,0.2857142857142857,8313.58,NETBANKING,SBI,NETWORK_ERROR,19,SEND_REMINDER,0
0.9,1.0,5684.38,WALLET,KOTAK,CARD_EXPIRED,16,RETRY_NOW,1
0.711340206185567,0.4642857142857143,8620.47,CARD,ICICI,NETWORK_ERROR,17,NO_ACTION,0
0.8285714285714286,0.6666666666666666,8833.68,CARD,ICICI,AUTHENTICATION_FAILED,16,RETRY_LATER,1
0.9166666666666666,1.0,6896.32,WALLET,SBI,LIMIT_EXCEEDED,13,RETRY_LATER,1
0.5,0.4583333333333333,4668.72,CARD,HDFC,BANK_TIMEOUT,4,SEND_REMINDER,1
0.6666666666666666,0.0,339.06,UPI,YESBANK,INSUFFICIENT_FUNDS,1,NO_ACTION,0
0.7425742574257426,0.4230769230769231,7579.43,NETBANKING,KOTAK,AUTHENTICATION_FAILED,15,SEND_REMINDER,1
0.7272727272727273,1.0,7593.49,WALLET,AXIS,AUTHENTICATION_FAILED,16,RETRY_NOW,0
0.9298245614035088,0.5,6039.39,UPI,KOTAK,LIMIT_EXCEEDED,6,RETRY_LATER,0
0.6846846846846847,0.5714285714285714,9785.41,CARD,YESBANK,NETWORK_ERROR,2,RETRY_NOW,1
0.7551020408163265,0.75,7973.7,CARD,AXIS,BANK_TIMEOUT,16,SEND_REMINDER,0
0.6785714285714286,0.6111111111111112,8837.99,UPI,YESBANK,BANK_TIMEOUT,17,NO_ACTION,0
0.8,0.5,9026.36,WALLET,YESBANK,LIMIT_EXCEEDED,4,SEND_REMINDER,1
0.6923076923076923,0.75,8208.99,UPI,KOTAK,AUTHENTICATION_FAILED,14,RETRY_LATER,0
0.5,0.0,6701.31,WALLET,ICICI,BANK_TIMEOUT,23,RETRY_NOW,0
0.7692307692307693,0.6666666666666666,7180.77,CARD,HDFC,INSUFFICIENT_FUNDS,7,RETRY_NOW,0
0.8412698412698413,0.1,2198.63,UPI,YESBANK,BANK_TIMEOUT,18,RETRY_NOW,0
0.7345132743362832,0.43333333333333335,7068.48,WALLET,AXIS,LIMIT_EXCEEDED,22,NO_ACTION,0
0.8111111111111111,0.7058823529411765,3667.0,UPI,KOTAK,AUTHENTICATION_FAILED,16,RETRY_LATER,1
0.8359375,0.5714285714285714,4582.68,UPI,YESBANK,AUTHENTICATION_FAILED,21,SEND_REMINDER,0
0.8,0.0,507.45,WALLET,YESBANK,LIMIT_EXCEEDED,5,RETRY_LATER,0
0.9090909090909091,0.0,7876.26,WALLET,YESBANK,LIMIT_EXCEEDED,14,RETRY_LATER,0
0.5769230769230769,0.2727272727272727,132.55,UPI,HDFC,INSUFFICIENT_FUNDS,20,RETRY_NOW,1
0.6617647058823529,0.34782608695652173,8348.84,WALLET,SBI,NETWORK_ERROR,15,RETRY_LATER,1
0.8292682926829268,0.42857142857142855,8933.45,UPI,KOTAK,INSUFFICIENT_FUNDS,20,SEND_REMINDER,0
0.6640625,0.5348837209302325,1605.79,UPI,SBI,CARD_EXPIRED,7,RETRY_LATER,0
0.625,0.5,2489.3,UPI,KOTAK,AUTHENTICATION_FAILED,11,NO_ACTION,0
0.6818181818181818,0.6428571428571429,534.05,NETBANKING,KOTAK,BANK_TIMEOUT,12,SEND_REMINDER,0
0.25,0.3333333333333333,6951.6,NETBANKING,AXIS,NETWORK_ERROR,11,RETRY_LATER,1
0.631578947368421,0.5,2464.61,WALLET,YESBANK,BANK_TIMEOUT,21,SEND_REMINDER,1
0.6,0.75,1916.15,WALLET,KOTAK,CARD_EXPIRED,15,SEND_REMINDER,0
0.7945205479452054,0.5333333333333333,6868.94,WALLET,SBI,BANK_TIMEOUT,17,RETRY_LATER,1
0.0,0.0,8247.2,WALLET,SBI,BANK_TIMEOUT,16,RETRY_NOW,0
0.6075949367088608,0.5483870967741935,9567.36,WALLET,HDFC,BANK_TIMEOUT,16,RETRY_LATER,1
0.8636363636363636,0.3333333333333333,8325.4,WALLET,KOTAK,AUTHENTICATION_FAILED,16,RETRY_LATER,0
0.7941176470588235,0.42857142857142855,605.61,NETBANKING,AXIS,LIMIT_EXCEEDED,23,SEND_REMINDER,0
0.6415094339622641,0.47368421052631576,681.72,WALLET,SBI,BANK_TIMEOUT,12,SEND_REMINDER,0
0.7011494252873564,0.46153846153846156,5300.51,WALLET,KOTAK,AUTHENTICATION_FAILED,11,SEND_REMINDER,1
0.92,1.0,3591.82,NETBANKING,KOTAK,NETWORK_ERROR,18,RETRY_LATER,1
0.79,0.7619047619047619,8066.81,NETBANKING,YESBANK,INSUFFICIENT_FUNDS,19,NO_ACTION,0
0.746031746031746,0.375,1940.72,CARD,SBI,BANK_TIMEOUT,2,RETRY_NOW,1
0.7666666666666667,0.47619047619047616,6362.36,CARD,ICICI,NETWORK_ERROR,7,RETRY_LATER,1
0.75,0.7419354838709677,950.43,WALLET,YESBANK,INSUFFICIENT_FUNDS,22,RETRY_NOW,1
0.8759124087591241,0.5294117647058824,7426.67,NETBANKING,SBI,BANK_TIMEOUT,22,RETRY_LATER,1
0.7333333333333333,0.25,8203.88,UPI,KOTAK,NETWORK_ERROR,5,RETRY_NOW,1
0.5,1.0,8835.68,NETBANKING,HDFC,LIMIT_EXCEEDED,3,RETRY_NOW,0
0.8,0.4,8105.26,UPI,SBI,LIMIT_EXCEEDED,17,NO_ACTION,0
0.7948717948717948,0.625,9047.97,UPI,HDFC,INSUFFICIENT_FUNDS,2,NO_ACTION,0
0.6511627906976745,0.7333333333333333,4949.92,NETBANKING,AXIS,NETWORK_ERROR,23,SEND_REMINDER,0
0.7524752475247525,0.72,3934.59,NETBANKING,ICICI,NETWORK_ERROR,17,RETRY_NOW,1
0.6410256410256411,0.5,7780.31,WALLET,HDFC,CARD_EXPIRED,21,RETRY_LATER,0
0.7636363636363637,0.6923076923076923,4997.21,WALLET,AXIS,CARD_EXPIRED,19,NO_ACTION,0
0.6956521739130435,0.35714285714285715,7027.6,NETBANKING,HDFC,NETWORK_ERROR,8,SEND_REMINDER,0
0.6470588235294118,0.5833333333333334,6262.89,NETBANKING,ICICI,CARD_EXPIRED,14,RETRY_LATER,0
0.6701030927835051,0.53125,5767.51,UPI,KOTAK,CARD_EXPIRED,3,NO_ACTION,0
0.6880733944954128,0.5588235294117647,7607.93,WALLET,KOTAK,AUTHENTICATION_FAILED,5,SEND_REMINDER,1
0.77,0.34782608695652173,5507.68,CARD,YESBANK,CARD_EXPIRED,3,RETRY_LATER,0
0.7307692307692307,0.42857142857142855,545.03,WALLET,YESBANK,CARD_EXPIRED,11,NO_ACTION,0
0.7142857142857143,0.75,4006.34,UPI,ICICI,AUTHENTICATION_FAILED,13,RETRY_LATER,0
0.5909090909090909,0.6296296296296297,5145.1,WALLET,YESBANK,BANK_TIMEOUT,21,NO_ACTION,0
0.7692307692307693,0.6666666666666666,1458.74,NETBANKING,AXIS,INSUFFICIENT_FUNDS,7,RETRY_LATER,0
0.8421052631578947,0.5333333333333333,4163.5,CARD,HDFC,BANK_TIMEOUT,12,SEND_REMINDER,1
0.7407407407407407,0.14285714285714285,2598.19,WALLET,HDFC,AUTHENTICATION_FAILED,15,SEND_REMINDER,0
0.7338709677419355,0.5757575757575758,8478.62,NETBANKING,ICICI,CARD_EXPIRED,17,SEND_REMINDER,1
0.6666666666666666,0.5,3152.07,UPI,SBI,INSUFFICIENT_FUNDS,0,RETRY_LATER,0
0.6956521739130435,0.5238095238095238,9455.42,CARD,SBI,NETWORK_ERROR,12,RETRY_LATER,1
0.7758620689655172,0.5384615384615384,4053.94,UPI,ICICI,NETWORK_ERROR,19,SEND_REMINDER,0
0.9347826086956522,0.6666666666666666,7489.31,CARD,SBI,NETWORK_ERROR,1,RETRY_NOW,1
0.8461538461538461,0.6666666666666666,6384.21,CARD,YESBANK,BANK_TIMEOUT,17,NO_ACTION,0
0.7608695652173914,0.7272727272727273,5759.61,NETBANKING,HDFC,NETWORK_ERROR,23,NO_ACTION,0
0.782608695652174,0.6666666666666666,4381.25,NETBANKING,KOTAK,CARD_EXPIRED,3,NO_ACTION,0
0.9047619047619048,0.25,2719.0,WALLET,KOTAK,AUTHENTICATION_FAILED,9,RETRY_NOW,0
0.7241379310344828,0.375,943.92,CARD,HDFC,NETWORK_ERROR,9,SEND_REMINDER,1
0.6666666666666666,0.4444444444444444,3897.98,NETBANKING,ICICI,BANK_TIMEOUT,9,SEND_REMINDER,0
0.7894736842105263,0.75,7428.26,WALLET,YESBANK,CARD_EXPIRED,22,RETRY_LATER,1
0.6705882352941176,0.5,1991.29,WALLET,HDFC,INSUFFICIENT_FUNDS,14,RETRY_NOW,0
0.6363636363636364,0.5,4270.72,UPI,KOTAK,NETWORK_ERROR,20,NO_ACTION,0
0.6666666666666666,0.2,9044.72,WALLET,SBI,CARD_EXPIRED,19,NO_ACTION,0
0.5675675675675675,0.375,1069.1,CARD,YESBANK,NETWORK_ERROR,20,SEND_REMINDER,0
0.6328125,0.5106382978723404,8960.75,NETBANKING,AXIS,BANK_TIMEOUT,11,RETRY_NOW,1
0.6666666666666666,0.5384615384615384,7310.03,WALLET,SBI,NETWORK_ERROR,13,RETRY_LATER,1
0.7933884297520661,0.68,142.17,UPI,KOTAK,AUTHENTICATION_FAILED,13,SEND_REMINDER,1
0.65625,0.18181818181818182,8876.03,UPI,SBI,AUTHENTICATION_FAILED,0,RETRY_NOW,1
0.8412698412698413,0.1,2198.63,UPI,YESBANK,BANK_TIMEOUT,18,NO_ACTION,0
0.7468354430379747,0.45,3404.45,CARD,SBI,LIMIT_EXCEEDED,10,SEND_REMINDER,0
0.6923076923076923,0.75,765.11,WALLET,YESBANK,CARD_EXPIRED,18,RETRY_NOW,1
0.6,1.0,3783.22,WALLET,SBI,INSUFFICIENT_FUNDS,11,SEND_REMINDER,1
0.5714285714285714,0.5238095238095238,9617.34,NETBANKING,ICICI,BANK_TIMEOUT,20,RETRY_NOW,1
0.6666666666666666,0.6521739130434783,1519.74,UPI,KOTAK,CARD_EXPIRED,20,SEND_REMINDER,1
0.8368794326241135,0.4782608695652174,9502.11,CARD,ICICI,NETWORK_ERROR,16,RETRY_NOW,0
0.631578947368421,0.2857142857142857,2611.58,WALLET,HDFC,NETWORK_ERROR,1,RETRY_NOW,0
0.7777777777777778,0.5,6861.7,NETBANKING,YESBANK,INSUFFICIENT_FUNDS,3,SEND_REMINDER,1
0.6592592592592592,0.6086956521739131,5138.72,UPI,ICICI,LIMIT_EXCEEDED,5,RETRY_LATER,0
0.7391304347826086,0.6666666666666666,7183.24,NETBANKING,ICICI,INSUFFICIENT_FUNDS,20,RETRY_NOW,0
0.9354838709677419,1.0,5650.88,CARD,AXIS,CARD_EXPIRED,11,RETRY_NOW,0
0.8222222222222222,0.375,5690.48,UPI,KOTAK,INSUFFICIENT_FUNDS,7,RETRY_LATER,1
0.75,0.2857142857142857,9299.06,CARD,HDFC,LIMIT_EXCEEDED,2,NO_ACTION,0
0.696969696969697,0.3,116.17,UPI,KOTAK,BANK_TIMEOUT,20,RETRY_LATER,1
0.7627118644067796,0.5714285714285714,2311.72,WALLET,YESBANK,LIMIT_EXCEEDED,14,NO_ACTION,0
0.7210884353741497,0.43902439024390244,4526.26,UPI,KOTAK,LIMIT_EXCEEDED,9,SEND_REMINDER,0
0.7666666666666667,0.5238095238095238,5785.26,CARD,KOTAK,LIMIT_EXCEEDED,22,NO_ACTION,0
0.8,0.3333333333333333,9553.28,CARD,ICICI,CARD_EXPIRED,13,RETRY_LATER,0
0.7192982456140351,0.5,2022.25,NETBANKING,YESBANK,INSUFFICIENT_FUNDS,13,SEND_REMINDER,1
0.77,0.4782608695652174,6309.92,CARD,HDFC,LIMIT_EXCEEDED,10,NO_ACTION,0
0.8518518518518519,0.3333333333333333,6932.51,UPI,HDFC,LIMIT_EXCEEDED,3,SEND_REMINDER,0
0.8571428571428571,0.6923076923076923,1150.65,WALLET,YESBANK,CARD_EXPIRED,16,RETRY_LATER,0
0.6818181818181818,0.5714285714285714,2195.04,WALLET,ICICI,INSUFFICIENT_FUNDS,22,SEND_REMINDER,0
0.5454545454545454,0.8,6866.63,UPI,YESBANK,INSUFFICIENT_FUNDS,10,SEND_REMINDER,0
0.8589743589743589,0.2727272727272727,302.41,UPI,ICICI,INSUFFICIENT_FUNDS,2,NO_ACTION,0
0.8461538461538461,0.5,1969.3,NETBANKING,KOTAK,AUTHENTICATION_FAILED,23,RETRY_LATER,1
0.7666666666666667,0.7142857142857143,3844.71,CARD,SBI,CARD_EXPIRED,10,RETRY_LATER,0
0.7076923076923077,0.47368421052631576,6221.3,CARD,SBI,AUTHENTICATION_FAILED,14,NO_ACTION,0
0.875,0.42857142857142855,3218.49,NETBANKING,AXIS,BANK_TIMEOUT,0,NO_ACTION,0
0.7631578947368421,0.8888888888888888,9200.44,CARD,ICICI,NETWORK_ERROR,15,RETRY_NOW,0
0.7593984962406015,0.4375,5641.74,NETBANKING,AXIS,BANK_TIMEOUT,18,RETRY_NOW,1
0.9333333333333333,0.0,5959.18,CARD,HDFC,INSUFFICIENT_FUNDS,23,RETRY_NOW,1
0.7857142857142857,0.5833333333333334,4426.38,NETBANKING,KOTAK,NETWORK_ERROR,13,RETRY_NOW,1
0.5625,0.2857142857142857,1447.89,WALLET,KOTAK,BANK_TIMEOUT,11,NO_ACTION,0
0.5454545454545454,0.5333333333333333,1032.81,UPI,ICICI,INSUFFICIENT_FUNDS,22,RETRY_LATER,1
0.7142857142857143,0.6428571428571429,8973.91,NETBANKING,SBI,NETWORK_ERROR,4,NO_ACTION,0
0.9,0.3333333333333333,6864.71,NETBANKING,AXIS,INSUFFICIENT_FUNDS,14,SEND_REMINDER,0
0.8,0.5,2421.81,NETBANKING,SBI,INSUFFICIENT_FUNDS,9,RETRY_LATER,0
0.6,0.6666666666666666,6983.32,WALLET,KOTAK,LIMIT_EXCEEDED,21,NO_ACTION,0
0.85,0.6666666666666666,8638.01,CARD,AXIS,CARD_EXPIRED,10,SEND_REMINDER,0
0.794392523364486,0.3181818181818182,9874.87,NETBANKING,KOTAK,LIMIT_EXCEEDED,16,RETRY_LATER,1
0.7831325301204819,0.3333333333333333,4187.35,CARD,YESBANK,CARD_EXPIRED,23,NO_ACTION,0
0.6190476190476191,0.25,2657.5,WALLET,KOTAK,AUTHENTICATION_FAILED,7,RETRY_NOW,1
0.6323529411764706,0.44,4159.97,CARD,HDFC,NETWORK_ERROR,4,RETRY_NOW,0
0.6973684210526315,0.5652173913043478,8480.75,WALLET,AXIS,CARD_EXPIRED,20,NO_ACTION,0
0.0,1.0,4008.72,WALLET,YESBANK,BANK_TIMEOUT,11,NO_ACTION,0
0.7466666666666667,0.2631578947368421,9966.9,WALLET,ICICI,INSUFFICIENT_FUNDS,17,RETRY_NOW,0
0.8846153846153846,0.6666666666666666,8040.96,WALLET,KOTAK,INSUFFICIENT_FUNDS,12,RETRY_NOW,1
0.8035714285714286,0.6363636363636364,6477.82,CARD,SBI,INSUFFICIENT_FUNDS,7,RETRY_NOW,0
0.8426966292134831,0.6428571428571429,3709.16,CARD,SBI,INSUFFICIENT_FUNDS,19,RETRY_NOW,0
0.5,0.0,3584.87,UPI,KOTAK,NETWORK_ERROR,15,SEND_REMINDER,0
0.0,1.0,8849.26,NETBANKING,KOTAK,INSUFFICIENT_FUNDS,14,RETRY_LATER,1
0.8658536585365854,0.7272727272727273,601.33,UPI,YESBANK,NETWORK_ERROR,7,RETRY_NOW,1
0.6666666666666666,0.47058823529411764,4962.07,UPI,KOTAK,NETWORK_ERROR,14,NO_ACTION,0
0.6956521739130435,0.35714285714285715,7027.6,NETBANKING,HDFC,NETWORK_ERROR,8,RETRY_NOW,0
0.7692307692307693,0.6666666666666666,2318.43,WALLET,AXIS,LIMIT_EXCEEDED,20,NO_ACTION,0
0.6,0.5,8502.31,UPI,HDFC,AUTHENTICATION_FAILED,7,RETRY_NOW,1
0.631578947368421,0.42857142857142855,9855.22,CARD,HDFC,BANK_TIMEOUT,11,RETRY_NOW,0
0.9090909090909091,0.5,8868.69,WALLET,HDFC,AUTHENTICATION_FAILED,13,RETRY_LATER,0
0.696969696969697,0.6,1205.7,NETBANKING,AXIS,BANK_TIMEOUT,22,NO_ACTION,0
0.9,0.0,299.51,WALLET,SBI,LIMIT_EXCEEDED,19,SEND_REMINDER,0
0.8970588235294118,0.14285714285714285,9173.57,NETBANKING,SBI,AUTHENTICATION_FAILED,10,RETRY_LATER,1
0.6923076923076923,0.25,4157.89,UPI,SBI,AUTHENTICATION_FAILED,13,RETRY_NOW,0
0.8947368421052632,0.75,8225.57,UPI,HDFC,INSUFFICIENT_FUNDS,9,RETRY_NOW,1
0.7333333333333333,0.75,4193.65,WALLET,HDFC,AUTHENTICATION_FAILED,14,NO_ACTION,0
0.5454545454545454,0.75,6235.25,WALLET,YESBANK,BANK_TIMEOUT,18,SEND_REMINDER,1
0.7468354430379747,0.45,3404.45,CARD,SBI,LIMIT_EXCEEDED,10,NO_ACTION,0
0.7,0.3333333333333333,1746.96,WALLET,KOTAK,BANK_TIMEOUT,4,RETRY_LATER,1
0.5894736842105263,0.5897435897435898,3762.92,CARD,ICICI,NETWORK_ERROR,12,RETRY_NOW,1
0.5638297872340425,0.5121951219512195,240.66,UPI,YESBANK,NETWORK_ERROR,6,RETRY_NOW,1
0.6666666666666666,0.0,5657.31,CARD,KOTAK,NETWORK_ERROR,0,SEND_REMINDER,0
0.890625,0.7142857142857143,3852.44,NETBANKING,SBI,AUTHENTICATION_FAILED,11,SEND_REMINDER,0
0.8279569892473119,0.3125,5291.68,UPI,YESBANK,CARD_EXPIRED,15,RETRY_LATER,1
0.5263157894736842,0.5555555555555556,868.89,CARD,YESBANK,NETWORK_ERROR,0,RETRY_NOW,1
0.7009345794392523,0.5,6632.24,CARD,SBI,CARD_EXPIRED,11,RETRY_NOW,0
0.9315068493150684,0.4,7400.2,WALLET,ICICI,BANK_TIMEOUT,8,SEND_REMINDER,0
0.8,0.3333333333333333,1401.63,NETBANKING,AXIS,AUTHENTICATION_FAILED,2,SEND_REMINDER,1
0.9090909090909091,1.0,7518.71,NETBANKING,KOTAK,CARD_EXPIRED,8,RETRY_LATER,0
0.6893203883495146,0.59375,9651.08,CARD,ICICI,AUTHENTICATION_FAILED,23,RETRY_NOW,1
0.875,1.0,7781.29,CARD,KOTAK,CARD_EXPIRED,19,RETRY_NOW,0
0.7777777777777778,1.0,8470.48,CARD,HDFC,NETWORK_ERROR,2,RETRY_NOW,0
0.7065217391304348,0.4074074074074074,4437.56,NETBANKING,YESBANK,BANK_TIMEOUT,21,RETRY_LATER,1
0.6,0.0,8208.03,NETBANKING,YESBANK,CARD_EXPIRED,10,SEND_REMINDER,1
0.5652173913043478,0.5,1723.11,CARD,HDFC,LIMIT_EXCEEDED,15,RETRY_NOW,0
0.5,1.0,7124.4,CARD,ICICI,NETWORK_ERROR,14,SEND_REMINDER,0
0.7101449275362319,0.5,993.46,WALLET,ICICI,LIMIT_EXCEEDED,20,SEND_REMINDER,0
0.7230769230769231,0.2777777777777778,4475.97,WALLET,YESBANK,CARD_EXPIRED,8,RETRY_NOW,0
0.8333333333333334,0.0,9980.36,CARD,KOTAK,AUTHENTICATION_FAILED,10,SEND_REMINDER,0
0.7333333333333333,0.5,4444.04,NETBANKING,SBI,AUTHENTICATION_FAILED,9,RETRY_LATER,0
0.6931818181818182,0.5555555555555556,5950.55,UPI,HDFC,CARD_EXPIRED,22,SEND_REMINDER,1
0.8455284552845529,0.631578947368421,1927.67,CARD,AXIS,AUTHENTICATION_FAILED,7,NO_ACTION,0
0.7615384615384615,0.5161290322580645,879.41,NETBANKING,KOTAK,INSUFFICIENT_FUNDS,15,NO_ACTION,0
0.8,0.5454545454545454,2853.22,NETBANKING,AXIS,NETWORK_ERROR,22,NO_ACTION,0
0.8461538461538461,0.16666666666666666,2921.29,CARD,KOTAK,LIMIT_EXCEEDED,12,NO_ACTION,0
0.6796875,0.4634146341463415,6470.84,CARD,HDFC,AUTHENTICATION_FAILED,14,RETRY_NOW,1
0.0,0.5,8371.06,WALLET,KOTAK,AUTHENTICATION_FAILED,21,RETRY_LATER,1
0.7391304347826086,0.3333333333333333,6016.88,UPI,YESBANK,BANK_TIMEOUT,11,RETRY_NOW,1
0.7755102040816326,0.36363636363636365,2213.5,UPI,KOTAK,BANK_TIMEOUT,3,SEND_REMINDER,0
0.6153846153846154,0.5333333333333333,8212.11,NETBANKING,KOTAK,BANK_TIMEOUT,19,NO_ACTION,0
0.7272727272727273,0.5555555555555556,2349.73,NETBANKING,ICICI,INSUFFICIENT_FUNDS,16,NO_ACTION,0
0.8072289156626506,0.5,4620.21,UPI,HDFC,LIMIT_EXCEEDED,9,NO_ACTION,0
0.75,0.2,792.67,NETBANKING,KOTAK,BANK_TIMEOUT,15,SEND_REMINDER,0
0.7444444444444445,0.6086956521739131,3528.29,WALLET,SBI,CARD_EXPIRED,2,RETRY_LATER,0
0.7755102040816326,0.36363636363636365,2213.5,UPI,KOTAK,BANK_TIMEOUT,3,RETRY_LATER,1
0.0,0.0,8100.41,WALLET,SBI,BANK_TIMEOUT,10,RETRY_LATER,0
0.75,0.375,2460.7,NETBANKING,HDFC,CARD_EXPIRED,0,SEND_REMINDER,0
0.48,0.46153846153846156,9950.27,WALLET,AXIS,CARD_EXPIRED,11,RETRY_NOW,1
0.7333333333333333,0.45,5235.7,WALLET,YESBANK,NETWORK_ERROR,10,SEND_REMINDER,0
0.7894736842105263,0.5,4859.68,UPI,AXIS,BANK_TIMEOUT,12,NO_ACTION,0
0.6172839506172839,0.45161290322580644,9417.26,CARD,HDFC,CARD_EXPIRED,20,RETRY_LATER,0
0.6567164179104478,0.391304347826087,3487.28,UPI,HDFC,INSUFFICIENT_FUNDS,22,SEND_REMINDER,0
0.6071428571428571,0.6363636363636364,1450.65,WALLET,SBI,LIMIT_EXCEEDED,19,RETRY_LATER,0
0.5714285714285714,1.0,1910.58,CARD,AXIS,BANK_TIMEOUT,23,SEND_REMINDER,1
0.6837606837606838,0.3783783783783784,2011.03,CARD,ICICI,CARD_EXPIRED,15,NO_ACTION,0
0.7558139534883721,0.5714285714285714,1667.57,NETBANKING,AXIS,AUTHENTICATION_FAILED,14,SEND_REMINDER,0
0.8181818181818182,0.5,962.0,WALLET,YESBANK,LIMIT_EXCEEDED,16,RETRY_LATER,0
0.7551020408163265,0.75,5017.39,UPI,AXIS,INSUFFICIENT_FUNDS,7,RETRY_NOW,0
0.7426470588235294,0.5142857142857142,8510.07,CARD,HDFC,NETWORK_ERROR,13,RETRY_NOW,1
0.7906976744186046,0.3333333333333333,1032.35,UPI,SBI,LIMIT_EXCEEDED,9,SEND_REMINDER,0
0.9347826086956522,0.3333333333333333,3144.35,CARD,AXIS,LIMIT_EXCEEDED,20,SEND_REMINDER,1
0.890625,0.42857142857142855,225.78,UPI,ICICI,BANK_TIMEOUT,22,SEND_REMINDER,0
0.8260869565217391,0.25,8538.46,CARD,SBI,CARD_EXPIRED,23,NO_ACTION,0
0.7105263157894737,0.7727272727272727,2404.34,UPI,YESBANK,INSUFFICIENT_FUNDS,0,SEND_REMINDER,1
0.7777777777777778,0.5,8102.82,UPI,AXIS,AUTHENTICATION_FAILED,14,NO_ACTION,0
0.8181818181818182,0.5,2999.52,NETBANKING,YESBANK,LIMIT_EXCEEDED,19,NO_ACTION,0
0.8620689655172413,0.375,7430.25,CARD,KOTAK,CARD_EXPIRED,12,NO_ACTION,0
0.9210526315789473,0.3333333333333333,3148.23,UPI,KOTAK,INSUFFICIENT_FUNDS,7,RETRY_LATER,0
0.9032258064516129,0.0,7503.98,CARD,KOTAK,INSUFFICIENT_FUNDS,3,RETRY_LATER,0
0.8888888888888888,0.6666666666666666,6205.33,NETBANKING,ICICI,BANK_TIMEOUT,16,NO_ACTION,0
0.9206349206349206,0.8,3251.98,NETBANKING,SBI,BANK_TIMEOUT,12,SEND_REMINDER,1
0.8125,0.3333333333333333,6629.36,UPI,SBI,BANK_TIMEOUT,20,NO_ACTION,0
0.7647058823529411,0.375,3690.69,UPI,KOTAK,LIMIT_EXCEEDED,6,RETRY_NOW,1
0.0,0.0,1750.4,NETBANKING,KOTAK,NETWORK_ERROR,9,SEND_REMINDER,0
0.6,0.0,5676.32,WALLET,ICICI,AUTHENTICATION_FAILED,14,SEND_REMINDER,1
0.6842105263157895,0.6666666666666666,6340.42,UPI,KOTAK,BANK_TIMEOUT,20,SEND_REMINDER,0
0.5454545454545454,0.5333333333333333,1032.81,UPI,ICICI,INSUFFICIENT_FUNDS,22,NO_ACTION,0
0.6875,0.5,8693.93,CARD,YESBANK,LIMIT_EXCEEDED,5,NO_ACTION,0
0.7045454545454546,0.5384615384615384,9762.79,CARD,ICICI,INSUFFICIENT_FUNDS,15,NO_ACTION,0
0.7586206896551724,0.42857142857142855,9023.85,CARD,ICICI,AUTHENTICATION_FAILED,15,RETRY_LATER,1
0.9166666666666666,1.0,6896.32,WALLET,SBI,LIMIT_EXCEEDED,13,RETRY_NOW,1
0.7857142857142857,0.6666666666666666,4830.62,CARD,HDFC,INSUFFICIENT_FUNDS,8,RETRY_LATER,1
0.3333333333333333,0.3333333333333333,2482.32,UPI,SBI,NETWORK_ERROR,3,SEND_REMINDER,0
0.9473684210526315,0.4,2662.85,WALLET,SBI,NETWORK_ERROR,5,NO_ACTION,0
0.5648148148148148,0.425531914893617,9563.31,CARD,HDFC,AUTHENTICATION_FAILED,15,SEND_REMINDER,1
0.7444444444444445,0.6086956521739131,2798.58,UPI,YESBANK,NETWORK_ERROR,17,RETRY_NOW,0
0.6509433962264151,0.43243243243243246,4119.46,NETBANKING,ICICI,NETWORK_ERROR,19,SEND_REMINDER,0
0.6637168141592921,0.4473684210526316,3839.9,UPI,HDFC,LIMIT_EXCEEDED,17,RETRY_NOW,1
0.6,1.0,679.03,NETBANKING,YESBANK,LIMIT_EXCEEDED,23,RETRY_NOW,1
0.5972222222222222,0.4482758620689655,9914.16,NETBANKING,ICICI,AUTHENTICATION_FAILED,0,SEND_REMINDER,0
0.725,0.18181818181818182,1593.21,UPI,YESBANK,BANK_TIMEOUT,2,SEND_REMINDER,1
0.6785714285714286,0.4444444444444444,8179.23,WALLET,KOTAK,CARD_EXPIRED,0,SEND_REMINDER,1
0.7543859649122807,0.35714285714285715,5738.12,CARD,HDFC,CARD_EXPIRED,1,SEND_REMINDER,1
0.7878787878787878,0.5714285714285714,9262.24,CARD,HDFC,CARD_EXPIRED,8,SEND_REMINDER,1
0.9347826086956522,0.6666666666666666,7489.31,CARD,SBI,NETWORK_ERROR,1,RETRY_LATER,1
0.6153846153846154,0.6,8490.59,WALLET,SBI,INSUFFICIENT_FUNDS,11,RETRY_LATER,0
0.7528089887640449,0.3181818181818182,2690.0,WALLET,ICICI,CARD_EXPIRED,7,SEND_REMINDER,1
0.7425742574257426,0.2692307692307692,4514.04,CARD,KOTAK,LIMIT_EXCEEDED,1,RETRY_LATER,0
0.7777777777777778,0.6,9476.39,UPI,KOTAK,BANK_TIMEOUT,4,SEND_REMINDER,0
0.7551020408163265,0.75,6568.57,NETBANKING,YESBANK,CARD_EXPIRED,9,RETRY_NOW,0
0.6578947368421053,0.34615384615384615,4648.39,NETBANKING,YESBANK,NETWORK_ERROR,23,NO_ACTION,0
0.9473684210526315,0.3333333333333333,383.62,CARD,ICICI,LIMIT_EXCEEDED,19,SEND_REMINDER,1
0.6666666666666666,0.7777777777777778,4683.57,NETBANKING,AXIS,CARD_EXPIRED,6,SEND_REMINDER,0
0.7457627118644068,0.6666666666666666,4792.17,CARD,KOTAK,AUTHENTICATION_FAILED,19,RETRY_NOW,1
0.9,1.0,5684.38,WALLET,KOTAK,CARD_EXPIRED,16,RETRY_LATER,0
0.9230769230769231,1.0,9803.33,CARD,KOTAK,BANK_TIMEOUT,9,NO_ACTION,0
0.6986301369863014,0.45454545454545453,7317.18,CARD,KOTAK,BANK_TIMEOUT,21,RETRY_NOW,1
0.6956521739130435,0.42857142857142855,2931.19,WALLET,HDFC,LIMIT_EXCEEDED,10,NO_ACTION,0
0.8421052631578947,0.6666666666666666,9885.51,UPI,YESBANK,BANK_TIMEOUT,9,RETRY_NOW,0
0.9130434782608695,0.6666666666666666,5549.27,WALLET,AXIS,INSUFFICIENT_FUNDS,11,RETRY_NOW,1
0.7745098039215687,0.5652173913043478,5663.47,NETBANKING,ICICI,NETWORK_ERROR,17,NO_ACTION,0
0.6415094339622641,0.3684210526315789,1675.99,CARD,SBI,AUTHENTICATION_FAILED,8,NO_ACTION,0
0.7623762376237624,0.375,7652.93,UPI,ICICI,CARD_EXPIRED,3,NO_ACTION,0
0.9166666666666666,0.6666666666666666,6651.39,CARD,HDFC,AUTHENTICATION_FAILED,15,NO_ACTION,0
0.8,1.0,8625.8,NETBANKING,ICICI,INSUFFICIENT_FUNDS,19,RETRY_LATER,1
0.6568627450980392,0.45714285714285713,464.42,CARD,ICICI,LIMIT_EXCEEDED,18,RETRY_NOW,1
0.734375,0.4117647058823529,184.97,UPI,SBI,INSUFFICIENT_FUNDS,15,SEND_REMINDER,1
0.5384615384615384,0.5,4815.65,NETBANKING,KOTAK,NETWORK_ERROR,10,SEND_REMINDER,0
0.9038461538461539,0.2,2863.04,UPI,AXIS,INSUFFICIENT_FUNDS,7,NO_ACTION,0
0.673469387755102,0.5625,4097.89,UPI,HDFC,AUTHENTICATION_FAILED,8,RETRY_NOW,0
0.46153846153846156,0.5714285714285714,5241.71,CARD,ICICI,LIMIT_EXCEEDED,15,SEND_REMINDER,1
0.82,0.3333333333333333,9158.01,UPI,YESBANK,AUTHENTICATION_FAILED,19,NO_ACTION,0
0.6363636363636364,0.25,9377.11,WALLET,KOTAK,BANK_TIMEOUT,21,RETRY_NOW,0
0.6,0.25,811.69,CARD,SBI,LIMIT_EXCEEDED,11,NO_ACTION,0
0.7916666666666666,0.6,9884.96,CARD,YESBANK,AUTHENTICATION_FAILED,1,RETRY_LATER,1
0.6666666666666666,0.0,9539.67,WALLET,KOTAK,INSUFFICIENT_FUNDS,1,SEND_REMINDER,1
0.5,0.5,7705.9,UPI,ICICI,NETWORK_ERROR,10,SEND_REMINDER,0
0.8387096774193549,0.4,5737.74,NETBANKING,AXIS,NETWORK_ERROR,8,NO_ACTION,0
0.696969696969697,0.35,2440.26,UPI,YESBANK,AUTHENTICATION_FAILED,16,SEND_REMINDER,1
0.7857142857142857,0.5,7105.54,UPI,SBI,CARD_EXPIRED,6,NO_ACTION,0
0.8909090909090909,0.6666666666666666,8349.18,WALLET,HDFC,INSUFFICIENT_FUNDS,3,NO_ACTION,0
0.734375,0.4117647058823529,184.97,UPI,SBI,INSUFFICIENT_FUNDS,15,RETRY_LATER,1
0.3333333333333333,0.5,636.86,WALLET,ICICI,AUTHENTICATION_FAILED,7,NO_ACTION,0
0.7226890756302521,0.5151515151515151,9572.61,NETBANKING,HDFC,INSUFFICIENT_FUNDS,14,NO_ACTION,0
0.7142857142857143,0.5,2768.68,NETBANKING,YESBANK,NETWORK_ERROR,6,SEND_REMINDER,0
0.6666666666666666,0.4444444444444444,3897.98,NETBANKING,ICICI,BANK_TIMEOUT,9,NO_ACTION,0
0.8,0.6,7313.45,UPI,YESBANK,CARD_EXPIRED,5,RETRY_NOW,0
0.0,1.0,3644.45,NETBANKING,YESBANK,CARD_EXPIRED,14,RETRY_LATER,0
0.7286821705426356,0.42857142857142855,9717.71,UPI,KOTAK,AUTHENTICATION_FAILED,7,RETRY_NOW,1
0.9459459459459459,0.5,9706.04,UPI,HDFC,CARD_EXPIRED,10,SEND_REMINDER,1
0.7894736842105263,0.5,1074.68,UPI,HDFC,BANK_TIMEOUT,10,SEND_REMINDER,0
0.66,0.5882352941176471,4147.4,UPI,SBI,INSUFFICIENT_FUNDS,20,NO_ACTION,0
0.8125,0.5,2286.68,CARD,YESBANK,LIMIT_EXCEEDED,20,RETRY_LATER,0
0.7058823529411765,0.5,4815.94,CARD,HDFC,INSUFFICIENT_FUNDS,17,RETRY_NOW,1
0.5909090909090909,0.6296296296296297,5145.1,WALLET,YESBANK,BANK_TIMEOUT,21,RETRY_LATER,0
0.75,1.0,8444.71,WALLET,KOTAK,CARD_EXPIRED,19,NO_ACTION,0
0.8208955223880597,0.4166666666666667,2779.87,UPI,ICICI,CARD_EXPIRED,2,RETRY_LATER,0
0.7105263157894737,0.2727272727272727,2821.84,CARD,YESBANK,INSUFFICIENT_FUNDS,10,RETRY_LATER,0
0.7380952380952381,0.5909090909090909,8209.14,CARD,ICICI,INSUFFICIENT_FUNDS,4,SEND_REMINDER,0
0.7659574468085106,0.45454545454545453,8898.02,WALLET,AXIS,CARD_EXPIRED,14,SEND_REMINDER,1
0.6029411764705882,0.5925925925925926,6444.59,UPI,AXIS,NETWORK_ERROR,8,RETRY_LATER,1
0.8636363636363636,0.5,3228.41,WALLET,AXIS,LIMIT_EXCEEDED,18,RETRY_LATER,0
0.7835051546391752,0.5714285714285714,9486.18,NETBANKING,HDFC,LIMIT_EXCEEDED,11,RETRY_NOW,0
0.8,0.3333333333333333,3347.71,UPI,YESBANK,NETWORK_ERROR,3,SEND_REMINDER,0
0.8181818181818182,0.5,2999.52,NETBANKING,YESBANK,LIMIT_EXCEEDED,19,RETRY_LATER,1
